round,submission_id,official_application_id,string,ascii_string,applicant,idn,a_label,relation_type,status,outcome,outcome_reason,outcome_case_id,outcome_source_url,contention,contention_case_id,controversy,controversy_case_id,string_change_target,string_change_target_ascii,string_change_reason,string_change_source_url,source_url,source_role,metadata_scope,source_row
2012,2012-0001,,.aaa,.aaa,"American Automobile Association, Inc.",No,,requested,published-application,,,,,no,,no,,,,,,https://www.thedomains.com/2012/06/13/here-are-all-1930-applications-for-new-gtlds/,secondary-transcription-of-icann-reveal-table,complete-string-applicant-graph-plus-approved-string-changes,22
2012,2012-0002,,.aarp,.aarp,AARP,No,,requested,published-application,,,,,no,,no,,,,,,https://www.thedomains.com/2012/06/13/here-are-all-1930-applications-for-new-gtlds/,secondary-transcription-of-icann-reveal-table,complete-string-applicant-graph-plus-approved-string-changes,23
2012,2012-0003,,.abarth,.abarth,Fiat S.p.A. (“società per azioni”),No,,requested,published-application,,,,,no,,no,,,,,,https://www.thedomains.com/2012/06/13/here-are-all-1930-applications-for-new-gtlds/,secondary-transcription-of-icann-reveal-table,complete-string-applicant-graph-plus-approved-string-changes,24
2012,2012-0004,,.abb,.abb,ABB Ltd,No,,requested,published-application,,,,,no,,no,,,,,,https://www.thedomains.com/2012/06/13/here-are-all-1930-applications-for-new-gtlds/,secondary-transcription-of-icann-reveal-table,complete-string-applicant-graph-plus-approved-string-changes,25
2012,2012-0005,,.abbott,.abbott,Abbott Laboratories,No,,requested,published-application,,,,,no,,no,,,,,,https://www.thedomains.com/2012/06/13/here-are-all-1930-applications-for-new-gtlds/,secondary-transcription-of-icann-reveal-table,complete-string-applicant-graph-plus-approved-string-changes,26
2012,2012-0006,,.abbvie,.abbvie,Abbott Laboratories,No,,requested,published-application,,,,,no,,no,,,,,,https://www.thedomains.com/2012/06/13/here-are-all-1930-applications-for-new-gtlds/,secondary-transcription-of-icann-reveal-table,complete-string-applicant-graph-plus-approved-string-changes,27
2012,2012-0007,,.abc,.abc,"American Broadcasting Companies, Inc.",No,,requested,published-application,,,,,no,,no,,,,,,https://www.thedomains.com/2012/06/13/here-are-all-1930-applications-for-new-gtlds/,secondary-transcription-of-icann-reveal-table,complete-string-applicant-graph-plus-approved-string-changes,28
2012,2012-0008,,.able,.able,Able Inc.,No,,requested,published-application,,,,,no,,no,,,,,,https://www.thedomains.com/2012/06/13/here-are-all-1930-applications-for-new-gtlds/,secondary-transcription-of-icann-reveal-table,complete-string-applicant-graph-plus-approved-string-changes,29
2012,2012-0009,,.abogado,.abogado,Top Level Domain Holdings Limited,No,,requested,published-application,,,,,no,,no,,,,,,https://www.thedomains.com/2012/06/13/here-are-all-1930-applications-for-new-gtlds/,secondary-transcription-of-icann-reveal-table,complete-string-applicant-graph-plus-approved-string-changes,30
2012,2012-0010,,.abudhabi,.abudhabi,Abu Dhabi Systems and Information Centre,No,,requested,published-application,,,,,no,,no,,,,,,https://www.thedomains.com/2012/06/13/here-are-all-1930-applications-for-new-gtlds/,secondary-transcription-of-icann-reveal-table,complete-string-applicant-graph-plus-approved-string-changes,31
2012,2012-0011,,.academy,.academy,"Half Oaks, LLC",No,,requested,published-application,,,,,no,,no,,,,,,https://www.thedomains.com/2012/06/13/here-are-all-1930-applications-for-new-gtlds/,secondary-transcription-of-icann-reveal-table,complete-string-applicant-graph-plus-approved-string-changes,32
2012,2012-0012,,.accenture,.accenture,Accenture Global Services Limited,No,,requested,published-application,,,,,no,,no,,,,,,https://www.thedomains.com/2012/06/13/here-are-all-1930-applications-for-new-gtlds/,secondary-transcription-of-icann-reveal-table,complete-string-applicant-graph-plus-approved-string-changes,33
2012,2012-0013,,.accountant,.accountant,dot Accountant Limited,No,,requested,published-application,,,,,no,,no,,,,,,https://www.thedomains.com/2012/06/13/here-are-all-1930-applications-for-new-gtlds/,secondary-transcription-of-icann-reveal-table,complete-string-applicant-graph-plus-approved-string-changes,34
2012,2012-0014,,.accountants,.accountants,"Knob Town, LLC",No,,requested,published-application,,,,,no,,no,,,,,,https://www.thedomains.com/2012/06/13/here-are-all-1930-applications-for-new-gtlds/,secondary-transcription-of-icann-reveal-table,complete-string-applicant-graph-plus-approved-string-changes,35
2012,2012-0015,,.acer,.acer,Acer Incorporated,No,,requested,published-application,,,,,no,,no,,,,,,https://www.thedomains.com/2012/06/13/here-are-all-1930-applications-for-new-gtlds/,secondary-transcription-of-icann-reveal-table,complete-string-applicant-graph-plus-approved-string-changes,36
2012,2012-0016,,.aco,.aco,ACO Severin Ahlmann GmbH & Co. KG,No,,requested,published-application,,,,,no,,no,,,,,,https://www.thedomains.com/2012/06/13/here-are-all-1930-applications-for-new-gtlds/,secondary-transcription-of-icann-reveal-table,complete-string-applicant-graph-plus-approved-string-changes,37
2012,2012-0017,,.active,.active,"The Active Network, Inc",No,,requested,published-application,,,,,no,,no,,,,,,https://www.thedomains.com/2012/06/13/here-are-all-1930-applications-for-new-gtlds/,secondary-transcription-of-icann-reveal-table,complete-string-applicant-graph-plus-approved-string-changes,38
2012,2012-0018,,.actor,.actor,United TLD Holdco Ltd.,No,,requested,published-application,,,,,no,,no,,,,,,https://www.thedomains.com/2012/06/13/here-are-all-1930-applications-for-new-gtlds/,secondary-transcription-of-icann-reveal-table,complete-string-applicant-graph-plus-approved-string-changes,39
2012,2012-0019,,.adac,.adac,Allgemeiner Deutscher Automobil-Club e.V. (ADAC),No,,requested,published-application,,,,,no,,no,,,,,,https://www.thedomains.com/2012/06/13/here-are-all-1930-applications-for-new-gtlds/,secondary-transcription-of-icann-reveal-table,complete-string-applicant-graph-plus-approved-string-changes,40
2012,2012-0020,,.ads,.ads,Charleston Road Registry Inc.,No,,requested,published-application,,,,,no,,no,,,,,,https://www.thedomains.com/2012/06/13/here-are-all-1930-applications-for-new-gtlds/,secondary-transcription-of-icann-reveal-table,complete-string-applicant-graph-plus-approved-string-changes,41
2012,2012-0021,,.adult,.adult,ICM Registry AD LLC,No,,requested,published-application,,,,,no,,no,,,,,,https://www.thedomains.com/2012/06/13/here-are-all-1930-applications-for-new-gtlds/,secondary-transcription-of-icann-reveal-table,complete-string-applicant-graph-plus-approved-string-changes,42
2012,2012-0022,,.aeg,.aeg,Aktiebolaget Electrolux,No,,requested,published-application,,,,,no,,no,,,,,,https://www.thedomains.com/2012/06/13/here-are-all-1930-applications-for-new-gtlds/,secondary-transcription-of-icann-reveal-table,complete-string-applicant-graph-plus-approved-string-changes,43
2012,2012-0023,,.aetna,.aetna,Aetna Life Insurance Company,No,,requested,published-application,,,,,no,,no,,,,,,https://www.thedomains.com/2012/06/13/here-are-all-1930-applications-for-new-gtlds/,secondary-transcription-of-icann-reveal-table,complete-string-applicant-graph-plus-approved-string-changes,44
2012,2012-0024,,.afamilycompany,.afamilycompany,"Johnson Shareholdings, Inc.",No,,requested,published-application,,,,,no,,no,,,,,,https://www.thedomains.com/2012/06/13/here-are-all-1930-applications-for-new-gtlds/,secondary-transcription-of-icann-reveal-table,complete-string-applicant-graph-plus-approved-string-changes,45
2012,2012-0025,,.afl,.afl,Australian Football League,No,,requested,published-application,,,,,no,,no,,,,,,https://www.thedomains.com/2012/06/13/here-are-all-1930-applications-for-new-gtlds/,secondary-transcription-of-icann-reveal-table,complete-string-applicant-graph-plus-approved-string-changes,46
2012,2012-0026,,.africa,.africa,UniForum SA (NPC) trading as Registry.Africa,No,,requested,published-application,,,,,no,,yes,africa,,,,,https://www.thedomains.com/2012/06/13/here-are-all-1930-applications-for-new-gtlds/,secondary-transcription-of-icann-reveal-table,complete-string-applicant-graph-plus-approved-string-changes,47
2012,2012-0027,,.africamagic,.africamagic,Electronic Media Network Limited (M-Net),No,,requested,published-application,,,,,no,,no,,,,,,https://www.thedomains.com/2012/06/13/here-are-all-1930-applications-for-new-gtlds/,secondary-transcription-of-icann-reveal-table,complete-string-applicant-graph-plus-approved-string-changes,48
2012,2012-0028,,.agakhan,.agakhan,Fondation Aga Khan (Aga Khan Foundation),No,,requested,published-application,,,,,no,,no,,,,,,https://www.thedomains.com/2012/06/13/here-are-all-1930-applications-for-new-gtlds/,secondary-transcription-of-icann-reveal-table,complete-string-applicant-graph-plus-approved-string-changes,49
2012,2012-0029,,.agency,.agency,"Steel Falls, LLC",No,,requested,published-application,,,,,no,,no,,,,,,https://www.thedomains.com/2012/06/13/here-are-all-1930-applications-for-new-gtlds/,secondary-transcription-of-icann-reveal-table,complete-string-applicant-graph-plus-approved-string-changes,50
2012,2012-0030,,.aig,.aig,"American International Group, Inc.",No,,requested,published-application,,,,,no,,no,,,,,,https://www.thedomains.com/2012/06/13/here-are-all-1930-applications-for-new-gtlds/,secondary-transcription-of-icann-reveal-table,complete-string-applicant-graph-plus-approved-string-changes,51
2012,2012-0031,,.aigo,.aigo,"aigo Digital Technology Co,Ltd.",No,,requested,published-application,,,,,no,,no,,,,,,https://www.thedomains.com/2012/06/13/here-are-all-1930-applications-for-new-gtlds/,secondary-transcription-of-icann-reveal-table,complete-string-applicant-graph-plus-approved-string-changes,52
2012,2012-0032,,.airbus,.airbus,Airbus S.A.S.,No,,requested,published-application,,,,,no,,no,,,,,,https://www.thedomains.com/2012/06/13/here-are-all-1930-applications-for-new-gtlds/,secondary-transcription-of-icann-reveal-table,complete-string-applicant-graph-plus-approved-string-changes,53
2012,2012-0033,,.airforce,.airforce,United TLD Holdco Ltd.,No,,requested,published-application,,,,,no,,no,,,,,,https://www.thedomains.com/2012/06/13/here-are-all-1930-applications-for-new-gtlds/,secondary-transcription-of-icann-reveal-table,complete-string-applicant-graph-plus-approved-string-changes,54
2012,2012-0034,,.airtel,.airtel,Bharti Airtel Limited,No,,requested,published-application,,,,,no,,no,,,,,,https://www.thedomains.com/2012/06/13/here-are-all-1930-applications-for-new-gtlds/,secondary-transcription-of-icann-reveal-table,complete-string-applicant-graph-plus-approved-string-changes,55
2012,2012-0035,,.akdn,.akdn,Fondation Aga Khan (Aga Khan Foundation),No,,requested,published-application,,,,,no,,no,,,,,,https://www.thedomains.com/2012/06/13/here-are-all-1930-applications-for-new-gtlds/,secondary-transcription-of-icann-reveal-table,complete-string-applicant-graph-plus-approved-string-changes,56
2012,2012-0036,,.alcon,.alcon,"Alcon Laboratories, Inc.",No,,requested,published-application,,,,,no,,no,,,,,,https://www.thedomains.com/2012/06/13/here-are-all-1930-applications-for-new-gtlds/,secondary-transcription-of-icann-reveal-table,complete-string-applicant-graph-plus-approved-string-changes,57
2012,2012-0037,,.alfaromeo,.alfaromeo,Fiat S.p.A. (“società per azioni”),No,,requested,published-application,,,,,no,,no,,,,,,https://www.thedomains.com/2012/06/13/here-are-all-1930-applications-for-new-gtlds/,secondary-transcription-of-icann-reveal-table,complete-string-applicant-graph-plus-approved-string-changes,58
2012,2012-0038,,.alibaba,.alibaba,Alibaba Group Holding Limited,No,,requested,published-application,,,,,no,,no,,,,,,https://www.thedomains.com/2012/06/13/here-are-all-1930-applications-for-new-gtlds/,secondary-transcription-of-icann-reveal-table,complete-string-applicant-graph-plus-approved-string-changes,59
2012,2012-0039,,.alipay,.alipay,Alibaba Group Holding Limited,No,,requested,published-application,,,,,no,,no,,,,,,https://www.thedomains.com/2012/06/13/here-are-all-1930-applications-for-new-gtlds/,secondary-transcription-of-icann-reveal-table,complete-string-applicant-graph-plus-approved-string-changes,60
2012,2012-0040,,.allfinanz,.allfinanz,Allfinanz Deutsche Vermögensberatung Aktiengesellschaft,No,,requested,published-application,,,,,no,,no,,,,,,https://www.thedomains.com/2012/06/13/here-are-all-1930-applications-for-new-gtlds/,secondary-transcription-of-icann-reveal-table,complete-string-applicant-graph-plus-approved-string-changes,61
2012,2012-0041,,.allfinanzberater,.allfinanzberater,Allfinanz Deutsche Vermögensberatung Aktiengesellschaft,No,,requested,published-application,,,,,no,,no,,,,,,https://www.thedomains.com/2012/06/13/here-are-all-1930-applications-for-new-gtlds/,secondary-transcription-of-icann-reveal-table,complete-string-applicant-graph-plus-approved-string-changes,62
2012,2012-0042,,.allfinanzberatung,.allfinanzberatung,Allfinanz Deutsche Vermögensberatung Aktiengesellschaft,No,,requested,published-application,,,,,no,,no,,,,,,https://www.thedomains.com/2012/06/13/here-are-all-1930-applications-for-new-gtlds/,secondary-transcription-of-icann-reveal-table,complete-string-applicant-graph-plus-approved-string-changes,63
2012,2012-0043,,.allstate,.allstate,Allstate Fire and Casualty Insurance Company,No,,requested,published-application,,,,,no,,no,,,,,,https://www.thedomains.com/2012/06/13/here-are-all-1930-applications-for-new-gtlds/,secondary-transcription-of-icann-reveal-table,complete-string-applicant-graph-plus-approved-string-changes,64
2012,2012-0044,,.ally,.ally,Ally Financial Inc.,No,,requested,published-application,,,,,no,,no,,,,,,https://www.thedomains.com/2012/06/13/here-are-all-1930-applications-for-new-gtlds/,secondary-transcription-of-icann-reveal-table,complete-string-applicant-graph-plus-approved-string-changes,65
2012,2012-0045,,.alsace,.alsace,REGION D ALSACE,No,,requested,published-application,,,,,no,,no,,,,,,https://www.thedomains.com/2012/06/13/here-are-all-1930-applications-for-new-gtlds/,secondary-transcription-of-icann-reveal-table,complete-string-applicant-graph-plus-approved-string-changes,66
2012,2012-0046,,.alstom,.alstom,ALSTOM,No,,requested,published-application,,,,,no,,no,,,,,,https://www.thedomains.com/2012/06/13/here-are-all-1930-applications-for-new-gtlds/,secondary-transcription-of-icann-reveal-table,complete-string-applicant-graph-plus-approved-string-changes,67
2012,2012-0047,,.amazon,.amazon,Amazon EU S.à r.l.,No,,requested,published-application,,,,,no,,yes,amazon,,,,,https://www.thedomains.com/2012/06/13/here-are-all-1930-applications-for-new-gtlds/,secondary-transcription-of-icann-reveal-table,complete-string-applicant-graph-plus-approved-string-changes,68
2012,2012-0048,,.americanexpress,.americanexpress,"American Express Travel Related Services Company, Inc.",No,,requested,published-application,,,,,no,,no,,,,,,https://www.thedomains.com/2012/06/13/here-are-all-1930-applications-for-new-gtlds/,secondary-transcription-of-icann-reveal-table,complete-string-applicant-graph-plus-approved-string-changes,69
2012,2012-0049,,.americanfamily,.americanfamily,"AmFam, Inc.",No,,requested,published-application,,,,,no,,no,,,,,,https://www.thedomains.com/2012/06/13/here-are-all-1930-applications-for-new-gtlds/,secondary-transcription-of-icann-reveal-table,complete-string-applicant-graph-plus-approved-string-changes,70
2012,2012-0050,,.amex,.amex,"American Express Travel Related Services Company, Inc.",No,,requested,published-application,,,,,no,,no,,,,,,https://www.thedomains.com/2012/06/13/here-are-all-1930-applications-for-new-gtlds/,secondary-transcription-of-icann-reveal-table,complete-string-applicant-graph-plus-approved-string-changes,71
2012,2012-0051,,.amfam,.amfam,"AmFam, Inc.",No,,requested,published-application,,,,,no,,no,,,,,,https://www.thedomains.com/2012/06/13/here-are-all-1930-applications-for-new-gtlds/,secondary-transcription-of-icann-reveal-table,complete-string-applicant-graph-plus-approved-string-changes,72
2012,2012-0052,,.amica,.amica,Amica Mutual Insurance Company,No,,requested,published-application,,,,,no,,no,,,,,,https://www.thedomains.com/2012/06/13/here-are-all-1930-applications-for-new-gtlds/,secondary-transcription-of-icann-reveal-table,complete-string-applicant-graph-plus-approved-string-changes,73
2012,2012-0053,,.amp,.amp,AMP Limited,No,,requested,published-application,,,,,no,,no,,,,,,https://www.thedomains.com/2012/06/13/here-are-all-1930-applications-for-new-gtlds/,secondary-transcription-of-icann-reveal-table,complete-string-applicant-graph-plus-approved-string-changes,74
2012,2012-0054,,.amsterdam,.amsterdam,Gemeente Amsterdam,No,,requested,published-application,,,,,no,,no,,,,,,https://www.thedomains.com/2012/06/13/here-are-all-1930-applications-for-new-gtlds/,secondary-transcription-of-icann-reveal-table,complete-string-applicant-graph-plus-approved-string-changes,75
2012,2012-0055,,.analytics,.analytics,Campus IP LLC,No,,requested,published-application,,,,,no,,no,,,,,,https://www.thedomains.com/2012/06/13/here-are-all-1930-applications-for-new-gtlds/,secondary-transcription-of-icann-reveal-table,complete-string-applicant-graph-plus-approved-string-changes,76
2012,2012-0056,,.and,.and,Charleston Road Registry Inc.,No,,requested,published-application,,,,,no,,no,,,,,,https://www.thedomains.com/2012/06/13/here-are-all-1930-applications-for-new-gtlds/,secondary-transcription-of-icann-reveal-table,complete-string-applicant-graph-plus-approved-string-changes,77
2012,2012-0057,,.android,.android,Charleston Road Registry Inc.,No,,requested,published-application,,,,,no,,no,,,,,,https://www.thedomains.com/2012/06/13/here-are-all-1930-applications-for-new-gtlds/,secondary-transcription-of-icann-reveal-table,complete-string-applicant-graph-plus-approved-string-changes,78
2012,2012-0058,,.anquan,.anquan,QIHOO 360 TECHNOLOGY CO. LTD.,No,,requested,published-application,,,,,no,,no,,,,,,https://www.thedomains.com/2012/06/13/here-are-all-1930-applications-for-new-gtlds/,secondary-transcription-of-icann-reveal-table,complete-string-applicant-graph-plus-approved-string-changes,79
2012,2012-0059,,.ansons,.ansons,CBM Creative Brands Marken GmbH,No,,requested,published-application,,,,,no,,no,,,,,,https://www.thedomains.com/2012/06/13/here-are-all-1930-applications-for-new-gtlds/,secondary-transcription-of-icann-reveal-table,complete-string-applicant-graph-plus-approved-string-changes,80
2012,2012-0060,,.anthem,.anthem,"WellPoint, Inc.",No,,requested,published-application,,,,,no,,no,,,,,,https://www.thedomains.com/2012/06/13/here-are-all-1930-applications-for-new-gtlds/,secondary-transcription-of-icann-reveal-table,complete-string-applicant-graph-plus-approved-string-changes,81
2012,2012-0061,,.antivirus,.antivirus,Symantec Corporation,No,,requested,published-application,,,,,no,,no,,,,,,https://www.thedomains.com/2012/06/13/here-are-all-1930-applications-for-new-gtlds/,secondary-transcription-of-icann-reveal-table,complete-string-applicant-graph-plus-approved-string-changes,82
2012,2012-0062,,.anz,.anz,Australia and New Zealand Banking Group Limited,No,,requested,published-application,,,,,no,,no,,,,,,https://www.thedomains.com/2012/06/13/here-are-all-1930-applications-for-new-gtlds/,secondary-transcription-of-icann-reveal-table,complete-string-applicant-graph-plus-approved-string-changes,83
2012,2012-0063,,.aol,.aol,AOL Inc.,No,,requested,published-application,,,,,no,,no,,,,,,https://www.thedomains.com/2012/06/13/here-are-all-1930-applications-for-new-gtlds/,secondary-transcription-of-icann-reveal-table,complete-string-applicant-graph-plus-approved-string-changes,84
2012,2012-0064,,.apartments,.apartments,"DERApartments, LLC",No,,requested,published-application,,,,,yes,2012-exact-apartments,no,,,,,,https://www.thedomains.com/2012/06/13/here-are-all-1930-applications-for-new-gtlds/,secondary-transcription-of-icann-reveal-table,complete-string-applicant-graph-plus-approved-string-changes,85
2012,2012-0065,,.apartments,.apartments,"June Maple, LLC",No,,requested,published-application,,,,,yes,2012-exact-apartments,no,,,,,,https://www.thedomains.com/2012/06/13/here-are-all-1930-applications-for-new-gtlds/,secondary-transcription-of-icann-reveal-table,complete-string-applicant-graph-plus-approved-string-changes,86
2012,2012-0066,,.app,.app,Webera Inc.,No,,requested,published-application,,,,,yes,2012-exact-app,no,,,,,,https://www.thedomains.com/2012/06/13/here-are-all-1930-applications-for-new-gtlds/,secondary-transcription-of-icann-reveal-table,complete-string-applicant-graph-plus-approved-string-changes,87
2012,2012-0067,,.app,.app,Top Level Domain Holdings Limited,No,,requested,published-application,,,,,yes,2012-exact-app,no,,,,,,https://www.thedomains.com/2012/06/13/here-are-all-1930-applications-for-new-gtlds/,secondary-transcription-of-icann-reveal-table,complete-string-applicant-graph-plus-approved-string-changes,88
2012,2012-0068,,.app,.app,"TRI Ventures, Inc.",No,,requested,published-application,,,,,yes,2012-exact-app,no,,,,,,https://www.thedomains.com/2012/06/13/here-are-all-1930-applications-for-new-gtlds/,secondary-transcription-of-icann-reveal-table,complete-string-applicant-graph-plus-approved-string-changes,89
2012,2012-0069,,.app,.app,Amazon EU S.à r.l.,No,,requested,published-application,,,,,yes,2012-exact-app,no,,,,,,https://www.thedomains.com/2012/06/13/here-are-all-1930-applications-for-new-gtlds/,secondary-transcription-of-icann-reveal-table,complete-string-applicant-graph-plus-approved-string-changes,90
2012,2012-0070,,.app,.app,NU DOT CO LLC,No,,requested,published-application,,,,,yes,2012-exact-app,no,,,,,,https://www.thedomains.com/2012/06/13/here-are-all-1930-applications-for-new-gtlds/,secondary-transcription-of-icann-reveal-table,complete-string-applicant-graph-plus-approved-string-changes,91
2012,2012-0071,,.app,.app,"Lone Maple, LLC",No,,requested,published-application,,,,,yes,2012-exact-app,no,,,,,,https://www.thedomains.com/2012/06/13/here-are-all-1930-applications-for-new-gtlds/,secondary-transcription-of-icann-reveal-table,complete-string-applicant-graph-plus-approved-string-changes,92
2012,2012-0072,,.app,.app,Dot App LLC,No,,requested,published-application,,,,,yes,2012-exact-app,no,,,,,,https://www.thedomains.com/2012/06/13/here-are-all-1930-applications-for-new-gtlds/,secondary-transcription-of-icann-reveal-table,complete-string-applicant-graph-plus-approved-string-changes,93
2012,2012-0073,,.app,.app,.APP REGISTRY INC.,No,,requested,published-application,,,,,yes,2012-exact-app,no,,,,,,https://www.thedomains.com/2012/06/13/here-are-all-1930-applications-for-new-gtlds/,secondary-transcription-of-icann-reveal-table,complete-string-applicant-graph-plus-approved-string-changes,94
2012,2012-0074,,.app,.app,DotApp Inc.,No,,requested,published-application,,,,,yes,2012-exact-app,no,,,,,,https://www.thedomains.com/2012/06/13/here-are-all-1930-applications-for-new-gtlds/,secondary-transcription-of-icann-reveal-table,complete-string-applicant-graph-plus-approved-string-changes,95
2012,2012-0075,,.app,.app,dot App Limited,No,,requested,published-application,,,,,yes,2012-exact-app,no,,,,,,https://www.thedomains.com/2012/06/13/here-are-all-1930-applications-for-new-gtlds/,secondary-transcription-of-icann-reveal-table,complete-string-applicant-graph-plus-approved-string-changes,96
2012,2012-0076,,.app,.app,Merchant Law Group LLP,No,,requested,published-application,,,,,yes,2012-exact-app,no,,,,,,https://www.thedomains.com/2012/06/13/here-are-all-1930-applications-for-new-gtlds/,secondary-transcription-of-icann-reveal-table,complete-string-applicant-graph-plus-approved-string-changes,97
2012,2012-0077,,.app,.app,Charleston Road Registry Inc.,No,,requested,published-application,,,,,yes,2012-exact-app,no,,,,,,https://www.thedomains.com/2012/06/13/here-are-all-1930-applications-for-new-gtlds/,secondary-transcription-of-icann-reveal-table,complete-string-applicant-graph-plus-approved-string-changes,98
2012,2012-0078,,.app,.app,Afilias Limited,No,,requested,published-application,,,,,yes,2012-exact-app,no,,,,,,https://www.thedomains.com/2012/06/13/here-are-all-1930-applications-for-new-gtlds/,secondary-transcription-of-icann-reveal-table,complete-string-applicant-graph-plus-approved-string-changes,99
2012,2012-0079,,.apple,.apple,Apple Inc.,No,,requested,published-application,,,,,no,,no,,,,,,https://www.thedomains.com/2012/06/13/here-are-all-1930-applications-for-new-gtlds/,secondary-transcription-of-icann-reveal-table,complete-string-applicant-graph-plus-approved-string-changes,100
2012,2012-0080,,.aquarelle,.aquarelle,Aquarelle.com,No,,requested,published-application,,,,,no,,no,,,,,,https://www.thedomains.com/2012/06/13/here-are-all-1930-applications-for-new-gtlds/,secondary-transcription-of-icann-reveal-table,complete-string-applicant-graph-plus-approved-string-changes,101
2012,2012-0081,,.aquitaine,.aquitaine,Région d’Aquitaine,No,,requested,published-application,,,,,no,,no,,,,,,https://www.thedomains.com/2012/06/13/here-are-all-1930-applications-for-new-gtlds/,secondary-transcription-of-icann-reveal-table,complete-string-applicant-graph-plus-approved-string-changes,102
2012,2012-0082,,.arab,.arab,League of Arab States,No,,requested,published-application,,,,,no,,no,,,,,,https://www.thedomains.com/2012/06/13/here-are-all-1930-applications-for-new-gtlds/,secondary-transcription-of-icann-reveal-table,complete-string-applicant-graph-plus-approved-string-changes,103
2012,2012-0083,,.aramco,.aramco,Aramco Services Company,No,,requested,published-application,,,,,no,,no,,,,,,https://www.thedomains.com/2012/06/13/here-are-all-1930-applications-for-new-gtlds/,secondary-transcription-of-icann-reveal-table,complete-string-applicant-graph-plus-approved-string-changes,104
2012,2012-0084,,.archi,.archi,STARTING DOT,No,,requested,published-application,,,,,no,,no,,,,,,https://www.thedomains.com/2012/06/13/here-are-all-1930-applications-for-new-gtlds/,secondary-transcription-of-icann-reveal-table,complete-string-applicant-graph-plus-approved-string-changes,105
2012,2012-0085,,.architect,.architect,"Spring Frostbite, LLC",No,,requested,published-application,,,,,no,,no,,,,,,https://www.thedomains.com/2012/06/13/here-are-all-1930-applications-for-new-gtlds/,secondary-transcription-of-icann-reveal-table,complete-string-applicant-graph-plus-approved-string-changes,106
2012,2012-0086,,.are,.are,Charleston Road Registry Inc.,No,,requested,published-application,,,,,no,,no,,,,,,https://www.thedomains.com/2012/06/13/here-are-all-1930-applications-for-new-gtlds/,secondary-transcription-of-icann-reveal-table,complete-string-applicant-graph-plus-approved-string-changes,107
2012,2012-0087,,.army,.army,United TLD Holdco Ltd.,No,,requested,published-application,,,,,no,,no,,,,,,https://www.thedomains.com/2012/06/13/here-are-all-1930-applications-for-new-gtlds/,secondary-transcription-of-icann-reveal-table,complete-string-applicant-graph-plus-approved-string-changes,108
2012,2012-0088,,.art,.art,.ART REGISTRY INC.,No,,requested,published-application,,,,,yes,2012-exact-art,no,,,,,,https://www.thedomains.com/2012/06/13/here-are-all-1930-applications-for-new-gtlds/,secondary-transcription-of-icann-reveal-table,complete-string-applicant-graph-plus-approved-string-changes,109
2012,2012-0089,,.art,.art,"Dadotart, Inc.",No,,requested,published-application,,,,,yes,2012-exact-art,no,,,,,,https://www.thedomains.com/2012/06/13/here-are-all-1930-applications-for-new-gtlds/,secondary-transcription-of-icann-reveal-table,complete-string-applicant-graph-plus-approved-string-changes,110
2012,2012-0090,,.art,.art,Aremi Group S.A.,No,,requested,published-application,,,,,yes,2012-exact-art,no,,,,,,https://www.thedomains.com/2012/06/13/here-are-all-1930-applications-for-new-gtlds/,secondary-transcription-of-icann-reveal-table,complete-string-applicant-graph-plus-approved-string-changes,111
2012,2012-0091,,.art,.art,Top Level Domain Holdings Limited,No,,requested,published-application,,,,,yes,2012-exact-art,no,,,,,,https://www.thedomains.com/2012/06/13/here-are-all-1930-applications-for-new-gtlds/,secondary-transcription-of-icann-reveal-table,complete-string-applicant-graph-plus-approved-string-changes,112
2012,2012-0092,,.art,.art,"Baxter Tigers, LLC",No,,requested,published-application,,,,,yes,2012-exact-art,no,,,,,,https://www.thedomains.com/2012/06/13/here-are-all-1930-applications-for-new-gtlds/,secondary-transcription-of-icann-reveal-table,complete-string-applicant-graph-plus-approved-string-changes,113
2012,2012-0093,,.art,.art,UK Creative Ideas Limited,No,,requested,published-application,,,,,yes,2012-exact-art,no,,,,,,https://www.thedomains.com/2012/06/13/here-are-all-1930-applications-for-new-gtlds/,secondary-transcription-of-icann-reveal-table,complete-string-applicant-graph-plus-approved-string-changes,114
2012,2012-0094,,.art,.art,Merchant Law Group LLP,No,,requested,published-application,,,,,yes,2012-exact-art,no,,,,,,https://www.thedomains.com/2012/06/13/here-are-all-1930-applications-for-new-gtlds/,secondary-transcription-of-icann-reveal-table,complete-string-applicant-graph-plus-approved-string-changes,115
2012,2012-0095,,.art,.art,"Uniregistry, Corp.",No,,requested,published-application,,,,,yes,2012-exact-art,no,,,,,,https://www.thedomains.com/2012/06/13/here-are-all-1930-applications-for-new-gtlds/,secondary-transcription-of-icann-reveal-table,complete-string-applicant-graph-plus-approved-string-changes,116
2012,2012-0096,,.art,.art,"EFLUX.ART, LLC",No,,requested,published-application,,,,,yes,2012-exact-art,no,,,,,,https://www.thedomains.com/2012/06/13/here-are-all-1930-applications-for-new-gtlds/,secondary-transcription-of-icann-reveal-table,complete-string-applicant-graph-plus-approved-string-changes,117
2012,2012-0097,,.art,.art,"Top Level Design, LLC",No,,requested,published-application,,,,,yes,2012-exact-art,no,,,,,,https://www.thedomains.com/2012/06/13/here-are-all-1930-applications-for-new-gtlds/,secondary-transcription-of-icann-reveal-table,complete-string-applicant-graph-plus-approved-string-changes,118
2012,2012-0098,,.arte,.arte,Association Relative à la Télévision Européenne G.E.I.E.,No,,requested,published-application,,,,,no,,no,,,,,,https://www.thedomains.com/2012/06/13/here-are-all-1930-applications-for-new-gtlds/,secondary-transcription-of-icann-reveal-table,complete-string-applicant-graph-plus-approved-string-changes,119
2012,2012-0099,,.asda,.asda,"Wal-Mart Stores, Inc.",No,,requested,published-application,,,,,no,,no,,,,,,https://www.thedomains.com/2012/06/13/here-are-all-1930-applications-for-new-gtlds/,secondary-transcription-of-icann-reveal-table,complete-string-applicant-graph-plus-approved-string-changes,120
2012,2012-0100,,.associates,.associates,"Baxter Hill, LLC",No,,requested,published-application,,,,,no,,no,,,,,,https://www.thedomains.com/2012/06/13/here-are-all-1930-applications-for-new-gtlds/,secondary-transcription-of-icann-reveal-table,complete-string-applicant-graph-plus-approved-string-changes,121
2012,2012-0101,,.astrium,.astrium,Astrium SAS,No,,requested,published-application,,,,,no,,no,,,,,,https://www.thedomains.com/2012/06/13/here-are-all-1930-applications-for-new-gtlds/,secondary-transcription-of-icann-reveal-table,complete-string-applicant-graph-plus-approved-string-changes,122
2012,2012-0102,,.athleta,.athleta,"The Gap, Inc.",No,,requested,published-application,,,,,no,,no,,,,,,https://www.thedomains.com/2012/06/13/here-are-all-1930-applications-for-new-gtlds/,secondary-transcription-of-icann-reveal-table,complete-string-applicant-graph-plus-approved-string-changes,123
2012,2012-0103,,.attorney,.attorney,"Victor North, LLC",No,,requested,published-application,,,,,no,,no,,,,,,https://www.thedomains.com/2012/06/13/here-are-all-1930-applications-for-new-gtlds/,secondary-transcription-of-icann-reveal-table,complete-string-applicant-graph-plus-approved-string-changes,124
2012,2012-0104,,.auction,.auction,"Sand Galley, LLC",No,,requested,published-application,,,,,yes,2012-exact-auction,no,,,,,,https://www.thedomains.com/2012/06/13/here-are-all-1930-applications-for-new-gtlds/,secondary-transcription-of-icann-reveal-table,complete-string-applicant-graph-plus-approved-string-changes,125
2012,2012-0105,,.auction,.auction,"Uniregistry, Corp.",No,,requested,published-application,,,,,yes,2012-exact-auction,no,,,,,,https://www.thedomains.com/2012/06/13/here-are-all-1930-applications-for-new-gtlds/,secondary-transcription-of-icann-reveal-table,complete-string-applicant-graph-plus-approved-string-changes,126
2012,2012-0106,,.audi,.audi,AUDI Aktiengesellschaft,No,,requested,published-application,,,,,no,,no,,,,,,https://www.thedomains.com/2012/06/13/here-are-all-1930-applications-for-new-gtlds/,secondary-transcription-of-icann-reveal-table,complete-string-applicant-graph-plus-approved-string-changes,127
2012,2012-0107,,.audible,.audible,Amazon EU S.à r.l.,No,,requested,published-application,,,,,no,,no,,,,,,https://www.thedomains.com/2012/06/13/here-are-all-1930-applications-for-new-gtlds/,secondary-transcription-of-icann-reveal-table,complete-string-applicant-graph-plus-approved-string-changes,128
2012,2012-0108,,.audio,.audio,"Uniregistry, Corp.",No,,requested,published-application,,,,,yes,2012-exact-audio,no,,,,,,https://www.thedomains.com/2012/06/13/here-are-all-1930-applications-for-new-gtlds/,secondary-transcription-of-icann-reveal-table,complete-string-applicant-graph-plus-approved-string-changes,129
2012,2012-0109,,.audio,.audio,"Holly Castle, LLC",No,,requested,published-application,,,,,yes,2012-exact-audio,no,,,,,,https://www.thedomains.com/2012/06/13/here-are-all-1930-applications-for-new-gtlds/,secondary-transcription-of-icann-reveal-table,complete-string-applicant-graph-plus-approved-string-changes,130
2012,2012-0110,,.auspost,.auspost,Australian Postal Corporation,No,,requested,published-application,,,,,no,,no,,,,,,https://www.thedomains.com/2012/06/13/here-are-all-1930-applications-for-new-gtlds/,secondary-transcription-of-icann-reveal-table,complete-string-applicant-graph-plus-approved-string-changes,131
2012,2012-0111,,.author,.author,Amazon EU S.à r.l.,No,,requested,published-application,,,,,no,,no,,,,,,https://www.thedomains.com/2012/06/13/here-are-all-1930-applications-for-new-gtlds/,secondary-transcription-of-icann-reveal-table,complete-string-applicant-graph-plus-approved-string-changes,132
2012,2012-0112,,.auto,.auto,Dot Auto LLC,No,,requested,published-application,,,,,yes,2012-exact-auto,no,,,,,,https://www.thedomains.com/2012/06/13/here-are-all-1930-applications-for-new-gtlds/,secondary-transcription-of-icann-reveal-table,complete-string-applicant-graph-plus-approved-string-changes,133
2012,2012-0113,,.auto,.auto,"Fegistry, LLC",No,,requested,published-application,,,,,yes,2012-exact-auto,no,,,,,,https://www.thedomains.com/2012/06/13/here-are-all-1930-applications-for-new-gtlds/,secondary-transcription-of-icann-reveal-table,complete-string-applicant-graph-plus-approved-string-changes,134
2012,2012-0114,,.auto,.auto,"Uniregistry, Corp.",No,,requested,published-application,,,,,yes,2012-exact-auto,no,,,,,,https://www.thedomains.com/2012/06/13/here-are-all-1930-applications-for-new-gtlds/,secondary-transcription-of-icann-reveal-table,complete-string-applicant-graph-plus-approved-string-changes,135
2012,2012-0115,,.auto,.auto,"Big Maple, LLC",No,,requested,published-application,,,,,yes,2012-exact-auto,no,,,,,,https://www.thedomains.com/2012/06/13/here-are-all-1930-applications-for-new-gtlds/,secondary-transcription-of-icann-reveal-table,complete-string-applicant-graph-plus-approved-string-changes,136
2012,2012-0116,,.autoinsurance,.autoinsurance,Allstate Fire and Casualty Insurance Company,No,,requested,published-application,,,,,no,,no,,,,,,https://www.thedomains.com/2012/06/13/here-are-all-1930-applications-for-new-gtlds/,secondary-transcription-of-icann-reveal-table,complete-string-applicant-graph-plus-approved-string-changes,137
2012,2012-0117,,.autos,.autos,"DERAutos, LLC",No,,requested,published-application,,,,,no,,no,,,,,,https://www.thedomains.com/2012/06/13/here-are-all-1930-applications-for-new-gtlds/,secondary-transcription-of-icann-reveal-table,complete-string-applicant-graph-plus-approved-string-changes,138
2012,2012-0118,,.avery,.avery,AVERY DENNISON CORPORATION,No,,requested,published-application,,,,,no,,no,,,,,,https://www.thedomains.com/2012/06/13/here-are-all-1930-applications-for-new-gtlds/,secondary-transcription-of-icann-reveal-table,complete-string-applicant-graph-plus-approved-string-changes,139
2012,2012-0119,,.avianca,.avianca,Aerovias del Continente Americano S.A. Avianca,No,,requested,published-application,,,,,no,,no,,,,,,https://www.thedomains.com/2012/06/13/here-are-all-1930-applications-for-new-gtlds/,secondary-transcription-of-icann-reveal-table,complete-string-applicant-graph-plus-approved-string-changes,140
2012,2012-0120,,.aws,.aws,Amazon EU S.à r.l.,No,,requested,published-application,,,,,no,,no,,,,,,https://www.thedomains.com/2012/06/13/here-are-all-1930-applications-for-new-gtlds/,secondary-transcription-of-icann-reveal-table,complete-string-applicant-graph-plus-approved-string-changes,141
2012,2012-0121,,.axa,.axa,AXA SA,No,,requested,published-application,,,,,no,,no,,,,,,https://www.thedomains.com/2012/06/13/here-are-all-1930-applications-for-new-gtlds/,secondary-transcription-of-icann-reveal-table,complete-string-applicant-graph-plus-approved-string-changes,142
2012,2012-0122,,.axis,.axis,Saudi Telecom Company,No,,requested,published-application,,,,,no,,no,,,,,,https://www.thedomains.com/2012/06/13/here-are-all-1930-applications-for-new-gtlds/,secondary-transcription-of-icann-reveal-table,complete-string-applicant-graph-plus-approved-string-changes,143
2012,2012-0123,,.azure,.azure,Microsoft Corporation,No,,requested,published-application,,,,,no,,no,,,,,,https://www.thedomains.com/2012/06/13/here-are-all-1930-applications-for-new-gtlds/,secondary-transcription-of-icann-reveal-table,complete-string-applicant-graph-plus-approved-string-changes,144
2012,2012-0124,,.baby,.baby,DotBaby Inc.,No,,requested,published-application,,,,,yes,2012-exact-baby,no,,,,,,https://www.thedomains.com/2012/06/13/here-are-all-1930-applications-for-new-gtlds/,secondary-transcription-of-icann-reveal-table,complete-string-applicant-graph-plus-approved-string-changes,145
2012,2012-0125,,.baby,.baby,"Auburn Beach, LLC",No,,requested,published-application,,,,,yes,2012-exact-baby,no,,,,,,https://www.thedomains.com/2012/06/13/here-are-all-1930-applications-for-new-gtlds/,secondary-transcription-of-icann-reveal-table,complete-string-applicant-graph-plus-approved-string-changes,146
2012,2012-0126,,.baby,.baby,Charleston Road Registry Inc.,No,,requested,published-application,,,,,yes,2012-exact-baby,no,,,,,,https://www.thedomains.com/2012/06/13/here-are-all-1930-applications-for-new-gtlds/,secondary-transcription-of-icann-reveal-table,complete-string-applicant-graph-plus-approved-string-changes,147
2012,2012-0127,,.baby,.baby,"Johnson & Johnson Services, Inc.",No,,requested,published-application,,,,,yes,2012-exact-baby,no,,,,,,https://www.thedomains.com/2012/06/13/here-are-all-1930-applications-for-new-gtlds/,secondary-transcription-of-icann-reveal-table,complete-string-applicant-graph-plus-approved-string-changes,148
2012,2012-0128,,.baby,.baby,Top Level Domain Holdings Limited,No,,requested,published-application,,,,,yes,2012-exact-baby,no,,,,,,https://www.thedomains.com/2012/06/13/here-are-all-1930-applications-for-new-gtlds/,secondary-transcription-of-icann-reveal-table,complete-string-applicant-graph-plus-approved-string-changes,149
2012,2012-0129,,.baby,.baby,Compact Registry Limited,No,,requested,published-application,,,,,yes,2012-exact-baby,no,,,,,,https://www.thedomains.com/2012/06/13/here-are-all-1930-applications-for-new-gtlds/,secondary-transcription-of-icann-reveal-table,complete-string-applicant-graph-plus-approved-string-changes,150
2012,2012-0130,,.baidu,.baidu,"Baidu, Inc.",No,,requested,published-application,,,,,no,,no,,,,,,https://www.thedomains.com/2012/06/13/here-are-all-1930-applications-for-new-gtlds/,secondary-transcription-of-icann-reveal-table,complete-string-applicant-graph-plus-approved-string-changes,151
2012,2012-0131,,.banamex,.banamex,Citigroup Inc.,No,,requested,published-application,,,,,no,,no,,,,,,https://www.thedomains.com/2012/06/13/here-are-all-1930-applications-for-new-gtlds/,secondary-transcription-of-icann-reveal-table,complete-string-applicant-graph-plus-approved-string-changes,152
2012,2012-0132,,.bananarepublic,.bananarepublic,"The Gap, Inc.",No,,requested,published-application,,,,,no,,no,,,,,,https://www.thedomains.com/2012/06/13/here-are-all-1930-applications-for-new-gtlds/,secondary-transcription-of-icann-reveal-table,complete-string-applicant-graph-plus-approved-string-changes,153
2012,2012-0133,,.band,.band,"Auburn Hollow, LLC",No,,requested,published-application,,,,,yes,2012-exact-band,no,,,,,,https://www.thedomains.com/2012/06/13/here-are-all-1930-applications-for-new-gtlds/,secondary-transcription-of-icann-reveal-table,complete-string-applicant-graph-plus-approved-string-changes,154
2012,2012-0134,,.band,.band,"Red Triangle, LLC",No,,requested,published-application,,,,,yes,2012-exact-band,no,,,,,,https://www.thedomains.com/2012/06/13/here-are-all-1930-applications-for-new-gtlds/,secondary-transcription-of-icann-reveal-table,complete-string-applicant-graph-plus-approved-string-changes,155
2012,2012-0135,,.bank,.bank,Dotsecure Inc.,No,,requested,published-application,,,,,yes,2012-exact-bank,no,,,,,,https://www.thedomains.com/2012/06/13/here-are-all-1930-applications-for-new-gtlds/,secondary-transcription-of-icann-reveal-table,complete-string-applicant-graph-plus-approved-string-changes,156
2012,2012-0136,,.bank,.bank,fTLD Registry Services LLC,No,,requested,published-application,,,,,yes,2012-exact-bank,no,,,,,,https://www.thedomains.com/2012/06/13/here-are-all-1930-applications-for-new-gtlds/,secondary-transcription-of-icann-reveal-table,complete-string-applicant-graph-plus-approved-string-changes,157
2012,2012-0137,,.banque,.banque,GEXBAN SAS,No,,requested,published-application,,,,,no,,no,,,,,,https://www.thedomains.com/2012/06/13/here-are-all-1930-applications-for-new-gtlds/,secondary-transcription-of-icann-reveal-table,complete-string-applicant-graph-plus-approved-string-changes,158
2012,2012-0138,,.bar,.bar,United TLD Holdco Ltd.,No,,requested,published-application,,,,,yes,2012-exact-bar,no,,,,,,https://www.thedomains.com/2012/06/13/here-are-all-1930-applications-for-new-gtlds/,secondary-transcription-of-icann-reveal-table,complete-string-applicant-graph-plus-approved-string-changes,159
2012,2012-0139,,.bar,.bar,Punto 2012 Sociedad Anonima de Capital Variable,No,,requested,published-application,,,,,yes,2012-exact-bar,no,,,,,,https://www.thedomains.com/2012/06/13/here-are-all-1930-applications-for-new-gtlds/,secondary-transcription-of-icann-reveal-table,complete-string-applicant-graph-plus-approved-string-changes,160
2012,2012-0140,,.barcelona,.barcelona,Municipi de Barcelona,No,,requested,published-application,,,,,no,,no,,,,,,https://www.thedomains.com/2012/06/13/here-are-all-1930-applications-for-new-gtlds/,secondary-transcription-of-icann-reveal-table,complete-string-applicant-graph-plus-approved-string-changes,161
2012,2012-0141,,.barclaycard,.barclaycard,Barclays Bank PLC,No,,requested,published-application,,,,,no,,no,,,,,,https://www.thedomains.com/2012/06/13/here-are-all-1930-applications-for-new-gtlds/,secondary-transcription-of-icann-reveal-table,complete-string-applicant-graph-plus-approved-string-changes,162
2012,2012-0142,,.barclays,.barclays,Barclays Bank PLC,No,,requested,published-application,,,,,no,,no,,,,,,https://www.thedomains.com/2012/06/13/here-are-all-1930-applications-for-new-gtlds/,secondary-transcription-of-icann-reveal-table,complete-string-applicant-graph-plus-approved-string-changes,163
2012,2012-0143,,.barefoot,.barefoot,"Gallo Vineyards, Inc.",No,,requested,published-application,,,,,no,,no,,,,,,https://www.thedomains.com/2012/06/13/here-are-all-1930-applications-for-new-gtlds/,secondary-transcription-of-icann-reveal-table,complete-string-applicant-graph-plus-approved-string-changes,164
2012,2012-0144,,.bargains,.bargains,"Half Hallow, LLC",No,,requested,published-application,,,,,no,,no,,,,,,https://www.thedomains.com/2012/06/13/here-are-all-1930-applications-for-new-gtlds/,secondary-transcription-of-icann-reveal-table,complete-string-applicant-graph-plus-approved-string-changes,165
2012,2012-0145,,.baseball,.baseball,"Silver Pass, LLC",No,,requested,published-application,,,,,yes,2012-exact-baseball,no,,,,,,https://www.thedomains.com/2012/06/13/here-are-all-1930-applications-for-new-gtlds/,secondary-transcription-of-icann-reveal-table,complete-string-applicant-graph-plus-approved-string-changes,166
2012,2012-0146,,.baseball,.baseball,"MLB Advanced Media DH, LLC",No,,requested,published-application,,,,,yes,2012-exact-baseball,no,,,,,,https://www.thedomains.com/2012/06/13/here-are-all-1930-applications-for-new-gtlds/,secondary-transcription-of-icann-reveal-table,complete-string-applicant-graph-plus-approved-string-changes,167
2012,2012-0147,,.basketball,.basketball,"Little Hollow, LLC",No,,requested,published-application,,,,,yes,2012-exact-basketball,no,,,,,,https://www.thedomains.com/2012/06/13/here-are-all-1930-applications-for-new-gtlds/,secondary-transcription-of-icann-reveal-table,complete-string-applicant-graph-plus-approved-string-changes,168
2012,2012-0148,,.basketball,.basketball,Fédération Internationale de Basketball (FIBA),No,,requested,published-application,,,,,yes,2012-exact-basketball,no,,,,,,https://www.thedomains.com/2012/06/13/here-are-all-1930-applications-for-new-gtlds/,secondary-transcription-of-icann-reveal-table,complete-string-applicant-graph-plus-approved-string-changes,169
2012,2012-0149,,.basketball,.basketball,dot Basketball Limited,No,,requested,published-application,,,,,yes,2012-exact-basketball,no,,,,,,https://www.thedomains.com/2012/06/13/here-are-all-1930-applications-for-new-gtlds/,secondary-transcription-of-icann-reveal-table,complete-string-applicant-graph-plus-approved-string-changes,170
2012,2012-0150,,.bauhaus,.bauhaus,Werkhaus GmbH,No,,requested,published-application,,,,,no,,no,,,,,,https://www.thedomains.com/2012/06/13/here-are-all-1930-applications-for-new-gtlds/,secondary-transcription-of-icann-reveal-table,complete-string-applicant-graph-plus-approved-string-changes,171
2012,2012-0151,,.bayern,.bayern,Bayern Connect GmbH,No,,requested,published-application,,,,,no,,no,,,,,,https://www.thedomains.com/2012/06/13/here-are-all-1930-applications-for-new-gtlds/,secondary-transcription-of-icann-reveal-table,complete-string-applicant-graph-plus-approved-string-changes,172
2012,2012-0152,,.bbb,.bbb,"Council of Better Business Bureaus, Inc.",No,,requested,published-application,,,,,no,,no,,,,,,https://www.thedomains.com/2012/06/13/here-are-all-1930-applications-for-new-gtlds/,secondary-transcription-of-icann-reveal-table,complete-string-applicant-graph-plus-approved-string-changes,173
2012,2012-0153,,.bbc,.bbc,British Broadcasting Corporation,No,,requested,published-application,,,,,no,,no,,,,,,https://www.thedomains.com/2012/06/13/here-are-all-1930-applications-for-new-gtlds/,secondary-transcription-of-icann-reveal-table,complete-string-applicant-graph-plus-approved-string-changes,174
2012,2012-0154,,.bbt,.bbt,BB&T Corporation,No,,requested,published-application,,,,,no,,no,,,,,,https://www.thedomains.com/2012/06/13/here-are-all-1930-applications-for-new-gtlds/,secondary-transcription-of-icann-reveal-table,complete-string-applicant-graph-plus-approved-string-changes,175
2012,2012-0155,,.bbva,.bbva,"BANCO BILBAO VIZCAYA ARGENTARIA, S.A.",No,,requested,published-application,,,,,no,,no,,,,,,https://www.thedomains.com/2012/06/13/here-are-all-1930-applications-for-new-gtlds/,secondary-transcription-of-icann-reveal-table,complete-string-applicant-graph-plus-approved-string-changes,176
2012,2012-0156,,.bcg,.bcg,"The Boston Consulting Group, Inc.",No,,requested,published-application,,,,,no,,no,,,,,,https://www.thedomains.com/2012/06/13/here-are-all-1930-applications-for-new-gtlds/,secondary-transcription-of-icann-reveal-table,complete-string-applicant-graph-plus-approved-string-changes,177
2012,2012-0157,,.bcn,.bcn,Municipi de Barcelona,No,,requested,published-application,,,,,no,,no,,,,,,https://www.thedomains.com/2012/06/13/here-are-all-1930-applications-for-new-gtlds/,secondary-transcription-of-icann-reveal-table,complete-string-applicant-graph-plus-approved-string-changes,178
2012,2012-0158,,.beats,.beats,"Beats Electronics, LLC",No,,requested,published-application,,,,,no,,no,,,,,,https://www.thedomains.com/2012/06/13/here-are-all-1930-applications-for-new-gtlds/,secondary-transcription-of-icann-reveal-table,complete-string-applicant-graph-plus-approved-string-changes,179
2012,2012-0159,,.beauty,.beauty,L’Oréal,No,,requested,published-application,,,,,yes,2012-exact-beauty,no,,,,,,https://www.thedomains.com/2012/06/13/here-are-all-1930-applications-for-new-gtlds/,secondary-transcription-of-icann-reveal-table,complete-string-applicant-graph-plus-approved-string-changes,180
2012,2012-0160,,.beauty,.beauty,Romeo Corner,No,,requested,published-application,,,,,yes,2012-exact-beauty,no,,,,,,https://www.thedomains.com/2012/06/13/here-are-all-1930-applications-for-new-gtlds/,secondary-transcription-of-icann-reveal-table,complete-string-applicant-graph-plus-approved-string-changes,181
2012,2012-0161,,.beauty,.beauty,Top Level Domain Holdings Limited,No,,requested,published-application,,,,,yes,2012-exact-beauty,no,,,,,,https://www.thedomains.com/2012/06/13/here-are-all-1930-applications-for-new-gtlds/,secondary-transcription-of-icann-reveal-table,complete-string-applicant-graph-plus-approved-string-changes,182
2012,2012-0162,,.beer,.beer,Top Level Domain Holdings Limited,No,,requested,published-application,,,,,no,,no,,,,,,https://www.thedomains.com/2012/06/13/here-are-all-1930-applications-for-new-gtlds/,secondary-transcription-of-icann-reveal-table,complete-string-applicant-graph-plus-approved-string-changes,183
2012,2012-0163,,.beknown,.beknown,"Monster Worldwide, Inc.",No,,requested,published-application,,,,,no,,no,,,,,,https://www.thedomains.com/2012/06/13/here-are-all-1930-applications-for-new-gtlds/,secondary-transcription-of-icann-reveal-table,complete-string-applicant-graph-plus-approved-string-changes,184
2012,2012-0164,,.bentley,.bentley,Bentley Motors Limited,No,,requested,published-application,,,,,no,,no,,,,,,https://www.thedomains.com/2012/06/13/here-are-all-1930-applications-for-new-gtlds/,secondary-transcription-of-icann-reveal-table,complete-string-applicant-graph-plus-approved-string-changes,185
2012,2012-0165,,.berlin,.berlin,dotBERLIN GmbH & Co. KG,No,,requested,published-application,,,,,no,,no,,,,,,https://www.thedomains.com/2012/06/13/here-are-all-1930-applications-for-new-gtlds/,secondary-transcription-of-icann-reveal-table,complete-string-applicant-graph-plus-approved-string-changes,186
2012,2012-0166,,.best,.best,BestTLD Pty Ltd,No,,requested,published-application,,,,,no,,no,,,,,,https://www.thedomains.com/2012/06/13/here-are-all-1930-applications-for-new-gtlds/,secondary-transcription-of-icann-reveal-table,complete-string-applicant-graph-plus-approved-string-changes,187
2012,2012-0167,,.bestbuy,.bestbuy,"BBY Solutions, Inc.",No,,requested,published-application,,,,,no,,no,,,,,,https://www.thedomains.com/2012/06/13/here-are-all-1930-applications-for-new-gtlds/,secondary-transcription-of-icann-reveal-table,complete-string-applicant-graph-plus-approved-string-changes,188
2012,2012-0168,,.bet,.bet,dot Bet Limited,No,,requested,published-application,,,,,yes,2012-exact-bet,no,,,,,,https://www.thedomains.com/2012/06/13/here-are-all-1930-applications-for-new-gtlds/,secondary-transcription-of-icann-reveal-table,complete-string-applicant-graph-plus-approved-string-changes,189
2012,2012-0169,,.bet,.bet,Afilias Limited,No,,requested,published-application,,,,,yes,2012-exact-bet,no,,,,,,https://www.thedomains.com/2012/06/13/here-are-all-1930-applications-for-new-gtlds/,secondary-transcription-of-icann-reveal-table,complete-string-applicant-graph-plus-approved-string-changes,190
2012,2012-0170,,.bet,.bet,LADBROKES INTERNATIONAL PLC,No,,requested,published-application,,,,,yes,2012-exact-bet,no,,,,,,https://www.thedomains.com/2012/06/13/here-are-all-1930-applications-for-new-gtlds/,secondary-transcription-of-icann-reveal-table,complete-string-applicant-graph-plus-approved-string-changes,191
2012,2012-0171,,.bet,.bet,"Foggy Way, LLC",No,,requested,published-application,,,,,yes,2012-exact-bet,no,,,,,,https://www.thedomains.com/2012/06/13/here-are-all-1930-applications-for-new-gtlds/,secondary-transcription-of-icann-reveal-table,complete-string-applicant-graph-plus-approved-string-changes,192
2012,2012-0172,,.bharti,.bharti,Bharti Enterprises (Holding) Private Limited,No,,requested,published-application,,,,,no,,no,,,,,,https://www.thedomains.com/2012/06/13/here-are-all-1930-applications-for-new-gtlds/,secondary-transcription-of-icann-reveal-table,complete-string-applicant-graph-plus-approved-string-changes,193
2012,2012-0173,,.bible,.bible,American Bible Society,No,,requested,published-application,,,,,no,,no,,,,,,https://www.thedomains.com/2012/06/13/here-are-all-1930-applications-for-new-gtlds/,secondary-transcription-of-icann-reveal-table,complete-string-applicant-graph-plus-approved-string-changes,194
2012,2012-0174,,.bid,.bid,dot Bid Limited,No,,requested,published-application,,,,,no,,no,,,,,,https://www.thedomains.com/2012/06/13/here-are-all-1930-applications-for-new-gtlds/,secondary-transcription-of-icann-reveal-table,complete-string-applicant-graph-plus-approved-string-changes,195
2012,2012-0175,,.bike,.bike,"Grand Hollow, LLC",No,,requested,published-application,,,,,no,,no,,,,,,https://www.thedomains.com/2012/06/13/here-are-all-1930-applications-for-new-gtlds/,secondary-transcription-of-icann-reveal-table,complete-string-applicant-graph-plus-approved-string-changes,196
2012,2012-0176,,.bing,.bing,Microsoft Corporation,No,,requested,published-application,,,,,no,,no,,,,,,https://www.thedomains.com/2012/06/13/here-are-all-1930-applications-for-new-gtlds/,secondary-transcription-of-icann-reveal-table,complete-string-applicant-graph-plus-approved-string-changes,197
2012,2012-0177,,.bingo,.bingo,"Sand Cedar, LLC",No,,requested,published-application,,,,,yes,2012-exact-bingo,no,,,,,,https://www.thedomains.com/2012/06/13/here-are-all-1930-applications-for-new-gtlds/,secondary-transcription-of-icann-reveal-table,complete-string-applicant-graph-plus-approved-string-changes,198
2012,2012-0178,,.bingo,.bingo,dot Bingo Limited,No,,requested,published-application,,,,,yes,2012-exact-bingo,no,,,,,,https://www.thedomains.com/2012/06/13/here-are-all-1930-applications-for-new-gtlds/,secondary-transcription-of-icann-reveal-table,complete-string-applicant-graph-plus-approved-string-changes,199
2012,2012-0179,,.bio,.bio,STARTING DOT,No,,requested,published-application,,,,,no,,no,,,,,,https://www.thedomains.com/2012/06/13/here-are-all-1930-applications-for-new-gtlds/,secondary-transcription-of-icann-reveal-table,complete-string-applicant-graph-plus-approved-string-changes,200
2012,2012-0180,,.black,.black,Afilias Limited,No,,requested,published-application,,,,,no,,no,,,,,,https://www.thedomains.com/2012/06/13/here-are-all-1930-applications-for-new-gtlds/,secondary-transcription-of-icann-reveal-table,complete-string-applicant-graph-plus-approved-string-changes,201
2012,2012-0181,,.blackfriday,.blackfriday,"Uniregistry, Corp.",No,,requested,published-application,,,,,no,,no,,,,,,https://www.thedomains.com/2012/06/13/here-are-all-1930-applications-for-new-gtlds/,secondary-transcription-of-icann-reveal-table,complete-string-applicant-graph-plus-approved-string-changes,202
2012,2012-0182,,.blanco,.blanco,BLANCO GmbH + Co KG,No,,requested,published-application,,,,,no,,no,,,,,,https://www.thedomains.com/2012/06/13/here-are-all-1930-applications-for-new-gtlds/,secondary-transcription-of-icann-reveal-table,complete-string-applicant-graph-plus-approved-string-changes,203
2012,2012-0183,,.blockbuster,.blockbuster,Dish DBS Corporation,No,,requested,published-application,,,,,no,,no,,,,,,https://www.thedomains.com/2012/06/13/here-are-all-1930-applications-for-new-gtlds/,secondary-transcription-of-icann-reveal-table,complete-string-applicant-graph-plus-approved-string-changes,204
2012,2012-0184,,.blog,.blog,Merchant Law Group LLP,No,,requested,published-application,,,,,yes,2012-exact-blog,no,,,,,,https://www.thedomains.com/2012/06/13/here-are-all-1930-applications-for-new-gtlds/,secondary-transcription-of-icann-reveal-table,complete-string-applicant-graph-plus-approved-string-changes,205
2012,2012-0185,,.blog,.blog,"Corn Shadow, LLC",No,,requested,published-application,,,,,yes,2012-exact-blog,no,,,,,,https://www.thedomains.com/2012/06/13/here-are-all-1930-applications-for-new-gtlds/,secondary-transcription-of-icann-reveal-table,complete-string-applicant-graph-plus-approved-string-changes,206
2012,2012-0186,,.blog,.blog,Charleston Road Registry Inc.,No,,requested,published-application,,,,,yes,2012-exact-blog,no,,,,,,https://www.thedomains.com/2012/06/13/here-are-all-1930-applications-for-new-gtlds/,secondary-transcription-of-icann-reveal-table,complete-string-applicant-graph-plus-approved-string-changes,207
2012,2012-0187,,.blog,.blog,Personals TLD Inc.,No,,requested,published-application,,,,,yes,2012-exact-blog,no,,,,,,https://www.thedomains.com/2012/06/13/here-are-all-1930-applications-for-new-gtlds/,secondary-transcription-of-icann-reveal-table,complete-string-applicant-graph-plus-approved-string-changes,208
2012,2012-0188,,.blog,.blog,"Top Level Design, LLC",No,,requested,published-application,,,,,yes,2012-exact-blog,no,,,,,,https://www.thedomains.com/2012/06/13/here-are-all-1930-applications-for-new-gtlds/,secondary-transcription-of-icann-reveal-table,complete-string-applicant-graph-plus-approved-string-changes,209
2012,2012-0189,,.blog,.blog,PRIMER NIVEL S.A.,No,,requested,published-application,,,,,yes,2012-exact-blog,no,,,,,,https://www.thedomains.com/2012/06/13/here-are-all-1930-applications-for-new-gtlds/,secondary-transcription-of-icann-reveal-table,complete-string-applicant-graph-plus-approved-string-changes,210
2012,2012-0190,,.blog,.blog,Afilias Domains No. 1 Limited,No,,requested,published-application,,,,,yes,2012-exact-blog,no,,,,,,https://www.thedomains.com/2012/06/13/here-are-all-1930-applications-for-new-gtlds/,secondary-transcription-of-icann-reveal-table,complete-string-applicant-graph-plus-approved-string-changes,211
2012,2012-0191,,.blog,.blog,BET Inc.,No,,requested,published-application,,,,,yes,2012-exact-blog,no,,,,,,https://www.thedomains.com/2012/06/13/here-are-all-1930-applications-for-new-gtlds/,secondary-transcription-of-icann-reveal-table,complete-string-applicant-graph-plus-approved-string-changes,212
2012,2012-0192,,.blog,.blog,Top Level Domain Holdings Limited,No,,requested,published-application,,,,,yes,2012-exact-blog,no,,,,,,https://www.thedomains.com/2012/06/13/here-are-all-1930-applications-for-new-gtlds/,secondary-transcription-of-icann-reveal-table,complete-string-applicant-graph-plus-approved-string-changes,213
2012,2012-0193,,.bloomberg,.bloomberg,Bloomberg IP Holdings LLC,No,,requested,published-application,,,,,no,,no,,,,,,https://www.thedomains.com/2012/06/13/here-are-all-1930-applications-for-new-gtlds/,secondary-transcription-of-icann-reveal-table,complete-string-applicant-graph-plus-approved-string-changes,214
2012,2012-0194,,.bloomingdales,.bloomingdales,"Macys, Inc.",No,,requested,published-application,,,,,no,,no,,,,,,https://www.thedomains.com/2012/06/13/here-are-all-1930-applications-for-new-gtlds/,secondary-transcription-of-icann-reveal-table,complete-string-applicant-graph-plus-approved-string-changes,215
2012,2012-0195,,.blue,.blue,Afilias Limited,No,,requested,published-application,,,,,no,,no,,,,,,https://www.thedomains.com/2012/06/13/here-are-all-1930-applications-for-new-gtlds/,secondary-transcription-of-icann-reveal-table,complete-string-applicant-graph-plus-approved-string-changes,216
2012,2012-0196,,.bms,.bms,Bristol-Myers Squibb Company,No,,requested,published-application,,,,,no,,no,,,,,,https://www.thedomains.com/2012/06/13/here-are-all-1930-applications-for-new-gtlds/,secondary-transcription-of-icann-reveal-table,complete-string-applicant-graph-plus-approved-string-changes,217
2012,2012-0197,,.bmw,.bmw,Bayerische Motoren Werke Aktiengesellschaft,No,,requested,published-application,,,,,no,,no,,,,,,https://www.thedomains.com/2012/06/13/here-are-all-1930-applications-for-new-gtlds/,secondary-transcription-of-icann-reveal-table,complete-string-applicant-graph-plus-approved-string-changes,218
2012,2012-0198,,.bnl,.bnl,Banca Nazionale del Lavoro,No,,requested,published-application,,,,,no,,no,,,,,,https://www.thedomains.com/2012/06/13/here-are-all-1930-applications-for-new-gtlds/,secondary-transcription-of-icann-reveal-table,complete-string-applicant-graph-plus-approved-string-changes,219
2012,2012-0199,,.bnpparibas,.bnpparibas,BNP Paribas,No,,requested,published-application,,,,,no,,no,,,,,,https://www.thedomains.com/2012/06/13/here-are-all-1930-applications-for-new-gtlds/,secondary-transcription-of-icann-reveal-table,complete-string-applicant-graph-plus-approved-string-changes,220
2012,2012-0200,,.boats,.boats,"Black Shadow, LLC",No,,requested,published-application,,,,,yes,2012-exact-boats,no,,,,,,https://www.thedomains.com/2012/06/13/here-are-all-1930-applications-for-new-gtlds/,secondary-transcription-of-icann-reveal-table,complete-string-applicant-graph-plus-approved-string-changes,221
2012,2012-0201,,.boats,.boats,"DERBoats, LLC",No,,requested,published-application,,,,,yes,2012-exact-boats,no,,,,,,https://www.thedomains.com/2012/06/13/here-are-all-1930-applications-for-new-gtlds/,secondary-transcription-of-icann-reveal-table,complete-string-applicant-graph-plus-approved-string-changes,222
2012,2012-0202,,.boehringer,.boehringer,Boehringer Ingelheim Pharma GmbH & Co. KG,No,,requested,published-application,,,,,no,,no,,,,,,https://www.thedomains.com/2012/06/13/here-are-all-1930-applications-for-new-gtlds/,secondary-transcription-of-icann-reveal-table,complete-string-applicant-graph-plus-approved-string-changes,223
2012,2012-0203,,.bofa,.bofa,"NMS Services, Inc.",No,,requested,published-application,,,,,no,,no,,,,,,https://www.thedomains.com/2012/06/13/here-are-all-1930-applications-for-new-gtlds/,secondary-transcription-of-icann-reveal-table,complete-string-applicant-graph-plus-approved-string-changes,224
2012,2012-0204,,.bom,.bom,Núcleo de Informação e Coordenação do Ponto BR – NIC.br,No,,requested,published-application,,,,,no,,no,,,,,,https://www.thedomains.com/2012/06/13/here-are-all-1930-applications-for-new-gtlds/,secondary-transcription-of-icann-reveal-table,complete-string-applicant-graph-plus-approved-string-changes,225
2012,2012-0205,,.bond,.bond,Bond University Limited,No,,requested,published-application,,,,,no,,no,,,,,,https://www.thedomains.com/2012/06/13/here-are-all-1930-applications-for-new-gtlds/,secondary-transcription-of-icann-reveal-table,complete-string-applicant-graph-plus-approved-string-changes,226
2012,2012-0206,,.boo,.boo,Charleston Road Registry Inc.,No,,requested,published-application,,,,,no,,no,,,,,,https://www.thedomains.com/2012/06/13/here-are-all-1930-applications-for-new-gtlds/,secondary-transcription-of-icann-reveal-table,complete-string-applicant-graph-plus-approved-string-changes,227
2012,2012-0207,,.book,.book,Bronze Registry Limited,No,,requested,published-application,,,,,yes,2012-exact-book,no,,,,,,https://www.thedomains.com/2012/06/13/here-are-all-1930-applications-for-new-gtlds/,secondary-transcription-of-icann-reveal-table,complete-string-applicant-graph-plus-approved-string-changes,228
2012,2012-0208,,.book,.book,"DotBook, LLC",No,,requested,published-application,,,,,yes,2012-exact-book,no,,,,,,https://www.thedomains.com/2012/06/13/here-are-all-1930-applications-for-new-gtlds/,secondary-transcription-of-icann-reveal-table,complete-string-applicant-graph-plus-approved-string-changes,229
2012,2012-0209,,.book,.book,Top Level Domain Holdings Limited,No,,requested,published-application,,,,,yes,2012-exact-book,no,,,,,,https://www.thedomains.com/2012/06/13/here-are-all-1930-applications-for-new-gtlds/,secondary-transcription-of-icann-reveal-table,complete-string-applicant-graph-plus-approved-string-changes,230
2012,2012-0210,,.book,.book,NU DOT CO LLC,No,,requested,published-application,,,,,yes,2012-exact-book,no,,,,,,https://www.thedomains.com/2012/06/13/here-are-all-1930-applications-for-new-gtlds/,secondary-transcription-of-icann-reveal-table,complete-string-applicant-graph-plus-approved-string-changes,231
2012,2012-0211,,.book,.book,Charleston Road Registry Inc.,No,,requested,published-application,,,,,yes,2012-exact-book,no,,,,,,https://www.thedomains.com/2012/06/13/here-are-all-1930-applications-for-new-gtlds/,secondary-transcription-of-icann-reveal-table,complete-string-applicant-graph-plus-approved-string-changes,232
2012,2012-0212,,.book,.book,Amazon EU S.à r.l.,No,,requested,published-application,,,,,yes,2012-exact-book,no,,,,,,https://www.thedomains.com/2012/06/13/here-are-all-1930-applications-for-new-gtlds/,secondary-transcription-of-icann-reveal-table,complete-string-applicant-graph-plus-approved-string-changes,233
2012,2012-0213,,.book,.book,"Double Bloom, LLC",No,,requested,published-application,,,,,yes,2012-exact-book,no,,,,,,https://www.thedomains.com/2012/06/13/here-are-all-1930-applications-for-new-gtlds/,secondary-transcription-of-icann-reveal-table,complete-string-applicant-graph-plus-approved-string-changes,234
2012,2012-0214,,.book,.book,Global Domain Registry Pty Ltd,No,,requested,published-application,,,,,yes,2012-exact-book,no,,,,,,https://www.thedomains.com/2012/06/13/here-are-all-1930-applications-for-new-gtlds/,secondary-transcription-of-icann-reveal-table,complete-string-applicant-graph-plus-approved-string-changes,235
2012,2012-0215,,.book,.book,R.R. Bowker LLC,No,,requested,published-application,,,,,yes,2012-exact-book,no,,,,,,https://www.thedomains.com/2012/06/13/here-are-all-1930-applications-for-new-gtlds/,secondary-transcription-of-icann-reveal-table,complete-string-applicant-graph-plus-approved-string-changes,236
2012,2012-0216,,.booking,.booking,Booking.com B.V.,No,,requested,published-application,,,,,no,,no,,,,,,https://www.thedomains.com/2012/06/13/here-are-all-1930-applications-for-new-gtlds/,secondary-transcription-of-icann-reveal-table,complete-string-applicant-graph-plus-approved-string-changes,237
2012,2012-0217,,.boots,.boots,THE BOOTS COMPANY PLC,No,,requested,published-application,,,,,no,,no,,,,,,https://www.thedomains.com/2012/06/13/here-are-all-1930-applications-for-new-gtlds/,secondary-transcription-of-icann-reveal-table,complete-string-applicant-graph-plus-approved-string-changes,238
2012,2012-0218,,.bosch,.bosch,Robert Bosch GMBH,No,,requested,published-application,,,,,no,,no,,,,,,https://www.thedomains.com/2012/06/13/here-are-all-1930-applications-for-new-gtlds/,secondary-transcription-of-icann-reveal-table,complete-string-applicant-graph-plus-approved-string-changes,239
2012,2012-0219,,.bostik,.bostik,Bostik SA,No,,requested,published-application,,,,,no,,no,,,,,,https://www.thedomains.com/2012/06/13/here-are-all-1930-applications-for-new-gtlds/,secondary-transcription-of-icann-reveal-table,complete-string-applicant-graph-plus-approved-string-changes,240
2012,2012-0220,,.boston,.boston,The Boston Globe Newspaper Company Inc.,No,,requested,published-application,,,,,no,,no,,,,,,https://www.thedomains.com/2012/06/13/here-are-all-1930-applications-for-new-gtlds/,secondary-transcription-of-icann-reveal-table,complete-string-applicant-graph-plus-approved-string-changes,241
2012,2012-0221,,.bot,.bot,Amazon EU S.à r.l.,No,,requested,published-application,,,,,no,,no,,,,,,https://www.thedomains.com/2012/06/13/here-are-all-1930-applications-for-new-gtlds/,secondary-transcription-of-icann-reveal-table,complete-string-applicant-graph-plus-approved-string-changes,242
2012,2012-0222,,.boutique,.boutique,"Over Galley, LLC",No,,requested,published-application,,,,,no,,no,,,,,,https://www.thedomains.com/2012/06/13/here-are-all-1930-applications-for-new-gtlds/,secondary-transcription-of-icann-reveal-table,complete-string-applicant-graph-plus-approved-string-changes,243
2012,2012-0223,,.box,.box,NS1 Limited,No,,requested,published-application,,,,,yes,2012-exact-box,no,,,,,,https://www.thedomains.com/2012/06/13/here-are-all-1930-applications-for-new-gtlds/,secondary-transcription-of-icann-reveal-table,complete-string-applicant-graph-plus-approved-string-changes,244
2012,2012-0224,,.box,.box,Amazon EU S.à r.l.,No,,requested,published-application,,,,,yes,2012-exact-box,no,,,,,,https://www.thedomains.com/2012/06/13/here-are-all-1930-applications-for-new-gtlds/,secondary-transcription-of-icann-reveal-table,complete-string-applicant-graph-plus-approved-string-changes,245
2012,2012-0225,,.bradesco,.bradesco,Banco Bradesco S.A.,No,,requested,published-application,,,,,no,,no,,,,,,https://www.thedomains.com/2012/06/13/here-are-all-1930-applications-for-new-gtlds/,secondary-transcription-of-icann-reveal-table,complete-string-applicant-graph-plus-approved-string-changes,246
2012,2012-0226,,.bridgestone,.bridgestone,Bridgestone Corporation,No,,requested,published-application,,,,,no,,no,,,,,,https://www.thedomains.com/2012/06/13/here-are-all-1930-applications-for-new-gtlds/,secondary-transcription-of-icann-reveal-table,complete-string-applicant-graph-plus-approved-string-changes,247
2012,2012-0227,,.broadway,.broadway,"Celebrate Broadway, Inc.",No,,requested,published-application,,,,,yes,2012-exact-broadway,no,,,,,,https://www.thedomains.com/2012/06/13/here-are-all-1930-applications-for-new-gtlds/,secondary-transcription-of-icann-reveal-table,complete-string-applicant-graph-plus-approved-string-changes,248
2012,2012-0228,,.broadway,.broadway,"Goose North, LLC",No,,requested,published-application,,,,,yes,2012-exact-broadway,no,,,,,,https://www.thedomains.com/2012/06/13/here-are-all-1930-applications-for-new-gtlds/,secondary-transcription-of-icann-reveal-table,complete-string-applicant-graph-plus-approved-string-changes,249
2012,2012-0229,,.broadway,.broadway,Key GTLD Holding Inc,No,,requested,published-application,,,,,yes,2012-exact-broadway,no,,,,,,https://www.thedomains.com/2012/06/13/here-are-all-1930-applications-for-new-gtlds/,secondary-transcription-of-icann-reveal-table,complete-string-applicant-graph-plus-approved-string-changes,250
2012,2012-0230,,.broker,.broker,IG Group Holdings PLC,No,,requested,published-application,,,,,yes,2012-exact-broker,no,,,,,,https://www.thedomains.com/2012/06/13/here-are-all-1930-applications-for-new-gtlds/,secondary-transcription-of-icann-reveal-table,complete-string-applicant-graph-plus-approved-string-changes,251
2012,2012-0231,,.broker,.broker,"Spring North, LLC",No,,requested,published-application,,,,,yes,2012-exact-broker,no,,,,,,https://www.thedomains.com/2012/06/13/here-are-all-1930-applications-for-new-gtlds/,secondary-transcription-of-icann-reveal-table,complete-string-applicant-graph-plus-approved-string-changes,252
2012,2012-0232,,.brother,.brother,"Brother Industries, Ltd.",No,,requested,published-application,,,,,no,,no,,,,,,https://www.thedomains.com/2012/06/13/here-are-all-1930-applications-for-new-gtlds/,secondary-transcription-of-icann-reveal-table,complete-string-applicant-graph-plus-approved-string-changes,253
2012,2012-0233,,.brussels,.brussels,DNS.be vzw,No,,requested,published-application,,,,,no,,no,,,,,,https://www.thedomains.com/2012/06/13/here-are-all-1930-applications-for-new-gtlds/,secondary-transcription-of-icann-reveal-table,complete-string-applicant-graph-plus-approved-string-changes,254
2012,2012-0234,,.budapest,.budapest,Top Level Domain Holdings Limited,No,,requested,published-application,,,,,no,,no,,,,,,https://www.thedomains.com/2012/06/13/here-are-all-1930-applications-for-new-gtlds/,secondary-transcription-of-icann-reveal-table,complete-string-applicant-graph-plus-approved-string-changes,255
2012,2012-0235,,.bugatti,.bugatti,Bugatti International SA,No,,requested,published-application,,,,,no,,no,,,,,,https://www.thedomains.com/2012/06/13/here-are-all-1930-applications-for-new-gtlds/,secondary-transcription-of-icann-reveal-table,complete-string-applicant-graph-plus-approved-string-changes,256
2012,2012-0236,,.buick,.buick,General Motors LLC,No,,requested,published-application,,,,,no,,no,,,,,,https://www.thedomains.com/2012/06/13/here-are-all-1930-applications-for-new-gtlds/,secondary-transcription-of-icann-reveal-table,complete-string-applicant-graph-plus-approved-string-changes,257
2012,2012-0237,,.build,.build,Plan Bee LLC,No,,requested,published-application,,,,,no,,no,,,,,,https://www.thedomains.com/2012/06/13/here-are-all-1930-applications-for-new-gtlds/,secondary-transcription-of-icann-reveal-table,complete-string-applicant-graph-plus-approved-string-changes,258
2012,2012-0238,,.builders,.builders,"Atomic Madison, LLC",No,,requested,published-application,,,,,no,,no,,,,,,https://www.thedomains.com/2012/06/13/here-are-all-1930-applications-for-new-gtlds/,secondary-transcription-of-icann-reveal-table,complete-string-applicant-graph-plus-approved-string-changes,259
2012,2012-0239,,.business,.business,"Spring Cross, LLC",No,,requested,published-application,,,,,no,,no,,,,,,https://www.thedomains.com/2012/06/13/here-are-all-1930-applications-for-new-gtlds/,secondary-transcription-of-icann-reveal-table,complete-string-applicant-graph-plus-approved-string-changes,260
2012,2012-0240,,.buy,.buy,"PVT Registry, LLC",No,,requested,published-application,,,,,yes,2012-exact-buy,no,,,,,,https://www.thedomains.com/2012/06/13/here-are-all-1930-applications-for-new-gtlds/,secondary-transcription-of-icann-reveal-table,complete-string-applicant-graph-plus-approved-string-changes,261
2012,2012-0241,,.buy,.buy,dot Buy Limited,No,,requested,published-application,,,,,yes,2012-exact-buy,no,,,,,,https://www.thedomains.com/2012/06/13/here-are-all-1930-applications-for-new-gtlds/,secondary-transcription-of-icann-reveal-table,complete-string-applicant-graph-plus-approved-string-changes,262
2012,2012-0242,,.buy,.buy,"Bitter Sunset, LLC",No,,requested,published-application,,,,,yes,2012-exact-buy,no,,,,,,https://www.thedomains.com/2012/06/13/here-are-all-1930-applications-for-new-gtlds/,secondary-transcription-of-icann-reveal-table,complete-string-applicant-graph-plus-approved-string-changes,263
2012,2012-0243,,.buy,.buy,Amazon EU S.à r.l.,No,,requested,published-application,,,,,yes,2012-exact-buy,no,,,,,,https://www.thedomains.com/2012/06/13/here-are-all-1930-applications-for-new-gtlds/,secondary-transcription-of-icann-reveal-table,complete-string-applicant-graph-plus-approved-string-changes,264
2012,2012-0244,,.buy,.buy,Charleston Road Registry Inc.,No,,requested,published-application,,,,,yes,2012-exact-buy,no,,,,,,https://www.thedomains.com/2012/06/13/here-are-all-1930-applications-for-new-gtlds/,secondary-transcription-of-icann-reveal-table,complete-string-applicant-graph-plus-approved-string-changes,265
2012,2012-0245,,.buzz,.buzz,DOTSTRATEGY CO.,No,,requested,published-application,,,,,no,,no,,,,,,https://www.thedomains.com/2012/06/13/here-are-all-1930-applications-for-new-gtlds/,secondary-transcription-of-icann-reveal-table,complete-string-applicant-graph-plus-approved-string-changes,266
2012,2012-0246,,.bway,.bway,Key GTLD Holding Inc,No,,requested,published-application,,,,,no,,no,,,,,,https://www.thedomains.com/2012/06/13/here-are-all-1930-applications-for-new-gtlds/,secondary-transcription-of-icann-reveal-table,complete-string-applicant-graph-plus-approved-string-changes,267
2012,2012-0247,,.bzh,.bzh,Association www.bzh,No,,requested,published-application,,,,,no,,no,,,,,,https://www.thedomains.com/2012/06/13/here-are-all-1930-applications-for-new-gtlds/,secondary-transcription-of-icann-reveal-table,complete-string-applicant-graph-plus-approved-string-changes,268
2012,2012-0248,,.cab,.cab,"Half Sunset, LLC",No,,requested,published-application,,,,,no,,no,,,,,,https://www.thedomains.com/2012/06/13/here-are-all-1930-applications-for-new-gtlds/,secondary-transcription-of-icann-reveal-table,complete-string-applicant-graph-plus-approved-string-changes,269
2012,2012-0249,,.cadillac,.cadillac,General Motors LLC,No,,requested,published-application,,,,,no,,no,,,,,,https://www.thedomains.com/2012/06/13/here-are-all-1930-applications-for-new-gtlds/,secondary-transcription-of-icann-reveal-table,complete-string-applicant-graph-plus-approved-string-changes,270
2012,2012-0250,,.cafe,.cafe,"Pioneer Canyon, LLC",No,,requested,published-application,,,,,yes,2012-exact-cafe,no,,,,,,https://www.thedomains.com/2012/06/13/here-are-all-1930-applications-for-new-gtlds/,secondary-transcription-of-icann-reveal-table,complete-string-applicant-graph-plus-approved-string-changes,271
2012,2012-0251,,.cafe,.cafe,Punto 2012 Sociedad Anonima de Capital Variable,No,,requested,published-application,,,,,yes,2012-exact-cafe,no,,,,,,https://www.thedomains.com/2012/06/13/here-are-all-1930-applications-for-new-gtlds/,secondary-transcription-of-icann-reveal-table,complete-string-applicant-graph-plus-approved-string-changes,272
2012,2012-0252,,.cal,.cal,Charleston Road Registry Inc.,No,,requested,published-application,,,,,no,,no,,,,,,https://www.thedomains.com/2012/06/13/here-are-all-1930-applications-for-new-gtlds/,secondary-transcription-of-icann-reveal-table,complete-string-applicant-graph-plus-approved-string-changes,273
2012,2012-0253,,.call,.call,Amazon EU S.à r.l.,No,,requested,published-application,,,,,no,,no,,,,,,https://www.thedomains.com/2012/06/13/here-are-all-1930-applications-for-new-gtlds/,secondary-transcription-of-icann-reveal-table,complete-string-applicant-graph-plus-approved-string-changes,274
2012,2012-0254,,.calvinklein,.calvinklein,PVH gTLD Holdings LLC,No,,requested,published-application,,,,,no,,no,,,,,,https://www.thedomains.com/2012/06/13/here-are-all-1930-applications-for-new-gtlds/,secondary-transcription-of-icann-reveal-table,complete-string-applicant-graph-plus-approved-string-changes,275
2012,2012-0255,,.cam,.cam,United TLD Holdco Ltd.,No,,requested,published-application,,,,,yes,2012-exact-cam,no,,,,,,https://www.thedomains.com/2012/06/13/here-are-all-1930-applications-for-new-gtlds/,secondary-transcription-of-icann-reveal-table,complete-string-applicant-graph-plus-approved-string-changes,276
2012,2012-0256,,.cam,.cam,dot Agency Limited,No,,requested,published-application,,,,,yes,2012-exact-cam,no,,,,,,https://www.thedomains.com/2012/06/13/here-are-all-1930-applications-for-new-gtlds/,secondary-transcription-of-icann-reveal-table,complete-string-applicant-graph-plus-approved-string-changes,277
2012,2012-0257,,.cam,.cam,AC Webconnecting Holding B.V.,No,,requested,published-application,,,,,yes,2012-exact-cam,no,,,,,,https://www.thedomains.com/2012/06/13/here-are-all-1930-applications-for-new-gtlds/,secondary-transcription-of-icann-reveal-table,complete-string-applicant-graph-plus-approved-string-changes,278
2012,2012-0258,,.camera,.camera,"Atomic Maple, LLC",No,,requested,published-application,,,,,no,,no,,,,,,https://www.thedomains.com/2012/06/13/here-are-all-1930-applications-for-new-gtlds/,secondary-transcription-of-icann-reveal-table,complete-string-applicant-graph-plus-approved-string-changes,279
2012,2012-0259,,.camp,.camp,"Delta Dynamite, LLC",No,,requested,published-application,,,,,no,,no,,,,,,https://www.thedomains.com/2012/06/13/here-are-all-1930-applications-for-new-gtlds/,secondary-transcription-of-icann-reveal-table,complete-string-applicant-graph-plus-approved-string-changes,280
2012,2012-0260,,.canalplus,.canalplus,CANAL+ FRANCE,No,,requested,published-application,,,,,no,,no,,,,,,https://www.thedomains.com/2012/06/13/here-are-all-1930-applications-for-new-gtlds/,secondary-transcription-of-icann-reveal-table,complete-string-applicant-graph-plus-approved-string-changes,281
2012,2012-0261,,.cancerresearch,.cancerresearch,Australian Cancer Research Foundation,No,,requested,published-application,,,,,no,,no,,,,,,https://www.thedomains.com/2012/06/13/here-are-all-1930-applications-for-new-gtlds/,secondary-transcription-of-icann-reveal-table,complete-string-applicant-graph-plus-approved-string-changes,282
2012,2012-0262,,.canon,.canon,Canon Inc.,No,,requested,published-application,,,,,no,,no,,,,,,https://www.thedomains.com/2012/06/13/here-are-all-1930-applications-for-new-gtlds/,secondary-transcription-of-icann-reveal-table,complete-string-applicant-graph-plus-approved-string-changes,283
2012,2012-0263,,.capetown,.capetown,UniForum SA (NPC) trading as ZA Central Registry,No,,requested,published-application,,,,,no,,no,,,,,,https://www.thedomains.com/2012/06/13/here-are-all-1930-applications-for-new-gtlds/,secondary-transcription-of-icann-reveal-table,complete-string-applicant-graph-plus-approved-string-changes,284
2012,2012-0264,,.capital,.capital,"Delta Mill, LLC",No,,requested,published-application,,,,,no,,no,,,,,,https://www.thedomains.com/2012/06/13/here-are-all-1930-applications-for-new-gtlds/,secondary-transcription-of-icann-reveal-table,complete-string-applicant-graph-plus-approved-string-changes,285
2012,2012-0265,,.capitalone,.capitalone,Capital One Financial Corporation,No,,requested,published-application,,,,,no,,no,,,,,,https://www.thedomains.com/2012/06/13/here-are-all-1930-applications-for-new-gtlds/,secondary-transcription-of-icann-reveal-table,complete-string-applicant-graph-plus-approved-string-changes,286
2012,2012-0266,,.car,.car,Charleston Road Registry Inc.,No,,requested,published-application,,,,,no,,no,,,,,,https://www.thedomains.com/2012/06/13/here-are-all-1930-applications-for-new-gtlds/,secondary-transcription-of-icann-reveal-table,complete-string-applicant-graph-plus-approved-string-changes,287
2012,2012-0267,,.caravan,.caravan,"Caravan International, Inc.",No,,requested,published-application,,,,,no,,no,,,,,,https://www.thedomains.com/2012/06/13/here-are-all-1930-applications-for-new-gtlds/,secondary-transcription-of-icann-reveal-table,complete-string-applicant-graph-plus-approved-string-changes,288
2012,2012-0268,,.cards,.cards,"Foggy Hollow, LLC",No,,requested,published-application,,,,,no,,no,,,,,,https://www.thedomains.com/2012/06/13/here-are-all-1930-applications-for-new-gtlds/,secondary-transcription-of-icann-reveal-table,complete-string-applicant-graph-plus-approved-string-changes,289
2012,2012-0269,,.care,.care,Goose Cross,No,,requested,published-application,,,,,no,,no,,,,,,https://www.thedomains.com/2012/06/13/here-are-all-1930-applications-for-new-gtlds/,secondary-transcription-of-icann-reveal-table,complete-string-applicant-graph-plus-approved-string-changes,290
2012,2012-0270,,.career,.career,dotCareer LLC,No,,requested,published-application,,,,,no,,no,,,,,,https://www.thedomains.com/2012/06/13/here-are-all-1930-applications-for-new-gtlds/,secondary-transcription-of-icann-reveal-table,complete-string-applicant-graph-plus-approved-string-changes,291
2012,2012-0271,,.careers,.careers,"Wild Corner, LLC",No,,requested,published-application,,,,,no,,no,,,,,,https://www.thedomains.com/2012/06/13/here-are-all-1930-applications-for-new-gtlds/,secondary-transcription-of-icann-reveal-table,complete-string-applicant-graph-plus-approved-string-changes,292
2012,2012-0272,,.caremore,.caremore,"WellPoint, Inc.",No,,requested,published-application,,,,,no,,no,,,,,,https://www.thedomains.com/2012/06/13/here-are-all-1930-applications-for-new-gtlds/,secondary-transcription-of-icann-reveal-table,complete-string-applicant-graph-plus-approved-string-changes,293
2012,2012-0273,,.carinsurance,.carinsurance,Allstate Fire and Casualty Insurance Company,No,,requested,published-application,,,,,no,,no,,,,,,https://www.thedomains.com/2012/06/13/here-are-all-1930-applications-for-new-gtlds/,secondary-transcription-of-icann-reveal-table,complete-string-applicant-graph-plus-approved-string-changes,294
2012,2012-0274,,.cars,.cars,"Koko Castle, LLC",No,,requested,published-application,,,,,yes,2012-exact-cars,no,,,,,,https://www.thedomains.com/2012/06/13/here-are-all-1930-applications-for-new-gtlds/,secondary-transcription-of-icann-reveal-table,complete-string-applicant-graph-plus-approved-string-changes,295
2012,2012-0275,,.cars,.cars,"Uniregistry, Corp.",No,,requested,published-application,,,,,yes,2012-exact-cars,no,,,,,,https://www.thedomains.com/2012/06/13/here-are-all-1930-applications-for-new-gtlds/,secondary-transcription-of-icann-reveal-table,complete-string-applicant-graph-plus-approved-string-changes,296
2012,2012-0276,,.cars,.cars,"DERCars, LLC",No,,requested,published-application,,,,,yes,2012-exact-cars,no,,,,,,https://www.thedomains.com/2012/06/13/here-are-all-1930-applications-for-new-gtlds/,secondary-transcription-of-icann-reveal-table,complete-string-applicant-graph-plus-approved-string-changes,297
2012,2012-0277,,.cartier,.cartier,Richemont DNS Inc.,No,,requested,published-application,,,,,no,,no,,,,,,https://www.thedomains.com/2012/06/13/here-are-all-1930-applications-for-new-gtlds/,secondary-transcription-of-icann-reveal-table,complete-string-applicant-graph-plus-approved-string-changes,298
2012,2012-0278,,.casa,.casa,"Extra Way, LLC",No,,requested,published-application,,,,,yes,2012-exact-casa,no,,,,,,https://www.thedomains.com/2012/06/13/here-are-all-1930-applications-for-new-gtlds/,secondary-transcription-of-icann-reveal-table,complete-string-applicant-graph-plus-approved-string-changes,299
2012,2012-0279,,.casa,.casa,"Go Daddy East, LLC",No,,requested,published-application,,,,,yes,2012-exact-casa,no,,,,,,https://www.thedomains.com/2012/06/13/here-are-all-1930-applications-for-new-gtlds/,secondary-transcription-of-icann-reveal-table,complete-string-applicant-graph-plus-approved-string-changes,300
2012,2012-0280,,.casa,.casa,Top Level Domain Holdings Limited,No,,requested,published-application,,,,,yes,2012-exact-casa,no,,,,,,https://www.thedomains.com/2012/06/13/here-are-all-1930-applications-for-new-gtlds/,secondary-transcription-of-icann-reveal-table,complete-string-applicant-graph-plus-approved-string-changes,301
2012,2012-0281,,.case,.case,Fiat Industrial S.p.A (società per azioni),No,,requested,published-application,,,,,no,,no,,,,,,https://www.thedomains.com/2012/06/13/here-are-all-1930-applications-for-new-gtlds/,secondary-transcription-of-icann-reveal-table,complete-string-applicant-graph-plus-approved-string-changes,302
2012,2012-0282,,.caseih,.caseih,Fiat Industrial S.p.A (società per azioni),No,,requested,published-application,,,,,no,,no,,,,,,https://www.thedomains.com/2012/06/13/here-are-all-1930-applications-for-new-gtlds/,secondary-transcription-of-icann-reveal-table,complete-string-applicant-graph-plus-approved-string-changes,303
2012,2012-0283,,.cash,.cash,"Delta Lake, LLC",No,,requested,published-application,,,,,no,,no,,,,,,https://www.thedomains.com/2012/06/13/here-are-all-1930-applications-for-new-gtlds/,secondary-transcription-of-icann-reveal-table,complete-string-applicant-graph-plus-approved-string-changes,304
2012,2012-0284,,.cashbackbonus,.cashbackbonus,Discover Financial Services,No,,requested,published-application,,,,,no,,no,,,,,,https://www.thedomains.com/2012/06/13/here-are-all-1930-applications-for-new-gtlds/,secondary-transcription-of-icann-reveal-table,complete-string-applicant-graph-plus-approved-string-changes,305
2012,2012-0285,,.casino,.casino,dot Casino Limited,No,,requested,published-application,,,,,yes,2012-exact-casino,no,,,,,,https://www.thedomains.com/2012/06/13/here-are-all-1930-applications-for-new-gtlds/,secondary-transcription-of-icann-reveal-table,complete-string-applicant-graph-plus-approved-string-changes,306
2012,2012-0286,,.casino,.casino,"Binky Sky, LLC",No,,requested,published-application,,,,,yes,2012-exact-casino,no,,,,,,https://www.thedomains.com/2012/06/13/here-are-all-1930-applications-for-new-gtlds/,secondary-transcription-of-icann-reveal-table,complete-string-applicant-graph-plus-approved-string-changes,307
2012,2012-0287,,.casino,.casino,Afilias Limited,No,,requested,published-application,,,,,yes,2012-exact-casino,no,,,,,,https://www.thedomains.com/2012/06/13/here-are-all-1930-applications-for-new-gtlds/,secondary-transcription-of-icann-reveal-table,complete-string-applicant-graph-plus-approved-string-changes,308
2012,2012-0288,,.casino,.casino,dotBeauty LLC,No,,requested,published-application,,,,,yes,2012-exact-casino,no,,,,,,https://www.thedomains.com/2012/06/13/here-are-all-1930-applications-for-new-gtlds/,secondary-transcription-of-icann-reveal-table,complete-string-applicant-graph-plus-approved-string-changes,309
2012,2012-0289,,.catalonia,.catalonia,Generalitat de Catalunya,No,,requested,published-application,,,,,no,,no,,,,,,https://www.thedomains.com/2012/06/13/here-are-all-1930-applications-for-new-gtlds/,secondary-transcription-of-icann-reveal-table,complete-string-applicant-graph-plus-approved-string-changes,310
2012,2012-0290,,.catering,.catering,New Falls. LLC,No,,requested,published-application,,,,,no,,no,,,,,,https://www.thedomains.com/2012/06/13/here-are-all-1930-applications-for-new-gtlds/,secondary-transcription-of-icann-reveal-table,complete-string-applicant-graph-plus-approved-string-changes,311
2012,2012-0291,,.catholic,.catholic,Pontificium Consilium de Comunicationibus Socialibus (PCCS) (Pontifical Council for Social Communication),No,,requested,published-application,,,,,no,,no,,,,,,https://www.thedomains.com/2012/06/13/here-are-all-1930-applications-for-new-gtlds/,secondary-transcription-of-icann-reveal-table,complete-string-applicant-graph-plus-approved-string-changes,312
2012,2012-0292,,.cba,.cba,COMMONWEALTH BANK OF AUSTRALIA,No,,requested,published-application,,,,,no,,no,,,,,,https://www.thedomains.com/2012/06/13/here-are-all-1930-applications-for-new-gtlds/,secondary-transcription-of-icann-reveal-table,complete-string-applicant-graph-plus-approved-string-changes,313
2012,2012-0293,,.cbn,.cbn,"The Christian Broadcasting Network, Inc.",No,,requested,published-application,,,,,no,,no,,,,,,https://www.thedomains.com/2012/06/13/here-are-all-1930-applications-for-new-gtlds/,secondary-transcription-of-icann-reveal-table,complete-string-applicant-graph-plus-approved-string-changes,314
2012,2012-0294,,.cbre,.cbre,"CBRE, Inc.",No,,requested,published-application,,,,,no,,no,,,,,,https://www.thedomains.com/2012/06/13/here-are-all-1930-applications-for-new-gtlds/,secondary-transcription-of-icann-reveal-table,complete-string-applicant-graph-plus-approved-string-changes,315
2012,2012-0295,,.cbs,.cbs,CBS Domains Inc.,No,,requested,published-application,,,,,no,,no,,,,,,https://www.thedomains.com/2012/06/13/here-are-all-1930-applications-for-new-gtlds/,secondary-transcription-of-icann-reveal-table,complete-string-applicant-graph-plus-approved-string-changes,316
2012,2012-0296,,.ceb,.ceb,The Corporate Executive Board Company,No,,requested,published-application,,,,,no,,no,,,,,,https://www.thedomains.com/2012/06/13/here-are-all-1930-applications-for-new-gtlds/,secondary-transcription-of-icann-reveal-table,complete-string-applicant-graph-plus-approved-string-changes,317
2012,2012-0297,,.center,.center,"Tin Mill, LLC",No,,requested,published-application,,,,,no,,no,,,,,,https://www.thedomains.com/2012/06/13/here-are-all-1930-applications-for-new-gtlds/,secondary-transcription-of-icann-reveal-table,complete-string-applicant-graph-plus-approved-string-changes,318
2012,2012-0298,,.ceo,.ceo,CEOTLD Pty Ltd,No,,requested,published-application,,,,,no,,no,,,,,,https://www.thedomains.com/2012/06/13/here-are-all-1930-applications-for-new-gtlds/,secondary-transcription-of-icann-reveal-table,complete-string-applicant-graph-plus-approved-string-changes,319
2012,2012-0299,,.cern,.cern,European Organization for Nuclear Research (“CERN”),No,,requested,published-application,,,,,no,,no,,,,,,https://www.thedomains.com/2012/06/13/here-are-all-1930-applications-for-new-gtlds/,secondary-transcription-of-icann-reveal-table,complete-string-applicant-graph-plus-approved-string-changes,320
2012,2012-0300,,.cfa,.cfa,CFA Institute,No,,requested,published-application,,,,,no,,no,,,,,,https://www.thedomains.com/2012/06/13/here-are-all-1930-applications-for-new-gtlds/,secondary-transcription-of-icann-reveal-table,complete-string-applicant-graph-plus-approved-string-changes,321
2012,2012-0301,,.cfd,.cfd,IG Group Holdings PLC,No,,requested,published-application,,,,,no,,no,,,,,,https://www.thedomains.com/2012/06/13/here-are-all-1930-applications-for-new-gtlds/,secondary-transcription-of-icann-reveal-table,complete-string-applicant-graph-plus-approved-string-changes,322
2012,2012-0302,,.chanel,.chanel,Chanel International B.V.,No,,requested,published-application,,,,,no,,no,,,,,,https://www.thedomains.com/2012/06/13/here-are-all-1930-applications-for-new-gtlds/,secondary-transcription-of-icann-reveal-table,complete-string-applicant-graph-plus-approved-string-changes,323
2012,2012-0303,,.changiairport,.changiairport,Changi Airport Group (Singapore) Pte. Ltd,No,,requested,published-application,,,,,no,,no,,,,,,https://www.thedomains.com/2012/06/13/here-are-all-1930-applications-for-new-gtlds/,secondary-transcription-of-icann-reveal-table,complete-string-applicant-graph-plus-approved-string-changes,324
2012,2012-0304,,.channel,.channel,Charleston Road Registry Inc.,No,,requested,published-application,,,,,no,,no,,,,,,https://www.thedomains.com/2012/06/13/here-are-all-1930-applications-for-new-gtlds/,secondary-transcription-of-icann-reveal-table,complete-string-applicant-graph-plus-approved-string-changes,325
2012,2012-0305,,.charity,.charity,"Corn Lake, LLC",No,,requested,published-application,,,,,yes,2012-exact-charity,no,,,,,,https://www.thedomains.com/2012/06/13/here-are-all-1930-applications-for-new-gtlds/,secondary-transcription-of-icann-reveal-table,complete-string-applicant-graph-plus-approved-string-changes,326
2012,2012-0306,,.charity,.charity,Spring Registry Limited,No,,requested,published-application,,,,,yes,2012-exact-charity,no,,,,,,https://www.thedomains.com/2012/06/13/here-are-all-1930-applications-for-new-gtlds/,secondary-transcription-of-icann-reveal-table,complete-string-applicant-graph-plus-approved-string-changes,327
2012,2012-0307,,.chartis,.chartis,"American International Group, Inc.",No,,requested,published-application,,,,,no,,no,,,,,,https://www.thedomains.com/2012/06/13/here-are-all-1930-applications-for-new-gtlds/,secondary-transcription-of-icann-reveal-table,complete-string-applicant-graph-plus-approved-string-changes,328
2012,2012-0308,,.chase,.chase,JPMorgan Chase & Co.,No,,requested,published-application,,,,,no,,no,,,,,,https://www.thedomains.com/2012/06/13/here-are-all-1930-applications-for-new-gtlds/,secondary-transcription-of-icann-reveal-table,complete-string-applicant-graph-plus-approved-string-changes,329
2012,2012-0309,,.chat,.chat,dot Chat Limited,No,,requested,published-application,,,,,yes,2012-exact-chat,no,,,,,,https://www.thedomains.com/2012/06/13/here-are-all-1930-applications-for-new-gtlds/,secondary-transcription-of-icann-reveal-table,complete-string-applicant-graph-plus-approved-string-changes,330
2012,2012-0310,,.chat,.chat,IM TLD Inc.,No,,requested,published-application,,,,,yes,2012-exact-chat,no,,,,,,https://www.thedomains.com/2012/06/13/here-are-all-1930-applications-for-new-gtlds/,secondary-transcription-of-icann-reveal-table,complete-string-applicant-graph-plus-approved-string-changes,331
2012,2012-0311,,.chat,.chat,"Sand Fields, LLC",No,,requested,published-application,,,,,yes,2012-exact-chat,no,,,,,,https://www.thedomains.com/2012/06/13/here-are-all-1930-applications-for-new-gtlds/,secondary-transcription-of-icann-reveal-table,complete-string-applicant-graph-plus-approved-string-changes,332
2012,2012-0312,,.chat,.chat,"Top Level Spectrum, Inc.",No,,requested,published-application,,,,,yes,2012-exact-chat,no,,,,,,https://www.thedomains.com/2012/06/13/here-are-all-1930-applications-for-new-gtlds/,secondary-transcription-of-icann-reveal-table,complete-string-applicant-graph-plus-approved-string-changes,333
2012,2012-0313,,.chatr,.chatr,Rogers Communications Partnership,No,,requested,published-application,,,,,no,,no,,,,,,https://www.thedomains.com/2012/06/13/here-are-all-1930-applications-for-new-gtlds/,secondary-transcription-of-icann-reveal-table,complete-string-applicant-graph-plus-approved-string-changes,334
2012,2012-0314,,.cheap,.cheap,"Sand Cover, LLC",No,,requested,published-application,,,,,no,,no,,,,,,https://www.thedomains.com/2012/06/13/here-are-all-1930-applications-for-new-gtlds/,secondary-transcription-of-icann-reveal-table,complete-string-applicant-graph-plus-approved-string-changes,335
2012,2012-0315,,.chesapeake,.chesapeake,Afterdot LLC,No,,requested,published-application,,,,,no,,no,,,,,,https://www.thedomains.com/2012/06/13/here-are-all-1930-applications-for-new-gtlds/,secondary-transcription-of-icann-reveal-table,complete-string-applicant-graph-plus-approved-string-changes,336
2012,2012-0316,,.chevrolet,.chevrolet,General Motors LLC,No,,requested,published-application,,,,,no,,no,,,,,,https://www.thedomains.com/2012/06/13/here-are-all-1930-applications-for-new-gtlds/,secondary-transcription-of-icann-reveal-table,complete-string-applicant-graph-plus-approved-string-changes,337
2012,2012-0317,,.chevy,.chevy,General Motors LLC,No,,requested,published-application,,,,,no,,no,,,,,,https://www.thedomains.com/2012/06/13/here-are-all-1930-applications-for-new-gtlds/,secondary-transcription-of-icann-reveal-table,complete-string-applicant-graph-plus-approved-string-changes,338
2012,2012-0318,,.chintai,.chintai,CHINTAI Corporation,No,,requested,published-application,,,,,no,,no,,,,,,https://www.thedomains.com/2012/06/13/here-are-all-1930-applications-for-new-gtlds/,secondary-transcription-of-icann-reveal-table,complete-string-applicant-graph-plus-approved-string-changes,339
2012,2012-0319,,.chk,.chk,Afterdot LLC,No,,requested,published-application,,,,,no,,no,,,,,,https://www.thedomains.com/2012/06/13/here-are-all-1930-applications-for-new-gtlds/,secondary-transcription-of-icann-reveal-table,complete-string-applicant-graph-plus-approved-string-changes,340
2012,2012-0320,,.chloe,.chloe,Richemont DNS Inc.,No,,requested,published-application,,,,,no,,no,,,,,,https://www.thedomains.com/2012/06/13/here-are-all-1930-applications-for-new-gtlds/,secondary-transcription-of-icann-reveal-table,complete-string-applicant-graph-plus-approved-string-changes,341
2012,2012-0321,,.christmas,.christmas,"Uniregistry, Corp.",No,,requested,published-application,,,,,no,,no,,,,,,https://www.thedomains.com/2012/06/13/here-are-all-1930-applications-for-new-gtlds/,secondary-transcription-of-icann-reveal-table,complete-string-applicant-graph-plus-approved-string-changes,342
2012,2012-0322,,.chrome,.chrome,Charleston Road Registry Inc.,No,,requested,published-application,,,,,no,,no,,,,,,https://www.thedomains.com/2012/06/13/here-are-all-1930-applications-for-new-gtlds/,secondary-transcription-of-icann-reveal-table,complete-string-applicant-graph-plus-approved-string-changes,343
2012,2012-0323,,.chrysler,.chrysler,Chrysler Group LLC.,No,,requested,published-application,,,,,no,,no,,,,,,https://www.thedomains.com/2012/06/13/here-are-all-1930-applications-for-new-gtlds/,secondary-transcription-of-icann-reveal-table,complete-string-applicant-graph-plus-approved-string-changes,344
2012,2012-0324,,.church,.church,"Life Covenant Church, Inc.",No,,requested,published-application,,,,,yes,2012-exact-church,no,,,,,,https://www.thedomains.com/2012/06/13/here-are-all-1930-applications-for-new-gtlds/,secondary-transcription-of-icann-reveal-table,complete-string-applicant-graph-plus-approved-string-changes,345
2012,2012-0325,,.church,.church,"Holly Fileds, LLC",No,,requested,published-application,,,,,yes,2012-exact-church,no,,,,,,https://www.thedomains.com/2012/06/13/here-are-all-1930-applications-for-new-gtlds/,secondary-transcription-of-icann-reveal-table,complete-string-applicant-graph-plus-approved-string-changes,346
2012,2012-0326,,.cialis,.cialis,Eli Lilly and Company,No,,requested,published-application,,,,,no,,no,,,,,,https://www.thedomains.com/2012/06/13/here-are-all-1930-applications-for-new-gtlds/,secondary-transcription-of-icann-reveal-table,complete-string-applicant-graph-plus-approved-string-changes,347
2012,2012-0327,,.cimb,.cimb,CIMB Group Sdn Bhd,No,,requested,published-application,,,,,no,,no,,,,,,https://www.thedomains.com/2012/06/13/here-are-all-1930-applications-for-new-gtlds/,secondary-transcription-of-icann-reveal-table,complete-string-applicant-graph-plus-approved-string-changes,348
2012,2012-0328,,.cipriani,.cipriani,Hotel Cipriani Srl,No,,requested,published-application,,,,,no,,no,,,,,,https://www.thedomains.com/2012/06/13/here-are-all-1930-applications-for-new-gtlds/,secondary-transcription-of-icann-reveal-table,complete-string-applicant-graph-plus-approved-string-changes,349
2012,2012-0329,,.circle,.circle,Amazon EU S.à r.l.,No,,requested,published-application,,,,,no,,no,,,,,,https://www.thedomains.com/2012/06/13/here-are-all-1930-applications-for-new-gtlds/,secondary-transcription-of-icann-reveal-table,complete-string-applicant-graph-plus-approved-string-changes,350
2012,2012-0330,,.cisco,.cisco,"Cisco Technology, Inc.",No,,requested,published-application,,,,,no,,no,,,,,,https://www.thedomains.com/2012/06/13/here-are-all-1930-applications-for-new-gtlds/,secondary-transcription-of-icann-reveal-table,complete-string-applicant-graph-plus-approved-string-changes,351
2012,2012-0331,,.citadel,.citadel,Citadel Domain LLC,No,,requested,published-application,,,,,no,,no,,,,,,https://www.thedomains.com/2012/06/13/here-are-all-1930-applications-for-new-gtlds/,secondary-transcription-of-icann-reveal-table,complete-string-applicant-graph-plus-approved-string-changes,352
2012,2012-0332,,.citi,.citi,Citigroup Inc.,No,,requested,published-application,,,,,no,,no,,,,,,https://www.thedomains.com/2012/06/13/here-are-all-1930-applications-for-new-gtlds/,secondary-transcription-of-icann-reveal-table,complete-string-applicant-graph-plus-approved-string-changes,353
2012,2012-0333,,.citic,.citic,CITIC Group Corporation,No,,requested,published-application,,,,,no,,no,,,,,,https://www.thedomains.com/2012/06/13/here-are-all-1930-applications-for-new-gtlds/,secondary-transcription-of-icann-reveal-table,complete-string-applicant-graph-plus-approved-string-changes,354
2012,2012-0334,,.city,.city,TLD REGISTRY LIMITED,No,,requested,published-application,,,,,yes,2012-exact-city,no,,,,,,https://www.thedomains.com/2012/06/13/here-are-all-1930-applications-for-new-gtlds/,secondary-transcription-of-icann-reveal-table,complete-string-applicant-graph-plus-approved-string-changes,355
2012,2012-0335,,.city,.city,"Snow Sky, LLC",No,,requested,published-application,,,,,yes,2012-exact-city,no,,,,,,https://www.thedomains.com/2012/06/13/here-are-all-1930-applications-for-new-gtlds/,secondary-transcription-of-icann-reveal-table,complete-string-applicant-graph-plus-approved-string-changes,356
2012,2012-0336,,.city,.city,DotCity Inc.,No,,requested,published-application,,,,,yes,2012-exact-city,no,,,,,,https://www.thedomains.com/2012/06/13/here-are-all-1930-applications-for-new-gtlds/,secondary-transcription-of-icann-reveal-table,complete-string-applicant-graph-plus-approved-string-changes,357
2012,2012-0337,,.cityeats,.cityeats,"Lifestyle Domain Holdings, Inc.",No,,requested,published-application,,,,,no,,no,,,,,,https://www.thedomains.com/2012/06/13/here-are-all-1930-applications-for-new-gtlds/,secondary-transcription-of-icann-reveal-table,complete-string-applicant-graph-plus-approved-string-changes,358
2012,2012-0338,,.claims,.claims,"Black Corner, LLC",No,,requested,published-application,,,,,no,,no,,,,,,https://www.thedomains.com/2012/06/13/here-are-all-1930-applications-for-new-gtlds/,secondary-transcription-of-icann-reveal-table,complete-string-applicant-graph-plus-approved-string-changes,359
2012,2012-0339,,.cleaning,.cleaning,"Fox Shadow, LLC",No,,requested,published-application,,,,,no,,no,,,,,,https://www.thedomains.com/2012/06/13/here-are-all-1930-applications-for-new-gtlds/,secondary-transcription-of-icann-reveal-table,complete-string-applicant-graph-plus-approved-string-changes,360
2012,2012-0340,,.click,.click,"Uniregistry, Corp.",No,,requested,published-application,,,,,yes,2012-exact-click,no,,,,,,https://www.thedomains.com/2012/06/13/here-are-all-1930-applications-for-new-gtlds/,secondary-transcription-of-icann-reveal-table,complete-string-applicant-graph-plus-approved-string-changes,361
2012,2012-0341,,.click,.click,DotClick Inc.,No,,requested,published-application,,,,,yes,2012-exact-click,no,,,,,,https://www.thedomains.com/2012/06/13/here-are-all-1930-applications-for-new-gtlds/,secondary-transcription-of-icann-reveal-table,complete-string-applicant-graph-plus-approved-string-changes,362
2012,2012-0342,,.clinic,.clinic,"Goose Park, LLC",No,,requested,published-application,,,,,no,,no,,,,,,https://www.thedomains.com/2012/06/13/here-are-all-1930-applications-for-new-gtlds/,secondary-transcription-of-icann-reveal-table,complete-string-applicant-graph-plus-approved-string-changes,363
2012,2012-0343,,.clinique,.clinique,ELC Online Inc.,No,,requested,published-application,,,,,no,,no,,,,,,https://www.thedomains.com/2012/06/13/here-are-all-1930-applications-for-new-gtlds/,secondary-transcription-of-icann-reveal-table,complete-string-applicant-graph-plus-approved-string-changes,364
2012,2012-0344,,.clothing,.clothing,"Steel Lake, LLC",No,,requested,published-application,,,,,no,,no,,,,,,https://www.thedomains.com/2012/06/13/here-are-all-1930-applications-for-new-gtlds/,secondary-transcription-of-icann-reveal-table,complete-string-applicant-graph-plus-approved-string-changes,365
2012,2012-0345,,.cloud,.cloud,Symantec Corporation,No,,requested,published-application,,,,,yes,2012-exact-cloud,no,,,,,,https://www.thedomains.com/2012/06/13/here-are-all-1930-applications-for-new-gtlds/,secondary-transcription-of-icann-reveal-table,complete-string-applicant-graph-plus-approved-string-changes,366
2012,2012-0346,,.cloud,.cloud,Amazon EU S.à r.l.,No,,requested,published-application,,,,,yes,2012-exact-cloud,no,,,,,,https://www.thedomains.com/2012/06/13/here-are-all-1930-applications-for-new-gtlds/,secondary-transcription-of-icann-reveal-table,complete-string-applicant-graph-plus-approved-string-changes,367
2012,2012-0347,,.cloud,.cloud,ARUBA S.p.A.,No,,requested,published-application,,,,,yes,2012-exact-cloud,no,,,,,,https://www.thedomains.com/2012/06/13/here-are-all-1930-applications-for-new-gtlds/,secondary-transcription-of-icann-reveal-table,complete-string-applicant-graph-plus-approved-string-changes,368
2012,2012-0348,,.cloud,.cloud,CloudNames AS,No,,requested,published-application,,,,,yes,2012-exact-cloud,no,,,,,,https://www.thedomains.com/2012/06/13/here-are-all-1930-applications-for-new-gtlds/,secondary-transcription-of-icann-reveal-table,complete-string-applicant-graph-plus-approved-string-changes,369
2012,2012-0349,,.cloud,.cloud,Top Level Domain Holdings Limited,No,,requested,published-application,,,,,yes,2012-exact-cloud,no,,,,,,https://www.thedomains.com/2012/06/13/here-are-all-1930-applications-for-new-gtlds/,secondary-transcription-of-icann-reveal-table,complete-string-applicant-graph-plus-approved-string-changes,370
2012,2012-0350,,.cloud,.cloud,"Dash Cedar, LLC",No,,requested,published-application,,,,,yes,2012-exact-cloud,no,,,,,,https://www.thedomains.com/2012/06/13/here-are-all-1930-applications-for-new-gtlds/,secondary-transcription-of-icann-reveal-table,complete-string-applicant-graph-plus-approved-string-changes,371
2012,2012-0351,,.cloud,.cloud,Charleston Road Registry Inc.,No,,requested,published-application,,,,,yes,2012-exact-cloud,no,,,,,,https://www.thedomains.com/2012/06/13/here-are-all-1930-applications-for-new-gtlds/,secondary-transcription-of-icann-reveal-table,complete-string-applicant-graph-plus-approved-string-changes,372
2012,2012-0352,,.club,.club,".CLUB DOMAINS, LLC",No,,requested,published-application,,,,,yes,2012-exact-club,no,,,,,,https://www.thedomains.com/2012/06/13/here-are-all-1930-applications-for-new-gtlds/,secondary-transcription-of-icann-reveal-table,complete-string-applicant-graph-plus-approved-string-changes,373
2012,2012-0353,,.club,.club,Merchant Law Group LLP,No,,requested,published-application,,,,,yes,2012-exact-club,no,,,,,,https://www.thedomains.com/2012/06/13/here-are-all-1930-applications-for-new-gtlds/,secondary-transcription-of-icann-reveal-table,complete-string-applicant-graph-plus-approved-string-changes,374
2012,2012-0354,,.club,.club,"Koko Manor, LLC",No,,requested,published-application,,,,,yes,2012-exact-club,no,,,,,,https://www.thedomains.com/2012/06/13/here-are-all-1930-applications-for-new-gtlds/,secondary-transcription-of-icann-reveal-table,complete-string-applicant-graph-plus-approved-string-changes,375
2012,2012-0355,,.clubmed,.clubmed,Club Méditerranée S.A.,No,,requested,published-application,,,,,no,,no,,,,,,https://www.thedomains.com/2012/06/13/here-are-all-1930-applications-for-new-gtlds/,secondary-transcription-of-icann-reveal-table,complete-string-applicant-graph-plus-approved-string-changes,376
2012,2012-0356,,.coach,.coach,"Koko Island, LLC",No,,requested,published-application,,,,,yes,2012-exact-coach,no,,,,,,https://www.thedomains.com/2012/06/13/here-are-all-1930-applications-for-new-gtlds/,secondary-transcription-of-icann-reveal-table,complete-string-applicant-graph-plus-approved-string-changes,377
2012,2012-0357,,.coach,.coach,"Coach, Inc.",No,,requested,published-application,,,,,yes,2012-exact-coach,no,,,,,,https://www.thedomains.com/2012/06/13/here-are-all-1930-applications-for-new-gtlds/,secondary-transcription-of-icann-reveal-table,complete-string-applicant-graph-plus-approved-string-changes,378
2012,2012-0358,,.codes,.codes,"Puff Willow, LLC",No,,requested,published-application,,,,,no,,no,,,,,,https://www.thedomains.com/2012/06/13/here-are-all-1930-applications-for-new-gtlds/,secondary-transcription-of-icann-reveal-table,complete-string-applicant-graph-plus-approved-string-changes,379
2012,2012-0359,,.coffee,.coffee,"Trixy Cover, LLC",No,,requested,published-application,,,,,no,,no,,,,,,https://www.thedomains.com/2012/06/13/here-are-all-1930-applications-for-new-gtlds/,secondary-transcription-of-icann-reveal-table,complete-string-applicant-graph-plus-approved-string-changes,380
2012,2012-0360,,.college,.college,XYZ.COM LLC,No,,requested,published-application,,,,,yes,2012-exact-college,no,,,,,,https://www.thedomains.com/2012/06/13/here-are-all-1930-applications-for-new-gtlds/,secondary-transcription-of-icann-reveal-table,complete-string-applicant-graph-plus-approved-string-changes,381
2012,2012-0361,,.college,.college,"Binky Edge, LLC",No,,requested,published-application,,,,,yes,2012-exact-college,no,,,,,,https://www.thedomains.com/2012/06/13/here-are-all-1930-applications-for-new-gtlds/,secondary-transcription-of-icann-reveal-table,complete-string-applicant-graph-plus-approved-string-changes,382
2012,2012-0362,,.cologne,.cologne,NetCologne Gesellschaft für Telekommunikation mbH,No,,requested,published-application,,,,,no,,no,,,,,,https://www.thedomains.com/2012/06/13/here-are-all-1930-applications-for-new-gtlds/,secondary-transcription-of-icann-reveal-table,complete-string-applicant-graph-plus-approved-string-changes,383
2012,2012-0363,,.comcast,.comcast,"Comcast IP Holdings I, LLC",No,,requested,published-application,,,,,no,,no,,,,,,https://www.thedomains.com/2012/06/13/here-are-all-1930-applications-for-new-gtlds/,secondary-transcription-of-icann-reveal-table,complete-string-applicant-graph-plus-approved-string-changes,384
2012,2012-0364,,.commbank,.commbank,COMMONWEALTH BANK OF AUSTRALIA,No,,requested,published-application,,,,,no,,no,,,,,,https://www.thedomains.com/2012/06/13/here-are-all-1930-applications-for-new-gtlds/,secondary-transcription-of-icann-reveal-table,complete-string-applicant-graph-plus-approved-string-changes,385
2012,2012-0365,,.community,.community,"Fox Orchard, LLC",No,,requested,published-application,,,,,no,,no,,,,,,https://www.thedomains.com/2012/06/13/here-are-all-1930-applications-for-new-gtlds/,secondary-transcription-of-icann-reveal-table,complete-string-applicant-graph-plus-approved-string-changes,386
2012,2012-0366,,.company,.company,"Silver Avenue, LLC",No,,requested,published-application,,,,,no,,no,,,,,,https://www.thedomains.com/2012/06/13/here-are-all-1930-applications-for-new-gtlds/,secondary-transcription-of-icann-reveal-table,complete-string-applicant-graph-plus-approved-string-changes,387
2012,2012-0367,,.compare,.compare,iSelect Ltd,No,,requested,published-application,,,,,no,,no,,,,,,https://www.thedomains.com/2012/06/13/here-are-all-1930-applications-for-new-gtlds/,secondary-transcription-of-icann-reveal-table,complete-string-applicant-graph-plus-approved-string-changes,388
2012,2012-0368,,.computer,.computer,"Pine Mill, LLC",No,,requested,published-application,,,,,no,,no,,,,,,https://www.thedomains.com/2012/06/13/here-are-all-1930-applications-for-new-gtlds/,secondary-transcription-of-icann-reveal-table,complete-string-applicant-graph-plus-approved-string-changes,389
2012,2012-0369,,.comsec,.comsec,"VeriSign, Inc.",No,,requested,published-application,,,,,no,,no,,,,,,https://www.thedomains.com/2012/06/13/here-are-all-1930-applications-for-new-gtlds/,secondary-transcription-of-icann-reveal-table,complete-string-applicant-graph-plus-approved-string-changes,390
2012,2012-0370,,.condos,.condos,"Pine House, LLC",No,,requested,published-application,,,,,no,,no,,,,,,https://www.thedomains.com/2012/06/13/here-are-all-1930-applications-for-new-gtlds/,secondary-transcription-of-icann-reveal-table,complete-string-applicant-graph-plus-approved-string-changes,391
2012,2012-0371,,.connectors,.connectors,"MiTek USA, Inc.",No,,requested,published-application,,,,,no,,no,,,,,,https://www.thedomains.com/2012/06/13/here-are-all-1930-applications-for-new-gtlds/,secondary-transcription-of-icann-reveal-table,complete-string-applicant-graph-plus-approved-string-changes,392
2012,2012-0372,,.construction,.construction,"Dot Construction, LLC",No,,requested,published-application,,,,,yes,2012-exact-construction,no,,,,,,https://www.thedomains.com/2012/06/13/here-are-all-1930-applications-for-new-gtlds/,secondary-transcription-of-icann-reveal-table,complete-string-applicant-graph-plus-approved-string-changes,393
2012,2012-0373,,.construction,.construction,"Fox Dynamite, LLC",No,,requested,published-application,,,,,yes,2012-exact-construction,no,,,,,,https://www.thedomains.com/2012/06/13/here-are-all-1930-applications-for-new-gtlds/,secondary-transcription-of-icann-reveal-table,complete-string-applicant-graph-plus-approved-string-changes,394
2012,2012-0374,,.consulting,.consulting,"Pixie Station, LLC",No,,requested,published-application,,,,,no,,no,,,,,,https://www.thedomains.com/2012/06/13/here-are-all-1930-applications-for-new-gtlds/,secondary-transcription-of-icann-reveal-table,complete-string-applicant-graph-plus-approved-string-changes,395
2012,2012-0375,,.contact,.contact,"Top Level Spectrum, Inc.",No,,requested,published-application,,,,,no,,no,,,,,,https://www.thedomains.com/2012/06/13/here-are-all-1930-applications-for-new-gtlds/,secondary-transcription-of-icann-reveal-table,complete-string-applicant-graph-plus-approved-string-changes,396
2012,2012-0376,,.contractors,.contractors,"Magic Woods, LLC",No,,requested,published-application,,,,,no,,no,,,,,,https://www.thedomains.com/2012/06/13/here-are-all-1930-applications-for-new-gtlds/,secondary-transcription-of-icann-reveal-table,complete-string-applicant-graph-plus-approved-string-changes,397
2012,2012-0377,,.cooking,.cooking,Top Level Domain Holdings Limited,No,,requested,published-application,,,,,no,,no,,,,,,https://www.thedomains.com/2012/06/13/here-are-all-1930-applications-for-new-gtlds/,secondary-transcription-of-icann-reveal-table,complete-string-applicant-graph-plus-approved-string-changes,398
2012,2012-0378,,.cookingchannel,.cookingchannel,"Lifestyle Domain Holdings, Inc.",No,,requested,published-application,,,,,no,,no,,,,,,https://www.thedomains.com/2012/06/13/here-are-all-1930-applications-for-new-gtlds/,secondary-transcription-of-icann-reveal-table,complete-string-applicant-graph-plus-approved-string-changes,399
2012,2012-0379,,.cool,.cool,"Koko Lake, LLC",No,,requested,published-application,,,,,no,,no,,,,,,https://www.thedomains.com/2012/06/13/here-are-all-1930-applications-for-new-gtlds/,secondary-transcription-of-icann-reveal-table,complete-string-applicant-graph-plus-approved-string-changes,400
2012,2012-0380,,.corp,.corp,"Cotton Fields, LLC",No,,requested,published-application,did-not-proceed,high-risk-name-collision,collision-2012,https://www.icann.org/en/board-activities-and-meetings/materials/approved-board-resolutions-regular-meeting-of-the-icann-board-04-02-2018-en,yes,2012-exact-corp,no,,,,,,https://www.thedomains.com/2012/06/13/here-are-all-1930-applications-for-new-gtlds/,secondary-transcription-of-icann-reveal-table,complete-string-applicant-graph-plus-approved-string-changes,401
2012,2012-0381,,.corp,.corp,DOTCORP LIMITED,No,,requested,published-application,did-not-proceed,high-risk-name-collision,collision-2012,https://www.icann.org/en/board-activities-and-meetings/materials/approved-board-resolutions-regular-meeting-of-the-icann-board-04-02-2018-en,yes,2012-exact-corp,no,,,,,,https://www.thedomains.com/2012/06/13/here-are-all-1930-applications-for-new-gtlds/,secondary-transcription-of-icann-reveal-table,complete-string-applicant-graph-plus-approved-string-changes,402
2012,2012-0382,,.corp,.corp,Charleston Road Registry Inc.,No,,requested,published-application,did-not-proceed,high-risk-name-collision,collision-2012,https://www.icann.org/en/board-activities-and-meetings/materials/approved-board-resolutions-regular-meeting-of-the-icann-board-04-02-2018-en,yes,2012-exact-corp,no,,,,,,https://www.thedomains.com/2012/06/13/here-are-all-1930-applications-for-new-gtlds/,secondary-transcription-of-icann-reveal-table,complete-string-applicant-graph-plus-approved-string-changes,403
2012,2012-0383,,.corp,.corp,Dot Registry LLC,No,,requested,published-application,did-not-proceed,high-risk-name-collision,collision-2012,https://www.icann.org/en/board-activities-and-meetings/materials/approved-board-resolutions-regular-meeting-of-the-icann-board-04-02-2018-en,yes,2012-exact-corp,no,,,,,,https://www.thedomains.com/2012/06/13/here-are-all-1930-applications-for-new-gtlds/,secondary-transcription-of-icann-reveal-table,complete-string-applicant-graph-plus-approved-string-changes,404
2012,2012-0384,,.corp,.corp,NU DOT CO LLC,No,,requested,published-application,did-not-proceed,high-risk-name-collision,collision-2012,https://www.icann.org/en/board-activities-and-meetings/materials/approved-board-resolutions-regular-meeting-of-the-icann-board-04-02-2018-en,yes,2012-exact-corp,no,,,,,,https://www.thedomains.com/2012/06/13/here-are-all-1930-applications-for-new-gtlds/,secondary-transcription-of-icann-reveal-table,complete-string-applicant-graph-plus-approved-string-changes,405
2012,2012-0385,,.corp,.corp,"PROC Registry, LLC",No,,requested,published-application,did-not-proceed,high-risk-name-collision,collision-2012,https://www.icann.org/en/board-activities-and-meetings/materials/approved-board-resolutions-regular-meeting-of-the-icann-board-04-02-2018-en,yes,2012-exact-corp,no,,,,,,https://www.thedomains.com/2012/06/13/here-are-all-1930-applications-for-new-gtlds/,secondary-transcription-of-icann-reveal-table,complete-string-applicant-graph-plus-approved-string-changes,406
2012,2012-0386,,.corsica,.corsica,Collectivité Territoriale de Corse,No,,requested,published-application,,,,,no,,no,,,,,,https://www.thedomains.com/2012/06/13/here-are-all-1930-applications-for-new-gtlds/,secondary-transcription-of-icann-reveal-table,complete-string-applicant-graph-plus-approved-string-changes,407
2012,2012-0387,,.country,.country,Top Level Domain Holdings Limited,No,,requested,published-application,,,,,yes,2012-exact-country,no,,,,,,https://www.thedomains.com/2012/06/13/here-are-all-1930-applications-for-new-gtlds/,secondary-transcription-of-icann-reveal-table,complete-string-applicant-graph-plus-approved-string-changes,408
2012,2012-0388,,.country,.country,"Uniregistry, Corp.",No,,requested,published-application,,,,,yes,2012-exact-country,no,,,,,,https://www.thedomains.com/2012/06/13/here-are-all-1930-applications-for-new-gtlds/,secondary-transcription-of-icann-reveal-table,complete-string-applicant-graph-plus-approved-string-changes,409
2012,2012-0389,,.coupon,.coupon,Top Level Domain Holdings Limited,No,,requested,published-application,,,,,yes,2012-exact-coupon,no,,,,,,https://www.thedomains.com/2012/06/13/here-are-all-1930-applications-for-new-gtlds/,secondary-transcription-of-icann-reveal-table,complete-string-applicant-graph-plus-approved-string-changes,410
2012,2012-0390,,.coupon,.coupon,Amazon EU S.à r.l.,No,,requested,published-application,,,,,yes,2012-exact-coupon,no,,,,,,https://www.thedomains.com/2012/06/13/here-are-all-1930-applications-for-new-gtlds/,secondary-transcription-of-icann-reveal-table,complete-string-applicant-graph-plus-approved-string-changes,411
2012,2012-0391,,.coupons,.coupons,"Black Island, LLC",No,,requested,published-application,,,,,yes,2012-exact-coupons,no,,,,,,https://www.thedomains.com/2012/06/13/here-are-all-1930-applications-for-new-gtlds/,secondary-transcription-of-icann-reveal-table,complete-string-applicant-graph-plus-approved-string-changes,412
2012,2012-0392,,.coupons,.coupons,Coupons.com Incorporated,No,,requested,published-application,,,,,yes,2012-exact-coupons,no,,,,,,https://www.thedomains.com/2012/06/13/here-are-all-1930-applications-for-new-gtlds/,secondary-transcription-of-icann-reveal-table,complete-string-applicant-graph-plus-approved-string-changes,413
2012,2012-0393,,.courses,.courses,OPEN UNIVERSITIES AUSTRALIA PTY LTD,No,,requested,published-application,,,,,no,,no,,,,,,https://www.thedomains.com/2012/06/13/here-are-all-1930-applications-for-new-gtlds/,secondary-transcription-of-icann-reveal-table,complete-string-applicant-graph-plus-approved-string-changes,414
2012,2012-0394,,.cpa,.cpa,American Institute of Certified Public Accountants,No,,requested,published-application,,,,,yes,2012-exact-cpa,no,,,,,,https://www.thedomains.com/2012/06/13/here-are-all-1930-applications-for-new-gtlds/,secondary-transcription-of-icann-reveal-table,complete-string-applicant-graph-plus-approved-string-changes,415
2012,2012-0395,,.cpa,.cpa,Trixy Canyon,No,,requested,published-application,,,,,yes,2012-exact-cpa,no,,,,,,https://www.thedomains.com/2012/06/13/here-are-all-1930-applications-for-new-gtlds/,secondary-transcription-of-icann-reveal-table,complete-string-applicant-graph-plus-approved-string-changes,416
2012,2012-0396,,.cpa,.cpa,American Institute of Certified Public Accountants,No,,requested,published-application,,,,,yes,2012-exact-cpa,no,,,,,,https://www.thedomains.com/2012/06/13/here-are-all-1930-applications-for-new-gtlds/,secondary-transcription-of-icann-reveal-table,complete-string-applicant-graph-plus-approved-string-changes,417
2012,2012-0397,,.cpa,.cpa,Top Level Domain Holdings Limited,No,,requested,published-application,,,,,yes,2012-exact-cpa,no,,,,,,https://www.thedomains.com/2012/06/13/here-are-all-1930-applications-for-new-gtlds/,secondary-transcription-of-icann-reveal-table,complete-string-applicant-graph-plus-approved-string-changes,418
2012,2012-0398,,.cpa,.cpa,CPA AUSTRALIA LTD,No,,requested,published-application,,,,,yes,2012-exact-cpa,no,,,,,,https://www.thedomains.com/2012/06/13/here-are-all-1930-applications-for-new-gtlds/,secondary-transcription-of-icann-reveal-table,complete-string-applicant-graph-plus-approved-string-changes,419
2012,2012-0399,,.cpa,.cpa,Charleston Road Registry Inc.,No,,requested,published-application,,,,,yes,2012-exact-cpa,no,,,,,,https://www.thedomains.com/2012/06/13/here-are-all-1930-applications-for-new-gtlds/,secondary-transcription-of-icann-reveal-table,complete-string-applicant-graph-plus-approved-string-changes,420
2012,2012-0400,,.credit,.credit,"Snow Shadow, LLC",No,,requested,published-application,,,,,no,,no,,,,,,https://www.thedomains.com/2012/06/13/here-are-all-1930-applications-for-new-gtlds/,secondary-transcription-of-icann-reveal-table,complete-string-applicant-graph-plus-approved-string-changes,421
2012,2012-0401,,.creditcard,.creditcard,"Binky Frostbite, LLC",No,,requested,published-application,,,,,no,,no,,,,,,https://www.thedomains.com/2012/06/13/here-are-all-1930-applications-for-new-gtlds/,secondary-transcription-of-icann-reveal-table,complete-string-applicant-graph-plus-approved-string-changes,422
2012,2012-0402,,.creditunion,.creditunion,"CUNA Performance Resources, LLC",No,,requested,published-application,,,,,no,,no,,,,,,https://www.thedomains.com/2012/06/13/here-are-all-1930-applications-for-new-gtlds/,secondary-transcription-of-icann-reveal-table,complete-string-applicant-graph-plus-approved-string-changes,423
2012,2012-0403,,.cricket,.cricket,Little Cover. LLC,No,,requested,published-application,,,,,yes,2012-exact-cricket,no,,,,,,https://www.thedomains.com/2012/06/13/here-are-all-1930-applications-for-new-gtlds/,secondary-transcription-of-icann-reveal-table,complete-string-applicant-graph-plus-approved-string-changes,424
2012,2012-0404,,.cricket,.cricket,dot Cricket Limited,No,,requested,published-application,,,,,yes,2012-exact-cricket,no,,,,,,https://www.thedomains.com/2012/06/13/here-are-all-1930-applications-for-new-gtlds/,secondary-transcription-of-icann-reveal-table,complete-string-applicant-graph-plus-approved-string-changes,425
2012,2012-0405,,.cricket,.cricket,Top Level Domain Holdings Limited,No,,requested,published-application,,,,,yes,2012-exact-cricket,no,,,,,,https://www.thedomains.com/2012/06/13/here-are-all-1930-applications-for-new-gtlds/,secondary-transcription-of-icann-reveal-table,complete-string-applicant-graph-plus-approved-string-changes,426
2012,2012-0406,,.crown,.crown,Crown Equipment Corporation,No,,requested,published-application,,,,,no,,no,,,,,,https://www.thedomains.com/2012/06/13/here-are-all-1930-applications-for-new-gtlds/,secondary-transcription-of-icann-reveal-table,complete-string-applicant-graph-plus-approved-string-changes,427
2012,2012-0407,,.crs,.crs,Federated Co operatives Limited,No,,requested,published-application,,,,,no,,no,,,,,,https://www.thedomains.com/2012/06/13/here-are-all-1930-applications-for-new-gtlds/,secondary-transcription-of-icann-reveal-table,complete-string-applicant-graph-plus-approved-string-changes,428
2012,2012-0408,,.cruise,.cruise,Cruise Lines International Association Inc.,No,,requested,published-application,,,,,yes,2012-exact-cruise,no,,,,,,https://www.thedomains.com/2012/06/13/here-are-all-1930-applications-for-new-gtlds/,secondary-transcription-of-icann-reveal-table,complete-string-applicant-graph-plus-approved-string-changes,429
2012,2012-0409,,.cruise,.cruise,Viking River Cruises (Bermuda) Ltd.,No,,requested,published-application,,,,,yes,2012-exact-cruise,no,,,,,,https://www.thedomains.com/2012/06/13/here-are-all-1930-applications-for-new-gtlds/,secondary-transcription-of-icann-reveal-table,complete-string-applicant-graph-plus-approved-string-changes,430
2012,2012-0410,,.cruises,.cruises,"Spring Way, LLC",No,,requested,published-application,,,,,no,,no,,,,,,https://www.thedomains.com/2012/06/13/here-are-all-1930-applications-for-new-gtlds/,secondary-transcription-of-icann-reveal-table,complete-string-applicant-graph-plus-approved-string-changes,431
2012,2012-0411,,.csc,.csc,"Alliance-One Services, Inc.",No,,requested,published-application,,,,,no,,no,,,,,,https://www.thedomains.com/2012/06/13/here-are-all-1930-applications-for-new-gtlds/,secondary-transcription-of-icann-reveal-table,complete-string-applicant-graph-plus-approved-string-changes,432
2012,2012-0412,,.cuisinella,.cuisinella,SALM S.A.S.,No,,requested,published-application,,,,,no,,no,,,,,,https://www.thedomains.com/2012/06/13/here-are-all-1930-applications-for-new-gtlds/,secondary-transcription-of-icann-reveal-table,complete-string-applicant-graph-plus-approved-string-changes,433
2012,2012-0413,,.cymru,.cymru,Nominet UK,No,,requested,published-application,,,,,no,,no,,,,,,https://www.thedomains.com/2012/06/13/here-are-all-1930-applications-for-new-gtlds/,secondary-transcription-of-icann-reveal-table,complete-string-applicant-graph-plus-approved-string-changes,434
2012,2012-0414,,.cyou,.cyou,"Beijing Gamease Age Digital Technology Co., Ltd.",No,,requested,published-application,,,,,no,,no,,,,,,https://www.thedomains.com/2012/06/13/here-are-all-1930-applications-for-new-gtlds/,secondary-transcription-of-icann-reveal-table,complete-string-applicant-graph-plus-approved-string-changes,435
2012,2012-0415,,.dabur,.dabur,Dabur India Limited,No,,requested,published-application,,,,,no,,no,,,,,,https://www.thedomains.com/2012/06/13/here-are-all-1930-applications-for-new-gtlds/,secondary-transcription-of-icann-reveal-table,complete-string-applicant-graph-plus-approved-string-changes,436
2012,2012-0416,,.dad,.dad,Charleston Road Registry Inc.,No,,requested,published-application,,,,,no,,no,,,,,,https://www.thedomains.com/2012/06/13/here-are-all-1930-applications-for-new-gtlds/,secondary-transcription-of-icann-reveal-table,complete-string-applicant-graph-plus-approved-string-changes,437
2012,2012-0417,,.dance,.dance,United TLD Holdco Ltd.,No,,requested,published-application,,,,,no,,no,,,,,,https://www.thedomains.com/2012/06/13/here-are-all-1930-applications-for-new-gtlds/,secondary-transcription-of-icann-reveal-table,complete-string-applicant-graph-plus-approved-string-changes,438
2012,2012-0418,,.data,.data,Dish DBS Corporation,No,,requested,published-application,,,,,yes,2012-exact-data,no,,,,,,https://www.thedomains.com/2012/06/13/here-are-all-1930-applications-for-new-gtlds/,secondary-transcription-of-icann-reveal-table,complete-string-applicant-graph-plus-approved-string-changes,439
2012,2012-0419,,.data,.data,"Romeo Birch, LLC",No,,requested,published-application,,,,,yes,2012-exact-data,no,,,,,,https://www.thedomains.com/2012/06/13/here-are-all-1930-applications-for-new-gtlds/,secondary-transcription-of-icann-reveal-table,complete-string-applicant-graph-plus-approved-string-changes,440
2012,2012-0420,,.data,.data,Top Level Domain Holdings Limited,No,,requested,published-application,,,,,yes,2012-exact-data,no,,,,,,https://www.thedomains.com/2012/06/13/here-are-all-1930-applications-for-new-gtlds/,secondary-transcription-of-icann-reveal-table,complete-string-applicant-graph-plus-approved-string-changes,441
2012,2012-0421,,.date,.date,dot Date Limited,No,,requested,published-application,,,,,no,,no,,,,,,https://www.thedomains.com/2012/06/13/here-are-all-1930-applications-for-new-gtlds/,secondary-transcription-of-icann-reveal-table,complete-string-applicant-graph-plus-approved-string-changes,442
2012,2012-0422,,.dating,.dating,"Pine Fest, LLC",No,,requested,published-application,,,,,no,,no,,,,,,https://www.thedomains.com/2012/06/13/here-are-all-1930-applications-for-new-gtlds/,secondary-transcription-of-icann-reveal-table,complete-string-applicant-graph-plus-approved-string-changes,443
2012,2012-0423,,.datsun,.datsun,"NISSAN MOTOR CO., LTD.",No,,requested,published-application,,,,,no,,no,,,,,,https://www.thedomains.com/2012/06/13/here-are-all-1930-applications-for-new-gtlds/,secondary-transcription-of-icann-reveal-table,complete-string-applicant-graph-plus-approved-string-changes,444
2012,2012-0424,,.day,.day,Charleston Road Registry Inc.,No,,requested,published-application,,,,,no,,no,,,,,,https://www.thedomains.com/2012/06/13/here-are-all-1930-applications-for-new-gtlds/,secondary-transcription-of-icann-reveal-table,complete-string-applicant-graph-plus-approved-string-changes,445
2012,2012-0425,,.dclk,.dclk,Charleston Road Registry Inc.,No,,requested,published-application,,,,,no,,no,,,,,,https://www.thedomains.com/2012/06/13/here-are-all-1930-applications-for-new-gtlds/,secondary-transcription-of-icann-reveal-table,complete-string-applicant-graph-plus-approved-string-changes,446
2012,2012-0426,,.dds,.dds,Top Level Domain Holdings Limited,No,,requested,published-application,,,,,yes,2012-exact-dds,no,,,,,,https://www.thedomains.com/2012/06/13/here-are-all-1930-applications-for-new-gtlds/,secondary-transcription-of-icann-reveal-table,complete-string-applicant-graph-plus-approved-string-changes,447
2012,2012-0427,,.dds,.dds,Charleston Road Registry Inc.,No,,requested,published-application,,,,,yes,2012-exact-dds,no,,,,,,https://www.thedomains.com/2012/06/13/here-are-all-1930-applications-for-new-gtlds/,secondary-transcription-of-icann-reveal-table,complete-string-applicant-graph-plus-approved-string-changes,448
2012,2012-0428,,.deal,.deal,"Uniregistry, Corp.",No,,requested,published-application,,,,,yes,2012-exact-deal,no,,,,,,https://www.thedomains.com/2012/06/13/here-are-all-1930-applications-for-new-gtlds/,secondary-transcription-of-icann-reveal-table,complete-string-applicant-graph-plus-approved-string-changes,449
2012,2012-0429,,.deal,.deal,Amazon EU S.à r.l.,No,,requested,published-application,,,,,yes,2012-exact-deal,no,,,,,,https://www.thedomains.com/2012/06/13/here-are-all-1930-applications-for-new-gtlds/,secondary-transcription-of-icann-reveal-table,complete-string-applicant-graph-plus-approved-string-changes,450
2012,2012-0430,,.dealer,.dealer,"Dealer Dot Com, Inc.",No,,requested,published-application,,,,,no,,no,,,,,,https://www.thedomains.com/2012/06/13/here-are-all-1930-applications-for-new-gtlds/,secondary-transcription-of-icann-reveal-table,complete-string-applicant-graph-plus-approved-string-changes,451
2012,2012-0431,,.deals,.deals,DotDeals Inc.,No,,requested,published-application,,,,,yes,2012-exact-deals,no,,,,,,https://www.thedomains.com/2012/06/13/here-are-all-1930-applications-for-new-gtlds/,secondary-transcription-of-icann-reveal-table,complete-string-applicant-graph-plus-approved-string-changes,452
2012,2012-0432,,.deals,.deals,"Sand Sunset, LLC",No,,requested,published-application,,,,,yes,2012-exact-deals,no,,,,,,https://www.thedomains.com/2012/06/13/here-are-all-1930-applications-for-new-gtlds/,secondary-transcription-of-icann-reveal-table,complete-string-applicant-graph-plus-approved-string-changes,453
2012,2012-0433,,.deals,.deals,Top Level Domain Holdings Limited,No,,requested,published-application,,,,,yes,2012-exact-deals,no,,,,,,https://www.thedomains.com/2012/06/13/here-are-all-1930-applications-for-new-gtlds/,secondary-transcription-of-icann-reveal-table,complete-string-applicant-graph-plus-approved-string-changes,454
2012,2012-0434,,.degree,.degree,"Puff House, LLC",No,,requested,published-application,,,,,no,,no,,,,,,https://www.thedomains.com/2012/06/13/here-are-all-1930-applications-for-new-gtlds/,secondary-transcription-of-icann-reveal-table,complete-string-applicant-graph-plus-approved-string-changes,455
2012,2012-0435,,.delivery,.delivery,dot Delivery Limited,No,,requested,published-application,,,,,yes,2012-exact-delivery,no,,,,,,https://www.thedomains.com/2012/06/13/here-are-all-1930-applications-for-new-gtlds/,secondary-transcription-of-icann-reveal-table,complete-string-applicant-graph-plus-approved-string-changes,456
2012,2012-0436,,.delivery,.delivery,"Steel Station, LLC",No,,requested,published-application,,,,,yes,2012-exact-delivery,no,,,,,,https://www.thedomains.com/2012/06/13/here-are-all-1930-applications-for-new-gtlds/,secondary-transcription-of-icann-reveal-table,complete-string-applicant-graph-plus-approved-string-changes,457
2012,2012-0437,,.dell,.dell,Dell Inc.,No,,requested,published-application,,,,,no,,no,,,,,,https://www.thedomains.com/2012/06/13/here-are-all-1930-applications-for-new-gtlds/,secondary-transcription-of-icann-reveal-table,complete-string-applicant-graph-plus-approved-string-changes,458
2012,2012-0438,,.delmonte,.delmonte,Del Monte International GmbH,No,,requested,published-application,,,,,no,,no,,,,,,https://www.thedomains.com/2012/06/13/here-are-all-1930-applications-for-new-gtlds/,secondary-transcription-of-icann-reveal-table,complete-string-applicant-graph-plus-approved-string-changes,459
2012,2012-0439,,.deloitte,.deloitte,Deloitte Touche Tohmatsu,No,,requested,published-application,,,,,no,,no,,,,,,https://www.thedomains.com/2012/06/13/here-are-all-1930-applications-for-new-gtlds/,secondary-transcription-of-icann-reveal-table,complete-string-applicant-graph-plus-approved-string-changes,460
2012,2012-0440,,.delta,.delta,"Delta Air Lines, Inc.",No,,requested,published-application,,,,,no,,no,,,,,,https://www.thedomains.com/2012/06/13/here-are-all-1930-applications-for-new-gtlds/,secondary-transcription-of-icann-reveal-table,complete-string-applicant-graph-plus-approved-string-changes,461
2012,2012-0441,,.democrat,.democrat,United TLD Holdco Ltd.,No,,requested,published-application,,,,,no,,no,,,,,,https://www.thedomains.com/2012/06/13/here-are-all-1930-applications-for-new-gtlds/,secondary-transcription-of-icann-reveal-table,complete-string-applicant-graph-plus-approved-string-changes,462
2012,2012-0442,,.dental,.dental,"Tin Birch, LLC",No,,requested,published-application,,,,,no,,no,,,,,,https://www.thedomains.com/2012/06/13/here-are-all-1930-applications-for-new-gtlds/,secondary-transcription-of-icann-reveal-table,complete-string-applicant-graph-plus-approved-string-changes,463
2012,2012-0443,,.dentist,.dentist,"Outer Lake, LLC",No,,requested,published-application,,,,,no,,no,,,,,,https://www.thedomains.com/2012/06/13/here-are-all-1930-applications-for-new-gtlds/,secondary-transcription-of-icann-reveal-table,complete-string-applicant-graph-plus-approved-string-changes,464
2012,2012-0444,,.desi,.desi,"Afilias Domains No. 4 Limited,",No,,requested,published-application,,,,,yes,2012-exact-desi,no,,,,,,https://www.thedomains.com/2012/06/13/here-are-all-1930-applications-for-new-gtlds/,secondary-transcription-of-icann-reveal-table,complete-string-applicant-graph-plus-approved-string-changes,465
2012,2012-0445,,.desi,.desi,Desi Networks LLC,No,,requested,published-application,,,,,yes,2012-exact-desi,no,,,,,,https://www.thedomains.com/2012/06/13/here-are-all-1930-applications-for-new-gtlds/,secondary-transcription-of-icann-reveal-table,complete-string-applicant-graph-plus-approved-string-changes,466
2012,2012-0446,,.design,.design,BET Inc.,No,,requested,published-application,,,,,yes,2012-exact-design,no,,,,,,https://www.thedomains.com/2012/06/13/here-are-all-1930-applications-for-new-gtlds/,secondary-transcription-of-icann-reveal-table,complete-string-applicant-graph-plus-approved-string-changes,467
2012,2012-0447,,.design,.design,Design Trend Registry Inc.,No,,requested,published-application,,,,,yes,2012-exact-design,no,,,,,,https://www.thedomains.com/2012/06/13/here-are-all-1930-applications-for-new-gtlds/,secondary-transcription-of-icann-reveal-table,complete-string-applicant-graph-plus-approved-string-changes,468
2012,2012-0448,,.design,.design,STARTING DOT,No,,requested,published-application,,,,,yes,2012-exact-design,no,,,,,,https://www.thedomains.com/2012/06/13/here-are-all-1930-applications-for-new-gtlds/,secondary-transcription-of-icann-reveal-table,complete-string-applicant-graph-plus-approved-string-changes,469
2012,2012-0449,,.design,.design,"Top Level Design, LLC",No,,requested,published-application,,,,,yes,2012-exact-design,no,,,,,,https://www.thedomains.com/2012/06/13/here-are-all-1930-applications-for-new-gtlds/,secondary-transcription-of-icann-reveal-table,complete-string-applicant-graph-plus-approved-string-changes,470
2012,2012-0450,,.design,.design,NU DOT CO LLC,No,,requested,published-application,,,,,yes,2012-exact-design,no,,,,,,https://www.thedomains.com/2012/06/13/here-are-all-1930-applications-for-new-gtlds/,secondary-transcription-of-icann-reveal-table,complete-string-applicant-graph-plus-approved-string-changes,471
2012,2012-0451,,.design,.design,Top Level Domain Holdings Limited,No,,requested,published-application,,,,,yes,2012-exact-design,no,,,,,,https://www.thedomains.com/2012/06/13/here-are-all-1930-applications-for-new-gtlds/,secondary-transcription-of-icann-reveal-table,complete-string-applicant-graph-plus-approved-string-changes,472
2012,2012-0452,,.design,.design,"Black Avenue, LLC",No,,requested,published-application,,,,,yes,2012-exact-design,no,,,,,,https://www.thedomains.com/2012/06/13/here-are-all-1930-applications-for-new-gtlds/,secondary-transcription-of-icann-reveal-table,complete-string-applicant-graph-plus-approved-string-changes,473
2012,2012-0453,,.design,.design,"Uniregistry, Corp.",No,,requested,published-application,,,,,yes,2012-exact-design,no,,,,,,https://www.thedomains.com/2012/06/13/here-are-all-1930-applications-for-new-gtlds/,secondary-transcription-of-icann-reveal-table,complete-string-applicant-graph-plus-approved-string-changes,474
2012,2012-0454,,.deutschepost,.deutschepost,Deutsche Post AG,No,,requested,published-application,,,,,no,,no,,,,,,https://www.thedomains.com/2012/06/13/here-are-all-1930-applications-for-new-gtlds/,secondary-transcription-of-icann-reveal-table,complete-string-applicant-graph-plus-approved-string-changes,475
2012,2012-0455,,.dev,.dev,Amazon EU S.à r.l.,No,,requested,published-application,,,,,yes,2012-exact-dev,no,,,,,,https://www.thedomains.com/2012/06/13/here-are-all-1930-applications-for-new-gtlds/,secondary-transcription-of-icann-reveal-table,complete-string-applicant-graph-plus-approved-string-changes,476
2012,2012-0456,,.dev,.dev,Charleston Road Registry Inc.,No,,requested,published-application,,,,,yes,2012-exact-dev,no,,,,,,https://www.thedomains.com/2012/06/13/here-are-all-1930-applications-for-new-gtlds/,secondary-transcription-of-icann-reveal-table,complete-string-applicant-graph-plus-approved-string-changes,477
2012,2012-0457,,.dhl,.dhl,Deutsche Post AG,No,,requested,published-application,,,,,no,,no,,,,,,https://www.thedomains.com/2012/06/13/here-are-all-1930-applications-for-new-gtlds/,secondary-transcription-of-icann-reveal-table,complete-string-applicant-graph-plus-approved-string-changes,478
2012,2012-0458,,.diamonds,.diamonds,"John Edge, LLC",No,,requested,published-application,,,,,no,,no,,,,,,https://www.thedomains.com/2012/06/13/here-are-all-1930-applications-for-new-gtlds/,secondary-transcription-of-icann-reveal-table,complete-string-applicant-graph-plus-approved-string-changes,479
2012,2012-0459,,.diet,.diet,"Uniregistry, Corp.",No,,requested,published-application,,,,,yes,2012-exact-diet,no,,,,,,https://www.thedomains.com/2012/06/13/here-are-all-1930-applications-for-new-gtlds/,secondary-transcription-of-icann-reveal-table,complete-string-applicant-graph-plus-approved-string-changes,480
2012,2012-0460,,.diet,.diet,dot Diet Limited,No,,requested,published-application,,,,,yes,2012-exact-diet,no,,,,,,https://www.thedomains.com/2012/06/13/here-are-all-1930-applications-for-new-gtlds/,secondary-transcription-of-icann-reveal-table,complete-string-applicant-graph-plus-approved-string-changes,481
2012,2012-0461,,.diet,.diet,"Pioneer Hill, LLC",No,,requested,published-application,,,,,yes,2012-exact-diet,no,,,,,,https://www.thedomains.com/2012/06/13/here-are-all-1930-applications-for-new-gtlds/,secondary-transcription-of-icann-reveal-table,complete-string-applicant-graph-plus-approved-string-changes,482
2012,2012-0462,,.digikey,.digikey,Digi-Key Corporation,No,,requested,published-application,,,,,no,,no,,,,,,https://www.thedomains.com/2012/06/13/here-are-all-1930-applications-for-new-gtlds/,secondary-transcription-of-icann-reveal-table,complete-string-applicant-graph-plus-approved-string-changes,483
2012,2012-0463,,.digital,.digital,"Dash Park, LLC",No,,requested,published-application,,,,,no,,no,,,,,,https://www.thedomains.com/2012/06/13/here-are-all-1930-applications-for-new-gtlds/,secondary-transcription-of-icann-reveal-table,complete-string-applicant-graph-plus-approved-string-changes,484
2012,2012-0464,,.direct,.direct,"Half Trail, LLC",No,,requested,published-application,,,,,yes,2012-exact-direct,no,,,,,,https://www.thedomains.com/2012/06/13/here-are-all-1930-applications-for-new-gtlds/,secondary-transcription-of-icann-reveal-table,complete-string-applicant-graph-plus-approved-string-changes,485
2012,2012-0465,,.direct,.direct,Dish DBS Corporation,No,,requested,published-application,,,,,yes,2012-exact-direct,no,,,,,,https://www.thedomains.com/2012/06/13/here-are-all-1930-applications-for-new-gtlds/,secondary-transcription-of-icann-reveal-table,complete-string-applicant-graph-plus-approved-string-changes,486
2012,2012-0466,,.directory,.directory,"Extra Madison, LLC",No,,requested,published-application,,,,,no,,no,,,,,,https://www.thedomains.com/2012/06/13/here-are-all-1930-applications-for-new-gtlds/,secondary-transcription-of-icann-reveal-table,complete-string-applicant-graph-plus-approved-string-changes,487
2012,2012-0467,,.discount,.discount,"Dot Discount, LLC",No,,requested,published-application,,,,,yes,2012-exact-discount,no,,,,,,https://www.thedomains.com/2012/06/13/here-are-all-1930-applications-for-new-gtlds/,secondary-transcription-of-icann-reveal-table,complete-string-applicant-graph-plus-approved-string-changes,488
2012,2012-0468,,.discount,.discount,"Holly Hill, LLC",No,,requested,published-application,,,,,yes,2012-exact-discount,no,,,,,,https://www.thedomains.com/2012/06/13/here-are-all-1930-applications-for-new-gtlds/,secondary-transcription-of-icann-reveal-table,complete-string-applicant-graph-plus-approved-string-changes,489
2012,2012-0469,,.discover,.discover,Discover Financial Services,No,,requested,published-application,,,,,no,,no,,,,,,https://www.thedomains.com/2012/06/13/here-are-all-1930-applications-for-new-gtlds/,secondary-transcription-of-icann-reveal-table,complete-string-applicant-graph-plus-approved-string-changes,490
2012,2012-0470,,.dish,.dish,Dish DBS Corporation,No,,requested,published-application,,,,,no,,no,,,,,,https://www.thedomains.com/2012/06/13/here-are-all-1930-applications-for-new-gtlds/,secondary-transcription-of-icann-reveal-table,complete-string-applicant-graph-plus-approved-string-changes,491
2012,2012-0471,,.diy,.diy,Charleston Road Registry Inc.,No,,requested,published-application,,,,,yes,2012-exact-diy,no,,,,,,https://www.thedomains.com/2012/06/13/here-are-all-1930-applications-for-new-gtlds/,secondary-transcription-of-icann-reveal-table,complete-string-applicant-graph-plus-approved-string-changes,492
2012,2012-0472,,.diy,.diy,"Lifestyle Domain Holdings, Inc.",No,,requested,published-application,,,,,yes,2012-exact-diy,no,,,,,,https://www.thedomains.com/2012/06/13/here-are-all-1930-applications-for-new-gtlds/,secondary-transcription-of-icann-reveal-table,complete-string-applicant-graph-plus-approved-string-changes,493
2012,2012-0473,,.dnb,.dnb,The Dun & Bradstreet Corporation,No,,requested,published-application,,,,,no,,no,,,,,,https://www.thedomains.com/2012/06/13/here-are-all-1930-applications-for-new-gtlds/,secondary-transcription-of-icann-reveal-table,complete-string-applicant-graph-plus-approved-string-changes,494
2012,2012-0474,,.dnp,.dnp,"Dai Nippon Printing Co., Ltd.",No,,requested,published-application,,,,,no,,no,,,,,,https://www.thedomains.com/2012/06/13/here-are-all-1930-applications-for-new-gtlds/,secondary-transcription-of-icann-reveal-table,complete-string-applicant-graph-plus-approved-string-changes,495
2012,2012-0475,,.docomo,.docomo,"NTT DOCOMO, INC.",No,,requested,published-application,,,,,no,,no,,,,,,https://www.thedomains.com/2012/06/13/here-are-all-1930-applications-for-new-gtlds/,secondary-transcription-of-icann-reveal-table,complete-string-applicant-graph-plus-approved-string-changes,496
2012,2012-0476,,.docs,.docs,Charleston Road Registry Inc.,No,,requested,published-application,,,,,yes,2012-exact-docs,no,,,,,,https://www.thedomains.com/2012/06/13/here-are-all-1930-applications-for-new-gtlds/,secondary-transcription-of-icann-reveal-table,complete-string-applicant-graph-plus-approved-string-changes,497
2012,2012-0477,,.docs,.docs,Microsoft Corporation,No,,requested,published-application,,,,,yes,2012-exact-docs,no,,,,,,https://www.thedomains.com/2012/06/13/here-are-all-1930-applications-for-new-gtlds/,secondary-transcription-of-icann-reveal-table,complete-string-applicant-graph-plus-approved-string-changes,498
2012,2012-0478,,.doctor,.doctor,"Brice Trail, LLC",No,,requested,published-application,,,,,yes,2012-exact-doctor,no,,,,,,https://www.thedomains.com/2012/06/13/here-are-all-1930-applications-for-new-gtlds/,secondary-transcription-of-icann-reveal-table,complete-string-applicant-graph-plus-approved-string-changes,499
2012,2012-0479,,.doctor,.doctor,The Medical Registry Limited,No,,requested,published-application,,,,,yes,2012-exact-doctor,no,,,,,,https://www.thedomains.com/2012/06/13/here-are-all-1930-applications-for-new-gtlds/,secondary-transcription-of-icann-reveal-table,complete-string-applicant-graph-plus-approved-string-changes,500
2012,2012-0480,,.doctor,.doctor,DotMedico TLD Inc.,No,,requested,published-application,,,,,yes,2012-exact-doctor,no,,,,,,https://www.thedomains.com/2012/06/13/here-are-all-1930-applications-for-new-gtlds/,secondary-transcription-of-icann-reveal-table,complete-string-applicant-graph-plus-approved-string-changes,501
2012,2012-0481,,.dodge,.dodge,Chrysler Group LLC.,No,,requested,published-application,,,,,no,,no,,,,,,https://www.thedomains.com/2012/06/13/here-are-all-1930-applications-for-new-gtlds/,secondary-transcription-of-icann-reveal-table,complete-string-applicant-graph-plus-approved-string-changes,502
2012,2012-0482,,.dog,.dog,"Koko Mill, LLC",No,,requested,published-application,,,,,yes,2012-exact-dog,no,,,,,,https://www.thedomains.com/2012/06/13/here-are-all-1930-applications-for-new-gtlds/,secondary-transcription-of-icann-reveal-table,complete-string-applicant-graph-plus-approved-string-changes,503
2012,2012-0483,,.dog,.dog,Charleston Road Registry Inc.,No,,requested,published-application,,,,,yes,2012-exact-dog,no,,,,,,https://www.thedomains.com/2012/06/13/here-are-all-1930-applications-for-new-gtlds/,secondary-transcription-of-icann-reveal-table,complete-string-applicant-graph-plus-approved-string-changes,504
2012,2012-0484,,.dog,.dog,Top Level Domain Holdings Limited,No,,requested,published-application,,,,,yes,2012-exact-dog,no,,,,,,https://www.thedomains.com/2012/06/13/here-are-all-1930-applications-for-new-gtlds/,secondary-transcription-of-icann-reveal-table,complete-string-applicant-graph-plus-approved-string-changes,505
2012,2012-0485,,.doha,.doha,The Supreme Council of Information and Communication Technology “ictQATAR”,No,,requested,published-application,,,,,no,,no,,,,,,https://www.thedomains.com/2012/06/13/here-are-all-1930-applications-for-new-gtlds/,secondary-transcription-of-icann-reveal-table,complete-string-applicant-graph-plus-approved-string-changes,506
2012,2012-0486,,.domains,.domains,"Sugar Cross, LLC",No,,requested,published-application,,,,,no,,no,,,,,,https://www.thedomains.com/2012/06/13/here-are-all-1930-applications-for-new-gtlds/,secondary-transcription-of-icann-reveal-table,complete-string-applicant-graph-plus-approved-string-changes,507
2012,2012-0487,,.doosan,.doosan,Doosan Corporation,No,,requested,published-application,,,,,no,,no,,,,,,https://www.thedomains.com/2012/06/13/here-are-all-1930-applications-for-new-gtlds/,secondary-transcription-of-icann-reveal-table,complete-string-applicant-graph-plus-approved-string-changes,508
2012,2012-0488,,.dot,.dot,Charleston Road Registry Inc.,No,,requested,published-application,,,,,yes,2012-exact-dot,no,,,,,,https://www.thedomains.com/2012/06/13/here-are-all-1930-applications-for-new-gtlds/,secondary-transcription-of-icann-reveal-table,complete-string-applicant-graph-plus-approved-string-changes,509
2012,2012-0489,,.dot,.dot,Dish DBS Corporation,No,,requested,published-application,,,,,yes,2012-exact-dot,no,,,,,,https://www.thedomains.com/2012/06/13/here-are-all-1930-applications-for-new-gtlds/,secondary-transcription-of-icann-reveal-table,complete-string-applicant-graph-plus-approved-string-changes,510
2012,2012-0490,1-1165-42560,.dotafrica,.dotafrica,DotConnectAfrica Trust,No,,requested,published-application,,,,,no,,no,,.africa,.africa,approved spelling correction: .DotAfrica → .Africa,https://itp.cdn.icann.org/en/files/board-committee-meetings/briefing-materials/briefing-materials-4-18may13-en.pdf,https://www.thedomains.com/2012/06/13/here-are-all-1930-applications-for-new-gtlds/,secondary-transcription-of-icann-reveal-table,complete-string-applicant-graph-plus-approved-string-changes,511
2012,2012-0491,,.download,.download,dot Support Limited,No,,requested,published-application,,,,,no,,no,,,,,,https://www.thedomains.com/2012/06/13/here-are-all-1930-applications-for-new-gtlds/,secondary-transcription-of-icann-reveal-table,complete-string-applicant-graph-plus-approved-string-changes,512
2012,2012-0492,,.drive,.drive,Charleston Road Registry Inc.,No,,requested,published-application,,,,,yes,2012-exact-drive,no,,,,,,https://www.thedomains.com/2012/06/13/here-are-all-1930-applications-for-new-gtlds/,secondary-transcription-of-icann-reveal-table,complete-string-applicant-graph-plus-approved-string-changes,513
2012,2012-0493,,.drive,.drive,Amazon EU S.à r.l.,No,,requested,published-application,,,,,yes,2012-exact-drive,no,,,,,,https://www.thedomains.com/2012/06/13/here-are-all-1930-applications-for-new-gtlds/,secondary-transcription-of-icann-reveal-table,complete-string-applicant-graph-plus-approved-string-changes,514
2012,2012-0494,,.dstv,.dstv,MultiChoice Africa (Proprietary) Limited,No,,requested,published-application,,,,,no,,no,,,,,,https://www.thedomains.com/2012/06/13/here-are-all-1930-applications-for-new-gtlds/,secondary-transcription-of-icann-reveal-table,complete-string-applicant-graph-plus-approved-string-changes,515
2012,2012-0495,,.dtv,.dtv,Dish DBS Corporation,No,,requested,published-application,,,,,no,,no,,,,,,https://www.thedomains.com/2012/06/13/here-are-all-1930-applications-for-new-gtlds/,secondary-transcription-of-icann-reveal-table,complete-string-applicant-graph-plus-approved-string-changes,516
2012,2012-0496,,.dubai,.dubai,Dubai eGovernment Department,No,,requested,published-application,,,,,no,,no,,,,,,https://www.thedomains.com/2012/06/13/here-are-all-1930-applications-for-new-gtlds/,secondary-transcription-of-icann-reveal-table,complete-string-applicant-graph-plus-approved-string-changes,517
2012,2012-0497,,.duck,.duck,"Johnson Shareholdings, Inc.",No,,requested,published-application,,,,,no,,no,,,,,,https://www.thedomains.com/2012/06/13/here-are-all-1930-applications-for-new-gtlds/,secondary-transcription-of-icann-reveal-table,complete-string-applicant-graph-plus-approved-string-changes,518
2012,2012-0498,,.dunlop,.dunlop,The Goodyear Tire & Rubber Company,No,,requested,published-application,,,,,no,,no,,,,,,https://www.thedomains.com/2012/06/13/here-are-all-1930-applications-for-new-gtlds/,secondary-transcription-of-icann-reveal-table,complete-string-applicant-graph-plus-approved-string-changes,519
2012,2012-0499,,.duns,.duns,The Dun & Bradstreet Corporation,No,,requested,published-application,,,,,no,,no,,,,,,https://www.thedomains.com/2012/06/13/here-are-all-1930-applications-for-new-gtlds/,secondary-transcription-of-icann-reveal-table,complete-string-applicant-graph-plus-approved-string-changes,520
2012,2012-0500,,.dupont,.dupont,E.I. du Pont de Nemours and Company,No,,requested,published-application,,,,,no,,no,,,,,,https://www.thedomains.com/2012/06/13/here-are-all-1930-applications-for-new-gtlds/,secondary-transcription-of-icann-reveal-table,complete-string-applicant-graph-plus-approved-string-changes,521
2012,2012-0501,,.durban,.durban,UniForum SA (NPC) trading as ZA Central Registry,No,,requested,published-application,,,,,no,,no,,,,,,https://www.thedomains.com/2012/06/13/here-are-all-1930-applications-for-new-gtlds/,secondary-transcription-of-icann-reveal-table,complete-string-applicant-graph-plus-approved-string-changes,522
2012,2012-0502,,.dvag,.dvag,Deutsche Vermögensberatung Aktiengesellschaft DVAG,No,,requested,published-application,,,,,no,,no,,,,,,https://www.thedomains.com/2012/06/13/here-are-all-1930-applications-for-new-gtlds/,secondary-transcription-of-icann-reveal-table,complete-string-applicant-graph-plus-approved-string-changes,523
2012,2012-0503,,.dvr,.dvr,Hughes Satellite Systems Corporation,No,,requested,published-application,,,,,no,,no,,,,,,https://www.thedomains.com/2012/06/13/here-are-all-1930-applications-for-new-gtlds/,secondary-transcription-of-icann-reveal-table,complete-string-applicant-graph-plus-approved-string-changes,524
2012,2012-0504,,.dwg,.dwg,"Autodesk, Inc.",No,,requested,published-application,,,,,no,,no,,,,,,https://www.thedomains.com/2012/06/13/here-are-all-1930-applications-for-new-gtlds/,secondary-transcription-of-icann-reveal-table,complete-string-applicant-graph-plus-approved-string-changes,525
2012,2012-0505,,.earth,.earth,Charleston Road Registry Inc.,No,,requested,published-application,,,,,yes,2012-exact-earth,no,,,,,,https://www.thedomains.com/2012/06/13/here-are-all-1930-applications-for-new-gtlds/,secondary-transcription-of-icann-reveal-table,complete-string-applicant-graph-plus-approved-string-changes,526
2012,2012-0506,,.earth,.earth,"Interlink Co., Ltd.",No,,requested,published-application,,,,,yes,2012-exact-earth,no,,,,,,https://www.thedomains.com/2012/06/13/here-are-all-1930-applications-for-new-gtlds/,secondary-transcription-of-icann-reveal-table,complete-string-applicant-graph-plus-approved-string-changes,527
2012,2012-0507,,.eat,.eat,Charleston Road Registry Inc.,No,,requested,published-application,,,,,no,,no,,,,,,https://www.thedomains.com/2012/06/13/here-are-all-1930-applications-for-new-gtlds/,secondary-transcription-of-icann-reveal-table,complete-string-applicant-graph-plus-approved-string-changes,528
2012,2012-0508,,.eco,.eco,"Planet Dot Eco, LLC",No,,requested,published-application,,,,,yes,2012-exact-eco,no,,,,,,https://www.thedomains.com/2012/06/13/here-are-all-1930-applications-for-new-gtlds/,secondary-transcription-of-icann-reveal-table,complete-string-applicant-graph-plus-approved-string-changes,529
2012,2012-0509,,.eco,.eco,"Little Birch, LLC",No,,requested,published-application,,,,,yes,2012-exact-eco,no,,,,,,https://www.thedomains.com/2012/06/13/here-are-all-1930-applications-for-new-gtlds/,secondary-transcription-of-icann-reveal-table,complete-string-applicant-graph-plus-approved-string-changes,530
2012,2012-0510,,.eco,.eco,Top Level Domain Holdings Limited,No,,requested,published-application,,,,,yes,2012-exact-eco,no,,,,,,https://www.thedomains.com/2012/06/13/here-are-all-1930-applications-for-new-gtlds/,secondary-transcription-of-icann-reveal-table,complete-string-applicant-graph-plus-approved-string-changes,531
2012,2012-0511,,.eco,.eco,Big Room Inc.,No,,requested,published-application,,,,,yes,2012-exact-eco,no,,,,,,https://www.thedomains.com/2012/06/13/here-are-all-1930-applications-for-new-gtlds/,secondary-transcription-of-icann-reveal-table,complete-string-applicant-graph-plus-approved-string-changes,532
2012,2012-0512,,.ecom,.ecom,Ecommerce Inc.,No,,requested,published-application,,,,,no,,no,,,,,,https://www.thedomains.com/2012/06/13/here-are-all-1930-applications-for-new-gtlds/,secondary-transcription-of-icann-reveal-table,complete-string-applicant-graph-plus-approved-string-changes,533
2012,2012-0513,,.edeka,.edeka,EDEKA Verband kaufmännischer Genossenschaften e.V.,No,,requested,published-application,,,,,no,,no,,,,,,https://www.thedomains.com/2012/06/13/here-are-all-1930-applications-for-new-gtlds/,secondary-transcription-of-icann-reveal-table,complete-string-applicant-graph-plus-approved-string-changes,534
2012,2012-0514,,.education,.education,"Brice Way, LLC",No,,requested,published-application,,,,,no,,no,,,,,,https://www.thedomains.com/2012/06/13/here-are-all-1930-applications-for-new-gtlds/,secondary-transcription-of-icann-reveal-table,complete-string-applicant-graph-plus-approved-string-changes,535
2012,2012-0515,,.email,.email,"Spring Madison, LLC",No,,requested,published-application,,,,,no,,no,,,,,,https://www.thedomains.com/2012/06/13/here-are-all-1930-applications-for-new-gtlds/,secondary-transcription-of-icann-reveal-table,complete-string-applicant-graph-plus-approved-string-changes,536
2012,2012-0516,,.emerck,.emerck,Merck KGaA,No,,requested,published-application,,,,,no,,yes,merck,,,,,https://www.thedomains.com/2012/06/13/here-are-all-1930-applications-for-new-gtlds/,secondary-transcription-of-icann-reveal-table,complete-string-applicant-graph-plus-approved-string-changes,537
2012,2012-0517,,.emerson,.emerson,Emerson Electric Co.,No,,requested,published-application,,,,,no,,no,,,,,,https://www.thedomains.com/2012/06/13/here-are-all-1930-applications-for-new-gtlds/,secondary-transcription-of-icann-reveal-table,complete-string-applicant-graph-plus-approved-string-changes,538
2012,2012-0518,,.energy,.energy,dot Energy Limited,No,,requested,published-application,,,,,yes,2012-exact-energy,no,,,,,,https://www.thedomains.com/2012/06/13/here-are-all-1930-applications-for-new-gtlds/,secondary-transcription-of-icann-reveal-table,complete-string-applicant-graph-plus-approved-string-changes,539
2012,2012-0519,,.energy,.energy,"Binky Birch, LLC",No,,requested,published-application,,,,,yes,2012-exact-energy,no,,,,,,https://www.thedomains.com/2012/06/13/here-are-all-1930-applications-for-new-gtlds/,secondary-transcription-of-icann-reveal-table,complete-string-applicant-graph-plus-approved-string-changes,540
2012,2012-0520,,.engineer,.engineer,United TLD Holdco Ltd.,No,,requested,published-application,,,,,no,,no,,,,,,https://www.thedomains.com/2012/06/13/here-are-all-1930-applications-for-new-gtlds/,secondary-transcription-of-icann-reveal-table,complete-string-applicant-graph-plus-approved-string-changes,541
2012,2012-0521,,.engineering,.engineering,Romeo Canyon,No,,requested,published-application,,,,,no,,no,,,,,,https://www.thedomains.com/2012/06/13/here-are-all-1930-applications-for-new-gtlds/,secondary-transcription-of-icann-reveal-table,complete-string-applicant-graph-plus-approved-string-changes,542
2012,2012-0522,,.enterprises,.enterprises,"Snow Oaks, LLC",No,,requested,published-application,,,,,no,,no,,,,,,https://www.thedomains.com/2012/06/13/here-are-all-1930-applications-for-new-gtlds/,secondary-transcription-of-icann-reveal-table,complete-string-applicant-graph-plus-approved-string-changes,543
2012,2012-0523,,.epost,.epost,Deutsche Post AG,No,,requested,published-application,,,,,no,,no,,,,,,https://www.thedomains.com/2012/06/13/here-are-all-1930-applications-for-new-gtlds/,secondary-transcription-of-icann-reveal-table,complete-string-applicant-graph-plus-approved-string-changes,544
2012,2012-0524,,.epson,.epson,Seiko Epson Corporation,No,,requested,published-application,,,,,no,,no,,,,,,https://www.thedomains.com/2012/06/13/here-are-all-1930-applications-for-new-gtlds/,secondary-transcription-of-icann-reveal-table,complete-string-applicant-graph-plus-approved-string-changes,545
2012,2012-0525,,.equipment,.equipment,"Corn Station, LLC",No,,requested,published-application,,,,,no,,no,,,,,,https://www.thedomains.com/2012/06/13/here-are-all-1930-applications-for-new-gtlds/,secondary-transcription-of-icann-reveal-table,complete-string-applicant-graph-plus-approved-string-changes,546
2012,2012-0526,,.ericsson,.ericsson,Telefonaktiebolaget L M Ericsson,No,,requested,published-application,,,,,no,,no,,,,,,https://www.thedomains.com/2012/06/13/here-are-all-1930-applications-for-new-gtlds/,secondary-transcription-of-icann-reveal-table,complete-string-applicant-graph-plus-approved-string-changes,547
2012,2012-0527,,.erni,.erni,ERNI Group Holding AG,No,,requested,published-application,,,,,no,,no,,,,,,https://www.thedomains.com/2012/06/13/here-are-all-1930-applications-for-new-gtlds/,secondary-transcription-of-icann-reveal-table,complete-string-applicant-graph-plus-approved-string-changes,548
2012,2012-0528,,.esq,.esq,Charleston Road Registry Inc.,No,,requested,published-application,,,,,no,,no,,,,,,https://www.thedomains.com/2012/06/13/here-are-all-1930-applications-for-new-gtlds/,secondary-transcription-of-icann-reveal-table,complete-string-applicant-graph-plus-approved-string-changes,549
2012,2012-0529,,.est,.est,Charleston Road Registry Inc.,No,,requested,published-application,,,,,no,,no,,,,,,https://www.thedomains.com/2012/06/13/here-are-all-1930-applications-for-new-gtlds/,secondary-transcription-of-icann-reveal-table,complete-string-applicant-graph-plus-approved-string-changes,550
2012,2012-0530,,.estate,.estate,"Trixy Park, LLC",No,,requested,published-application,,,,,no,,no,,,,,,https://www.thedomains.com/2012/06/13/here-are-all-1930-applications-for-new-gtlds/,secondary-transcription-of-icann-reveal-table,complete-string-applicant-graph-plus-approved-string-changes,551
2012,2012-0531,,.esurance,.esurance,Esurance Insurance Company,No,,requested,published-application,,,,,no,,no,,,,,,https://www.thedomains.com/2012/06/13/here-are-all-1930-applications-for-new-gtlds/,secondary-transcription-of-icann-reveal-table,complete-string-applicant-graph-plus-approved-string-changes,552
2012,2012-0532,,.etisalat,.etisalat,Emirates Telecommunications Corporation (trading as Etisalat),No,,requested,published-application,,,,,no,,no,,,,,,https://www.thedomains.com/2012/06/13/here-are-all-1930-applications-for-new-gtlds/,secondary-transcription-of-icann-reveal-table,complete-string-applicant-graph-plus-approved-string-changes,553
2012,2012-0533,,.eurovision,.eurovision,European Broadcasting Union (EBU),No,,requested,published-application,,,,,no,,no,,,,,,https://www.thedomains.com/2012/06/13/here-are-all-1930-applications-for-new-gtlds/,secondary-transcription-of-icann-reveal-table,complete-string-applicant-graph-plus-approved-string-changes,554
2012,2012-0534,,.eus,.eus,Puntueus Fundazioa,No,,requested,published-application,,,,,no,,no,,,,,,https://www.thedomains.com/2012/06/13/here-are-all-1930-applications-for-new-gtlds/,secondary-transcription-of-icann-reveal-table,complete-string-applicant-graph-plus-approved-string-changes,555
2012,2012-0535,,.events,.events,"Pioneer Maple, LLC",No,,requested,published-application,,,,,no,,no,,,,,,https://www.thedomains.com/2012/06/13/here-are-all-1930-applications-for-new-gtlds/,secondary-transcription-of-icann-reveal-table,complete-string-applicant-graph-plus-approved-string-changes,556
2012,2012-0536,,.everbank,.everbank,EverBank,No,,requested,published-application,,,,,no,,no,,,,,,https://www.thedomains.com/2012/06/13/here-are-all-1930-applications-for-new-gtlds/,secondary-transcription-of-icann-reveal-table,complete-string-applicant-graph-plus-approved-string-changes,557
2012,2012-0537,,.exchange,.exchange,"Spring Falls, LLC",No,,requested,published-application,,,,,no,,no,,,,,,https://www.thedomains.com/2012/06/13/here-are-all-1930-applications-for-new-gtlds/,secondary-transcription-of-icann-reveal-table,complete-string-applicant-graph-plus-approved-string-changes,558
2012,2012-0538,,.expert,.expert,"Red Circle, LLC",No,,requested,published-application,,,,,yes,2012-exact-expert,no,,,,,,https://www.thedomains.com/2012/06/13/here-are-all-1930-applications-for-new-gtlds/,secondary-transcription-of-icann-reveal-table,complete-string-applicant-graph-plus-approved-string-changes,559
2012,2012-0539,,.expert,.expert,"Magic Pass, LLC",No,,requested,published-application,,,,,yes,2012-exact-expert,no,,,,,,https://www.thedomains.com/2012/06/13/here-are-all-1930-applications-for-new-gtlds/,secondary-transcription-of-icann-reveal-table,complete-string-applicant-graph-plus-approved-string-changes,560
2012,2012-0540,,.exposed,.exposed,"Victor Beach, LLC",No,,requested,published-application,,,,,no,,no,,,,,,https://www.thedomains.com/2012/06/13/here-are-all-1930-applications-for-new-gtlds/,secondary-transcription-of-icann-reveal-table,complete-string-applicant-graph-plus-approved-string-changes,561
2012,2012-0541,,.express,.express,Express LLC,No,,requested,published-application,,,,,yes,2012-exact-express,no,,,,,,https://www.thedomains.com/2012/06/13/here-are-all-1930-applications-for-new-gtlds/,secondary-transcription-of-icann-reveal-table,complete-string-applicant-graph-plus-approved-string-changes,562
2012,2012-0542,,.express,.express,"Sea Sunset, LLC",No,,requested,published-application,,,,,yes,2012-exact-express,no,,,,,,https://www.thedomains.com/2012/06/13/here-are-all-1930-applications-for-new-gtlds/,secondary-transcription-of-icann-reveal-table,complete-string-applicant-graph-plus-approved-string-changes,563
2012,2012-0543,,.extraspace,.extraspace,Extra Space Storage LLC,No,,requested,published-application,,,,,no,,no,,,,,,https://www.thedomains.com/2012/06/13/here-are-all-1930-applications-for-new-gtlds/,secondary-transcription-of-icann-reveal-table,complete-string-applicant-graph-plus-approved-string-changes,564
2012,2012-0544,,.fage,.fage,FAGE Dairy Industry S.A.,No,,requested,published-application,,,,,no,,no,,,,,,https://www.thedomains.com/2012/06/13/here-are-all-1930-applications-for-new-gtlds/,secondary-transcription-of-icann-reveal-table,complete-string-applicant-graph-plus-approved-string-changes,565
2012,2012-0545,,.fail,.fail,"Atomic Pipe, LLC",No,,requested,published-application,,,,,no,,no,,,,,,https://www.thedomains.com/2012/06/13/here-are-all-1930-applications-for-new-gtlds/,secondary-transcription-of-icann-reveal-table,complete-string-applicant-graph-plus-approved-string-changes,566
2012,2012-0546,,.fairwinds,.fairwinds,"FairWinds Partners, LLC",No,,requested,published-application,,,,,no,,no,,,,,,https://www.thedomains.com/2012/06/13/here-are-all-1930-applications-for-new-gtlds/,secondary-transcription-of-icann-reveal-table,complete-string-applicant-graph-plus-approved-string-changes,567
2012,2012-0547,,.faith,.faith,dot Faith Limited,No,,requested,published-application,,,,,no,,no,,,,,,https://www.thedomains.com/2012/06/13/here-are-all-1930-applications-for-new-gtlds/,secondary-transcription-of-icann-reveal-table,complete-string-applicant-graph-plus-approved-string-changes,568
2012,2012-0548,,.family,.family,Charleston Road Registry Inc.,No,,requested,published-application,,,,,yes,2012-exact-family,no,,,,,,https://www.thedomains.com/2012/06/13/here-are-all-1930-applications-for-new-gtlds/,secondary-transcription-of-icann-reveal-table,complete-string-applicant-graph-plus-approved-string-changes,569
2012,2012-0549,,.family,.family,"Uniregistry, Corp.",No,,requested,published-application,,,,,yes,2012-exact-family,no,,,,,,https://www.thedomains.com/2012/06/13/here-are-all-1930-applications-for-new-gtlds/,secondary-transcription-of-icann-reveal-table,complete-string-applicant-graph-plus-approved-string-changes,570
2012,2012-0550,,.family,.family,"Bitter Galley, LLC",No,,requested,published-application,,,,,yes,2012-exact-family,no,,,,,,https://www.thedomains.com/2012/06/13/here-are-all-1930-applications-for-new-gtlds/,secondary-transcription-of-icann-reveal-table,complete-string-applicant-graph-plus-approved-string-changes,571
2012,2012-0551,,.fan,.fan,"Goose Glen, LLC",No,,requested,published-application,,,,,no,,no,,,,,,https://www.thedomains.com/2012/06/13/here-are-all-1930-applications-for-new-gtlds/,secondary-transcription-of-icann-reveal-table,complete-string-applicant-graph-plus-approved-string-changes,572
2012,2012-0552,,.fans,.fans,Asiamix Digital Limited,No,,requested,published-application,,,,,no,,no,,,,,,https://www.thedomains.com/2012/06/13/here-are-all-1930-applications-for-new-gtlds/,secondary-transcription-of-icann-reveal-table,complete-string-applicant-graph-plus-approved-string-changes,573
2012,2012-0553,,.farm,.farm,"Just Maple, LLC",No,,requested,published-application,,,,,no,,no,,,,,,https://www.thedomains.com/2012/06/13/here-are-all-1930-applications-for-new-gtlds/,secondary-transcription-of-icann-reveal-table,complete-string-applicant-graph-plus-approved-string-changes,574
2012,2012-0554,,.farmers,.farmers,Farmers Insurance Exchange,No,,requested,published-application,,,,,no,,no,,,,,,https://www.thedomains.com/2012/06/13/here-are-all-1930-applications-for-new-gtlds/,secondary-transcription-of-icann-reveal-table,complete-string-applicant-graph-plus-approved-string-changes,575
2012,2012-0555,,.fashion,.fashion,"Big Dynamite, LLC",No,,requested,published-application,,,,,yes,2012-exact-fashion,no,,,,,,https://www.thedomains.com/2012/06/13/here-are-all-1930-applications-for-new-gtlds/,secondary-transcription-of-icann-reveal-table,complete-string-applicant-graph-plus-approved-string-changes,576
2012,2012-0556,,.fashion,.fashion,"Uniregistry, Corp.",No,,requested,published-application,,,,,yes,2012-exact-fashion,no,,,,,,https://www.thedomains.com/2012/06/13/here-are-all-1930-applications-for-new-gtlds/,secondary-transcription-of-icann-reveal-table,complete-string-applicant-graph-plus-approved-string-changes,577
2012,2012-0557,,.fashion,.fashion,Top Level Domain Holdings Limited,No,,requested,published-application,,,,,yes,2012-exact-fashion,no,,,,,,https://www.thedomains.com/2012/06/13/here-are-all-1930-applications-for-new-gtlds/,secondary-transcription-of-icann-reveal-table,complete-string-applicant-graph-plus-approved-string-changes,578
2012,2012-0558,,.fashion,.fashion,Diamond Registry Limited,No,,requested,published-application,,,,,yes,2012-exact-fashion,no,,,,,,https://www.thedomains.com/2012/06/13/here-are-all-1930-applications-for-new-gtlds/,secondary-transcription-of-icann-reveal-table,complete-string-applicant-graph-plus-approved-string-changes,579
2012,2012-0559,,.fast,.fast,Amazon EU S.à r.l.,No,,requested,published-application,,,,,no,,no,,,,,,https://www.thedomains.com/2012/06/13/here-are-all-1930-applications-for-new-gtlds/,secondary-transcription-of-icann-reveal-table,complete-string-applicant-graph-plus-approved-string-changes,580
2012,2012-0560,,.fedex,.fedex,Federal Express Corporation,No,,requested,published-application,,,,,no,,no,,,,,,https://www.thedomains.com/2012/06/13/here-are-all-1930-applications-for-new-gtlds/,secondary-transcription-of-icann-reveal-table,complete-string-applicant-graph-plus-approved-string-changes,581
2012,2012-0561,,.feedback,.feedback,"Top Level Spectrum, Inc.",No,,requested,published-application,,,,,no,,no,,,,,,https://www.thedomains.com/2012/06/13/here-are-all-1930-applications-for-new-gtlds/,secondary-transcription-of-icann-reveal-table,complete-string-applicant-graph-plus-approved-string-changes,582
2012,2012-0562,,.ferrari,.ferrari,Fiat S.p.A. (“società per azioni”),No,,requested,published-application,,,,,no,,no,,,,,,https://www.thedomains.com/2012/06/13/here-are-all-1930-applications-for-new-gtlds/,secondary-transcription-of-icann-reveal-table,complete-string-applicant-graph-plus-approved-string-changes,583
2012,2012-0563,,.ferrero,.ferrero,Ferrero Trading Lux S.A.,No,,requested,published-application,,,,,no,,no,,,,,,https://www.thedomains.com/2012/06/13/here-are-all-1930-applications-for-new-gtlds/,secondary-transcription-of-icann-reveal-table,complete-string-applicant-graph-plus-approved-string-changes,584
2012,2012-0564,,.fiat,.fiat,Fiat S.p.A. (“società per azioni”),No,,requested,published-application,,,,,no,,no,,,,,,https://www.thedomains.com/2012/06/13/here-are-all-1930-applications-for-new-gtlds/,secondary-transcription-of-icann-reveal-table,complete-string-applicant-graph-plus-approved-string-changes,585
2012,2012-0565,,.fidelity,.fidelity,Fidelity Brokerage Services LLC,No,,requested,published-application,,,,,no,,no,,,,,,https://www.thedomains.com/2012/06/13/here-are-all-1930-applications-for-new-gtlds/,secondary-transcription-of-icann-reveal-table,complete-string-applicant-graph-plus-approved-string-changes,586
2012,2012-0566,,.fido,.fido,Rogers Communications Partnership,No,,requested,published-application,,,,,no,,no,,,,,,https://www.thedomains.com/2012/06/13/here-are-all-1930-applications-for-new-gtlds/,secondary-transcription-of-icann-reveal-table,complete-string-applicant-graph-plus-approved-string-changes,587
2012,2012-0567,,.film,.film,"Outer Avenue, LLC",No,,requested,published-application,,,,,yes,2012-exact-film,no,,,,,,https://www.thedomains.com/2012/06/13/here-are-all-1930-applications-for-new-gtlds/,secondary-transcription-of-icann-reveal-table,complete-string-applicant-graph-plus-approved-string-changes,588
2012,2012-0568,,.film,.film,Motion Picture Domain Registry Pty Ltd,No,,requested,published-application,,,,,yes,2012-exact-film,no,,,,,,https://www.thedomains.com/2012/06/13/here-are-all-1930-applications-for-new-gtlds/,secondary-transcription-of-icann-reveal-table,complete-string-applicant-graph-plus-approved-string-changes,589
2012,2012-0569,,.film,.film,Charleston Road Registry Inc.,No,,requested,published-application,,,,,yes,2012-exact-film,no,,,,,,https://www.thedomains.com/2012/06/13/here-are-all-1930-applications-for-new-gtlds/,secondary-transcription-of-icann-reveal-table,complete-string-applicant-graph-plus-approved-string-changes,590
2012,2012-0570,,.final,.final,Núcleo de Informação e Coordenação do Ponto BR – NIC.br,No,,requested,published-application,,,,,no,,no,,,,,,https://www.thedomains.com/2012/06/13/here-are-all-1930-applications-for-new-gtlds/,secondary-transcription-of-icann-reveal-table,complete-string-applicant-graph-plus-approved-string-changes,591
2012,2012-0571,,.finance,.finance,"Cotton Cypress, LLC",No,,requested,published-application,,,,,no,,no,,,,,,https://www.thedomains.com/2012/06/13/here-are-all-1930-applications-for-new-gtlds/,secondary-transcription-of-icann-reveal-table,complete-string-applicant-graph-plus-approved-string-changes,592
2012,2012-0572,,.financial,.financial,"Just Cover, LLC",No,,requested,published-application,,,,,no,,no,,,,,,https://www.thedomains.com/2012/06/13/here-are-all-1930-applications-for-new-gtlds/,secondary-transcription-of-icann-reveal-table,complete-string-applicant-graph-plus-approved-string-changes,593
2012,2012-0573,,.financialaid,.financialaid,"Rezolve Group, Inc.",No,,requested,published-application,,,,,no,,no,,,,,,https://www.thedomains.com/2012/06/13/here-are-all-1930-applications-for-new-gtlds/,secondary-transcription-of-icann-reveal-table,complete-string-applicant-graph-plus-approved-string-changes,594
2012,2012-0574,,.finish,.finish,Reckitt Benckiser N.V.,No,,requested,published-application,,,,,no,,no,,,,,,https://www.thedomains.com/2012/06/13/here-are-all-1930-applications-for-new-gtlds/,secondary-transcription-of-icann-reveal-table,complete-string-applicant-graph-plus-approved-string-changes,595
2012,2012-0575,,.fire,.fire,Amazon EU S.à r.l.,No,,requested,published-application,,,,,no,,no,,,,,,https://www.thedomains.com/2012/06/13/here-are-all-1930-applications-for-new-gtlds/,secondary-transcription-of-icann-reveal-table,complete-string-applicant-graph-plus-approved-string-changes,596
2012,2012-0576,,.firestone,.firestone,Bridgestone Corporation,No,,requested,published-application,,,,,no,,no,,,,,,https://www.thedomains.com/2012/06/13/here-are-all-1930-applications-for-new-gtlds/,secondary-transcription-of-icann-reveal-table,complete-string-applicant-graph-plus-approved-string-changes,597
2012,2012-0577,,.firmdale,.firmdale,Firmdale Holdings Limited,No,,requested,published-application,,,,,no,,no,,,,,,https://www.thedomains.com/2012/06/13/here-are-all-1930-applications-for-new-gtlds/,secondary-transcription-of-icann-reveal-table,complete-string-applicant-graph-plus-approved-string-changes,598
2012,2012-0578,,.fish,.fish,"Fox Woods, LLC",No,,requested,published-application,,,,,yes,2012-exact-fish,no,,,,,,https://www.thedomains.com/2012/06/13/here-are-all-1930-applications-for-new-gtlds/,secondary-transcription-of-icann-reveal-table,complete-string-applicant-graph-plus-approved-string-changes,599
2012,2012-0579,,.fish,.fish,Dot Club LLC,No,,requested,published-application,,,,,yes,2012-exact-fish,no,,,,,,https://www.thedomains.com/2012/06/13/here-are-all-1930-applications-for-new-gtlds/,secondary-transcription-of-icann-reveal-table,complete-string-applicant-graph-plus-approved-string-changes,600
2012,2012-0580,,.fishing,.fishing,Top Level Domain Holdings Limited,No,,requested,published-application,,,,,yes,2012-exact-fishing,no,,,,,,https://www.thedomains.com/2012/06/13/here-are-all-1930-applications-for-new-gtlds/,secondary-transcription-of-icann-reveal-table,complete-string-applicant-graph-plus-approved-string-changes,601
2012,2012-0581,,.fishing,.fishing,United TLD Holdco Ltd.,No,,requested,published-application,,,,,yes,2012-exact-fishing,no,,,,,,https://www.thedomains.com/2012/06/13/here-are-all-1930-applications-for-new-gtlds/,secondary-transcription-of-icann-reveal-table,complete-string-applicant-graph-plus-approved-string-changes,602
2012,2012-0582,,.fit,.fit,Top Level Domain Holdings Limited,No,,requested,published-application,,,,,yes,2012-exact-fit,no,,,,,,https://www.thedomains.com/2012/06/13/here-are-all-1930-applications-for-new-gtlds/,secondary-transcription-of-icann-reveal-table,complete-string-applicant-graph-plus-approved-string-changes,603
2012,2012-0583,,.fit,.fit,Platinum Registry Limited,No,,requested,published-application,,,,,yes,2012-exact-fit,no,,,,,,https://www.thedomains.com/2012/06/13/here-are-all-1930-applications-for-new-gtlds/,secondary-transcription-of-icann-reveal-table,complete-string-applicant-graph-plus-approved-string-changes,604
2012,2012-0584,,.fitness,.fitness,"Brice Orchard, LLC",No,,requested,published-application,,,,,no,,no,,,,,,https://www.thedomains.com/2012/06/13/here-are-all-1930-applications-for-new-gtlds/,secondary-transcription-of-icann-reveal-table,complete-string-applicant-graph-plus-approved-string-changes,605
2012,2012-0585,,.flickr,.flickr,Yahoo! Domain Services Inc.,No,,requested,published-application,,,,,no,,no,,,,,,https://www.thedomains.com/2012/06/13/here-are-all-1930-applications-for-new-gtlds/,secondary-transcription-of-icann-reveal-table,complete-string-applicant-graph-plus-approved-string-changes,606
2012,2012-0586,,.flights,.flights,"Fox Station, LLC",No,,requested,published-application,,,,,no,,no,,,,,,https://www.thedomains.com/2012/06/13/here-are-all-1930-applications-for-new-gtlds/,secondary-transcription-of-icann-reveal-table,complete-string-applicant-graph-plus-approved-string-changes,607
2012,2012-0587,,.flir,.flir,"FLIR Systems, Inc.",No,,requested,published-application,,,,,no,,no,,,,,,https://www.thedomains.com/2012/06/13/here-are-all-1930-applications-for-new-gtlds/,secondary-transcription-of-icann-reveal-table,complete-string-applicant-graph-plus-approved-string-changes,608
2012,2012-0588,,.florist,.florist,"Half Cypress, LLC",No,,requested,published-application,,,,,no,,no,,,,,,https://www.thedomains.com/2012/06/13/here-are-all-1930-applications-for-new-gtlds/,secondary-transcription-of-icann-reveal-table,complete-string-applicant-graph-plus-approved-string-changes,609
2012,2012-0589,,.flowers,.flowers,"Fern Willow, LLC",No,,requested,published-application,,,,,yes,2012-exact-flowers,no,,,,,,https://www.thedomains.com/2012/06/13/here-are-all-1930-applications-for-new-gtlds/,secondary-transcription-of-icann-reveal-table,complete-string-applicant-graph-plus-approved-string-changes,610
2012,2012-0590,,.flowers,.flowers,"Piper Ventures, LLC",No,,requested,published-application,,,,,yes,2012-exact-flowers,no,,,,,,https://www.thedomains.com/2012/06/13/here-are-all-1930-applications-for-new-gtlds/,secondary-transcription-of-icann-reveal-table,complete-string-applicant-graph-plus-approved-string-changes,611
2012,2012-0591,,.flowers,.flowers,Top Level Domain Holdings Limited,No,,requested,published-application,,,,,yes,2012-exact-flowers,no,,,,,,https://www.thedomains.com/2012/06/13/here-are-all-1930-applications-for-new-gtlds/,secondary-transcription-of-icann-reveal-table,complete-string-applicant-graph-plus-approved-string-changes,612
2012,2012-0592,,.flowers,.flowers,"Uniregistry, Corp.",No,,requested,published-application,,,,,yes,2012-exact-flowers,no,,,,,,https://www.thedomains.com/2012/06/13/here-are-all-1930-applications-for-new-gtlds/,secondary-transcription-of-icann-reveal-table,complete-string-applicant-graph-plus-approved-string-changes,613
2012,2012-0593,,.fls,.fls,FLSmidth A/S,No,,requested,published-application,,,,,no,,no,,,,,,https://www.thedomains.com/2012/06/13/here-are-all-1930-applications-for-new-gtlds/,secondary-transcription-of-icann-reveal-table,complete-string-applicant-graph-plus-approved-string-changes,614
2012,2012-0594,,.flsmidth,.flsmidth,FLSmidth A/S,No,,requested,published-application,,,,,no,,no,,,,,,https://www.thedomains.com/2012/06/13/here-are-all-1930-applications-for-new-gtlds/,secondary-transcription-of-icann-reveal-table,complete-string-applicant-graph-plus-approved-string-changes,615
2012,2012-0595,,.fly,.fly,Charleston Road Registry Inc.,No,,requested,published-application,,,,,no,,no,,,,,,https://www.thedomains.com/2012/06/13/here-are-all-1930-applications-for-new-gtlds/,secondary-transcription-of-icann-reveal-table,complete-string-applicant-graph-plus-approved-string-changes,616
2012,2012-0596,,.foo,.foo,Charleston Road Registry Inc.,No,,requested,published-application,,,,,no,,no,,,,,,https://www.thedomains.com/2012/06/13/here-are-all-1930-applications-for-new-gtlds/,secondary-transcription-of-icann-reveal-table,complete-string-applicant-graph-plus-approved-string-changes,617
2012,2012-0597,,.food,.food,"Lifestyle Domain Holdings, Inc.",No,,requested,published-application,,,,,yes,2012-exact-food,no,,,,,,https://www.thedomains.com/2012/06/13/here-are-all-1930-applications-for-new-gtlds/,secondary-transcription-of-icann-reveal-table,complete-string-applicant-graph-plus-approved-string-changes,618
2012,2012-0598,,.food,.food,"Wild Orchard, LLC",No,,requested,published-application,,,,,yes,2012-exact-food,no,,,,,,https://www.thedomains.com/2012/06/13/here-are-all-1930-applications-for-new-gtlds/,secondary-transcription-of-icann-reveal-table,complete-string-applicant-graph-plus-approved-string-changes,619
2012,2012-0599,,.food,.food,"Dot Food, LLC",No,,requested,published-application,,,,,yes,2012-exact-food,no,,,,,,https://www.thedomains.com/2012/06/13/here-are-all-1930-applications-for-new-gtlds/,secondary-transcription-of-icann-reveal-table,complete-string-applicant-graph-plus-approved-string-changes,620
2012,2012-0600,,.foodnetwork,.foodnetwork,"Lifestyle Domain Holdings, Inc.",No,,requested,published-application,,,,,no,,no,,,,,,https://www.thedomains.com/2012/06/13/here-are-all-1930-applications-for-new-gtlds/,secondary-transcription-of-icann-reveal-table,complete-string-applicant-graph-plus-approved-string-changes,621
2012,2012-0601,,.football,.football,"Foggy Farms, LLC",No,,requested,published-application,,,,,yes,2012-exact-football,no,,,,,,https://www.thedomains.com/2012/06/13/here-are-all-1930-applications-for-new-gtlds/,secondary-transcription-of-icann-reveal-table,complete-string-applicant-graph-plus-approved-string-changes,622
2012,2012-0602,,.football,.football,dot Football Limited,No,,requested,published-application,,,,,yes,2012-exact-football,no,,,,,,https://www.thedomains.com/2012/06/13/here-are-all-1930-applications-for-new-gtlds/,secondary-transcription-of-icann-reveal-table,complete-string-applicant-graph-plus-approved-string-changes,623
2012,2012-0603,,.ford,.ford,Ford Motor Company,No,,requested,published-application,,,,,no,,no,,,,,,https://www.thedomains.com/2012/06/13/here-are-all-1930-applications-for-new-gtlds/,secondary-transcription-of-icann-reveal-table,complete-string-applicant-graph-plus-approved-string-changes,624
2012,2012-0604,,.forex,.forex,IG Group Holdings PLC,No,,requested,published-application,,,,,no,,no,,,,,,https://www.thedomains.com/2012/06/13/here-are-all-1930-applications-for-new-gtlds/,secondary-transcription-of-icann-reveal-table,complete-string-applicant-graph-plus-approved-string-changes,625
2012,2012-0605,,.forsale,.forsale,"DERForsale, LLC",No,,requested,published-application,,,,,yes,2012-exact-forsale,no,,,,,,https://www.thedomains.com/2012/06/13/here-are-all-1930-applications-for-new-gtlds/,secondary-transcription-of-icann-reveal-table,complete-string-applicant-graph-plus-approved-string-changes,626
2012,2012-0606,,.forsale,.forsale,"Sea Oaks, LLC",No,,requested,published-application,,,,,yes,2012-exact-forsale,no,,,,,,https://www.thedomains.com/2012/06/13/here-are-all-1930-applications-for-new-gtlds/,secondary-transcription-of-icann-reveal-table,complete-string-applicant-graph-plus-approved-string-changes,627
2012,2012-0607,,.forum,.forum,"June Hollow, LLC",No,,requested,published-application,,,,,yes,2012-exact-forum,no,,,,,,https://www.thedomains.com/2012/06/13/here-are-all-1930-applications-for-new-gtlds/,secondary-transcription-of-icann-reveal-table,complete-string-applicant-graph-plus-approved-string-changes,628
2012,2012-0608,,.forum,.forum,"Fegistry, LLC",No,,requested,published-application,,,,,yes,2012-exact-forum,no,,,,,,https://www.thedomains.com/2012/06/13/here-are-all-1930-applications-for-new-gtlds/,secondary-transcription-of-icann-reveal-table,complete-string-applicant-graph-plus-approved-string-changes,629
2012,2012-0609,,.forum,.forum,dot Forum Limited,No,,requested,published-application,,,,,yes,2012-exact-forum,no,,,,,,https://www.thedomains.com/2012/06/13/here-are-all-1930-applications-for-new-gtlds/,secondary-transcription-of-icann-reveal-table,complete-string-applicant-graph-plus-approved-string-changes,630
2012,2012-0610,,.foundation,.foundation,"John Dale, LLC",No,,requested,published-application,,,,,no,,no,,,,,,https://www.thedomains.com/2012/06/13/here-are-all-1930-applications-for-new-gtlds/,secondary-transcription-of-icann-reveal-table,complete-string-applicant-graph-plus-approved-string-changes,631
2012,2012-0611,,.fox,.fox,"FOX Registry, LLC",No,,requested,published-application,,,,,no,,no,,,,,,https://www.thedomains.com/2012/06/13/here-are-all-1930-applications-for-new-gtlds/,secondary-transcription-of-icann-reveal-table,complete-string-applicant-graph-plus-approved-string-changes,632
2012,2012-0612,,.free,.free,Charleston Road Registry Inc.,No,,requested,published-application,,,,,yes,2012-exact-free,no,,,,,,https://www.thedomains.com/2012/06/13/here-are-all-1930-applications-for-new-gtlds/,secondary-transcription-of-icann-reveal-table,complete-string-applicant-graph-plus-approved-string-changes,633
2012,2012-0613,,.free,.free,Top Level Domain Holdings Limited,No,,requested,published-application,,,,,yes,2012-exact-free,no,,,,,,https://www.thedomains.com/2012/06/13/here-are-all-1930-applications-for-new-gtlds/,secondary-transcription-of-icann-reveal-table,complete-string-applicant-graph-plus-approved-string-changes,634
2012,2012-0614,,.free,.free,Amazon EU S.à r.l.,No,,requested,published-application,,,,,yes,2012-exact-free,no,,,,,,https://www.thedomains.com/2012/06/13/here-are-all-1930-applications-for-new-gtlds/,secondary-transcription-of-icann-reveal-table,complete-string-applicant-graph-plus-approved-string-changes,635
2012,2012-0615,,.free,.free,"Over Keep, LLC",No,,requested,published-application,,,,,yes,2012-exact-free,no,,,,,,https://www.thedomains.com/2012/06/13/here-are-all-1930-applications-for-new-gtlds/,secondary-transcription-of-icann-reveal-table,complete-string-applicant-graph-plus-approved-string-changes,636
2012,2012-0616,,.free,.free,"Uniregistry, Corp.",No,,requested,published-application,,,,,yes,2012-exact-free,no,,,,,,https://www.thedomains.com/2012/06/13/here-are-all-1930-applications-for-new-gtlds/,secondary-transcription-of-icann-reveal-table,complete-string-applicant-graph-plus-approved-string-changes,637
2012,2012-0617,,.fresenius,.fresenius,Fresenius Immobilien-Verwaltungs-GmbH,No,,requested,published-application,,,,,no,,no,,,,,,https://www.thedomains.com/2012/06/13/here-are-all-1930-applications-for-new-gtlds/,secondary-transcription-of-icann-reveal-table,complete-string-applicant-graph-plus-approved-string-changes,638
2012,2012-0618,,.frl,.frl,Metaregistrar B.V.,No,,requested,published-application,,,,,no,,no,,,,,,https://www.thedomains.com/2012/06/13/here-are-all-1930-applications-for-new-gtlds/,secondary-transcription-of-icann-reveal-table,complete-string-applicant-graph-plus-approved-string-changes,639
2012,2012-0619,,.frogans,.frogans,OP3FT,No,,requested,published-application,,,,,no,,no,,,,,,https://www.thedomains.com/2012/06/13/here-are-all-1930-applications-for-new-gtlds/,secondary-transcription-of-icann-reveal-table,complete-string-applicant-graph-plus-approved-string-changes,640
2012,2012-0620,,.frontdoor,.frontdoor,"Lifestyle Domain Holdings, Inc.",No,,requested,published-application,,,,,no,,no,,,,,,https://www.thedomains.com/2012/06/13/here-are-all-1930-applications-for-new-gtlds/,secondary-transcription-of-icann-reveal-table,complete-string-applicant-graph-plus-approved-string-changes,641
2012,2012-0621,,.frontier,.frontier,Frontier Communications Corporation,No,,requested,published-application,,,,,no,,no,,,,,,https://www.thedomains.com/2012/06/13/here-are-all-1930-applications-for-new-gtlds/,secondary-transcription-of-icann-reveal-table,complete-string-applicant-graph-plus-approved-string-changes,642
2012,2012-0622,,.ftr,.ftr,Frontier Communications Corporation,No,,requested,published-application,,,,,no,,no,,,,,,https://www.thedomains.com/2012/06/13/here-are-all-1930-applications-for-new-gtlds/,secondary-transcription-of-icann-reveal-table,complete-string-applicant-graph-plus-approved-string-changes,643
2012,2012-0623,,.fujitsu,.fujitsu,Fujitsu Limited,No,,requested,published-application,,,,,no,,no,,,,,,https://www.thedomains.com/2012/06/13/here-are-all-1930-applications-for-new-gtlds/,secondary-transcription-of-icann-reveal-table,complete-string-applicant-graph-plus-approved-string-changes,644
2012,2012-0624,,.fujixerox,.fujixerox,Xerox DNHC LLC,No,,requested,published-application,,,,,no,,no,,,,,,https://www.thedomains.com/2012/06/13/here-are-all-1930-applications-for-new-gtlds/,secondary-transcription-of-icann-reveal-table,complete-string-applicant-graph-plus-approved-string-changes,645
2012,2012-0625,,.fun,.fun,Charleston Road Registry Inc.,No,,requested,published-application,,,,,yes,2012-exact-fun,no,,,,,,https://www.thedomains.com/2012/06/13/here-are-all-1930-applications-for-new-gtlds/,secondary-transcription-of-icann-reveal-table,complete-string-applicant-graph-plus-approved-string-changes,646
2012,2012-0626,,.fun,.fun,"Oriental Trading Company, Inc.",No,,requested,published-application,,,,,yes,2012-exact-fun,no,,,,,,https://www.thedomains.com/2012/06/13/here-are-all-1930-applications-for-new-gtlds/,secondary-transcription-of-icann-reveal-table,complete-string-applicant-graph-plus-approved-string-changes,647
2012,2012-0627,,.fun,.fun,DOTSTRATEGY CO.,No,,requested,published-application,,,,,yes,2012-exact-fun,no,,,,,,https://www.thedomains.com/2012/06/13/here-are-all-1930-applications-for-new-gtlds/,secondary-transcription-of-icann-reveal-table,complete-string-applicant-graph-plus-approved-string-changes,648
2012,2012-0628,,.fund,.fund,"John Castle, LLC",No,,requested,published-application,,,,,no,,no,,,,,,https://www.thedomains.com/2012/06/13/here-are-all-1930-applications-for-new-gtlds/,secondary-transcription-of-icann-reveal-table,complete-string-applicant-graph-plus-approved-string-changes,649
2012,2012-0629,,.furniture,.furniture,"Uniregistry, Corp.",No,,requested,published-application,,,,,yes,2012-exact-furniture,no,,,,,,https://www.thedomains.com/2012/06/13/here-are-all-1930-applications-for-new-gtlds/,secondary-transcription-of-icann-reveal-table,complete-string-applicant-graph-plus-approved-string-changes,650
2012,2012-0630,,.furniture,.furniture,"Lone Fields, LLC",No,,requested,published-application,,,,,yes,2012-exact-furniture,no,,,,,,https://www.thedomains.com/2012/06/13/here-are-all-1930-applications-for-new-gtlds/,secondary-transcription-of-icann-reveal-table,complete-string-applicant-graph-plus-approved-string-changes,651
2012,2012-0631,,.futbol,.futbol,"Atomic Falls, LLC",No,,requested,published-application,,,,,no,,no,,,,,,https://www.thedomains.com/2012/06/13/here-are-all-1930-applications-for-new-gtlds/,secondary-transcription-of-icann-reveal-table,complete-string-applicant-graph-plus-approved-string-changes,652
2012,2012-0632,,.fyi,.fyi,Charleston Road Registry Inc.,No,,requested,published-application,,,,,yes,2012-exact-fyi,no,,,,,,https://www.thedomains.com/2012/06/13/here-are-all-1930-applications-for-new-gtlds/,secondary-transcription-of-icann-reveal-table,complete-string-applicant-graph-plus-approved-string-changes,653
2012,2012-0633,,.fyi,.fyi,"Silver Tigers, LLC",No,,requested,published-application,,,,,yes,2012-exact-fyi,no,,,,,,https://www.thedomains.com/2012/06/13/here-are-all-1930-applications-for-new-gtlds/,secondary-transcription-of-icann-reveal-table,complete-string-applicant-graph-plus-approved-string-changes,654
2012,2012-0634,,.gal,.gal,Asociación puntoGAL,No,,requested,published-application,,,,,no,,no,,,,,,https://www.thedomains.com/2012/06/13/here-are-all-1930-applications-for-new-gtlds/,secondary-transcription-of-icann-reveal-table,complete-string-applicant-graph-plus-approved-string-changes,655
2012,2012-0635,,.gallery,.gallery,"Sugar House, LLC",No,,requested,published-application,,,,,no,,no,,,,,,https://www.thedomains.com/2012/06/13/here-are-all-1930-applications-for-new-gtlds/,secondary-transcription-of-icann-reveal-table,complete-string-applicant-graph-plus-approved-string-changes,656
2012,2012-0636,,.gallo,.gallo,"Gallo Vineyards, Inc.",No,,requested,published-application,,,,,no,,no,,,,,,https://www.thedomains.com/2012/06/13/here-are-all-1930-applications-for-new-gtlds/,secondary-transcription-of-icann-reveal-table,complete-string-applicant-graph-plus-approved-string-changes,657
2012,2012-0637,,.gallup,.gallup,"Gallup, Inc.",No,,requested,published-application,,,,,no,,no,,,,,,https://www.thedomains.com/2012/06/13/here-are-all-1930-applications-for-new-gtlds/,secondary-transcription-of-icann-reveal-table,complete-string-applicant-graph-plus-approved-string-changes,658
2012,2012-0638,,.game,.game,Charleston Road Registry Inc.,No,,requested,published-application,,,,,yes,2012-exact-game,no,,,,,,https://www.thedomains.com/2012/06/13/here-are-all-1930-applications-for-new-gtlds/,secondary-transcription-of-icann-reveal-table,complete-string-applicant-graph-plus-approved-string-changes,659
2012,2012-0639,,.game,.game,"Beijing Gamease Age Digital Technology Co., Ltd.",No,,requested,published-application,,,,,yes,2012-exact-game,no,,,,,,https://www.thedomains.com/2012/06/13/here-are-all-1930-applications-for-new-gtlds/,secondary-transcription-of-icann-reveal-table,complete-string-applicant-graph-plus-approved-string-changes,660
2012,2012-0640,,.game,.game,Amazon EU S.à r.l.,No,,requested,published-application,,,,,yes,2012-exact-game,no,,,,,,https://www.thedomains.com/2012/06/13/here-are-all-1930-applications-for-new-gtlds/,secondary-transcription-of-icann-reveal-table,complete-string-applicant-graph-plus-approved-string-changes,661
2012,2012-0641,,.game,.game,Dot Game Limited,No,,requested,published-application,,,,,yes,2012-exact-game,no,,,,,,https://www.thedomains.com/2012/06/13/here-are-all-1930-applications-for-new-gtlds/,secondary-transcription-of-icann-reveal-table,complete-string-applicant-graph-plus-approved-string-changes,662
2012,2012-0642,,.game,.game,"Uniregistry, Corp.",No,,requested,published-application,,,,,yes,2012-exact-game,no,,,,,,https://www.thedomains.com/2012/06/13/here-are-all-1930-applications-for-new-gtlds/,secondary-transcription-of-icann-reveal-table,complete-string-applicant-graph-plus-approved-string-changes,663
2012,2012-0643,,.games,.games,"Foggy Beach, LLC",No,,requested,published-application,,,,,no,,no,,,,,,https://www.thedomains.com/2012/06/13/here-are-all-1930-applications-for-new-gtlds/,secondary-transcription-of-icann-reveal-table,complete-string-applicant-graph-plus-approved-string-changes,664
2012,2012-0644,,.gap,.gap,"The Gap, Inc.",No,,requested,published-application,,,,,no,,no,,,,,,https://www.thedomains.com/2012/06/13/here-are-all-1930-applications-for-new-gtlds/,secondary-transcription-of-icann-reveal-table,complete-string-applicant-graph-plus-approved-string-changes,665
2012,2012-0645,,.garden,.garden,Top Level Domain Holdings Limited,No,,requested,published-application,,,,,yes,2012-exact-garden,no,,,,,,https://www.thedomains.com/2012/06/13/here-are-all-1930-applications-for-new-gtlds/,secondary-transcription-of-icann-reveal-table,complete-string-applicant-graph-plus-approved-string-changes,666
2012,2012-0646,,.garden,.garden,"Brice Maple, LLC",No,,requested,published-application,,,,,yes,2012-exact-garden,no,,,,,,https://www.thedomains.com/2012/06/13/here-are-all-1930-applications-for-new-gtlds/,secondary-transcription-of-icann-reveal-table,complete-string-applicant-graph-plus-approved-string-changes,667
2012,2012-0647,,.garden,.garden,"Uniregistry, Corp.",No,,requested,published-application,,,,,yes,2012-exact-garden,no,,,,,,https://www.thedomains.com/2012/06/13/here-are-all-1930-applications-for-new-gtlds/,secondary-transcription-of-icann-reveal-table,complete-string-applicant-graph-plus-approved-string-changes,668
2012,2012-0648,,.garnier,.garnier,L’Oréal,No,,requested,published-application,,,,,no,,no,,,,,,https://www.thedomains.com/2012/06/13/here-are-all-1930-applications-for-new-gtlds/,secondary-transcription-of-icann-reveal-table,complete-string-applicant-graph-plus-approved-string-changes,669
2012,2012-0649,,.gay,.gay,United TLD Holdco Ltd.,No,,requested,published-application,,,,,yes,2012-exact-gay,no,,,,,,https://www.thedomains.com/2012/06/13/here-are-all-1930-applications-for-new-gtlds/,secondary-transcription-of-icann-reveal-table,complete-string-applicant-graph-plus-approved-string-changes,670
2012,2012-0650,,.gay,.gay,dotgay llc,No,,requested,published-application,,,,,yes,2012-exact-gay,no,,,,,,https://www.thedomains.com/2012/06/13/here-are-all-1930-applications-for-new-gtlds/,secondary-transcription-of-icann-reveal-table,complete-string-applicant-graph-plus-approved-string-changes,671
2012,2012-0651,,.gay,.gay,"Top Level Design, LLC",No,,requested,published-application,,,,,yes,2012-exact-gay,no,,,,,,https://www.thedomains.com/2012/06/13/here-are-all-1930-applications-for-new-gtlds/,secondary-transcription-of-icann-reveal-table,complete-string-applicant-graph-plus-approved-string-changes,672
2012,2012-0652,,.gay,.gay,Top Level Domain Holdings Limited,No,,requested,published-application,,,,,yes,2012-exact-gay,no,,,,,,https://www.thedomains.com/2012/06/13/here-are-all-1930-applications-for-new-gtlds/,secondary-transcription-of-icann-reveal-table,complete-string-applicant-graph-plus-approved-string-changes,673
2012,2012-0653,,.gbiz,.gbiz,Charleston Road Registry Inc.,No,,requested,published-application,,,,,no,,no,,,,,,https://www.thedomains.com/2012/06/13/here-are-all-1930-applications-for-new-gtlds/,secondary-transcription-of-icann-reveal-table,complete-string-applicant-graph-plus-approved-string-changes,674
2012,2012-0654,,.gcc,.gcc,GCCIX WLL,No,,requested,published-application,not-approved,gac-consensus-advice,gcc-2012,https://www.icann.org/en/board-activities-and-meetings/materials/minutes-meeting-of-the-new-gtld-program-committee-30-01-2014-en,no,,no,,,,,,https://www.thedomains.com/2012/06/13/here-are-all-1930-applications-for-new-gtlds/,secondary-transcription-of-icann-reveal-table,complete-string-applicant-graph-plus-approved-string-changes,675
2012,2012-0655,,.gdn,.gdn,Joint Stock Company “Navigation-information systems”,No,,requested,published-application,,,,,yes,2012-exact-gdn,no,,,,,,https://www.thedomains.com/2012/06/13/here-are-all-1930-applications-for-new-gtlds/,secondary-transcription-of-icann-reveal-table,complete-string-applicant-graph-plus-approved-string-changes,676
2012,2012-0656,,.gdn,.gdn,Guardian News and Media Limited,No,,requested,published-application,,,,,yes,2012-exact-gdn,no,,,,,,https://www.thedomains.com/2012/06/13/here-are-all-1930-applications-for-new-gtlds/,secondary-transcription-of-icann-reveal-table,complete-string-applicant-graph-plus-approved-string-changes,677
2012,2012-0657,,.gea,.gea,GEA Group Aktiengesellschaft,No,,requested,published-application,,,,,no,,no,,,,,,https://www.thedomains.com/2012/06/13/here-are-all-1930-applications-for-new-gtlds/,secondary-transcription-of-icann-reveal-table,complete-string-applicant-graph-plus-approved-string-changes,678
2012,2012-0658,,.gecompany,.gecompany,GE GTLD Holdings LLC,No,,requested,published-application,,,,,no,,no,,,,,,https://www.thedomains.com/2012/06/13/here-are-all-1930-applications-for-new-gtlds/,secondary-transcription-of-icann-reveal-table,complete-string-applicant-graph-plus-approved-string-changes,679
2012,2012-0659,,.ged,.ged,GED Domains LLC,No,,requested,published-application,,,,,no,,no,,,,,,https://www.thedomains.com/2012/06/13/here-are-all-1930-applications-for-new-gtlds/,secondary-transcription-of-icann-reveal-table,complete-string-applicant-graph-plus-approved-string-changes,680
2012,2012-0660,,.gent,.gent,COMBELL GROUP NV/SA,No,,requested,published-application,,,,,no,,no,,,,,,https://www.thedomains.com/2012/06/13/here-are-all-1930-applications-for-new-gtlds/,secondary-transcription-of-icann-reveal-table,complete-string-applicant-graph-plus-approved-string-changes,681
2012,2012-0661,,.genting,.genting,Resorts World Inc Pte. Ltd.,No,,requested,published-application,,,,,no,,no,,,,,,https://www.thedomains.com/2012/06/13/here-are-all-1930-applications-for-new-gtlds/,secondary-transcription-of-icann-reveal-table,complete-string-applicant-graph-plus-approved-string-changes,682
2012,2012-0662,,.george,.george,"Wal-Mart Stores, Inc.",No,,requested,published-application,,,,,no,,no,,,,,,https://www.thedomains.com/2012/06/13/here-are-all-1930-applications-for-new-gtlds/,secondary-transcription-of-icann-reveal-table,complete-string-applicant-graph-plus-approved-string-changes,683
2012,2012-0663,,.ggee,.ggee,"GMO Internet, Inc.",No,,requested,published-application,,,,,no,,no,,,,,,https://www.thedomains.com/2012/06/13/here-are-all-1930-applications-for-new-gtlds/,secondary-transcription-of-icann-reveal-table,complete-string-applicant-graph-plus-approved-string-changes,684
2012,2012-0664,,.gift,.gift,"Uniregistry, Corp.",No,,requested,published-application,,,,,yes,2012-exact-gift,no,,,,,,https://www.thedomains.com/2012/06/13/here-are-all-1930-applications-for-new-gtlds/,secondary-transcription-of-icann-reveal-table,complete-string-applicant-graph-plus-approved-string-changes,685
2012,2012-0665,,.gift,.gift,Dot Gift Limited,No,,requested,published-application,,,,,yes,2012-exact-gift,no,,,,,,https://www.thedomains.com/2012/06/13/here-are-all-1930-applications-for-new-gtlds/,secondary-transcription-of-icann-reveal-table,complete-string-applicant-graph-plus-approved-string-changes,686
2012,2012-0666,,.gifts,.gifts,"Lucy Ventures, LLC",No,,requested,published-application,,,,,yes,2012-exact-gifts,no,,,,,,https://www.thedomains.com/2012/06/13/here-are-all-1930-applications-for-new-gtlds/,secondary-transcription-of-icann-reveal-table,complete-string-applicant-graph-plus-approved-string-changes,687
2012,2012-0667,,.gifts,.gifts,"Goose Sky, LLC",No,,requested,published-application,,,,,yes,2012-exact-gifts,no,,,,,,https://www.thedomains.com/2012/06/13/here-are-all-1930-applications-for-new-gtlds/,secondary-transcription-of-icann-reveal-table,complete-string-applicant-graph-plus-approved-string-changes,688
2012,2012-0668,,.gives,.gives,United TLD Holdco Ltd.,No,,requested,published-application,,,,,no,,no,,,,,,https://www.thedomains.com/2012/06/13/here-are-all-1930-applications-for-new-gtlds/,secondary-transcription-of-icann-reveal-table,complete-string-applicant-graph-plus-approved-string-changes,689
2012,2012-0669,,.giving,.giving,Giving Limited,No,,requested,published-application,,,,,no,,no,,,,,,https://www.thedomains.com/2012/06/13/here-are-all-1930-applications-for-new-gtlds/,secondary-transcription-of-icann-reveal-table,complete-string-applicant-graph-plus-approved-string-changes,690
2012,2012-0670,,.glade,.glade,"Johnson Shareholdings, Inc.",No,,requested,published-application,,,,,no,,no,,,,,,https://www.thedomains.com/2012/06/13/here-are-all-1930-applications-for-new-gtlds/,secondary-transcription-of-icann-reveal-table,complete-string-applicant-graph-plus-approved-string-changes,691
2012,2012-0671,,.glass,.glass,"Black Cover, LLC",No,,requested,published-application,,,,,no,,no,,,,,,https://www.thedomains.com/2012/06/13/here-are-all-1930-applications-for-new-gtlds/,secondary-transcription-of-icann-reveal-table,complete-string-applicant-graph-plus-approved-string-changes,692
2012,2012-0672,,.gle,.gle,Charleston Road Registry Inc.,No,,requested,published-application,,,,,no,,no,,,,,,https://www.thedomains.com/2012/06/13/here-are-all-1930-applications-for-new-gtlds/,secondary-transcription-of-icann-reveal-table,complete-string-applicant-graph-plus-approved-string-changes,693
2012,2012-0673,,.glean,.glean,"Lifestyle Domain Holdings, Inc.",No,,requested,published-application,,,,,no,,no,,,,,,https://www.thedomains.com/2012/06/13/here-are-all-1930-applications-for-new-gtlds/,secondary-transcription-of-icann-reveal-table,complete-string-applicant-graph-plus-approved-string-changes,694
2012,2012-0674,,.global,.global,CloudNames AS,No,,requested,published-application,,,,,yes,2012-exact-global,no,,,,,,https://www.thedomains.com/2012/06/13/here-are-all-1930-applications-for-new-gtlds/,secondary-transcription-of-icann-reveal-table,complete-string-applicant-graph-plus-approved-string-changes,695
2012,2012-0675,,.global,.global,"Goose Falls, LLC",No,,requested,published-application,,,,,yes,2012-exact-global,no,,,,,,https://www.thedomains.com/2012/06/13/here-are-all-1930-applications-for-new-gtlds/,secondary-transcription-of-icann-reveal-table,complete-string-applicant-graph-plus-approved-string-changes,696
2012,2012-0676,,.globalx,.globalx,GlobalX Information Services Pty Limited,No,,requested,published-application,,,,,no,,no,,,,,,https://www.thedomains.com/2012/06/13/here-are-all-1930-applications-for-new-gtlds/,secondary-transcription-of-icann-reveal-table,complete-string-applicant-graph-plus-approved-string-changes,697
2012,2012-0677,,.globo,.globo,Globo Comunicação e Participações S.A,No,,requested,published-application,,,,,no,,no,,,,,,https://www.thedomains.com/2012/06/13/here-are-all-1930-applications-for-new-gtlds/,secondary-transcription-of-icann-reveal-table,complete-string-applicant-graph-plus-approved-string-changes,698
2012,2012-0678,,.gmail,.gmail,Charleston Road Registry Inc.,No,,requested,published-application,,,,,no,,no,,,,,,https://www.thedomains.com/2012/06/13/here-are-all-1930-applications-for-new-gtlds/,secondary-transcription-of-icann-reveal-table,complete-string-applicant-graph-plus-approved-string-changes,699
2012,2012-0679,,.gmbh,.gmbh,"Extra Dynamite, LLC",No,,requested,published-application,,,,,yes,2012-exact-gmbh,no,,,,,,https://www.thedomains.com/2012/06/13/here-are-all-1930-applications-for-new-gtlds/,secondary-transcription-of-icann-reveal-table,complete-string-applicant-graph-plus-approved-string-changes,700
2012,2012-0680,,.gmbh,.gmbh,"GMBH Registry, LLC",No,,requested,published-application,,,,,yes,2012-exact-gmbh,no,,,,,,https://www.thedomains.com/2012/06/13/here-are-all-1930-applications-for-new-gtlds/,secondary-transcription-of-icann-reveal-table,complete-string-applicant-graph-plus-approved-string-changes,701
2012,2012-0681,,.gmbh,.gmbh,InterNetWire Web-Development GmbH,No,,requested,published-application,,,,,yes,2012-exact-gmbh,no,,,,,,https://www.thedomains.com/2012/06/13/here-are-all-1930-applications-for-new-gtlds/,secondary-transcription-of-icann-reveal-table,complete-string-applicant-graph-plus-approved-string-changes,702
2012,2012-0682,,.gmbh,.gmbh,NU DOT CO LLC,No,,requested,published-application,,,,,yes,2012-exact-gmbh,no,,,,,,https://www.thedomains.com/2012/06/13/here-are-all-1930-applications-for-new-gtlds/,secondary-transcription-of-icann-reveal-table,complete-string-applicant-graph-plus-approved-string-changes,703
2012,2012-0683,,.gmbh,.gmbh,Charleston Road Registry Inc.,No,,requested,published-application,,,,,yes,2012-exact-gmbh,no,,,,,,https://www.thedomains.com/2012/06/13/here-are-all-1930-applications-for-new-gtlds/,secondary-transcription-of-icann-reveal-table,complete-string-applicant-graph-plus-approved-string-changes,704
2012,2012-0684,,.gmbh,.gmbh,TLDDOT GmbH,No,,requested,published-application,,,,,yes,2012-exact-gmbh,no,,,,,,https://www.thedomains.com/2012/06/13/here-are-all-1930-applications-for-new-gtlds/,secondary-transcription-of-icann-reveal-table,complete-string-applicant-graph-plus-approved-string-changes,705
2012,2012-0685,,.gmc,.gmc,General Motors LLC,No,,requested,published-application,,,,,no,,no,,,,,,https://www.thedomains.com/2012/06/13/here-are-all-1930-applications-for-new-gtlds/,secondary-transcription-of-icann-reveal-table,complete-string-applicant-graph-plus-approved-string-changes,706
2012,2012-0686,,.gmo,.gmo,"GMO Internet, Inc.",No,,requested,published-application,,,,,no,,no,,,,,,https://www.thedomains.com/2012/06/13/here-are-all-1930-applications-for-new-gtlds/,secondary-transcription-of-icann-reveal-table,complete-string-applicant-graph-plus-approved-string-changes,707
2012,2012-0687,,.gmx,.gmx,1&1 Mail & Media GmbH,No,,requested,published-application,,,,,no,,no,,,,,,https://www.thedomains.com/2012/06/13/here-are-all-1930-applications-for-new-gtlds/,secondary-transcription-of-icann-reveal-table,complete-string-applicant-graph-plus-approved-string-changes,708
2012,2012-0688,,.godaddy,.godaddy,"Go Daddy East, LLC",No,,requested,published-application,,,,,no,,no,,,,,,https://www.thedomains.com/2012/06/13/here-are-all-1930-applications-for-new-gtlds/,secondary-transcription-of-icann-reveal-table,complete-string-applicant-graph-plus-approved-string-changes,709
2012,2012-0689,,.gold,.gold,"June Edge, LLC",No,,requested,published-application,,,,,yes,2012-exact-gold,no,,,,,,https://www.thedomains.com/2012/06/13/here-are-all-1930-applications-for-new-gtlds/,secondary-transcription-of-icann-reveal-table,complete-string-applicant-graph-plus-approved-string-changes,710
2012,2012-0690,,.gold,.gold,WGC (IOM) Limited,No,,requested,published-application,,,,,yes,2012-exact-gold,no,,,,,,https://www.thedomains.com/2012/06/13/here-are-all-1930-applications-for-new-gtlds/,secondary-transcription-of-icann-reveal-table,complete-string-applicant-graph-plus-approved-string-changes,711
2012,2012-0691,,.goldpoint,.goldpoint,"YODOBASHI CAMERA CO.,LTD.",No,,requested,published-application,,,,,no,,no,,,,,,https://www.thedomains.com/2012/06/13/here-are-all-1930-applications-for-new-gtlds/,secondary-transcription-of-icann-reveal-table,complete-string-applicant-graph-plus-approved-string-changes,712
2012,2012-0692,,.golf,.golf,"Lone falls, LLC",No,,requested,published-application,,,,,yes,2012-exact-golf,no,,,,,,https://www.thedomains.com/2012/06/13/here-are-all-1930-applications-for-new-gtlds/,secondary-transcription-of-icann-reveal-table,complete-string-applicant-graph-plus-approved-string-changes,713
2012,2012-0693,,.golf,.golf,Dot-Golf LLC,No,,requested,published-application,,,,,yes,2012-exact-golf,no,,,,,,https://www.thedomains.com/2012/06/13/here-are-all-1930-applications-for-new-gtlds/,secondary-transcription-of-icann-reveal-table,complete-string-applicant-graph-plus-approved-string-changes,714
2012,2012-0694,,.golf,.golf,Gold Registry Limited,No,,requested,published-application,,,,,yes,2012-exact-golf,no,,,,,,https://www.thedomains.com/2012/06/13/here-are-all-1930-applications-for-new-gtlds/,secondary-transcription-of-icann-reveal-table,complete-string-applicant-graph-plus-approved-string-changes,715
2012,2012-0695,,.golf,.golf,"Fegistry, LLC",No,,requested,published-application,,,,,yes,2012-exact-golf,no,,,,,,https://www.thedomains.com/2012/06/13/here-are-all-1930-applications-for-new-gtlds/,secondary-transcription-of-icann-reveal-table,complete-string-applicant-graph-plus-approved-string-changes,716
2012,2012-0696,,.goo,.goo,Charleston Road Registry Inc.,No,,requested,published-application,,,,,yes,2012-exact-goo,no,,,,,,https://www.thedomains.com/2012/06/13/here-are-all-1930-applications-for-new-gtlds/,secondary-transcription-of-icann-reveal-table,complete-string-applicant-graph-plus-approved-string-changes,717
2012,2012-0697,,.goo,.goo,NTT Resonant Inc.,No,,requested,published-application,,,,,yes,2012-exact-goo,no,,,,,,https://www.thedomains.com/2012/06/13/here-are-all-1930-applications-for-new-gtlds/,secondary-transcription-of-icann-reveal-table,complete-string-applicant-graph-plus-approved-string-changes,718
2012,2012-0698,,.goodhands,.goodhands,Allstate Fire and Casualty Insurance Company,No,,requested,published-application,,,,,no,,no,,,,,,https://www.thedomains.com/2012/06/13/here-are-all-1930-applications-for-new-gtlds/,secondary-transcription-of-icann-reveal-table,complete-string-applicant-graph-plus-approved-string-changes,719
2012,2012-0699,,.goodyear,.goodyear,The Goodyear Tire & Rubber Company,No,,requested,published-application,,,,,no,,no,,,,,,https://www.thedomains.com/2012/06/13/here-are-all-1930-applications-for-new-gtlds/,secondary-transcription-of-icann-reveal-table,complete-string-applicant-graph-plus-approved-string-changes,720
2012,2012-0700,,.goog,.goog,Charleston Road Registry Inc.,No,,requested,published-application,,,,,no,,no,,,,,,https://www.thedomains.com/2012/06/13/here-are-all-1930-applications-for-new-gtlds/,secondary-transcription-of-icann-reveal-table,complete-string-applicant-graph-plus-approved-string-changes,721
2012,2012-0701,,.google,.google,Charleston Road Registry Inc.,No,,requested,published-application,,,,,no,,no,,,,,,https://www.thedomains.com/2012/06/13/here-are-all-1930-applications-for-new-gtlds/,secondary-transcription-of-icann-reveal-table,complete-string-applicant-graph-plus-approved-string-changes,722
2012,2012-0702,,.gop,.gop,"Republican State Leadership Committee, Inc.",No,,requested,published-application,,,,,no,,no,,,,,,https://www.thedomains.com/2012/06/13/here-are-all-1930-applications-for-new-gtlds/,secondary-transcription-of-icann-reveal-table,complete-string-applicant-graph-plus-approved-string-changes,723
2012,2012-0703,,.got,.got,Amazon EU S.à r.l.,No,,requested,published-application,,,,,no,,no,,,,,,https://www.thedomains.com/2012/06/13/here-are-all-1930-applications-for-new-gtlds/,secondary-transcription-of-icann-reveal-table,complete-string-applicant-graph-plus-approved-string-changes,724
2012,2012-0704,,.gotv,.gotv,MultiChoice Africa (Proprietary) Limited,No,,requested,published-application,,,,,no,,no,,,,,,https://www.thedomains.com/2012/06/13/here-are-all-1930-applications-for-new-gtlds/,secondary-transcription-of-icann-reveal-table,complete-string-applicant-graph-plus-approved-string-changes,725
2012,2012-0705,,.grainger,.grainger,"Grainger Registry Services, LLC",No,,requested,published-application,,,,,no,,no,,,,,,https://www.thedomains.com/2012/06/13/here-are-all-1930-applications-for-new-gtlds/,secondary-transcription-of-icann-reveal-table,complete-string-applicant-graph-plus-approved-string-changes,726
2012,2012-0706,,.graphics,.graphics,"Over Madison, LLC",No,,requested,published-application,,,,,no,,no,,,,,,https://www.thedomains.com/2012/06/13/here-are-all-1930-applications-for-new-gtlds/,secondary-transcription-of-icann-reveal-table,complete-string-applicant-graph-plus-approved-string-changes,727
2012,2012-0707,,.gratis,.gratis,"Pioneer Tigers, LLC",No,,requested,published-application,,,,,yes,2012-exact-gratis,no,,,,,,https://www.thedomains.com/2012/06/13/here-are-all-1930-applications-for-new-gtlds/,secondary-transcription-of-icann-reveal-table,complete-string-applicant-graph-plus-approved-string-changes,728
2012,2012-0708,,.gratis,.gratis,"Uniregistry, Corp.",No,,requested,published-application,,,,,yes,2012-exact-gratis,no,,,,,,https://www.thedomains.com/2012/06/13/here-are-all-1930-applications-for-new-gtlds/,secondary-transcription-of-icann-reveal-table,complete-string-applicant-graph-plus-approved-string-changes,729
2012,2012-0709,,.gree,.gree,"GREE, Inc.",No,,requested,published-application,,,,,no,,no,,,,,,https://www.thedomains.com/2012/06/13/here-are-all-1930-applications-for-new-gtlds/,secondary-transcription-of-icann-reveal-table,complete-string-applicant-graph-plus-approved-string-changes,730
2012,2012-0710,,.green,.green,Top Level Domain Holdings Limited,No,,requested,published-application,,,,,yes,2012-exact-green,no,,,,,,https://www.thedomains.com/2012/06/13/here-are-all-1930-applications-for-new-gtlds/,secondary-transcription-of-icann-reveal-table,complete-string-applicant-graph-plus-approved-string-changes,731
2012,2012-0711,,.green,.green,United TLD Holdco Ltd.,No,,requested,published-application,,,,,yes,2012-exact-green,no,,,,,,https://www.thedomains.com/2012/06/13/here-are-all-1930-applications-for-new-gtlds/,secondary-transcription-of-icann-reveal-table,complete-string-applicant-graph-plus-approved-string-changes,732
2012,2012-0712,,.green,.green,Afilias Limited,No,,requested,published-application,,,,,yes,2012-exact-green,no,,,,,,https://www.thedomains.com/2012/06/13/here-are-all-1930-applications-for-new-gtlds/,secondary-transcription-of-icann-reveal-table,complete-string-applicant-graph-plus-approved-string-changes,733
2012,2012-0713,,.green,.green,"DotGreen Community, Inc.",No,,requested,published-application,,,,,yes,2012-exact-green,no,,,,,,https://www.thedomains.com/2012/06/13/here-are-all-1930-applications-for-new-gtlds/,secondary-transcription-of-icann-reveal-table,complete-string-applicant-graph-plus-approved-string-changes,734
2012,2012-0714,,.gripe,.gripe,"Corn Sunset, LLC",No,,requested,published-application,,,,,no,,no,,,,,,https://www.thedomains.com/2012/06/13/here-are-all-1930-applications-for-new-gtlds/,secondary-transcription-of-icann-reveal-table,complete-string-applicant-graph-plus-approved-string-changes,735
2012,2012-0715,,.grocery,.grocery,Safeway Inc.,No,,requested,published-application,,,,,yes,2012-exact-grocery,no,,,,,,https://www.thedomains.com/2012/06/13/here-are-all-1930-applications-for-new-gtlds/,secondary-transcription-of-icann-reveal-table,complete-string-applicant-graph-plus-approved-string-changes,736
2012,2012-0716,,.grocery,.grocery,"Wal-Mart Stores, Inc.",No,,requested,published-application,,,,,yes,2012-exact-grocery,no,,,,,,https://www.thedomains.com/2012/06/13/here-are-all-1930-applications-for-new-gtlds/,secondary-transcription-of-icann-reveal-table,complete-string-applicant-graph-plus-approved-string-changes,737
2012,2012-0717,,.group,.group,"Top Level Design, LLC",No,,requested,published-application,,,,,yes,2012-exact-group,no,,,,,,https://www.thedomains.com/2012/06/13/here-are-all-1930-applications-for-new-gtlds/,secondary-transcription-of-icann-reveal-table,complete-string-applicant-graph-plus-approved-string-changes,738
2012,2012-0718,,.group,.group,NU DOT CO LLC,No,,requested,published-application,,,,,yes,2012-exact-group,no,,,,,,https://www.thedomains.com/2012/06/13/here-are-all-1930-applications-for-new-gtlds/,secondary-transcription-of-icann-reveal-table,complete-string-applicant-graph-plus-approved-string-changes,739
2012,2012-0719,,.group,.group,"Romeo Town, LLC",No,,requested,published-application,,,,,yes,2012-exact-group,no,,,,,,https://www.thedomains.com/2012/06/13/here-are-all-1930-applications-for-new-gtlds/,secondary-transcription-of-icann-reveal-table,complete-string-applicant-graph-plus-approved-string-changes,740
2012,2012-0720,,.group,.group,Amazon EU S.à r.l.,No,,requested,published-application,,,,,yes,2012-exact-group,no,,,,,,https://www.thedomains.com/2012/06/13/here-are-all-1930-applications-for-new-gtlds/,secondary-transcription-of-icann-reveal-table,complete-string-applicant-graph-plus-approved-string-changes,741
2012,2012-0721,,.group,.group,Tucows TLDs Inc.,No,,requested,published-application,,,,,yes,2012-exact-group,no,,,,,,https://www.thedomains.com/2012/06/13/here-are-all-1930-applications-for-new-gtlds/,secondary-transcription-of-icann-reveal-table,complete-string-applicant-graph-plus-approved-string-changes,742
2012,2012-0722,,.guardian,.guardian,Guardian News and Media Limited,No,,requested,published-application,,,,,yes,2012-exact-guardian,no,,,,,,https://www.thedomains.com/2012/06/13/here-are-all-1930-applications-for-new-gtlds/,secondary-transcription-of-icann-reveal-table,complete-string-applicant-graph-plus-approved-string-changes,743
2012,2012-0723,,.guardian,.guardian,The Guardian Life Insurance Company of America,No,,requested,published-application,,,,,yes,2012-exact-guardian,no,,,,,,https://www.thedomains.com/2012/06/13/here-are-all-1930-applications-for-new-gtlds/,secondary-transcription-of-icann-reveal-table,complete-string-applicant-graph-plus-approved-string-changes,744
2012,2012-0724,,.guardianlife,.guardianlife,The Guardian Life Insurance Company of America,No,,requested,published-application,,,,,no,,no,,,,,,https://www.thedomains.com/2012/06/13/here-are-all-1930-applications-for-new-gtlds/,secondary-transcription-of-icann-reveal-table,complete-string-applicant-graph-plus-approved-string-changes,745
2012,2012-0725,,.guardianmedia,.guardianmedia,Guardian News and Media Limited,No,,requested,published-application,,,,,no,,no,,,,,,https://www.thedomains.com/2012/06/13/here-are-all-1930-applications-for-new-gtlds/,secondary-transcription-of-icann-reveal-table,complete-string-applicant-graph-plus-approved-string-changes,746
2012,2012-0726,,.gucci,.gucci,Guccio Gucci S.p.a.,No,,requested,published-application,,,,,no,,no,,,,,,https://www.thedomains.com/2012/06/13/here-are-all-1930-applications-for-new-gtlds/,secondary-transcription-of-icann-reveal-table,complete-string-applicant-graph-plus-approved-string-changes,747
2012,2012-0727,,.guge,.guge,Charleston Road Registry Inc.,No,,requested,published-application,,,,,no,,no,,,,,,https://www.thedomains.com/2012/06/13/here-are-all-1930-applications-for-new-gtlds/,secondary-transcription-of-icann-reveal-table,complete-string-applicant-graph-plus-approved-string-changes,748
2012,2012-0728,,.guide,.guide,Top Level Domain Holdings Limited,No,,requested,published-application,,,,,yes,2012-exact-guide,no,,,,,,https://www.thedomains.com/2012/06/13/here-are-all-1930-applications-for-new-gtlds/,secondary-transcription-of-icann-reveal-table,complete-string-applicant-graph-plus-approved-string-changes,749
2012,2012-0729,,.guide,.guide,"Snow Moon, LLC",No,,requested,published-application,,,,,yes,2012-exact-guide,no,,,,,,https://www.thedomains.com/2012/06/13/here-are-all-1930-applications-for-new-gtlds/,secondary-transcription-of-icann-reveal-table,complete-string-applicant-graph-plus-approved-string-changes,750
2012,2012-0730,,.guitars,.guitars,"Uniregistry, Corp.",No,,requested,published-application,,,,,no,,no,,,,,,https://www.thedomains.com/2012/06/13/here-are-all-1930-applications-for-new-gtlds/,secondary-transcription-of-icann-reveal-table,complete-string-applicant-graph-plus-approved-string-changes,751
2012,2012-0731,,.guru,.guru,"Pioneer Cypress, LLC",No,,requested,published-application,,,,,no,,no,,,,,,https://www.thedomains.com/2012/06/13/here-are-all-1930-applications-for-new-gtlds/,secondary-transcription-of-icann-reveal-table,complete-string-applicant-graph-plus-approved-string-changes,752
2012,2012-0732,,.hair,.hair,Your Hair Limited,No,,requested,published-application,,,,,yes,2012-exact-hair,no,,,,,,https://www.thedomains.com/2012/06/13/here-are-all-1930-applications-for-new-gtlds/,secondary-transcription-of-icann-reveal-table,complete-string-applicant-graph-plus-approved-string-changes,753
2012,2012-0733,,.hair,.hair,L’Oréal,No,,requested,published-application,,,,,yes,2012-exact-hair,no,,,,,,https://www.thedomains.com/2012/06/13/here-are-all-1930-applications-for-new-gtlds/,secondary-transcription-of-icann-reveal-table,complete-string-applicant-graph-plus-approved-string-changes,754
2012,2012-0734,,.halal,.halal,Asia Green IT System Bilgisayar San. ve Tic. Ltd. Sti.,No,,requested,published-application,,,,,no,,yes,islamhalal,,,,,https://www.thedomains.com/2012/06/13/here-are-all-1930-applications-for-new-gtlds/,secondary-transcription-of-icann-reveal-table,complete-string-applicant-graph-plus-approved-string-changes,755
2012,2012-0735,,.hamburg,.hamburg,Hamburg Top-Level-Domain GmbH,No,,requested,published-application,,,,,no,,no,,,,,,https://www.thedomains.com/2012/06/13/here-are-all-1930-applications-for-new-gtlds/,secondary-transcription-of-icann-reveal-table,complete-string-applicant-graph-plus-approved-string-changes,756
2012,2012-0736,,.hangout,.hangout,Charleston Road Registry Inc.,No,,requested,published-application,,,,,no,,no,,,,,,https://www.thedomains.com/2012/06/13/here-are-all-1930-applications-for-new-gtlds/,secondary-transcription-of-icann-reveal-table,complete-string-applicant-graph-plus-approved-string-changes,757
2012,2012-0737,,.haus,.haus,"Pixie Edge, LLC",No,,requested,published-application,,,,,no,,no,,,,,,https://www.thedomains.com/2012/06/13/here-are-all-1930-applications-for-new-gtlds/,secondary-transcription-of-icann-reveal-table,complete-string-applicant-graph-plus-approved-string-changes,758
2012,2012-0738,,.hbo,.hbo,"HBO Registry Services, Inc.",No,,requested,published-application,,,,,no,,no,,,,,,https://www.thedomains.com/2012/06/13/here-are-all-1930-applications-for-new-gtlds/,secondary-transcription-of-icann-reveal-table,complete-string-applicant-graph-plus-approved-string-changes,759
2012,2012-0739,,.hdfc,.hdfc,HOUSING DEVELOPMENT FINANCE CORPORATION LIMITED,No,,requested,published-application,,,,,no,,no,,,,,,https://www.thedomains.com/2012/06/13/here-are-all-1930-applications-for-new-gtlds/,secondary-transcription-of-icann-reveal-table,complete-string-applicant-graph-plus-approved-string-changes,760
2012,2012-0740,,.hdfcbank,.hdfcbank,HDFC Bank Limited,No,,requested,published-application,,,,,no,,no,,,,,,https://www.thedomains.com/2012/06/13/here-are-all-1930-applications-for-new-gtlds/,secondary-transcription-of-icann-reveal-table,complete-string-applicant-graph-plus-approved-string-changes,761
2012,2012-0741,,.health,.health,"DotHealth, LLC",No,,requested,published-application,,,,,yes,2012-exact-health,no,,,,,,https://www.thedomains.com/2012/06/13/here-are-all-1930-applications-for-new-gtlds/,secondary-transcription-of-icann-reveal-table,complete-string-applicant-graph-plus-approved-string-changes,762
2012,2012-0742,,.health,.health,Afilias Limited,No,,requested,published-application,,,,,yes,2012-exact-health,no,,,,,,https://www.thedomains.com/2012/06/13/here-are-all-1930-applications-for-new-gtlds/,secondary-transcription-of-icann-reveal-table,complete-string-applicant-graph-plus-approved-string-changes,763
2012,2012-0743,,.health,.health,dot Health Limited,No,,requested,published-application,,,,,yes,2012-exact-health,no,,,,,,https://www.thedomains.com/2012/06/13/here-are-all-1930-applications-for-new-gtlds/,secondary-transcription-of-icann-reveal-table,complete-string-applicant-graph-plus-approved-string-changes,764
2012,2012-0744,,.health,.health,"Goose Fest, LLC",No,,requested,published-application,,,,,yes,2012-exact-health,no,,,,,,https://www.thedomains.com/2012/06/13/here-are-all-1930-applications-for-new-gtlds/,secondary-transcription-of-icann-reveal-table,complete-string-applicant-graph-plus-approved-string-changes,765
2012,2012-0745,,.healthcare,.healthcare,"Silver Glen, LLC",No,,requested,published-application,,,,,no,,no,,,,,,https://www.thedomains.com/2012/06/13/here-are-all-1930-applications-for-new-gtlds/,secondary-transcription-of-icann-reveal-table,complete-string-applicant-graph-plus-approved-string-changes,766
2012,2012-0746,,.heart,.heart,"American Heart Association, Inc.",No,,requested,published-application,,,,,no,,no,,,,,,https://www.thedomains.com/2012/06/13/here-are-all-1930-applications-for-new-gtlds/,secondary-transcription-of-icann-reveal-table,complete-string-applicant-graph-plus-approved-string-changes,767
2012,2012-0747,,.heinz,.heinz,ProMark Brands Inc.,No,,requested,published-application,,,,,no,,no,,,,,,https://www.thedomains.com/2012/06/13/here-are-all-1930-applications-for-new-gtlds/,secondary-transcription-of-icann-reveal-table,complete-string-applicant-graph-plus-approved-string-changes,768
2012,2012-0748,,.help,.help,"Uniregistry, Corp.",No,,requested,published-application,,,,,yes,2012-exact-help,no,,,,,,https://www.thedomains.com/2012/06/13/here-are-all-1930-applications-for-new-gtlds/,secondary-transcription-of-icann-reveal-table,complete-string-applicant-graph-plus-approved-string-changes,769
2012,2012-0749,,.help,.help,"Pioneer Gardens, LLC",No,,requested,published-application,,,,,yes,2012-exact-help,no,,,,,,https://www.thedomains.com/2012/06/13/here-are-all-1930-applications-for-new-gtlds/,secondary-transcription-of-icann-reveal-table,complete-string-applicant-graph-plus-approved-string-changes,770
2012,2012-0750,,.help,.help,Dot Tech LLC,No,,requested,published-application,,,,,yes,2012-exact-help,no,,,,,,https://www.thedomains.com/2012/06/13/here-are-all-1930-applications-for-new-gtlds/,secondary-transcription-of-icann-reveal-table,complete-string-applicant-graph-plus-approved-string-changes,771
2012,2012-0751,,.helsinki,.helsinki,City of Helsinki,No,,requested,published-application,,,,,no,,no,,,,,,https://www.thedomains.com/2012/06/13/here-are-all-1930-applications-for-new-gtlds/,secondary-transcription-of-icann-reveal-table,complete-string-applicant-graph-plus-approved-string-changes,772
2012,2012-0752,,.here,.here,Charleston Road Registry Inc.,No,,requested,published-application,,,,,no,,no,,,,,,https://www.thedomains.com/2012/06/13/here-are-all-1930-applications-for-new-gtlds/,secondary-transcription-of-icann-reveal-table,complete-string-applicant-graph-plus-approved-string-changes,773
2012,2012-0753,,.hermes,.hermes,HERMES INTERNATIONAL,No,,requested,published-application,,,,,no,,no,,,,,,https://www.thedomains.com/2012/06/13/here-are-all-1930-applications-for-new-gtlds/,secondary-transcription-of-icann-reveal-table,complete-string-applicant-graph-plus-approved-string-changes,774
2012,2012-0754,,.hgtv,.hgtv,"Lifestyle Domain Holdings, Inc.",No,,requested,published-application,,,,,no,,no,,,,,,https://www.thedomains.com/2012/06/13/here-are-all-1930-applications-for-new-gtlds/,secondary-transcription-of-icann-reveal-table,complete-string-applicant-graph-plus-approved-string-changes,775
2012,2012-0755,,.hilton,.hilton,HLT Stakis IP Limited,No,,requested,published-application,,,,,no,,no,,,,,,https://www.thedomains.com/2012/06/13/here-are-all-1930-applications-for-new-gtlds/,secondary-transcription-of-icann-reveal-table,complete-string-applicant-graph-plus-approved-string-changes,776
2012,2012-0756,,.hiphop,.hiphop,"Uniregistry, Corp.",No,,requested,published-application,,,,,no,,no,,,,,,https://www.thedomains.com/2012/06/13/here-are-all-1930-applications-for-new-gtlds/,secondary-transcription-of-icann-reveal-table,complete-string-applicant-graph-plus-approved-string-changes,777
2012,2012-0757,,.hisamitsu,.hisamitsu,"Hisamitsu Pharmaceutical Co.,Inc.",No,,requested,published-application,,,,,no,,no,,,,,,https://www.thedomains.com/2012/06/13/here-are-all-1930-applications-for-new-gtlds/,secondary-transcription-of-icann-reveal-table,complete-string-applicant-graph-plus-approved-string-changes,778
2012,2012-0758,,.hitachi,.hitachi,"Hitachi, Ltd.",No,,requested,published-application,,,,,no,,no,,,,,,https://www.thedomains.com/2012/06/13/here-are-all-1930-applications-for-new-gtlds/,secondary-transcription-of-icann-reveal-table,complete-string-applicant-graph-plus-approved-string-changes,779
2012,2012-0759,,.hiv,.hiv,dotHIV gemeinnuetziger e.V.,No,,requested,published-application,,,,,no,,no,,,,,,https://www.thedomains.com/2012/06/13/here-are-all-1930-applications-for-new-gtlds/,secondary-transcription-of-icann-reveal-table,complete-string-applicant-graph-plus-approved-string-changes,780
2012,2012-0760,,.hkt,.hkt,PCCW-HKT DataCom Services Limited,No,,requested,published-application,,,,,no,,no,,,,,,https://www.thedomains.com/2012/06/13/here-are-all-1930-applications-for-new-gtlds/,secondary-transcription-of-icann-reveal-table,complete-string-applicant-graph-plus-approved-string-changes,781
2012,2012-0761,,.hockey,.hockey,"Half Willow, LLC",No,,requested,published-application,,,,,yes,2012-exact-hockey,no,,,,,,https://www.thedomains.com/2012/06/13/here-are-all-1930-applications-for-new-gtlds/,secondary-transcription-of-icann-reveal-table,complete-string-applicant-graph-plus-approved-string-changes,782
2012,2012-0762,,.hockey,.hockey,dot Hockey Limited,No,,requested,published-application,,,,,yes,2012-exact-hockey,no,,,,,,https://www.thedomains.com/2012/06/13/here-are-all-1930-applications-for-new-gtlds/,secondary-transcription-of-icann-reveal-table,complete-string-applicant-graph-plus-approved-string-changes,783
2012,2012-0763,,.holdings,.holdings,"John Madison, LLC",No,,requested,published-application,,,,,no,,no,,,,,,https://www.thedomains.com/2012/06/13/here-are-all-1930-applications-for-new-gtlds/,secondary-transcription-of-icann-reveal-table,complete-string-applicant-graph-plus-approved-string-changes,784
2012,2012-0764,,.holiday,.holiday,"Goose Woods, LLC",No,,requested,published-application,,,,,no,,no,,,,,,https://www.thedomains.com/2012/06/13/here-are-all-1930-applications-for-new-gtlds/,secondary-transcription-of-icann-reveal-table,complete-string-applicant-graph-plus-approved-string-changes,785
2012,2012-0765,,.home,.home,DotHome Inc.,No,,requested,published-application,did-not-proceed,high-risk-name-collision,collision-2012,https://www.icann.org/en/board-activities-and-meetings/materials/approved-board-resolutions-regular-meeting-of-the-icann-board-04-02-2018-en,yes,2012-exact-home,no,,,,,,https://www.thedomains.com/2012/06/13/here-are-all-1930-applications-for-new-gtlds/,secondary-transcription-of-icann-reveal-table,complete-string-applicant-graph-plus-approved-string-changes,786
2012,2012-0766,,.home,.home,Charleston Road Registry Inc.,No,,requested,published-application,did-not-proceed,high-risk-name-collision,collision-2012,https://www.icann.org/en/board-activities-and-meetings/materials/approved-board-resolutions-regular-meeting-of-the-icann-board-04-02-2018-en,yes,2012-exact-home,no,,,,,,https://www.thedomains.com/2012/06/13/here-are-all-1930-applications-for-new-gtlds/,secondary-transcription-of-icann-reveal-table,complete-string-applicant-graph-plus-approved-string-changes,787
2012,2012-0767,,.home,.home,"Baxter Pike, LLC",No,,requested,published-application,did-not-proceed,high-risk-name-collision,collision-2012,https://www.icann.org/en/board-activities-and-meetings/materials/approved-board-resolutions-regular-meeting-of-the-icann-board-04-02-2018-en,yes,2012-exact-home,no,,,,,,https://www.thedomains.com/2012/06/13/here-are-all-1930-applications-for-new-gtlds/,secondary-transcription-of-icann-reveal-table,complete-string-applicant-graph-plus-approved-string-changes,788
2012,2012-0768,,.home,.home,"Uniregistry, Corp.",No,,requested,published-application,did-not-proceed,high-risk-name-collision,collision-2012,https://www.icann.org/en/board-activities-and-meetings/materials/approved-board-resolutions-regular-meeting-of-the-icann-board-04-02-2018-en,yes,2012-exact-home,no,,,,,,https://www.thedomains.com/2012/06/13/here-are-all-1930-applications-for-new-gtlds/,secondary-transcription-of-icann-reveal-table,complete-string-applicant-graph-plus-approved-string-changes,789
2012,2012-0769,,.home,.home,"Lifestyle Domain Holdings, Inc.",No,,requested,published-application,did-not-proceed,high-risk-name-collision,collision-2012,https://www.icann.org/en/board-activities-and-meetings/materials/approved-board-resolutions-regular-meeting-of-the-icann-board-04-02-2018-en,yes,2012-exact-home,no,,,,,,https://www.thedomains.com/2012/06/13/here-are-all-1930-applications-for-new-gtlds/,secondary-transcription-of-icann-reveal-table,complete-string-applicant-graph-plus-approved-string-changes,790
2012,2012-0770,,.home,.home,Top Level Domain Holdings Limited,No,,requested,published-application,did-not-proceed,high-risk-name-collision,collision-2012,https://www.icann.org/en/board-activities-and-meetings/materials/approved-board-resolutions-regular-meeting-of-the-icann-board-04-02-2018-en,yes,2012-exact-home,no,,,,,,https://www.thedomains.com/2012/06/13/here-are-all-1930-applications-for-new-gtlds/,secondary-transcription-of-icann-reveal-table,complete-string-applicant-graph-plus-approved-string-changes,791
2012,2012-0771,,.home,.home,Dot Home LLC,No,,requested,published-application,did-not-proceed,high-risk-name-collision,collision-2012,https://www.icann.org/en/board-activities-and-meetings/materials/approved-board-resolutions-regular-meeting-of-the-icann-board-04-02-2018-en,yes,2012-exact-home,no,,,,,,https://www.thedomains.com/2012/06/13/here-are-all-1930-applications-for-new-gtlds/,secondary-transcription-of-icann-reveal-table,complete-string-applicant-graph-plus-approved-string-changes,792
2012,2012-0772,,.home,.home,"Go Daddy East, LLC",No,,requested,published-application,did-not-proceed,high-risk-name-collision,collision-2012,https://www.icann.org/en/board-activities-and-meetings/materials/approved-board-resolutions-regular-meeting-of-the-icann-board-04-02-2018-en,yes,2012-exact-home,no,,,,,,https://www.thedomains.com/2012/06/13/here-are-all-1930-applications-for-new-gtlds/,secondary-transcription-of-icann-reveal-table,complete-string-applicant-graph-plus-approved-string-changes,793
2012,2012-0773,,.home,.home,Merchant Law Group LLP,No,,requested,published-application,did-not-proceed,high-risk-name-collision,collision-2012,https://www.icann.org/en/board-activities-and-meetings/materials/approved-board-resolutions-regular-meeting-of-the-icann-board-04-02-2018-en,yes,2012-exact-home,no,,,,,,https://www.thedomains.com/2012/06/13/here-are-all-1930-applications-for-new-gtlds/,secondary-transcription-of-icann-reveal-table,complete-string-applicant-graph-plus-approved-string-changes,794
2012,2012-0774,,.home,.home,.HOME REGISTRY INC.,No,,requested,published-application,did-not-proceed,high-risk-name-collision,collision-2012,https://www.icann.org/en/board-activities-and-meetings/materials/approved-board-resolutions-regular-meeting-of-the-icann-board-04-02-2018-en,yes,2012-exact-home,no,,,,,,https://www.thedomains.com/2012/06/13/here-are-all-1930-applications-for-new-gtlds/,secondary-transcription-of-icann-reveal-table,complete-string-applicant-graph-plus-approved-string-changes,795
2012,2012-0775,,.home,.home,DotHome / CGR E-Commerce Ltd,No,,requested,published-application,did-not-proceed,high-risk-name-collision,collision-2012,https://www.icann.org/en/board-activities-and-meetings/materials/approved-board-resolutions-regular-meeting-of-the-icann-board-04-02-2018-en,yes,2012-exact-home,no,,,,,,https://www.thedomains.com/2012/06/13/here-are-all-1930-applications-for-new-gtlds/,secondary-transcription-of-icann-reveal-table,complete-string-applicant-graph-plus-approved-string-changes,796
2012,2012-0776,,.homedepot,.homedepot,"Homer TLC, Inc.",No,,requested,published-application,,,,,no,,no,,,,,,https://www.thedomains.com/2012/06/13/here-are-all-1930-applications-for-new-gtlds/,secondary-transcription-of-icann-reveal-table,complete-string-applicant-graph-plus-approved-string-changes,797
2012,2012-0777,,.homegoods,.homegoods,"The TJX Companies, Inc.",No,,requested,published-application,,,,,no,,no,,,,,,https://www.thedomains.com/2012/06/13/here-are-all-1930-applications-for-new-gtlds/,secondary-transcription-of-icann-reveal-table,complete-string-applicant-graph-plus-approved-string-changes,798
2012,2012-0778,,.homes,.homes,"DERHomes, LLC",No,,requested,published-application,,,,,no,,no,,,,,,https://www.thedomains.com/2012/06/13/here-are-all-1930-applications-for-new-gtlds/,secondary-transcription-of-icann-reveal-table,complete-string-applicant-graph-plus-approved-string-changes,799
2012,2012-0779,,.homesense,.homesense,"The TJX Companies, Inc.",No,,requested,published-application,,,,,no,,no,,,,,,https://www.thedomains.com/2012/06/13/here-are-all-1930-applications-for-new-gtlds/,secondary-transcription-of-icann-reveal-table,complete-string-applicant-graph-plus-approved-string-changes,800
2012,2012-0780,,.honda,.honda,"Honda Motor Co., Ltd.",No,,requested,published-application,,,,,no,,no,,,,,,https://www.thedomains.com/2012/06/13/here-are-all-1930-applications-for-new-gtlds/,secondary-transcription-of-icann-reveal-table,complete-string-applicant-graph-plus-approved-string-changes,801
2012,2012-0781,,.honeywell,.honeywell,Honeywell GTLD LLC,No,,requested,published-application,,,,,no,,no,,,,,,https://www.thedomains.com/2012/06/13/here-are-all-1930-applications-for-new-gtlds/,secondary-transcription-of-icann-reveal-table,complete-string-applicant-graph-plus-approved-string-changes,802
2012,2012-0782,,.horse,.horse,Top Level Domain Holdings Limited,No,,requested,published-application,,,,,no,,no,,,,,,https://www.thedomains.com/2012/06/13/here-are-all-1930-applications-for-new-gtlds/,secondary-transcription-of-icann-reveal-table,complete-string-applicant-graph-plus-approved-string-changes,803
2012,2012-0783,,.hospital,.hospital,"Ruby Pike, LLC",No,,requested,published-application,,,,,no,,no,,,,,,https://www.thedomains.com/2012/06/13/here-are-all-1930-applications-for-new-gtlds/,secondary-transcription-of-icann-reveal-table,complete-string-applicant-graph-plus-approved-string-changes,804
2012,2012-0784,,.host,.host,DotHost Inc.,No,,requested,published-application,,,,,no,,no,,,,,,https://www.thedomains.com/2012/06/13/here-are-all-1930-applications-for-new-gtlds/,secondary-transcription-of-icann-reveal-table,complete-string-applicant-graph-plus-approved-string-changes,805
2012,2012-0785,,.hosting,.hosting,"Trixy Birch, LLC",No,,requested,published-application,,,,,yes,2012-exact-hosting,no,,,,,,https://www.thedomains.com/2012/06/13/here-are-all-1930-applications-for-new-gtlds/,secondary-transcription-of-icann-reveal-table,complete-string-applicant-graph-plus-approved-string-changes,806
2012,2012-0786,,.hosting,.hosting,"Uniregistry, Corp.",No,,requested,published-application,,,,,yes,2012-exact-hosting,no,,,,,,https://www.thedomains.com/2012/06/13/here-are-all-1930-applications-for-new-gtlds/,secondary-transcription-of-icann-reveal-table,complete-string-applicant-graph-plus-approved-string-changes,807
2012,2012-0787,,.hosting,.hosting,Dottransfer Inc.,No,,requested,published-application,,,,,yes,2012-exact-hosting,no,,,,,,https://www.thedomains.com/2012/06/13/here-are-all-1930-applications-for-new-gtlds/,secondary-transcription-of-icann-reveal-table,complete-string-applicant-graph-plus-approved-string-changes,808
2012,2012-0788,,.hot,.hot,dotHot LLC,No,,requested,published-application,,,,,yes,2012-exact-hot,no,,,,,,https://www.thedomains.com/2012/06/13/here-are-all-1930-applications-for-new-gtlds/,secondary-transcription-of-icann-reveal-table,complete-string-applicant-graph-plus-approved-string-changes,809
2012,2012-0789,,.hot,.hot,"Auburn Hill, LLC",No,,requested,published-application,,,,,yes,2012-exact-hot,no,,,,,,https://www.thedomains.com/2012/06/13/here-are-all-1930-applications-for-new-gtlds/,secondary-transcription-of-icann-reveal-table,complete-string-applicant-graph-plus-approved-string-changes,810
2012,2012-0790,,.hot,.hot,Amazon EU S.à r.l.,No,,requested,published-application,,,,,yes,2012-exact-hot,no,,,,,,https://www.thedomains.com/2012/06/13/here-are-all-1930-applications-for-new-gtlds/,secondary-transcription-of-icann-reveal-table,complete-string-applicant-graph-plus-approved-string-changes,811
2012,2012-0791,,.hoteis,.hoteis,Despegar Online SRL,No,,requested,published-application,,,,,yes,2012-similarity-hoteis-hotels,no,,,,,,https://www.thedomains.com/2012/06/13/here-are-all-1930-applications-for-new-gtlds/,secondary-transcription-of-icann-reveal-table,complete-string-applicant-graph-plus-approved-string-changes,812
2012,2012-0792,,.hotel,.hotel,"Spring McCook, LLC",No,,requested,published-application,,,,,yes,2012-exact-hotel,no,,,,,,https://www.thedomains.com/2012/06/13/here-are-all-1930-applications-for-new-gtlds/,secondary-transcription-of-icann-reveal-table,complete-string-applicant-graph-plus-approved-string-changes,813
2012,2012-0793,,.hotel,.hotel,HOTEL Top-Level-Domain S.a.r.l,No,,requested,published-application,,,,,yes,2012-exact-hotel,no,,,,,,https://www.thedomains.com/2012/06/13/here-are-all-1930-applications-for-new-gtlds/,secondary-transcription-of-icann-reveal-table,complete-string-applicant-graph-plus-approved-string-changes,814
2012,2012-0794,,.hotel,.hotel,DotHotel Inc.,No,,requested,published-application,,,,,yes,2012-exact-hotel,no,,,,,,https://www.thedomains.com/2012/06/13/here-are-all-1930-applications-for-new-gtlds/,secondary-transcription-of-icann-reveal-table,complete-string-applicant-graph-plus-approved-string-changes,815
2012,2012-0795,,.hotel,.hotel,"Fegistry, LLC",No,,requested,published-application,,,,,yes,2012-exact-hotel,no,,,,,,https://www.thedomains.com/2012/06/13/here-are-all-1930-applications-for-new-gtlds/,secondary-transcription-of-icann-reveal-table,complete-string-applicant-graph-plus-approved-string-changes,816
2012,2012-0796,,.hotel,.hotel,Despegar Online SRL,No,,requested,published-application,,,,,yes,2012-exact-hotel,no,,,,,,https://www.thedomains.com/2012/06/13/here-are-all-1930-applications-for-new-gtlds/,secondary-transcription-of-icann-reveal-table,complete-string-applicant-graph-plus-approved-string-changes,817
2012,2012-0797,,.hotel,.hotel,Top Level Domain Holdings Limited,No,,requested,published-application,,,,,yes,2012-exact-hotel,no,,,,,,https://www.thedomains.com/2012/06/13/here-are-all-1930-applications-for-new-gtlds/,secondary-transcription-of-icann-reveal-table,complete-string-applicant-graph-plus-approved-string-changes,818
2012,2012-0798,,.hotel,.hotel,dot Hotel Limited,No,,requested,published-application,,,,,yes,2012-exact-hotel,no,,,,,,https://www.thedomains.com/2012/06/13/here-are-all-1930-applications-for-new-gtlds/,secondary-transcription-of-icann-reveal-table,complete-string-applicant-graph-plus-approved-string-changes,819
2012,2012-0799,,.hoteles,.hoteles,Despegar Online SRL,No,,requested,published-application,,,,,no,,no,,,,,,https://www.thedomains.com/2012/06/13/here-are-all-1930-applications-for-new-gtlds/,secondary-transcription-of-icann-reveal-table,complete-string-applicant-graph-plus-approved-string-changes,820
2012,2012-0800,,.hotels,.hotels,Booking.com B.V.,No,,requested,published-application,,,,,yes,2012-similarity-hoteis-hotels,no,,,,,,https://www.thedomains.com/2012/06/13/here-are-all-1930-applications-for-new-gtlds/,secondary-transcription-of-icann-reveal-table,complete-string-applicant-graph-plus-approved-string-changes,821
2012,2012-0801,,.hotmail,.hotmail,Microsoft Corporation,No,,requested,published-application,,,,,no,,no,,,,,,https://www.thedomains.com/2012/06/13/here-are-all-1930-applications-for-new-gtlds/,secondary-transcription-of-icann-reveal-table,complete-string-applicant-graph-plus-approved-string-changes,822
2012,2012-0802,,.house,.house,"Sugar Park, LLC",No,,requested,published-application,,,,,no,,no,,,,,,https://www.thedomains.com/2012/06/13/here-are-all-1930-applications-for-new-gtlds/,secondary-transcription-of-icann-reveal-table,complete-string-applicant-graph-plus-approved-string-changes,823
2012,2012-0803,,.how,.how,Charleston Road Registry Inc.,No,,requested,published-application,,,,,no,,no,,,,,,https://www.thedomains.com/2012/06/13/here-are-all-1930-applications-for-new-gtlds/,secondary-transcription-of-icann-reveal-table,complete-string-applicant-graph-plus-approved-string-changes,824
2012,2012-0804,,.hsbc,.hsbc,HSBC Holdings PLC,No,,requested,published-application,,,,,no,,no,,,,,,https://www.thedomains.com/2012/06/13/here-are-all-1930-applications-for-new-gtlds/,secondary-transcription-of-icann-reveal-table,complete-string-applicant-graph-plus-approved-string-changes,825
2012,2012-0805,,.htc,.htc,HTC corporation,No,,requested,published-application,,,,,no,,no,,,,,,https://www.thedomains.com/2012/06/13/here-are-all-1930-applications-for-new-gtlds/,secondary-transcription-of-icann-reveal-table,complete-string-applicant-graph-plus-approved-string-changes,826
2012,2012-0806,,.hughes,.hughes,Hughes Satellite Systems Corporation,No,,requested,published-application,,,,,no,,no,,,,,,https://www.thedomains.com/2012/06/13/here-are-all-1930-applications-for-new-gtlds/,secondary-transcription-of-icann-reveal-table,complete-string-applicant-graph-plus-approved-string-changes,827
2012,2012-0807,,.hyatt,.hyatt,"Hyatt GTLD, L.L.C.",No,,requested,published-application,,,,,no,,no,,,,,,https://www.thedomains.com/2012/06/13/here-are-all-1930-applications-for-new-gtlds/,secondary-transcription-of-icann-reveal-table,complete-string-applicant-graph-plus-approved-string-changes,828
2012,2012-0808,,.hyundai,.hyundai,Hyundai Motor Company,No,,requested,published-application,,,,,no,,no,,,,,,https://www.thedomains.com/2012/06/13/here-are-all-1930-applications-for-new-gtlds/,secondary-transcription-of-icann-reveal-table,complete-string-applicant-graph-plus-approved-string-changes,829
2012,2012-0809,,.ibm,.ibm,International Business Machines Corporation,No,,requested,published-application,,,,,no,,no,,,,,,https://www.thedomains.com/2012/06/13/here-are-all-1930-applications-for-new-gtlds/,secondary-transcription-of-icann-reveal-table,complete-string-applicant-graph-plus-approved-string-changes,830
2012,2012-0810,,.icbc,.icbc,Industrial and Commercial Bank of China Limited,No,,requested,published-application,,,,,no,,no,,,,,,https://www.thedomains.com/2012/06/13/here-are-all-1930-applications-for-new-gtlds/,secondary-transcription-of-icann-reveal-table,complete-string-applicant-graph-plus-approved-string-changes,831
2012,2012-0811,,.ice,.ice,"IntercontinentalExchange, Inc.",No,,requested,published-application,,,,,no,,no,,,,,,https://www.thedomains.com/2012/06/13/here-are-all-1930-applications-for-new-gtlds/,secondary-transcription-of-icann-reveal-table,complete-string-applicant-graph-plus-approved-string-changes,832
2012,2012-0812,,.icu,.icu,One.com A/S,No,,requested,published-application,,,,,no,,no,,,,,,https://www.thedomains.com/2012/06/13/here-are-all-1930-applications-for-new-gtlds/,secondary-transcription-of-icann-reveal-table,complete-string-applicant-graph-plus-approved-string-changes,833
2012,2012-0813,,.idn,.idn,Nameshop,No,,requested,published-application,excluded-from-further-participation,applicant-support-ineligibility,support-2012,https://newgtlds.icann.org/sites/default/files/sarp-results-12mar13-en.pdf,no,,no,,,,,,https://www.thedomains.com/2012/06/13/here-are-all-1930-applications-for-new-gtlds/,secondary-transcription-of-icann-reveal-table,complete-string-applicant-graph-plus-approved-string-changes,834
2012,2012-0814,,.ieee,.ieee,IEEE Global LLC,No,,requested,published-application,,,,,no,,no,,,,,,https://www.thedomains.com/2012/06/13/here-are-all-1930-applications-for-new-gtlds/,secondary-transcription-of-icann-reveal-table,complete-string-applicant-graph-plus-approved-string-changes,835
2012,2012-0815,,.ifm,.ifm,ifm electronic gmbh,No,,requested,published-application,,,,,no,,no,,,,,,https://www.thedomains.com/2012/06/13/here-are-all-1930-applications-for-new-gtlds/,secondary-transcription-of-icann-reveal-table,complete-string-applicant-graph-plus-approved-string-changes,836
2012,2012-0816,,.iinet,.iinet,Connect West Pty. Ltd.,No,,requested,published-application,,,,,no,,no,,,,,,https://www.thedomains.com/2012/06/13/here-are-all-1930-applications-for-new-gtlds/,secondary-transcription-of-icann-reveal-table,complete-string-applicant-graph-plus-approved-string-changes,837
2012,2012-0817,,.ikano,.ikano,Ikano S.A.,No,,requested,published-application,,,,,no,,no,,,,,,https://www.thedomains.com/2012/06/13/here-are-all-1930-applications-for-new-gtlds/,secondary-transcription-of-icann-reveal-table,complete-string-applicant-graph-plus-approved-string-changes,838
2012,2012-0818,,.imamat,.imamat,Fondation Aga Khan (Aga Khan Foundation),No,,requested,published-application,,,,,no,,no,,,,,,https://www.thedomains.com/2012/06/13/here-are-all-1930-applications-for-new-gtlds/,secondary-transcription-of-icann-reveal-table,complete-string-applicant-graph-plus-approved-string-changes,839
2012,2012-0819,,.imdb,.imdb,Amazon EU S.à r.l.,No,,requested,published-application,,,,,no,,no,,,,,,https://www.thedomains.com/2012/06/13/here-are-all-1930-applications-for-new-gtlds/,secondary-transcription-of-icann-reveal-table,complete-string-applicant-graph-plus-approved-string-changes,840
2012,2012-0820,,.immo,.immo,"Auburn Bloom, LLC",No,,requested,published-application,,,,,yes,2012-exact-immo,no,,,,,,https://www.thedomains.com/2012/06/13/here-are-all-1930-applications-for-new-gtlds/,secondary-transcription-of-icann-reveal-table,complete-string-applicant-graph-plus-approved-string-changes,841
2012,2012-0821,,.immo,.immo,dotimmobilie GmbH,No,,requested,published-application,,,,,yes,2012-exact-immo,no,,,,,,https://www.thedomains.com/2012/06/13/here-are-all-1930-applications-for-new-gtlds/,secondary-transcription-of-icann-reveal-table,complete-string-applicant-graph-plus-approved-string-changes,842
2012,2012-0822,,.immo,.immo,Top Level Domain Holdings Limited,No,,requested,published-application,,,,,yes,2012-exact-immo,no,,,,,,https://www.thedomains.com/2012/06/13/here-are-all-1930-applications-for-new-gtlds/,secondary-transcription-of-icann-reveal-table,complete-string-applicant-graph-plus-approved-string-changes,843
2012,2012-0823,,.immo,.immo,STARTING DOT,No,,requested,published-application,,,,,yes,2012-exact-immo,no,,,,,,https://www.thedomains.com/2012/06/13/here-are-all-1930-applications-for-new-gtlds/,secondary-transcription-of-icann-reveal-table,complete-string-applicant-graph-plus-approved-string-changes,844
2012,2012-0824,,.immobilien,.immobilien,United TLD Holdco Ltd.,No,,requested,published-application,,,,,no,,no,,,,,,https://www.thedomains.com/2012/06/13/here-are-all-1930-applications-for-new-gtlds/,secondary-transcription-of-icann-reveal-table,complete-string-applicant-graph-plus-approved-string-changes,845
2012,2012-0825,,.inc,.inc,Top Level Domain Holdings Limited,No,,requested,published-application,,,,,yes,2012-exact-inc,no,,,,,,https://www.thedomains.com/2012/06/13/here-are-all-1930-applications-for-new-gtlds/,secondary-transcription-of-icann-reveal-table,complete-string-applicant-graph-plus-approved-string-changes,846
2012,2012-0826,,.inc,.inc,"GMO Registry, Inc.",No,,requested,published-application,,,,,yes,2012-exact-inc,no,,,,,,https://www.thedomains.com/2012/06/13/here-are-all-1930-applications-for-new-gtlds/,secondary-transcription-of-icann-reveal-table,complete-string-applicant-graph-plus-approved-string-changes,847
2012,2012-0827,,.inc,.inc,"Baxter Sunset, LLC",No,,requested,published-application,,,,,yes,2012-exact-inc,no,,,,,,https://www.thedomains.com/2012/06/13/here-are-all-1930-applications-for-new-gtlds/,secondary-transcription-of-icann-reveal-table,complete-string-applicant-graph-plus-approved-string-changes,848
2012,2012-0828,,.inc,.inc,Afilias Limited,No,,requested,published-application,,,,,yes,2012-exact-inc,no,,,,,,https://www.thedomains.com/2012/06/13/here-are-all-1930-applications-for-new-gtlds/,secondary-transcription-of-icann-reveal-table,complete-string-applicant-graph-plus-approved-string-changes,849
2012,2012-0829,,.inc,.inc,C.V. TLDcare,No,,requested,published-application,,,,,yes,2012-exact-inc,no,,,,,,https://www.thedomains.com/2012/06/13/here-are-all-1930-applications-for-new-gtlds/,secondary-transcription-of-icann-reveal-table,complete-string-applicant-graph-plus-approved-string-changes,850
2012,2012-0830,,.inc,.inc,"CNI Registry, LLC",No,,requested,published-application,,,,,yes,2012-exact-inc,no,,,,,,https://www.thedomains.com/2012/06/13/here-are-all-1930-applications-for-new-gtlds/,secondary-transcription-of-icann-reveal-table,complete-string-applicant-graph-plus-approved-string-changes,851
2012,2012-0831,,.inc,.inc,"Uniregistry, Corp.",No,,requested,published-application,,,,,yes,2012-exact-inc,no,,,,,,https://www.thedomains.com/2012/06/13/here-are-all-1930-applications-for-new-gtlds/,secondary-transcription-of-icann-reveal-table,complete-string-applicant-graph-plus-approved-string-changes,852
2012,2012-0832,,.inc,.inc,NU DOT CO LLC,No,,requested,published-application,,,,,yes,2012-exact-inc,no,,,,,,https://www.thedomains.com/2012/06/13/here-are-all-1930-applications-for-new-gtlds/,secondary-transcription-of-icann-reveal-table,complete-string-applicant-graph-plus-approved-string-changes,853
2012,2012-0833,,.inc,.inc,GTLD Limited,No,,requested,published-application,,,,,yes,2012-exact-inc,no,,,,,,https://www.thedomains.com/2012/06/13/here-are-all-1930-applications-for-new-gtlds/,secondary-transcription-of-icann-reveal-table,complete-string-applicant-graph-plus-approved-string-changes,854
2012,2012-0834,,.inc,.inc,Charleston Road Registry Inc.,No,,requested,published-application,,,,,yes,2012-exact-inc,no,,,,,,https://www.thedomains.com/2012/06/13/here-are-all-1930-applications-for-new-gtlds/,secondary-transcription-of-icann-reveal-table,complete-string-applicant-graph-plus-approved-string-changes,855
2012,2012-0835,,.inc,.inc,Dot Registry LLC,No,,requested,published-application,,,,,yes,2012-exact-inc,no,,,,,,https://www.thedomains.com/2012/06/13/here-are-all-1930-applications-for-new-gtlds/,secondary-transcription-of-icann-reveal-table,complete-string-applicant-graph-plus-approved-string-changes,856
2012,2012-0836,,.indians,.indians,Reliance Industries Limited,No,,requested,published-application,,,,,no,,no,,,,,,https://www.thedomains.com/2012/06/13/here-are-all-1930-applications-for-new-gtlds/,secondary-transcription-of-icann-reveal-table,complete-string-applicant-graph-plus-approved-string-changes,857
2012,2012-0837,,.industries,.industries,"Outer House, LLC",No,,requested,published-application,,,,,no,,no,,,,,,https://www.thedomains.com/2012/06/13/here-are-all-1930-applications-for-new-gtlds/,secondary-transcription-of-icann-reveal-table,complete-string-applicant-graph-plus-approved-string-changes,858
2012,2012-0838,,.infiniti,.infiniti,"NISSAN MOTOR CO., LTD.",No,,requested,published-application,,,,,no,,no,,,,,,https://www.thedomains.com/2012/06/13/here-are-all-1930-applications-for-new-gtlds/,secondary-transcription-of-icann-reveal-table,complete-string-applicant-graph-plus-approved-string-changes,859
2012,2012-0839,,.infosys,.infosys,Infosys Limited,No,,requested,published-application,,,,,no,,no,,,,,,https://www.thedomains.com/2012/06/13/here-are-all-1930-applications-for-new-gtlds/,secondary-transcription-of-icann-reveal-table,complete-string-applicant-graph-plus-approved-string-changes,860
2012,2012-0840,,.infy,.infy,Infosys Limited,No,,requested,published-application,,,,,no,,no,,,,,,https://www.thedomains.com/2012/06/13/here-are-all-1930-applications-for-new-gtlds/,secondary-transcription-of-icann-reveal-table,complete-string-applicant-graph-plus-approved-string-changes,861
2012,2012-0841,,.ing,.ing,Charleston Road Registry Inc.,No,,requested,published-application,,,,,no,,no,,,,,,https://www.thedomains.com/2012/06/13/here-are-all-1930-applications-for-new-gtlds/,secondary-transcription-of-icann-reveal-table,complete-string-applicant-graph-plus-approved-string-changes,862
2012,2012-0842,,.ink,.ink,"Top Level Design, LLC",No,,requested,published-application,,,,,no,,no,,,,,,https://www.thedomains.com/2012/06/13/here-are-all-1930-applications-for-new-gtlds/,secondary-transcription-of-icann-reveal-table,complete-string-applicant-graph-plus-approved-string-changes,863
2012,2012-0843,,.institute,.institute,"Outer Maple, LLC",No,,requested,published-application,,,,,no,,no,,,,,,https://www.thedomains.com/2012/06/13/here-are-all-1930-applications-for-new-gtlds/,secondary-transcription-of-icann-reveal-table,complete-string-applicant-graph-plus-approved-string-changes,864
2012,2012-0844,,.insurance,.insurance,Dotfresh Inc.,No,,requested,published-application,,,,,yes,2012-exact-insurance,no,,,,,,https://www.thedomains.com/2012/06/13/here-are-all-1930-applications-for-new-gtlds/,secondary-transcription-of-icann-reveal-table,complete-string-applicant-graph-plus-approved-string-changes,865
2012,2012-0845,,.insurance,.insurance,fTLD Registry Services LLC,No,,requested,published-application,,,,,yes,2012-exact-insurance,no,,,,,,https://www.thedomains.com/2012/06/13/here-are-all-1930-applications-for-new-gtlds/,secondary-transcription-of-icann-reveal-table,complete-string-applicant-graph-plus-approved-string-changes,866
2012,2012-0846,,.insurance,.insurance,Progressive Casualty Insurance Company,No,,requested,published-application,,,,,yes,2012-exact-insurance,no,,,,,,https://www.thedomains.com/2012/06/13/here-are-all-1930-applications-for-new-gtlds/,secondary-transcription-of-icann-reveal-table,complete-string-applicant-graph-plus-approved-string-changes,867
2012,2012-0847,,.insurance,.insurance,"Auburn Park, LLC",No,,requested,published-application,,,,,yes,2012-exact-insurance,no,,,,,,https://www.thedomains.com/2012/06/13/here-are-all-1930-applications-for-new-gtlds/,secondary-transcription-of-icann-reveal-table,complete-string-applicant-graph-plus-approved-string-changes,868
2012,2012-0848,,.insure,.insure,"Pioneer Willow, LLC",No,,requested,published-application,,,,,no,,no,,,,,,https://www.thedomains.com/2012/06/13/here-are-all-1930-applications-for-new-gtlds/,secondary-transcription-of-icann-reveal-table,complete-string-applicant-graph-plus-approved-string-changes,869
2012,2012-0849,,.intel,.intel,Intel Corporation,No,,requested,published-application,,,,,no,,no,,,,,,https://www.thedomains.com/2012/06/13/here-are-all-1930-applications-for-new-gtlds/,secondary-transcription-of-icann-reveal-table,complete-string-applicant-graph-plus-approved-string-changes,870
2012,2012-0850,,.international,.international,"Wild Way, LLC",No,,requested,published-application,,,,,no,,no,,,,,,https://www.thedomains.com/2012/06/13/here-are-all-1930-applications-for-new-gtlds/,secondary-transcription-of-icann-reveal-table,complete-string-applicant-graph-plus-approved-string-changes,871
2012,2012-0851,,.intuit,.intuit,"Intuit Administrative Services, Inc.",No,,requested,published-application,,,,,no,,no,,,,,,https://www.thedomains.com/2012/06/13/here-are-all-1930-applications-for-new-gtlds/,secondary-transcription-of-icann-reveal-table,complete-string-applicant-graph-plus-approved-string-changes,872
2012,2012-0852,,.investments,.investments,"Holly Glen, LLC",No,,requested,published-application,,,,,no,,no,,,,,,https://www.thedomains.com/2012/06/13/here-are-all-1930-applications-for-new-gtlds/,secondary-transcription-of-icann-reveal-table,complete-string-applicant-graph-plus-approved-string-changes,873
2012,2012-0853,,.ipiranga,.ipiranga,Ipiranga Produtos de Petroleo S.A.,No,,requested,published-application,,,,,no,,no,,,,,,https://www.thedomains.com/2012/06/13/here-are-all-1930-applications-for-new-gtlds/,secondary-transcription-of-icann-reveal-table,complete-string-applicant-graph-plus-approved-string-changes,874
2012,2012-0854,,.ira,.ira,Fidelity Brokerage Services LLC,No,,requested,published-application,,,,,no,,no,,,,,,https://www.thedomains.com/2012/06/13/here-are-all-1930-applications-for-new-gtlds/,secondary-transcription-of-icann-reveal-table,complete-string-applicant-graph-plus-approved-string-changes,875
2012,2012-0855,,.irish,.irish,Dot-Irish LLC,No,,requested,published-application,,,,,no,,no,,,,,,https://www.thedomains.com/2012/06/13/here-are-all-1930-applications-for-new-gtlds/,secondary-transcription-of-icann-reveal-table,complete-string-applicant-graph-plus-approved-string-changes,876
2012,2012-0856,,.iselect,.iselect,iSelect Ltd,No,,requested,published-application,,,,,no,,no,,,,,,https://www.thedomains.com/2012/06/13/here-are-all-1930-applications-for-new-gtlds/,secondary-transcription-of-icann-reveal-table,complete-string-applicant-graph-plus-approved-string-changes,877
2012,2012-0857,,.islam,.islam,Asia Green IT System Bilgisayar San. ve Tic. Ltd. Sti.,No,,requested,published-application,,,,,no,,yes,islamhalal,,,,,https://www.thedomains.com/2012/06/13/here-are-all-1930-applications-for-new-gtlds/,secondary-transcription-of-icann-reveal-table,complete-string-applicant-graph-plus-approved-string-changes,878
2012,2012-0858,,.ismaili,.ismaili,Fondation Aga Khan (Aga Khan Foundation),No,,requested,published-application,,,,,no,,no,,,,,,https://www.thedomains.com/2012/06/13/here-are-all-1930-applications-for-new-gtlds/,secondary-transcription-of-icann-reveal-table,complete-string-applicant-graph-plus-approved-string-changes,879
2012,2012-0859,,.ist,.ist,Istanbul Metropolitan Municipality,No,,requested,published-application,,,,,no,,no,,,,,,https://www.thedomains.com/2012/06/13/here-are-all-1930-applications-for-new-gtlds/,secondary-transcription-of-icann-reveal-table,complete-string-applicant-graph-plus-approved-string-changes,880
2012,2012-0860,,.istanbul,.istanbul,Istanbul Metropolitan Municipality,No,,requested,published-application,,,,,no,,no,,,,,,https://www.thedomains.com/2012/06/13/here-are-all-1930-applications-for-new-gtlds/,secondary-transcription-of-icann-reveal-table,complete-string-applicant-graph-plus-approved-string-changes,881
2012,2012-0861,,.itau,.itau,Itau Unibanco Holding S.A.,No,,requested,published-application,,,,,no,,no,,,,,,https://www.thedomains.com/2012/06/13/here-are-all-1930-applications-for-new-gtlds/,secondary-transcription-of-icann-reveal-table,complete-string-applicant-graph-plus-approved-string-changes,882
2012,2012-0862,,.itv,.itv,ITV Services Limited,No,,requested,published-application,,,,,no,,no,,,,,,https://www.thedomains.com/2012/06/13/here-are-all-1930-applications-for-new-gtlds/,secondary-transcription-of-icann-reveal-table,complete-string-applicant-graph-plus-approved-string-changes,883
2012,2012-0863,,.iveco,.iveco,Fiat Industrial S.p.A (società per azioni),No,,requested,published-application,,,,,no,,no,,,,,,https://www.thedomains.com/2012/06/13/here-are-all-1930-applications-for-new-gtlds/,secondary-transcription-of-icann-reveal-table,complete-string-applicant-graph-plus-approved-string-changes,884
2012,2012-0864,,.iwc,.iwc,Richemont DNS Inc.,No,,requested,published-application,,,,,no,,no,,,,,,https://www.thedomains.com/2012/06/13/here-are-all-1930-applications-for-new-gtlds/,secondary-transcription-of-icann-reveal-table,complete-string-applicant-graph-plus-approved-string-changes,885
2012,2012-0865,,.jaguar,.jaguar,Jaguar Cars Limited,No,,requested,published-application,,,,,no,,no,,,,,,https://www.thedomains.com/2012/06/13/here-are-all-1930-applications-for-new-gtlds/,secondary-transcription-of-icann-reveal-table,complete-string-applicant-graph-plus-approved-string-changes,886
2012,2012-0866,,.java,.java,Oracle Corporation,No,,requested,published-application,,,,,no,,no,,,,,,https://www.thedomains.com/2012/06/13/here-are-all-1930-applications-for-new-gtlds/,secondary-transcription-of-icann-reveal-table,complete-string-applicant-graph-plus-approved-string-changes,887
2012,2012-0867,,.jcb,.jcb,"JCB Co., Ltd.",No,,requested,published-application,,,,,no,,no,,,,,,https://www.thedomains.com/2012/06/13/here-are-all-1930-applications-for-new-gtlds/,secondary-transcription-of-icann-reveal-table,complete-string-applicant-graph-plus-approved-string-changes,888
2012,2012-0868,,.jcp,.jcp,"JCP Media, Inc.",No,,requested,published-application,,,,,no,,no,,,,,,https://www.thedomains.com/2012/06/13/here-are-all-1930-applications-for-new-gtlds/,secondary-transcription-of-icann-reveal-table,complete-string-applicant-graph-plus-approved-string-changes,889
2012,2012-0869,,.jeep,.jeep,Chrysler Group LLC.,No,,requested,published-application,,,,,no,,no,,,,,,https://www.thedomains.com/2012/06/13/here-are-all-1930-applications-for-new-gtlds/,secondary-transcription-of-icann-reveal-table,complete-string-applicant-graph-plus-approved-string-changes,890
2012,2012-0870,,.jetzt,.jetzt,New TLD Company AB,No,,requested,published-application,,,,,no,,no,,,,,,https://www.thedomains.com/2012/06/13/here-are-all-1930-applications-for-new-gtlds/,secondary-transcription-of-icann-reveal-table,complete-string-applicant-graph-plus-approved-string-changes,891
2012,2012-0871,,.jewelry,.jewelry,"Wild Bloom, LLC",No,,requested,published-application,,,,,yes,2012-exact-jewelry,no,,,,,,https://www.thedomains.com/2012/06/13/here-are-all-1930-applications-for-new-gtlds/,secondary-transcription-of-icann-reveal-table,complete-string-applicant-graph-plus-approved-string-changes,892
2012,2012-0872,,.jewelry,.jewelry,Richemont DNS Inc.,No,,requested,published-application,,,,,yes,2012-exact-jewelry,no,,,,,,https://www.thedomains.com/2012/06/13/here-are-all-1930-applications-for-new-gtlds/,secondary-transcription-of-icann-reveal-table,complete-string-applicant-graph-plus-approved-string-changes,893
2012,2012-0873,,.jio,.jio,"Affinity Names, Inc.",No,,requested,published-application,,,,,no,,no,,,,,,https://www.thedomains.com/2012/06/13/here-are-all-1930-applications-for-new-gtlds/,secondary-transcription-of-icann-reveal-table,complete-string-applicant-graph-plus-approved-string-changes,894
2012,2012-0874,,.jlc,.jlc,Richemont DNS Inc.,No,,requested,published-application,,,,,no,,no,,,,,,https://www.thedomains.com/2012/06/13/here-are-all-1930-applications-for-new-gtlds/,secondary-transcription-of-icann-reveal-table,complete-string-applicant-graph-plus-approved-string-changes,895
2012,2012-0875,,.jll,.jll,Jones Lang LaSalle Incorporated,No,,requested,published-application,,,,,no,,no,,,,,,https://www.thedomains.com/2012/06/13/here-are-all-1930-applications-for-new-gtlds/,secondary-transcription-of-icann-reveal-table,complete-string-applicant-graph-plus-approved-string-changes,896
2012,2012-0876,,.jmp,.jmp,Matrix IP LLC,No,,requested,published-application,,,,,no,,no,,,,,,https://www.thedomains.com/2012/06/13/here-are-all-1930-applications-for-new-gtlds/,secondary-transcription-of-icann-reveal-table,complete-string-applicant-graph-plus-approved-string-changes,897
2012,2012-0877,,.jnj,.jnj,"Johnson & Johnson Services, Inc.",No,,requested,published-application,,,,,no,,no,,,,,,https://www.thedomains.com/2012/06/13/here-are-all-1930-applications-for-new-gtlds/,secondary-transcription-of-icann-reveal-table,complete-string-applicant-graph-plus-approved-string-changes,898
2012,2012-0878,,.joburg,.joburg,UniForum SA (NPC) trading as ZA Central Registry,No,,requested,published-application,,,,,no,,no,,,,,,https://www.thedomains.com/2012/06/13/here-are-all-1930-applications-for-new-gtlds/,secondary-transcription-of-icann-reveal-table,complete-string-applicant-graph-plus-approved-string-changes,899
2012,2012-0879,,.jot,.jot,Amazon EU S.à r.l.,No,,requested,published-application,,,,,no,,no,,,,,,https://www.thedomains.com/2012/06/13/here-are-all-1930-applications-for-new-gtlds/,secondary-transcription-of-icann-reveal-table,complete-string-applicant-graph-plus-approved-string-changes,900
2012,2012-0880,,.joy,.joy,Amazon EU S.à r.l.,No,,requested,published-application,,,,,no,,no,,,,,,https://www.thedomains.com/2012/06/13/here-are-all-1930-applications-for-new-gtlds/,secondary-transcription-of-icann-reveal-table,complete-string-applicant-graph-plus-approved-string-changes,901
2012,2012-0881,,.jpmorgan,.jpmorgan,JPMorgan Chase & Co.,No,,requested,published-application,,,,,no,,no,,,,,,https://www.thedomains.com/2012/06/13/here-are-all-1930-applications-for-new-gtlds/,secondary-transcription-of-icann-reveal-table,complete-string-applicant-graph-plus-approved-string-changes,902
2012,2012-0882,,.jpmorganchase,.jpmorganchase,JPMorgan Chase & Co.,No,,requested,published-application,,,,,no,,no,,,,,,https://www.thedomains.com/2012/06/13/here-are-all-1930-applications-for-new-gtlds/,secondary-transcription-of-icann-reveal-table,complete-string-applicant-graph-plus-approved-string-changes,903
2012,2012-0883,,.jprs,.jprs,"Japan Registry Services Co., Ltd.",No,,requested,published-application,,,,,no,,no,,,,,,https://www.thedomains.com/2012/06/13/here-are-all-1930-applications-for-new-gtlds/,secondary-transcription-of-icann-reveal-table,complete-string-applicant-graph-plus-approved-string-changes,904
2012,2012-0884,,.juegos,.juegos,"Uniregistry, Corp.",No,,requested,published-application,,,,,yes,2012-exact-juegos,no,,,,,,https://www.thedomains.com/2012/06/13/here-are-all-1930-applications-for-new-gtlds/,secondary-transcription-of-icann-reveal-table,complete-string-applicant-graph-plus-approved-string-changes,905
2012,2012-0885,,.juegos,.juegos,"Goose Gardens, LLC",No,,requested,published-application,,,,,yes,2012-exact-juegos,no,,,,,,https://www.thedomains.com/2012/06/13/here-are-all-1930-applications-for-new-gtlds/,secondary-transcription-of-icann-reveal-table,complete-string-applicant-graph-plus-approved-string-changes,906
2012,2012-0886,,.juniper,.juniper,"JUNIPER NETWORKS, INC.",No,,requested,published-application,,,,,no,,no,,,,,,https://www.thedomains.com/2012/06/13/here-are-all-1930-applications-for-new-gtlds/,secondary-transcription-of-icann-reveal-table,complete-string-applicant-graph-plus-approved-string-changes,907
2012,2012-0887,,.justforu,.justforu,Safeway Inc.,No,,requested,published-application,,,,,no,,no,,,,,,https://www.thedomains.com/2012/06/13/here-are-all-1930-applications-for-new-gtlds/,secondary-transcription-of-icann-reveal-table,complete-string-applicant-graph-plus-approved-string-changes,908
2012,2012-0888,,.kaufen,.kaufen,United TLD Holdco Ltd.,No,,requested,published-application,,,,,no,,no,,,,,,https://www.thedomains.com/2012/06/13/here-are-all-1930-applications-for-new-gtlds/,secondary-transcription-of-icann-reveal-table,complete-string-applicant-graph-plus-approved-string-changes,909
2012,2012-0889,,.kddi,.kddi,KDDI CORPORATION,No,,requested,published-application,,,,,no,,no,,,,,,https://www.thedomains.com/2012/06/13/here-are-all-1930-applications-for-new-gtlds/,secondary-transcription-of-icann-reveal-table,complete-string-applicant-graph-plus-approved-string-changes,910
2012,2012-0890,,.kerastase,.kerastase,L’Oréal,No,,requested,published-application,,,,,no,,no,,,,,,https://www.thedomains.com/2012/06/13/here-are-all-1930-applications-for-new-gtlds/,secondary-transcription-of-icann-reveal-table,complete-string-applicant-graph-plus-approved-string-changes,911
2012,2012-0891,,.kerryhotels,.kerryhotels,Kerry Trading Co. Limited,No,,requested,published-application,,,,,no,,no,,,,,,https://www.thedomains.com/2012/06/13/here-are-all-1930-applications-for-new-gtlds/,secondary-transcription-of-icann-reveal-table,complete-string-applicant-graph-plus-approved-string-changes,912
2012,2012-0892,1-928-31367,.kerrylogisitics,.kerrylogisitics,Kerry Trading Co. Limited,No,,requested,published-application,,,,,no,,no,,.kerrylogistics,.kerrylogistics,approved spelling correction: .kerrylogisitics → .kerrylogistics,https://itp.cdn.icann.org/en/files/board-committee-meetings/briefing-materials/briefing-materials-4-18may13-en.pdf,https://www.thedomains.com/2012/06/13/here-are-all-1930-applications-for-new-gtlds/,secondary-transcription-of-icann-reveal-table,complete-string-applicant-graph-plus-approved-string-changes,913
2012,2012-0893,,.kerryproperties,.kerryproperties,Kerry Trading Co. Limited,No,,requested,published-application,,,,,no,,no,,,,,,https://www.thedomains.com/2012/06/13/here-are-all-1930-applications-for-new-gtlds/,secondary-transcription-of-icann-reveal-table,complete-string-applicant-graph-plus-approved-string-changes,914
2012,2012-0894,,.ketchup,.ketchup,ProMark Brands Inc.,No,,requested,published-application,,,,,no,,no,,,,,,https://www.thedomains.com/2012/06/13/here-are-all-1930-applications-for-new-gtlds/,secondary-transcription-of-icann-reveal-table,complete-string-applicant-graph-plus-approved-string-changes,915
2012,2012-0895,,.kfh,.kfh,Kuwait Finance House,No,,requested,published-application,,,,,no,,no,,,,,,https://www.thedomains.com/2012/06/13/here-are-all-1930-applications-for-new-gtlds/,secondary-transcription-of-icann-reveal-table,complete-string-applicant-graph-plus-approved-string-changes,916
2012,2012-0896,,.kia,.kia,KIA MOTORS CORPORATION,No,,requested,published-application,,,,,no,,no,,,,,,https://www.thedomains.com/2012/06/13/here-are-all-1930-applications-for-new-gtlds/,secondary-transcription-of-icann-reveal-table,complete-string-applicant-graph-plus-approved-string-changes,917
2012,2012-0897,,.kid,.kid,Charleston Road Registry Inc.,No,,requested,published-application,,,,,no,,no,,,,,,https://www.thedomains.com/2012/06/13/here-are-all-1930-applications-for-new-gtlds/,secondary-transcription-of-icann-reveal-table,complete-string-applicant-graph-plus-approved-string-changes,918
2012,2012-0898,,.kids,.kids,DotKids Foundation Limited,No,,requested,published-application,,,,,yes,2012-exact-kids,no,,,,,,https://www.thedomains.com/2012/06/13/here-are-all-1930-applications-for-new-gtlds/,secondary-transcription-of-icann-reveal-table,complete-string-applicant-graph-plus-approved-string-changes,919
2012,2012-0899,,.kids,.kids,Amazon EU S.à r.l.,No,,requested,published-application,,,,,yes,2012-exact-kids,no,,,,,,https://www.thedomains.com/2012/06/13/here-are-all-1930-applications-for-new-gtlds/,secondary-transcription-of-icann-reveal-table,complete-string-applicant-graph-plus-approved-string-changes,920
2012,2012-0900,,.kiehls,.kiehls,L’Oréal,No,,requested,published-application,,,,,no,,no,,,,,,https://www.thedomains.com/2012/06/13/here-are-all-1930-applications-for-new-gtlds/,secondary-transcription-of-icann-reveal-table,complete-string-applicant-graph-plus-approved-string-changes,921
2012,2012-0901,,.kim,.kim,Afilias Limited,No,,requested,published-application,,,,,no,,no,,,,,,https://www.thedomains.com/2012/06/13/here-are-all-1930-applications-for-new-gtlds/,secondary-transcription-of-icann-reveal-table,complete-string-applicant-graph-plus-approved-string-changes,922
2012,2012-0902,,.kinder,.kinder,Ferrero Trading Lux S.A.,No,,requested,published-application,,,,,no,,no,,,,,,https://www.thedomains.com/2012/06/13/here-are-all-1930-applications-for-new-gtlds/,secondary-transcription-of-icann-reveal-table,complete-string-applicant-graph-plus-approved-string-changes,923
2012,2012-0903,,.kindle,.kindle,Amazon EU S.à r.l.,No,,requested,published-application,,,,,no,,no,,,,,,https://www.thedomains.com/2012/06/13/here-are-all-1930-applications-for-new-gtlds/,secondary-transcription-of-icann-reveal-table,complete-string-applicant-graph-plus-approved-string-changes,924
2012,2012-0904,,.kitchen,.kitchen,"Just Goodbye, LLC",No,,requested,published-application,,,,,no,,no,,,,,,https://www.thedomains.com/2012/06/13/here-are-all-1930-applications-for-new-gtlds/,secondary-transcription-of-icann-reveal-table,complete-string-applicant-graph-plus-approved-string-changes,925
2012,2012-0905,,.kiwi,.kiwi,DOT KIWI LIMITED,No,,requested,published-application,,,,,no,,no,,,,,,https://www.thedomains.com/2012/06/13/here-are-all-1930-applications-for-new-gtlds/,secondary-transcription-of-icann-reveal-table,complete-string-applicant-graph-plus-approved-string-changes,926
2012,2012-0906,,.koeln,.koeln,NetCologne Gesellschaft für Telekommunikation mbH,No,,requested,published-application,,,,,no,,no,,,,,,https://www.thedomains.com/2012/06/13/here-are-all-1930-applications-for-new-gtlds/,secondary-transcription-of-icann-reveal-table,complete-string-applicant-graph-plus-approved-string-changes,927
2012,2012-0907,,.komatsu,.komatsu,Komatsu Ltd.,No,,requested,published-application,,,,,no,,no,,,,,,https://www.thedomains.com/2012/06/13/here-are-all-1930-applications-for-new-gtlds/,secondary-transcription-of-icann-reveal-table,complete-string-applicant-graph-plus-approved-string-changes,928
2012,2012-0908,,.konami,.konami,KONAMI CORPORATION,No,,requested,published-application,,,,,no,,no,,,,,,https://www.thedomains.com/2012/06/13/here-are-all-1930-applications-for-new-gtlds/,secondary-transcription-of-icann-reveal-table,complete-string-applicant-graph-plus-approved-string-changes,929
2012,2012-0909,,.kone,.kone,KONE Corporation,No,,requested,published-application,,,,,no,,no,,,,,,https://www.thedomains.com/2012/06/13/here-are-all-1930-applications-for-new-gtlds/,secondary-transcription-of-icann-reveal-table,complete-string-applicant-graph-plus-approved-string-changes,930
2012,2012-0910,,.kosher,.kosher,Kosher Marketing Assets LLC,No,,requested,published-application,,,,,no,,no,,,,,,https://www.thedomains.com/2012/06/13/here-are-all-1930-applications-for-new-gtlds/,secondary-transcription-of-icann-reveal-table,complete-string-applicant-graph-plus-approved-string-changes,931
2012,2012-0911,,.kpmg,.kpmg,KPMG International Cooperative (KPMG International Genossenschaft),No,,requested,published-application,,,,,no,,no,,,,,,https://www.thedomains.com/2012/06/13/here-are-all-1930-applications-for-new-gtlds/,secondary-transcription-of-icann-reveal-table,complete-string-applicant-graph-plus-approved-string-changes,932
2012,2012-0912,,.kpn,.kpn,Koninklijke KPN N.V.,No,,requested,published-application,,,,,no,,no,,,,,,https://www.thedomains.com/2012/06/13/here-are-all-1930-applications-for-new-gtlds/,secondary-transcription-of-icann-reveal-table,complete-string-applicant-graph-plus-approved-string-changes,933
2012,2012-0913,,.krd,.krd,KRG Department of Information Technology,No,,requested,published-application,,,,,no,,no,,,,,,https://www.thedomains.com/2012/06/13/here-are-all-1930-applications-for-new-gtlds/,secondary-transcription-of-icann-reveal-table,complete-string-applicant-graph-plus-approved-string-changes,934
2012,2012-0914,,.kred,.kred,KredTLD Pty Ltd,No,,requested,published-application,,,,,no,,no,,,,,,https://www.thedomains.com/2012/06/13/here-are-all-1930-applications-for-new-gtlds/,secondary-transcription-of-icann-reveal-table,complete-string-applicant-graph-plus-approved-string-changes,935
2012,2012-0915,,.ksb,.ksb,KSB Aktiengesellschaft,No,,requested,published-application,,,,,no,,no,,,,,,https://www.thedomains.com/2012/06/13/here-are-all-1930-applications-for-new-gtlds/,secondary-transcription-of-icann-reveal-table,complete-string-applicant-graph-plus-approved-string-changes,936
2012,2012-0916,,.kuokgroup,.kuokgroup,Kerry Trading Co. Limited,No,,requested,published-application,,,,,no,,no,,,,,,https://www.thedomains.com/2012/06/13/here-are-all-1930-applications-for-new-gtlds/,secondary-transcription-of-icann-reveal-table,complete-string-applicant-graph-plus-approved-string-changes,937
2012,2012-0917,,.kyknet,.kyknet,Electronic Media Network Limited (M-Net),No,,requested,published-application,,,,,no,,no,,,,,,https://www.thedomains.com/2012/06/13/here-are-all-1930-applications-for-new-gtlds/,secondary-transcription-of-icann-reveal-table,complete-string-applicant-graph-plus-approved-string-changes,938
2012,2012-0918,,.kyoto,.kyoto,Academic Institution: Kyoto Jyoho Gakuen,No,,requested,published-application,,,,,no,,no,,,,,,https://www.thedomains.com/2012/06/13/here-are-all-1930-applications-for-new-gtlds/,secondary-transcription-of-icann-reveal-table,complete-string-applicant-graph-plus-approved-string-changes,939
2012,2012-0919,,.lacaixa,.lacaixa,CAIXA D’ESTALVIS I PENSIONS DE BARCELONA,No,,requested,published-application,,,,,no,,no,,,,,,https://www.thedomains.com/2012/06/13/here-are-all-1930-applications-for-new-gtlds/,secondary-transcription-of-icann-reveal-table,complete-string-applicant-graph-plus-approved-string-changes,940
2012,2012-0920,,.ladbrokes,.ladbrokes,LADBROKES INTERNATIONAL PLC,No,,requested,published-application,,,,,no,,no,,,,,,https://www.thedomains.com/2012/06/13/here-are-all-1930-applications-for-new-gtlds/,secondary-transcription-of-icann-reveal-table,complete-string-applicant-graph-plus-approved-string-changes,941
2012,2012-0921,,.lamborghini,.lamborghini,Automobili Lamborghini S.p.A.,No,,requested,published-application,,,,,no,,no,,,,,,https://www.thedomains.com/2012/06/13/here-are-all-1930-applications-for-new-gtlds/,secondary-transcription-of-icann-reveal-table,complete-string-applicant-graph-plus-approved-string-changes,942
2012,2012-0922,,.lamer,.lamer,ELC Online Inc.,No,,requested,published-application,,,,,no,,no,,,,,,https://www.thedomains.com/2012/06/13/here-are-all-1930-applications-for-new-gtlds/,secondary-transcription-of-icann-reveal-table,complete-string-applicant-graph-plus-approved-string-changes,943
2012,2012-0923,,.lancaster,.lancaster,LANCASTER,No,,requested,published-application,,,,,no,,no,,,,,,https://www.thedomains.com/2012/06/13/here-are-all-1930-applications-for-new-gtlds/,secondary-transcription-of-icann-reveal-table,complete-string-applicant-graph-plus-approved-string-changes,944
2012,2012-0924,,.lancia,.lancia,Fiat S.p.A. (“società per azioni”),No,,requested,published-application,,,,,no,,no,,,,,,https://www.thedomains.com/2012/06/13/here-are-all-1930-applications-for-new-gtlds/,secondary-transcription-of-icann-reveal-table,complete-string-applicant-graph-plus-approved-string-changes,945
2012,2012-0925,,.lancome,.lancome,L’Oréal,No,,requested,published-application,,,,,no,,no,,,,,,https://www.thedomains.com/2012/06/13/here-are-all-1930-applications-for-new-gtlds/,secondary-transcription-of-icann-reveal-table,complete-string-applicant-graph-plus-approved-string-changes,946
2012,2012-0926,,.land,.land,"Pine Moon, LLC",No,,requested,published-application,,,,,no,,no,,,,,,https://www.thedomains.com/2012/06/13/here-are-all-1930-applications-for-new-gtlds/,secondary-transcription-of-icann-reveal-table,complete-string-applicant-graph-plus-approved-string-changes,947
2012,2012-0927,,.landrover,.landrover,Land Rover,No,,requested,published-application,,,,,no,,no,,,,,,https://www.thedomains.com/2012/06/13/here-are-all-1930-applications-for-new-gtlds/,secondary-transcription-of-icann-reveal-table,complete-string-applicant-graph-plus-approved-string-changes,948
2012,2012-0928,,.lanxess,.lanxess,LANXESS Corporation,No,,requested,published-application,,,,,no,,no,,,,,,https://www.thedomains.com/2012/06/13/here-are-all-1930-applications-for-new-gtlds/,secondary-transcription-of-icann-reveal-table,complete-string-applicant-graph-plus-approved-string-changes,949
2012,2012-0929,,.lasalle,.lasalle,Jones Lang LaSalle Incorporated,No,,requested,published-application,,,,,no,,no,,,,,,https://www.thedomains.com/2012/06/13/here-are-all-1930-applications-for-new-gtlds/,secondary-transcription-of-icann-reveal-table,complete-string-applicant-graph-plus-approved-string-changes,950
2012,2012-0930,,.lat,.lat,ECOM-LAC Federaciòn de Latinoamèrica y el Caribe para Internet y el Comercio Electrònico,No,,requested,published-application,,,,,no,,no,,,,,,https://www.thedomains.com/2012/06/13/here-are-all-1930-applications-for-new-gtlds/,secondary-transcription-of-icann-reveal-table,complete-string-applicant-graph-plus-approved-string-changes,951
2012,2012-0931,,.latino,.latino,Dish DBS Corporation,No,,requested,published-application,,,,,yes,2012-exact-latino,no,,,,,,https://www.thedomains.com/2012/06/13/here-are-all-1930-applications-for-new-gtlds/,secondary-transcription-of-icann-reveal-table,complete-string-applicant-graph-plus-approved-string-changes,952
2012,2012-0932,,.latino,.latino,Top Level Domain Holdings Limited,No,,requested,published-application,,,,,yes,2012-exact-latino,no,,,,,,https://www.thedomains.com/2012/06/13/here-are-all-1930-applications-for-new-gtlds/,secondary-transcription-of-icann-reveal-table,complete-string-applicant-graph-plus-approved-string-changes,953
2012,2012-0933,,.latrobe,.latrobe,La Trobe University,No,,requested,published-application,,,,,no,,no,,,,,,https://www.thedomains.com/2012/06/13/here-are-all-1930-applications-for-new-gtlds/,secondary-transcription-of-icann-reveal-table,complete-string-applicant-graph-plus-approved-string-changes,954
2012,2012-0934,,.law,.law,Dotmaker Inc.,No,,requested,published-application,,,,,yes,2012-exact-law,no,,,,,,https://www.thedomains.com/2012/06/13/here-are-all-1930-applications-for-new-gtlds/,secondary-transcription-of-icann-reveal-table,complete-string-applicant-graph-plus-approved-string-changes,955
2012,2012-0935,,.law,.law,NU DOT CO LLC,No,,requested,published-application,,,,,yes,2012-exact-law,no,,,,,,https://www.thedomains.com/2012/06/13/here-are-all-1930-applications-for-new-gtlds/,secondary-transcription-of-icann-reveal-table,complete-string-applicant-graph-plus-approved-string-changes,956
2012,2012-0936,,.law,.law,Silver Registry Limited,No,,requested,published-application,,,,,yes,2012-exact-law,no,,,,,,https://www.thedomains.com/2012/06/13/here-are-all-1930-applications-for-new-gtlds/,secondary-transcription-of-icann-reveal-table,complete-string-applicant-graph-plus-approved-string-changes,957
2012,2012-0937,,.law,.law,Top Level Domain Holdings Limited,No,,requested,published-application,,,,,yes,2012-exact-law,no,,,,,,https://www.thedomains.com/2012/06/13/here-are-all-1930-applications-for-new-gtlds/,secondary-transcription-of-icann-reveal-table,complete-string-applicant-graph-plus-approved-string-changes,958
2012,2012-0938,,.law,.law,Merchant Law Group LLP,No,,requested,published-application,,,,,yes,2012-exact-law,no,,,,,,https://www.thedomains.com/2012/06/13/here-are-all-1930-applications-for-new-gtlds/,secondary-transcription-of-icann-reveal-table,complete-string-applicant-graph-plus-approved-string-changes,959
2012,2012-0939,,.law,.law,"Corn Dynamite, LLC",No,,requested,published-application,,,,,yes,2012-exact-law,no,,,,,,https://www.thedomains.com/2012/06/13/here-are-all-1930-applications-for-new-gtlds/,secondary-transcription-of-icann-reveal-table,complete-string-applicant-graph-plus-approved-string-changes,960
2012,2012-0940,,.lawyer,.lawyer,"Atomic Station, LLC",No,,requested,published-application,,,,,yes,2012-exact-lawyer,no,,,,,,https://www.thedomains.com/2012/06/13/here-are-all-1930-applications-for-new-gtlds/,secondary-transcription-of-icann-reveal-table,complete-string-applicant-graph-plus-approved-string-changes,961
2012,2012-0941,,.lawyer,.lawyer,Top Level Domain Holdings Limited,No,,requested,published-application,,,,,yes,2012-exact-lawyer,no,,,,,,https://www.thedomains.com/2012/06/13/here-are-all-1930-applications-for-new-gtlds/,secondary-transcription-of-icann-reveal-table,complete-string-applicant-graph-plus-approved-string-changes,962
2012,2012-0942,,.lds,.lds,"IRI Domain Management, LLC (“Applicant”)",No,,requested,published-application,,,,,no,,no,,,,,,https://www.thedomains.com/2012/06/13/here-are-all-1930-applications-for-new-gtlds/,secondary-transcription-of-icann-reveal-table,complete-string-applicant-graph-plus-approved-string-changes,963
2012,2012-0943,,.lease,.lease,"Victor Trail, LLC",No,,requested,published-application,,,,,no,,no,,,,,,https://www.thedomains.com/2012/06/13/here-are-all-1930-applications-for-new-gtlds/,secondary-transcription-of-icann-reveal-table,complete-string-applicant-graph-plus-approved-string-changes,964
2012,2012-0944,,.leclerc,.leclerc,A.C.D. LEC Association des Centres Distributeurs Edouard Leclerc,No,,requested,published-application,,,,,no,,no,,,,,,https://www.thedomains.com/2012/06/13/here-are-all-1930-applications-for-new-gtlds/,secondary-transcription-of-icann-reveal-table,complete-string-applicant-graph-plus-approved-string-changes,965
2012,2012-0945,,.lefrak,.lefrak,"LeFrak Organization, Inc.",No,,requested,published-application,,,,,no,,no,,,,,,https://www.thedomains.com/2012/06/13/here-are-all-1930-applications-for-new-gtlds/,secondary-transcription-of-icann-reveal-table,complete-string-applicant-graph-plus-approved-string-changes,966
2012,2012-0946,,.legal,.legal,PRIMER NIVEL S.A.,No,,requested,published-application,,,,,yes,2012-exact-legal,no,,,,,,https://www.thedomains.com/2012/06/13/here-are-all-1930-applications-for-new-gtlds/,secondary-transcription-of-icann-reveal-table,complete-string-applicant-graph-plus-approved-string-changes,967
2012,2012-0947,,.legal,.legal,"Blue Falls, LLC",No,,requested,published-application,,,,,yes,2012-exact-legal,no,,,,,,https://www.thedomains.com/2012/06/13/here-are-all-1930-applications-for-new-gtlds/,secondary-transcription-of-icann-reveal-table,complete-string-applicant-graph-plus-approved-string-changes,968
2012,2012-0948,,.lego,.lego,LEGO Juris A/S,No,,requested,published-application,,,,,no,,no,,,,,,https://www.thedomains.com/2012/06/13/here-are-all-1930-applications-for-new-gtlds/,secondary-transcription-of-icann-reveal-table,complete-string-applicant-graph-plus-approved-string-changes,969
2012,2012-0949,,.lexus,.lexus,TOYOTA MOTOR CORPORATION,No,,requested,published-application,,,,,no,,no,,,,,,https://www.thedomains.com/2012/06/13/here-are-all-1930-applications-for-new-gtlds/,secondary-transcription-of-icann-reveal-table,complete-string-applicant-graph-plus-approved-string-changes,970
2012,2012-0950,,.lgbt,.lgbt,Afilias Limited,No,,requested,published-application,,,,,no,,no,,,,,,https://www.thedomains.com/2012/06/13/here-are-all-1930-applications-for-new-gtlds/,secondary-transcription-of-icann-reveal-table,complete-string-applicant-graph-plus-approved-string-changes,971
2012,2012-0951,,.liaison,.liaison,"Liaison Technologies, Incorporated",No,,requested,published-application,,,,,no,,no,,,,,,https://www.thedomains.com/2012/06/13/here-are-all-1930-applications-for-new-gtlds/,secondary-transcription-of-icann-reveal-table,complete-string-applicant-graph-plus-approved-string-changes,972
2012,2012-0952,,.lidl,.lidl,Schwarz Domains und Services GmbH & Co. KG,No,,requested,published-application,,,,,no,,no,,,,,,https://www.thedomains.com/2012/06/13/here-are-all-1930-applications-for-new-gtlds/,secondary-transcription-of-icann-reveal-table,complete-string-applicant-graph-plus-approved-string-changes,973
2012,2012-0953,,.life,.life,"Trixy Oaks, LLC",No,,requested,published-application,,,,,yes,2012-exact-life,no,,,,,,https://www.thedomains.com/2012/06/13/here-are-all-1930-applications-for-new-gtlds/,secondary-transcription-of-icann-reveal-table,complete-string-applicant-graph-plus-approved-string-changes,974
2012,2012-0954,,.life,.life,"Xiamen 35.com Technology Co.,Ltd",No,,requested,published-application,,,,,yes,2012-exact-life,no,,,,,,https://www.thedomains.com/2012/06/13/here-are-all-1930-applications-for-new-gtlds/,secondary-transcription-of-icann-reveal-table,complete-string-applicant-graph-plus-approved-string-changes,975
2012,2012-0955,,.life,.life,CompassRose.Life Inc.,No,,requested,published-application,,,,,yes,2012-exact-life,no,,,,,,https://www.thedomains.com/2012/06/13/here-are-all-1930-applications-for-new-gtlds/,secondary-transcription-of-icann-reveal-table,complete-string-applicant-graph-plus-approved-string-changes,976
2012,2012-0956,,.lifeinsurance,.lifeinsurance,American Council of Life Insurers,No,,requested,published-application,,,,,no,,no,,,,,,https://www.thedomains.com/2012/06/13/here-are-all-1930-applications-for-new-gtlds/,secondary-transcription-of-icann-reveal-table,complete-string-applicant-graph-plus-approved-string-changes,977
2012,2012-0957,,.lifestyle,.lifestyle,"Lifestyle Domain Holdings, Inc.",No,,requested,published-application,,,,,no,,no,,,,,,https://www.thedomains.com/2012/06/13/here-are-all-1930-applications-for-new-gtlds/,secondary-transcription-of-icann-reveal-table,complete-string-applicant-graph-plus-approved-string-changes,978
2012,2012-0958,,.lighting,.lighting,"John McCook, LLC",No,,requested,published-application,,,,,no,,no,,,,,,https://www.thedomains.com/2012/06/13/here-are-all-1930-applications-for-new-gtlds/,secondary-transcription-of-icann-reveal-table,complete-string-applicant-graph-plus-approved-string-changes,979
2012,2012-0959,,.like,.like,Amazon EU S.à r.l.,No,,requested,published-application,,,,,no,,no,,,,,,https://www.thedomains.com/2012/06/13/here-are-all-1930-applications-for-new-gtlds/,secondary-transcription-of-icann-reveal-table,complete-string-applicant-graph-plus-approved-string-changes,980
2012,2012-0960,,.lilly,.lilly,Eli Lilly and Company,No,,requested,published-application,,,,,no,,no,,,,,,https://www.thedomains.com/2012/06/13/here-are-all-1930-applications-for-new-gtlds/,secondary-transcription-of-icann-reveal-table,complete-string-applicant-graph-plus-approved-string-changes,981
2012,2012-0961,,.limited,.limited,"Big Fest, LLC",No,,requested,published-application,,,,,no,,no,,,,,,https://www.thedomains.com/2012/06/13/here-are-all-1930-applications-for-new-gtlds/,secondary-transcription-of-icann-reveal-table,complete-string-applicant-graph-plus-approved-string-changes,982
2012,2012-0962,,.limo,.limo,"Hidden Frostbite, LLC",No,,requested,published-application,,,,,no,,no,,,,,,https://www.thedomains.com/2012/06/13/here-are-all-1930-applications-for-new-gtlds/,secondary-transcription-of-icann-reveal-table,complete-string-applicant-graph-plus-approved-string-changes,983
2012,2012-0963,,.lincoln,.lincoln,Ford Motor Company,No,,requested,published-application,,,,,no,,no,,,,,,https://www.thedomains.com/2012/06/13/here-are-all-1930-applications-for-new-gtlds/,secondary-transcription-of-icann-reveal-table,complete-string-applicant-graph-plus-approved-string-changes,984
2012,2012-0964,,.linde,.linde,Linde Aktiengesellschaft,No,,requested,published-application,,,,,no,,no,,,,,,https://www.thedomains.com/2012/06/13/here-are-all-1930-applications-for-new-gtlds/,secondary-transcription-of-icann-reveal-table,complete-string-applicant-graph-plus-approved-string-changes,985
2012,2012-0965,,.link,.link,"Uniregistry, Corp.",No,,requested,published-application,,,,,no,,no,,,,,,https://www.thedomains.com/2012/06/13/here-are-all-1930-applications-for-new-gtlds/,secondary-transcription-of-icann-reveal-table,complete-string-applicant-graph-plus-approved-string-changes,986
2012,2012-0966,,.lipsy,.lipsy,Lipsy Ltd,No,,requested,published-application,,,,,no,,no,,,,,,https://www.thedomains.com/2012/06/13/here-are-all-1930-applications-for-new-gtlds/,secondary-transcription-of-icann-reveal-table,complete-string-applicant-graph-plus-approved-string-changes,987
2012,2012-0967,,.live,.live,Microsoft Corporation,No,,requested,published-application,,,,,yes,2012-exact-live,no,,,,,,https://www.thedomains.com/2012/06/13/here-are-all-1930-applications-for-new-gtlds/,secondary-transcription-of-icann-reveal-table,complete-string-applicant-graph-plus-approved-string-changes,988
2012,2012-0968,,.live,.live,Charleston Road Registry Inc.,No,,requested,published-application,,,,,yes,2012-exact-live,no,,,,,,https://www.thedomains.com/2012/06/13/here-are-all-1930-applications-for-new-gtlds/,secondary-transcription-of-icann-reveal-table,complete-string-applicant-graph-plus-approved-string-changes,989
2012,2012-0969,,.live,.live,"Half Woods, LLC",No,,requested,published-application,,,,,yes,2012-exact-live,no,,,,,,https://www.thedomains.com/2012/06/13/here-are-all-1930-applications-for-new-gtlds/,secondary-transcription-of-icann-reveal-table,complete-string-applicant-graph-plus-approved-string-changes,990
2012,2012-0970,,.livestrong,.livestrong,Lance Armstrong Foundation,No,,requested,published-application,,,,,no,,no,,,,,,https://www.thedomains.com/2012/06/13/here-are-all-1930-applications-for-new-gtlds/,secondary-transcription-of-icann-reveal-table,complete-string-applicant-graph-plus-approved-string-changes,991
2012,2012-0971,,.living,.living,"Outer Way, LLC",No,,requested,published-application,,,,,yes,2012-exact-living,no,,,,,,https://www.thedomains.com/2012/06/13/here-are-all-1930-applications-for-new-gtlds/,secondary-transcription-of-icann-reveal-table,complete-string-applicant-graph-plus-approved-string-changes,992
2012,2012-0972,,.living,.living,"Lifestyle Domain Holdings, Inc.",No,,requested,published-application,,,,,yes,2012-exact-living,no,,,,,,https://www.thedomains.com/2012/06/13/here-are-all-1930-applications-for-new-gtlds/,secondary-transcription-of-icann-reveal-table,complete-string-applicant-graph-plus-approved-string-changes,993
2012,2012-0973,,.lixil,.lixil,JS Group Corporation,No,,requested,published-application,,,,,no,,no,,,,,,https://www.thedomains.com/2012/06/13/here-are-all-1930-applications-for-new-gtlds/,secondary-transcription-of-icann-reveal-table,complete-string-applicant-graph-plus-approved-string-changes,994
2012,2012-0974,,.llc,.llc,NU DOT CO LLC,No,,requested,published-application,,,,,yes,2012-exact-llc,no,,,,,,https://www.thedomains.com/2012/06/13/here-are-all-1930-applications-for-new-gtlds/,secondary-transcription-of-icann-reveal-table,complete-string-applicant-graph-plus-approved-string-changes,995
2012,2012-0975,,.llc,.llc,"Top Level Design, LLC",No,,requested,published-application,,,,,yes,2012-exact-llc,no,,,,,,https://www.thedomains.com/2012/06/13/here-are-all-1930-applications-for-new-gtlds/,secondary-transcription-of-icann-reveal-table,complete-string-applicant-graph-plus-approved-string-changes,996
2012,2012-0976,,.llc,.llc,Afilias Limited,No,,requested,published-application,,,,,yes,2012-exact-llc,no,,,,,,https://www.thedomains.com/2012/06/13/here-are-all-1930-applications-for-new-gtlds/,secondary-transcription-of-icann-reveal-table,complete-string-applicant-graph-plus-approved-string-changes,997
2012,2012-0977,,.llc,.llc,Dot Registry LLC,No,,requested,published-application,,,,,yes,2012-exact-llc,no,,,,,,https://www.thedomains.com/2012/06/13/here-are-all-1930-applications-for-new-gtlds/,secondary-transcription-of-icann-reveal-table,complete-string-applicant-graph-plus-approved-string-changes,998
2012,2012-0978,,.llc,.llc,"LLC Registry, LLC",No,,requested,published-application,,,,,yes,2012-exact-llc,no,,,,,,https://www.thedomains.com/2012/06/13/here-are-all-1930-applications-for-new-gtlds/,secondary-transcription-of-icann-reveal-table,complete-string-applicant-graph-plus-approved-string-changes,999
2012,2012-0979,,.llc,.llc,Top Level Domain Holdings Limited,No,,requested,published-application,,,,,yes,2012-exact-llc,no,,,,,,https://www.thedomains.com/2012/06/13/here-are-all-1930-applications-for-new-gtlds/,secondary-transcription-of-icann-reveal-table,complete-string-applicant-graph-plus-approved-string-changes,1000
2012,2012-0980,,.llc,.llc,myLLC GmbH,No,,requested,published-application,,,,,yes,2012-exact-llc,no,,,,,,https://www.thedomains.com/2012/06/13/here-are-all-1930-applications-for-new-gtlds/,secondary-transcription-of-icann-reveal-table,complete-string-applicant-graph-plus-approved-string-changes,1001
2012,2012-0981,,.llc,.llc,"Foggy North, LLC",No,,requested,published-application,,,,,yes,2012-exact-llc,no,,,,,,https://www.thedomains.com/2012/06/13/here-are-all-1930-applications-for-new-gtlds/,secondary-transcription-of-icann-reveal-table,complete-string-applicant-graph-plus-approved-string-changes,1002
2012,2012-0982,,.llc,.llc,Charleston Road Registry Inc.,No,,requested,published-application,,,,,yes,2012-exact-llc,no,,,,,,https://www.thedomains.com/2012/06/13/here-are-all-1930-applications-for-new-gtlds/,secondary-transcription-of-icann-reveal-table,complete-string-applicant-graph-plus-approved-string-changes,1003
2012,2012-0983,,.llp,.llp,Dot Registry LLC,No,,requested,published-application,,,,,yes,2012-exact-llp,no,,,,,,https://www.thedomains.com/2012/06/13/here-are-all-1930-applications-for-new-gtlds/,secondary-transcription-of-icann-reveal-table,complete-string-applicant-graph-plus-approved-string-changes,1004
2012,2012-0984,,.llp,.llp,"PLL Registry, LLC",No,,requested,published-application,,,,,yes,2012-exact-llp,no,,,,,,https://www.thedomains.com/2012/06/13/here-are-all-1930-applications-for-new-gtlds/,secondary-transcription-of-icann-reveal-table,complete-string-applicant-graph-plus-approved-string-changes,1005
2012,2012-0985,,.llp,.llp,myLLP GmbH,No,,requested,published-application,,,,,yes,2012-exact-llp,no,,,,,,https://www.thedomains.com/2012/06/13/here-are-all-1930-applications-for-new-gtlds/,secondary-transcription-of-icann-reveal-table,complete-string-applicant-graph-plus-approved-string-changes,1006
2012,2012-0986,,.llp,.llp,Charleston Road Registry Inc.,No,,requested,published-application,,,,,yes,2012-exact-llp,no,,,,,,https://www.thedomains.com/2012/06/13/here-are-all-1930-applications-for-new-gtlds/,secondary-transcription-of-icann-reveal-table,complete-string-applicant-graph-plus-approved-string-changes,1007
2012,2012-0987,,.loan,.loan,dot Loan Limited,No,,requested,published-application,,,,,no,,no,,,,,,https://www.thedomains.com/2012/06/13/here-are-all-1930-applications-for-new-gtlds/,secondary-transcription-of-icann-reveal-table,complete-string-applicant-graph-plus-approved-string-changes,1008
2012,2012-0988,,.loans,.loans,Dotserve Inc.,No,,requested,published-application,,,,,yes,2012-exact-loans,no,,,,,,https://www.thedomains.com/2012/06/13/here-are-all-1930-applications-for-new-gtlds/,secondary-transcription-of-icann-reveal-table,complete-string-applicant-graph-plus-approved-string-changes,1009
2012,2012-0989,,.loans,.loans,"June Woods, LLC",No,,requested,published-application,,,,,yes,2012-exact-loans,no,,,,,,https://www.thedomains.com/2012/06/13/here-are-all-1930-applications-for-new-gtlds/,secondary-transcription-of-icann-reveal-table,complete-string-applicant-graph-plus-approved-string-changes,1010
2012,2012-0990,,.locker,.locker,Dish DBS Corporation,No,,requested,published-application,,,,,no,,no,,,,,,https://www.thedomains.com/2012/06/13/here-are-all-1930-applications-for-new-gtlds/,secondary-transcription-of-icann-reveal-table,complete-string-applicant-graph-plus-approved-string-changes,1011
2012,2012-0991,,.locus,.locus,Locus Analytics LLC,No,,requested,published-application,,,,,no,,no,,,,,,https://www.thedomains.com/2012/06/13/here-are-all-1930-applications-for-new-gtlds/,secondary-transcription-of-icann-reveal-table,complete-string-applicant-graph-plus-approved-string-changes,1012
2012,2012-0992,,.loft,.loft,"Annco, Inc.",No,,requested,published-application,,,,,no,,no,,,,,,https://www.thedomains.com/2012/06/13/here-are-all-1930-applications-for-new-gtlds/,secondary-transcription-of-icann-reveal-table,complete-string-applicant-graph-plus-approved-string-changes,1013
2012,2012-0993,,.lol,.lol,"Uniregistry, Corp.",No,,requested,published-application,,,,,yes,2012-exact-lol,no,,,,,,https://www.thedomains.com/2012/06/13/here-are-all-1930-applications-for-new-gtlds/,secondary-transcription-of-icann-reveal-table,complete-string-applicant-graph-plus-approved-string-changes,1014
2012,2012-0994,,.lol,.lol,Charleston Road Registry Inc.,No,,requested,published-application,,,,,yes,2012-exact-lol,no,,,,,,https://www.thedomains.com/2012/06/13/here-are-all-1930-applications-for-new-gtlds/,secondary-transcription-of-icann-reveal-table,complete-string-applicant-graph-plus-approved-string-changes,1015
2012,2012-0995,,.london,.london,Dot London Domains Limited,No,,requested,published-application,,,,,no,,no,,,,,,https://www.thedomains.com/2012/06/13/here-are-all-1930-applications-for-new-gtlds/,secondary-transcription-of-icann-reveal-table,complete-string-applicant-graph-plus-approved-string-changes,1016
2012,2012-0996,,.loreal,.loreal,L’Oréal,No,,requested,published-application,,,,,no,,no,,,,,,https://www.thedomains.com/2012/06/13/here-are-all-1930-applications-for-new-gtlds/,secondary-transcription-of-icann-reveal-table,complete-string-applicant-graph-plus-approved-string-changes,1017
2012,2012-0997,,.lotte,.lotte,"Lotte Holdings Co., Ltd.",No,,requested,published-application,,,,,no,,no,,,,,,https://www.thedomains.com/2012/06/13/here-are-all-1930-applications-for-new-gtlds/,secondary-transcription-of-icann-reveal-table,complete-string-applicant-graph-plus-approved-string-changes,1018
2012,2012-0998,,.lotto,.lotto,Afilias Limited,No,,requested,published-application,,,,,no,,no,,,,,,https://www.thedomains.com/2012/06/13/here-are-all-1930-applications-for-new-gtlds/,secondary-transcription-of-icann-reveal-table,complete-string-applicant-graph-plus-approved-string-changes,1019
2012,2012-0999,,.love,.love,"Hidden Cypress, LLC",No,,requested,published-application,,,,,yes,2012-exact-love,no,,,,,,https://www.thedomains.com/2012/06/13/here-are-all-1930-applications-for-new-gtlds/,secondary-transcription-of-icann-reveal-table,complete-string-applicant-graph-plus-approved-string-changes,1020
2012,2012-1000,,.love,.love,Richemont DNS Inc.,No,,requested,published-application,,,,,yes,2012-exact-love,no,,,,,,https://www.thedomains.com/2012/06/13/here-are-all-1930-applications-for-new-gtlds/,secondary-transcription-of-icann-reveal-table,complete-string-applicant-graph-plus-approved-string-changes,1021
2012,2012-1001,,.love,.love,Charleston Road Registry Inc.,No,,requested,published-application,,,,,yes,2012-exact-love,no,,,,,,https://www.thedomains.com/2012/06/13/here-are-all-1930-applications-for-new-gtlds/,secondary-transcription-of-icann-reveal-table,complete-string-applicant-graph-plus-approved-string-changes,1022
2012,2012-1002,,.love,.love,Sierra Registry Limited,No,,requested,published-application,,,,,yes,2012-exact-love,no,,,,,,https://www.thedomains.com/2012/06/13/here-are-all-1930-applications-for-new-gtlds/,secondary-transcription-of-icann-reveal-table,complete-string-applicant-graph-plus-approved-string-changes,1023
2012,2012-1003,,.love,.love,Top Level Domain Holdings Limited,No,,requested,published-application,,,,,yes,2012-exact-love,no,,,,,,https://www.thedomains.com/2012/06/13/here-are-all-1930-applications-for-new-gtlds/,secondary-transcription-of-icann-reveal-table,complete-string-applicant-graph-plus-approved-string-changes,1024
2012,2012-1004,,.love,.love,"Uniregistry, Corp.",No,,requested,published-application,,,,,yes,2012-exact-love,no,,,,,,https://www.thedomains.com/2012/06/13/here-are-all-1930-applications-for-new-gtlds/,secondary-transcription-of-icann-reveal-table,complete-string-applicant-graph-plus-approved-string-changes,1025
2012,2012-1005,,.love,.love,Merchant Law Group LLP,No,,requested,published-application,,,,,yes,2012-exact-love,no,,,,,,https://www.thedomains.com/2012/06/13/here-are-all-1930-applications-for-new-gtlds/,secondary-transcription-of-icann-reveal-table,complete-string-applicant-graph-plus-approved-string-changes,1026
2012,2012-1006,,.lpl,.lpl,"LPL Holdings, Inc.",No,,requested,published-application,,,,,no,,no,,,,,,https://www.thedomains.com/2012/06/13/here-are-all-1930-applications-for-new-gtlds/,secondary-transcription-of-icann-reveal-table,complete-string-applicant-graph-plus-approved-string-changes,1027
2012,2012-1007,,.lplfinancial,.lplfinancial,"LPL Holdings, Inc.",No,,requested,published-application,,,,,no,,no,,,,,,https://www.thedomains.com/2012/06/13/here-are-all-1930-applications-for-new-gtlds/,secondary-transcription-of-icann-reveal-table,complete-string-applicant-graph-plus-approved-string-changes,1028
2012,2012-1008,,.ltd,.ltd,C.V. TLDcare,No,,requested,published-application,,,,,yes,2012-exact-ltd,no,,,,,,https://www.thedomains.com/2012/06/13/here-are-all-1930-applications-for-new-gtlds/,secondary-transcription-of-icann-reveal-table,complete-string-applicant-graph-plus-approved-string-changes,1029
2012,2012-1009,,.ltd,.ltd,Dot Registry LLC,No,,requested,published-application,,,,,yes,2012-exact-ltd,no,,,,,,https://www.thedomains.com/2012/06/13/here-are-all-1930-applications-for-new-gtlds/,secondary-transcription-of-icann-reveal-table,complete-string-applicant-graph-plus-approved-string-changes,1030
2012,2012-1010,,.ltd,.ltd,myLTD GmbH,No,,requested,published-application,,,,,yes,2012-exact-ltd,no,,,,,,https://www.thedomains.com/2012/06/13/here-are-all-1930-applications-for-new-gtlds/,secondary-transcription-of-icann-reveal-table,complete-string-applicant-graph-plus-approved-string-changes,1031
2012,2012-1011,,.ltd,.ltd,"LTD Registry, LLC",No,,requested,published-application,,,,,yes,2012-exact-ltd,no,,,,,,https://www.thedomains.com/2012/06/13/here-are-all-1930-applications-for-new-gtlds/,secondary-transcription-of-icann-reveal-table,complete-string-applicant-graph-plus-approved-string-changes,1032
2012,2012-1012,,.ltd,.ltd,NU DOT CO LLC,No,,requested,published-application,,,,,yes,2012-exact-ltd,no,,,,,,https://www.thedomains.com/2012/06/13/here-are-all-1930-applications-for-new-gtlds/,secondary-transcription-of-icann-reveal-table,complete-string-applicant-graph-plus-approved-string-changes,1033
2012,2012-1013,,.ltd,.ltd,"Over Corner, LLC",No,,requested,published-application,,,,,yes,2012-exact-ltd,no,,,,,,https://www.thedomains.com/2012/06/13/here-are-all-1930-applications-for-new-gtlds/,secondary-transcription-of-icann-reveal-table,complete-string-applicant-graph-plus-approved-string-changes,1034
2012,2012-1014,,.ltd,.ltd,Afilias Limited,No,,requested,published-application,,,,,yes,2012-exact-ltd,no,,,,,,https://www.thedomains.com/2012/06/13/here-are-all-1930-applications-for-new-gtlds/,secondary-transcription-of-icann-reveal-table,complete-string-applicant-graph-plus-approved-string-changes,1035
2012,2012-1015,,.ltda,.ltda,DOMAIN ROBOT SERVICOS DE HOSPEDAGEM NA INTERNET LTDA,No,,requested,published-application,,,,,no,,no,,,,,,https://www.thedomains.com/2012/06/13/here-are-all-1930-applications-for-new-gtlds/,secondary-transcription-of-icann-reveal-table,complete-string-applicant-graph-plus-approved-string-changes,1036
2012,2012-1016,,.lundbeck,.lundbeck,H. Lundbeck A/S,No,,requested,published-application,,,,,no,,no,,,,,,https://www.thedomains.com/2012/06/13/here-are-all-1930-applications-for-new-gtlds/,secondary-transcription-of-icann-reveal-table,complete-string-applicant-graph-plus-approved-string-changes,1037
2012,2012-1017,,.lupin,.lupin,LUPIN LIMITED,No,,requested,published-application,,,,,no,,no,,,,,,https://www.thedomains.com/2012/06/13/here-are-all-1930-applications-for-new-gtlds/,secondary-transcription-of-icann-reveal-table,complete-string-applicant-graph-plus-approved-string-changes,1038
2012,2012-1018,,.luxe,.luxe,Top Level Domain Holdings Limited,No,,requested,published-application,,,,,no,,no,,,,,,https://www.thedomains.com/2012/06/13/here-are-all-1930-applications-for-new-gtlds/,secondary-transcription-of-icann-reveal-table,complete-string-applicant-graph-plus-approved-string-changes,1039
2012,2012-1019,,.luxury,.luxury,"Luxury Partners, LLC",No,,requested,published-application,,,,,yes,2012-exact-luxury,no,,,,,,https://www.thedomains.com/2012/06/13/here-are-all-1930-applications-for-new-gtlds/,secondary-transcription-of-icann-reveal-table,complete-string-applicant-graph-plus-approved-string-changes,1040
2012,2012-1020,,.luxury,.luxury,"Dash Tigers, LLC",No,,requested,published-application,,,,,yes,2012-exact-luxury,no,,,,,,https://www.thedomains.com/2012/06/13/here-are-all-1930-applications-for-new-gtlds/,secondary-transcription-of-icann-reveal-table,complete-string-applicant-graph-plus-approved-string-changes,1041
2012,2012-1021,,.macys,.macys,"Macys, Inc.",No,,requested,published-application,,,,,no,,no,,,,,,https://www.thedomains.com/2012/06/13/here-are-all-1930-applications-for-new-gtlds/,secondary-transcription-of-icann-reveal-table,complete-string-applicant-graph-plus-approved-string-changes,1042
2012,2012-1022,,.madrid,.madrid,Comunidad de Madrid,No,,requested,published-application,,,,,no,,no,,,,,,https://www.thedomains.com/2012/06/13/here-are-all-1930-applications-for-new-gtlds/,secondary-transcription-of-icann-reveal-table,complete-string-applicant-graph-plus-approved-string-changes,1043
2012,2012-1023,,.maif,.maif,Mutuelle Assurance Instituteur France (MAIF),No,,requested,published-application,,,,,no,,no,,,,,,https://www.thedomains.com/2012/06/13/here-are-all-1930-applications-for-new-gtlds/,secondary-transcription-of-icann-reveal-table,complete-string-applicant-graph-plus-approved-string-changes,1044
2012,2012-1024,,.mail,.mail,Charleston Road Registry Inc.,No,,requested,published-application,did-not-proceed,high-risk-name-collision,collision-2012,https://www.icann.org/en/board-activities-and-meetings/materials/approved-board-resolutions-regular-meeting-of-the-icann-board-04-02-2018-en,yes,2012-exact-mail,no,,,,,,https://www.thedomains.com/2012/06/13/here-are-all-1930-applications-for-new-gtlds/,secondary-transcription-of-icann-reveal-table,complete-string-applicant-graph-plus-approved-string-changes,1045
2012,2012-1025,,.mail,.mail,"Victor Dale, LLC",No,,requested,published-application,did-not-proceed,high-risk-name-collision,collision-2012,https://www.icann.org/en/board-activities-and-meetings/materials/approved-board-resolutions-regular-meeting-of-the-icann-board-04-02-2018-en,yes,2012-exact-mail,no,,,,,,https://www.thedomains.com/2012/06/13/here-are-all-1930-applications-for-new-gtlds/,secondary-transcription-of-icann-reveal-table,complete-string-applicant-graph-plus-approved-string-changes,1046
2012,2012-1026,,.mail,.mail,1&1 Mail & Media GmbH,No,,requested,published-application,did-not-proceed,high-risk-name-collision,collision-2012,https://www.icann.org/en/board-activities-and-meetings/materials/approved-board-resolutions-regular-meeting-of-the-icann-board-04-02-2018-en,yes,2012-exact-mail,no,,,,,,https://www.thedomains.com/2012/06/13/here-are-all-1930-applications-for-new-gtlds/,secondary-transcription-of-icann-reveal-table,complete-string-applicant-graph-plus-approved-string-changes,1047
2012,2012-1027,,.mail,.mail,"GMO Registry, Inc.",No,,requested,published-application,did-not-proceed,high-risk-name-collision,collision-2012,https://www.icann.org/en/board-activities-and-meetings/materials/approved-board-resolutions-regular-meeting-of-the-icann-board-04-02-2018-en,yes,2012-exact-mail,no,,,,,,https://www.thedomains.com/2012/06/13/here-are-all-1930-applications-for-new-gtlds/,secondary-transcription-of-icann-reveal-table,complete-string-applicant-graph-plus-approved-string-changes,1048
2012,2012-1028,,.mail,.mail,WhitePages TLD LLC,No,,requested,published-application,did-not-proceed,high-risk-name-collision,collision-2012,https://www.icann.org/en/board-activities-and-meetings/materials/approved-board-resolutions-regular-meeting-of-the-icann-board-04-02-2018-en,yes,2012-exact-mail,no,,,,,,https://www.thedomains.com/2012/06/13/here-are-all-1930-applications-for-new-gtlds/,secondary-transcription-of-icann-reveal-table,complete-string-applicant-graph-plus-approved-string-changes,1049
2012,2012-1029,,.mail,.mail,"Afilias Domains No. 2 Limited,",No,,requested,published-application,did-not-proceed,high-risk-name-collision,collision-2012,https://www.icann.org/en/board-activities-and-meetings/materials/approved-board-resolutions-regular-meeting-of-the-icann-board-04-02-2018-en,yes,2012-exact-mail,no,,,,,,https://www.thedomains.com/2012/06/13/here-are-all-1930-applications-for-new-gtlds/,secondary-transcription-of-icann-reveal-table,complete-string-applicant-graph-plus-approved-string-changes,1050
2012,2012-1030,,.mail,.mail,Amazon EU S.à r.l.,No,,requested,published-application,did-not-proceed,high-risk-name-collision,collision-2012,https://www.icann.org/en/board-activities-and-meetings/materials/approved-board-resolutions-regular-meeting-of-the-icann-board-04-02-2018-en,yes,2012-exact-mail,no,,,,,,https://www.thedomains.com/2012/06/13/here-are-all-1930-applications-for-new-gtlds/,secondary-transcription-of-icann-reveal-table,complete-string-applicant-graph-plus-approved-string-changes,1051
2012,2012-1031,,.maison,.maison,"Victor Frostbite, LLC",No,,requested,published-application,,,,,no,,no,,,,,,https://www.thedomains.com/2012/06/13/here-are-all-1930-applications-for-new-gtlds/,secondary-transcription-of-icann-reveal-table,complete-string-applicant-graph-plus-approved-string-changes,1052
2012,2012-1032,,.makeup,.makeup,L’Oréal,No,,requested,published-application,,,,,no,,no,,,,,,https://www.thedomains.com/2012/06/13/here-are-all-1930-applications-for-new-gtlds/,secondary-transcription-of-icann-reveal-table,complete-string-applicant-graph-plus-approved-string-changes,1053
2012,2012-1033,,.man,.man,MAN SE,No,,requested,published-application,,,,,no,,no,,,,,,https://www.thedomains.com/2012/06/13/here-are-all-1930-applications-for-new-gtlds/,secondary-transcription-of-icann-reveal-table,complete-string-applicant-graph-plus-approved-string-changes,1054
2012,2012-1034,,.management,.management,"John Goodbye, LLC",No,,requested,published-application,,,,,no,,no,,,,,,https://www.thedomains.com/2012/06/13/here-are-all-1930-applications-for-new-gtlds/,secondary-transcription-of-icann-reveal-table,complete-string-applicant-graph-plus-approved-string-changes,1055
2012,2012-1035,,.mango,.mango,PUNTO FA S.L.,No,,requested,published-application,,,,,no,,no,,,,,,https://www.thedomains.com/2012/06/13/here-are-all-1930-applications-for-new-gtlds/,secondary-transcription-of-icann-reveal-table,complete-string-applicant-graph-plus-approved-string-changes,1056
2012,2012-1036,,.map,.map,Charleston Road Registry Inc.,No,,requested,published-application,,,,,yes,2012-exact-map,no,,,,,,https://www.thedomains.com/2012/06/13/here-are-all-1930-applications-for-new-gtlds/,secondary-transcription-of-icann-reveal-table,complete-string-applicant-graph-plus-approved-string-changes,1057
2012,2012-1037,,.map,.map,Amazon EU S.à r.l.,No,,requested,published-application,,,,,yes,2012-exact-map,no,,,,,,https://www.thedomains.com/2012/06/13/here-are-all-1930-applications-for-new-gtlds/,secondary-transcription-of-icann-reveal-table,complete-string-applicant-graph-plus-approved-string-changes,1058
2012,2012-1038,,.map,.map,United TLD Holdco Ltd.,No,,requested,published-application,,,,,yes,2012-exact-map,no,,,,,,https://www.thedomains.com/2012/06/13/here-are-all-1930-applications-for-new-gtlds/,secondary-transcription-of-icann-reveal-table,complete-string-applicant-graph-plus-approved-string-changes,1059
2012,2012-1039,,.market,.market,"Victor Way, LLC",No,,requested,published-application,,,,,no,,no,,,,,,https://www.thedomains.com/2012/06/13/here-are-all-1930-applications-for-new-gtlds/,secondary-transcription-of-icann-reveal-table,complete-string-applicant-graph-plus-approved-string-changes,1060
2012,2012-1040,,.marketing,.marketing,"Fern Pass, LLC",No,,requested,published-application,,,,,yes,2012-exact-marketing,no,,,,,,https://www.thedomains.com/2012/06/13/here-are-all-1930-applications-for-new-gtlds/,secondary-transcription-of-icann-reveal-table,complete-string-applicant-graph-plus-approved-string-changes,1061
2012,2012-1041,,.marketing,.marketing,"Uniregistry, Corp.",No,,requested,published-application,,,,,yes,2012-exact-marketing,no,,,,,,https://www.thedomains.com/2012/06/13/here-are-all-1930-applications-for-new-gtlds/,secondary-transcription-of-icann-reveal-table,complete-string-applicant-graph-plus-approved-string-changes,1062
2012,2012-1042,,.marketing,.marketing,Tucows TLDs Inc.,No,,requested,published-application,,,,,yes,2012-exact-marketing,no,,,,,,https://www.thedomains.com/2012/06/13/here-are-all-1930-applications-for-new-gtlds/,secondary-transcription-of-icann-reveal-table,complete-string-applicant-graph-plus-approved-string-changes,1063
2012,2012-1043,,.markets,.markets,IG Group Holdings PLC,No,,requested,published-application,,,,,no,,no,,,,,,https://www.thedomains.com/2012/06/13/here-are-all-1930-applications-for-new-gtlds/,secondary-transcription-of-icann-reveal-table,complete-string-applicant-graph-plus-approved-string-changes,1064
2012,2012-1044,,.marriott,.marriott,Marriott Worldwide Corporation,No,,requested,published-application,,,,,no,,no,,,,,,https://www.thedomains.com/2012/06/13/here-are-all-1930-applications-for-new-gtlds/,secondary-transcription-of-icann-reveal-table,complete-string-applicant-graph-plus-approved-string-changes,1065
2012,2012-1045,,.marshalls,.marshalls,"The TJX Companies, Inc.",No,,requested,published-application,,,,,no,,no,,,,,,https://www.thedomains.com/2012/06/13/here-are-all-1930-applications-for-new-gtlds/,secondary-transcription-of-icann-reveal-table,complete-string-applicant-graph-plus-approved-string-changes,1066
2012,2012-1046,,.maserati,.maserati,Fiat S.p.A. (“società per azioni”),No,,requested,published-application,,,,,no,,no,,,,,,https://www.thedomains.com/2012/06/13/here-are-all-1930-applications-for-new-gtlds/,secondary-transcription-of-icann-reveal-table,complete-string-applicant-graph-plus-approved-string-changes,1067
2012,2012-1047,,.matrix,.matrix,L’Oréal,No,,requested,published-application,,,,,no,,no,,,,,,https://www.thedomains.com/2012/06/13/here-are-all-1930-applications-for-new-gtlds/,secondary-transcription-of-icann-reveal-table,complete-string-applicant-graph-plus-approved-string-changes,1068
2012,2012-1048,,.mattel,.mattel,"Mattel Sites, Inc.",No,,requested,published-application,,,,,no,,no,,,,,,https://www.thedomains.com/2012/06/13/here-are-all-1930-applications-for-new-gtlds/,secondary-transcription-of-icann-reveal-table,complete-string-applicant-graph-plus-approved-string-changes,1069
2012,2012-1049,,.maybelline,.maybelline,L’Oréal,No,,requested,published-application,,,,,no,,no,,,,,,https://www.thedomains.com/2012/06/13/here-are-all-1930-applications-for-new-gtlds/,secondary-transcription-of-icann-reveal-table,complete-string-applicant-graph-plus-approved-string-changes,1070
2012,2012-1050,,.mba,.mba,"Your Dot Phd, Inc.",No,,requested,published-application,,,,,yes,2012-exact-mba,no,,,,,,https://www.thedomains.com/2012/06/13/here-are-all-1930-applications-for-new-gtlds/,secondary-transcription-of-icann-reveal-table,complete-string-applicant-graph-plus-approved-string-changes,1071
2012,2012-1051,,.mba,.mba,"Lone Hollow, LLC",No,,requested,published-application,,,,,yes,2012-exact-mba,no,,,,,,https://www.thedomains.com/2012/06/13/here-are-all-1930-applications-for-new-gtlds/,secondary-transcription-of-icann-reveal-table,complete-string-applicant-graph-plus-approved-string-changes,1072
2012,2012-1052,,.mba,.mba,Charleston Road Registry Inc.,No,,requested,published-application,,,,,yes,2012-exact-mba,no,,,,,,https://www.thedomains.com/2012/06/13/here-are-all-1930-applications-for-new-gtlds/,secondary-transcription-of-icann-reveal-table,complete-string-applicant-graph-plus-approved-string-changes,1073
2012,2012-1053,,.mcd,.mcd,McDonald’s Corporation,No,,requested,published-application,,,,,no,,no,,,,,,https://www.thedomains.com/2012/06/13/here-are-all-1930-applications-for-new-gtlds/,secondary-transcription-of-icann-reveal-table,complete-string-applicant-graph-plus-approved-string-changes,1074
2012,2012-1054,,.mcdonalds,.mcdonalds,McDonald’s Corporation,No,,requested,published-application,,,,,no,,no,,,,,,https://www.thedomains.com/2012/06/13/here-are-all-1930-applications-for-new-gtlds/,secondary-transcription-of-icann-reveal-table,complete-string-applicant-graph-plus-approved-string-changes,1075
2012,2012-1055,,.mckinsey,.mckinsey,"McKinsey Holdings, Inc.",No,,requested,published-application,,,,,no,,no,,,,,,https://www.thedomains.com/2012/06/13/here-are-all-1930-applications-for-new-gtlds/,secondary-transcription-of-icann-reveal-table,complete-string-applicant-graph-plus-approved-string-changes,1076
2012,2012-1056,,.med,.med,Charleston Road Registry Inc.,No,,requested,published-application,,,,,yes,2012-exact-med,no,,,,,,https://www.thedomains.com/2012/06/13/here-are-all-1930-applications-for-new-gtlds/,secondary-transcription-of-icann-reveal-table,complete-string-applicant-graph-plus-approved-string-changes,1077
2012,2012-1057,,.med,.med,DocCheck AG,No,,requested,published-application,,,,,yes,2012-exact-med,no,,,,,,https://www.thedomains.com/2012/06/13/here-are-all-1930-applications-for-new-gtlds/,secondary-transcription-of-icann-reveal-table,complete-string-applicant-graph-plus-approved-string-changes,1078
2012,2012-1058,,.med,.med,Medistry LLC,No,,requested,published-application,,,,,yes,2012-exact-med,no,,,,,,https://www.thedomains.com/2012/06/13/here-are-all-1930-applications-for-new-gtlds/,secondary-transcription-of-icann-reveal-table,complete-string-applicant-graph-plus-approved-string-changes,1079
2012,2012-1059,,.med,.med,HEXAP SAS,No,,requested,published-application,,,,,yes,2012-exact-med,no,,,,,,https://www.thedomains.com/2012/06/13/here-are-all-1930-applications-for-new-gtlds/,secondary-transcription-of-icann-reveal-table,complete-string-applicant-graph-plus-approved-string-changes,1080
2012,2012-1060,,.media,.media,Tucows TLDs Inc.,No,,requested,published-application,,,,,yes,2012-exact-media,no,,,,,,https://www.thedomains.com/2012/06/13/here-are-all-1930-applications-for-new-gtlds/,secondary-transcription-of-icann-reveal-table,complete-string-applicant-graph-plus-approved-string-changes,1081
2012,2012-1061,,.media,.media,"Grand Glen, LLC",No,,requested,published-application,,,,,yes,2012-exact-media,no,,,,,,https://www.thedomains.com/2012/06/13/here-are-all-1930-applications-for-new-gtlds/,secondary-transcription-of-icann-reveal-table,complete-string-applicant-graph-plus-approved-string-changes,1082
2012,2012-1062,,.media,.media,"Uniregistry, Corp.",No,,requested,published-application,,,,,yes,2012-exact-media,no,,,,,,https://www.thedomains.com/2012/06/13/here-are-all-1930-applications-for-new-gtlds/,secondary-transcription-of-icann-reveal-table,complete-string-applicant-graph-plus-approved-string-changes,1083
2012,2012-1063,,.medical,.medical,"Steel Hill, LLC",No,,requested,published-application,,,,,no,,no,,,,,,https://www.thedomains.com/2012/06/13/here-are-all-1930-applications-for-new-gtlds/,secondary-transcription-of-icann-reveal-table,complete-string-applicant-graph-plus-approved-string-changes,1084
2012,2012-1064,,.meet,.meet,Afilias Limited,No,,requested,published-application,,,,,no,,no,,,,,,https://www.thedomains.com/2012/06/13/here-are-all-1930-applications-for-new-gtlds/,secondary-transcription-of-icann-reveal-table,complete-string-applicant-graph-plus-approved-string-changes,1085
2012,2012-1065,,.melbourne,.melbourne,"The Crown in right of the State of Victoria, represented by its Department of Business and Innovation",No,,requested,published-application,,,,,no,,no,,,,,,https://www.thedomains.com/2012/06/13/here-are-all-1930-applications-for-new-gtlds/,secondary-transcription-of-icann-reveal-table,complete-string-applicant-graph-plus-approved-string-changes,1086
2012,2012-1066,,.meme,.meme,Charleston Road Registry Inc.,No,,requested,published-application,,,,,no,,no,,,,,,https://www.thedomains.com/2012/06/13/here-are-all-1930-applications-for-new-gtlds/,secondary-transcription-of-icann-reveal-table,complete-string-applicant-graph-plus-approved-string-changes,1087
2012,2012-1067,,.memorial,.memorial,Afilias Limited,No,,requested,published-application,,,,,yes,2012-exact-memorial,no,,,,,,https://www.thedomains.com/2012/06/13/here-are-all-1930-applications-for-new-gtlds/,secondary-transcription-of-icann-reveal-table,complete-string-applicant-graph-plus-approved-string-changes,1088
2012,2012-1068,,.memorial,.memorial,"dotCOOL, Inc.",No,,requested,published-application,,,,,yes,2012-exact-memorial,no,,,,,,https://www.thedomains.com/2012/06/13/here-are-all-1930-applications-for-new-gtlds/,secondary-transcription-of-icann-reveal-table,complete-string-applicant-graph-plus-approved-string-changes,1089
2012,2012-1069,,.memorial,.memorial,"Dog Beach, LLC",No,,requested,published-application,,,,,yes,2012-exact-memorial,no,,,,,,https://www.thedomains.com/2012/06/13/here-are-all-1930-applications-for-new-gtlds/,secondary-transcription-of-icann-reveal-table,complete-string-applicant-graph-plus-approved-string-changes,1090
2012,2012-1070,,.men,.men,Exclusive Registry Limited,No,,requested,published-application,,,,,no,,no,,,,,,https://www.thedomains.com/2012/06/13/here-are-all-1930-applications-for-new-gtlds/,secondary-transcription-of-icann-reveal-table,complete-string-applicant-graph-plus-approved-string-changes,1091
2012,2012-1071,,.menu,.menu,"Wedding TLD2, LLC",No,,requested,published-application,,,,,no,,no,,,,,,https://www.thedomains.com/2012/06/13/here-are-all-1930-applications-for-new-gtlds/,secondary-transcription-of-icann-reveal-table,complete-string-applicant-graph-plus-approved-string-changes,1092
2012,2012-1072,,.meo,.meo,PT Comunicacoes S.A.,No,,requested,published-application,,,,,no,,no,,,,,,https://www.thedomains.com/2012/06/13/here-are-all-1930-applications-for-new-gtlds/,secondary-transcription-of-icann-reveal-table,complete-string-applicant-graph-plus-approved-string-changes,1093
2012,2012-1073,,.merck,.merck,"Merck Registry Holdings, Inc.",No,,requested,published-application,,,,,yes,2012-exact-merck,yes,merck,,,,,https://www.thedomains.com/2012/06/13/here-are-all-1930-applications-for-new-gtlds/,secondary-transcription-of-icann-reveal-table,complete-string-applicant-graph-plus-approved-string-changes,1094
2012,2012-1074,,.merck,.merck,Merck KGaA,No,,requested,published-application,,,,,yes,2012-exact-merck,yes,merck,,,,,https://www.thedomains.com/2012/06/13/here-are-all-1930-applications-for-new-gtlds/,secondary-transcription-of-icann-reveal-table,complete-string-applicant-graph-plus-approved-string-changes,1095
2012,2012-1075,,.merck,.merck,"Merck Registry Holdings, Inc.",No,,requested,published-application,,,,,yes,2012-exact-merck,yes,merck,,,,,https://www.thedomains.com/2012/06/13/here-are-all-1930-applications-for-new-gtlds/,secondary-transcription-of-icann-reveal-table,complete-string-applicant-graph-plus-approved-string-changes,1096
2012,2012-1076,,.merckmsd,.merckmsd,"MSD Registry Holdings, Inc.",No,,requested,published-application,,,,,no,,yes,merck,,,,,https://www.thedomains.com/2012/06/13/here-are-all-1930-applications-for-new-gtlds/,secondary-transcription-of-icann-reveal-table,complete-string-applicant-graph-plus-approved-string-changes,1097
2012,2012-1077,,.metlife,.metlife,"MetLife Services and Solutions, LLC",No,,requested,published-application,,,,,no,,no,,,,,,https://www.thedomains.com/2012/06/13/here-are-all-1930-applications-for-new-gtlds/,secondary-transcription-of-icann-reveal-table,complete-string-applicant-graph-plus-approved-string-changes,1098
2012,2012-1078,,.miami,.miami,Top Level Domain Holdings Limited,No,,requested,published-application,,,,,no,,no,,,,,,https://www.thedomains.com/2012/06/13/here-are-all-1930-applications-for-new-gtlds/,secondary-transcription-of-icann-reveal-table,complete-string-applicant-graph-plus-approved-string-changes,1099
2012,2012-1079,,.microsoft,.microsoft,Microsoft Corporation,No,,requested,published-application,,,,,no,,no,,,,,,https://www.thedomains.com/2012/06/13/here-are-all-1930-applications-for-new-gtlds/,secondary-transcription-of-icann-reveal-table,complete-string-applicant-graph-plus-approved-string-changes,1100
2012,2012-1080,,.mih,.mih,Myriad International Holdings B.V.,No,,requested,published-application,,,,,no,,no,,,,,,https://www.thedomains.com/2012/06/13/here-are-all-1930-applications-for-new-gtlds/,secondary-transcription-of-icann-reveal-table,complete-string-applicant-graph-plus-approved-string-changes,1101
2012,2012-1081,,.mii,.mii,"MiTek USA, Inc.",No,,requested,published-application,,,,,no,,no,,,,,,https://www.thedomains.com/2012/06/13/here-are-all-1930-applications-for-new-gtlds/,secondary-transcription-of-icann-reveal-table,complete-string-applicant-graph-plus-approved-string-changes,1102
2012,2012-1082,,.mini,.mini,Bayerische Motoren Werke Aktiengesellschaft,No,,requested,published-application,,,,,no,,no,,,,,,https://www.thedomains.com/2012/06/13/here-are-all-1930-applications-for-new-gtlds/,secondary-transcription-of-icann-reveal-table,complete-string-applicant-graph-plus-approved-string-changes,1103
2012,2012-1083,,.mint,.mint,"Intuit Administrative Services, Inc.",No,,requested,published-application,,,,,no,,no,,,,,,https://www.thedomains.com/2012/06/13/here-are-all-1930-applications-for-new-gtlds/,secondary-transcription-of-icann-reveal-table,complete-string-applicant-graph-plus-approved-string-changes,1104
2012,2012-1084,,.mit,.mit,Massachusetts Institute of Technology,No,,requested,published-application,,,,,no,,no,,,,,,https://www.thedomains.com/2012/06/13/here-are-all-1930-applications-for-new-gtlds/,secondary-transcription-of-icann-reveal-table,complete-string-applicant-graph-plus-approved-string-changes,1105
2012,2012-1085,,.mitek,.mitek,"MiTek USA, Inc.",No,,requested,published-application,,,,,no,,no,,,,,,https://www.thedomains.com/2012/06/13/here-are-all-1930-applications-for-new-gtlds/,secondary-transcription-of-icann-reveal-table,complete-string-applicant-graph-plus-approved-string-changes,1106
2012,2012-1086,,.mitsubishi,.mitsubishi,Mitsubishi Corporation,No,,requested,published-application,,,,,no,,no,,,,,,https://www.thedomains.com/2012/06/13/here-are-all-1930-applications-for-new-gtlds/,secondary-transcription-of-icann-reveal-table,complete-string-applicant-graph-plus-approved-string-changes,1107
2012,2012-1087,,.mlb,.mlb,"MLB Advanced Media DH, LLC",No,,requested,published-application,,,,,no,,no,,,,,,https://www.thedomains.com/2012/06/13/here-are-all-1930-applications-for-new-gtlds/,secondary-transcription-of-icann-reveal-table,complete-string-applicant-graph-plus-approved-string-changes,1108
2012,2012-1088,,.mls,.mls,Afilias Limited,No,,requested,published-application,,,,,yes,2012-exact-mls,no,,,,,,https://www.thedomains.com/2012/06/13/here-are-all-1930-applications-for-new-gtlds/,secondary-transcription-of-icann-reveal-table,complete-string-applicant-graph-plus-approved-string-changes,1109
2012,2012-1089,,.mls,.mls,The Canadian Real Estate Association,No,,requested,published-application,,,,,yes,2012-exact-mls,no,,,,,,https://www.thedomains.com/2012/06/13/here-are-all-1930-applications-for-new-gtlds/,secondary-transcription-of-icann-reveal-table,complete-string-applicant-graph-plus-approved-string-changes,1110
2012,2012-1090,,.mls,.mls,The Canadian Real Estate Association,No,,requested,published-application,,,,,yes,2012-exact-mls,no,,,,,,https://www.thedomains.com/2012/06/13/here-are-all-1930-applications-for-new-gtlds/,secondary-transcription-of-icann-reveal-table,complete-string-applicant-graph-plus-approved-string-changes,1111
2012,2012-1091,,.mma,.mma,MMA IARD,No,,requested,published-application,,,,,no,,no,,,,,,https://www.thedomains.com/2012/06/13/here-are-all-1930-applications-for-new-gtlds/,secondary-transcription-of-icann-reveal-table,complete-string-applicant-graph-plus-approved-string-changes,1112
2012,2012-1092,,.mnet,.mnet,Electronic Media Network Limited (M-Net),No,,requested,published-application,,,,,no,,no,,,,,,https://www.thedomains.com/2012/06/13/here-are-all-1930-applications-for-new-gtlds/,secondary-transcription-of-icann-reveal-table,complete-string-applicant-graph-plus-approved-string-changes,1113
2012,2012-1093,,.mobile,.mobile,"Pixie North, LLC",No,,requested,published-application,,,,,yes,2012-exact-mobile,no,,,,,,https://www.thedomains.com/2012/06/13/here-are-all-1930-applications-for-new-gtlds/,secondary-transcription-of-icann-reveal-table,complete-string-applicant-graph-plus-approved-string-changes,1114
2012,2012-1094,,.mobile,.mobile,Amazon EU S.à r.l.,No,,requested,published-application,,,,,yes,2012-exact-mobile,no,,,,,,https://www.thedomains.com/2012/06/13/here-are-all-1930-applications-for-new-gtlds/,secondary-transcription-of-icann-reveal-table,complete-string-applicant-graph-plus-approved-string-changes,1115
2012,2012-1095,,.mobile,.mobile,Dish DBS Corporation,No,,requested,published-application,,,,,yes,2012-exact-mobile,no,,,,,,https://www.thedomains.com/2012/06/13/here-are-all-1930-applications-for-new-gtlds/,secondary-transcription-of-icann-reveal-table,complete-string-applicant-graph-plus-approved-string-changes,1116
2012,2012-1096,,.mobily,.mobily,GreenTech Consultancy Company W.L.L.,No,,requested,published-application,,,,,no,,no,,,,,,https://www.thedomains.com/2012/06/13/here-are-all-1930-applications-for-new-gtlds/,secondary-transcription-of-icann-reveal-table,complete-string-applicant-graph-plus-approved-string-changes,1117
2012,2012-1097,,.moda,.moda,United TLD Holdco Ltd.,No,,requested,published-application,,,,,no,,no,,,,,,https://www.thedomains.com/2012/06/13/here-are-all-1930-applications-for-new-gtlds/,secondary-transcription-of-icann-reveal-table,complete-string-applicant-graph-plus-approved-string-changes,1118
2012,2012-1098,,.moe,.moe,"Interlink Co., Ltd.",No,,requested,published-application,,,,,no,,no,,,,,,https://www.thedomains.com/2012/06/13/here-are-all-1930-applications-for-new-gtlds/,secondary-transcription-of-icann-reveal-table,complete-string-applicant-graph-plus-approved-string-changes,1119
2012,2012-1099,,.moi,.moi,Amazon EU S.à r.l.,No,,requested,published-application,,,,,no,,no,,,,,,https://www.thedomains.com/2012/06/13/here-are-all-1930-applications-for-new-gtlds/,secondary-transcription-of-icann-reveal-table,complete-string-applicant-graph-plus-approved-string-changes,1120
2012,2012-1100,,.mom,.mom,United TLD Holdco Ltd.,No,,requested,published-application,,,,,yes,2012-exact-mom,no,,,,,,https://www.thedomains.com/2012/06/13/here-are-all-1930-applications-for-new-gtlds/,secondary-transcription-of-icann-reveal-table,complete-string-applicant-graph-plus-approved-string-changes,1121
2012,2012-1101,,.mom,.mom,"Uniregistry, Corp.",No,,requested,published-application,,,,,yes,2012-exact-mom,no,,,,,,https://www.thedomains.com/2012/06/13/here-are-all-1930-applications-for-new-gtlds/,secondary-transcription-of-icann-reveal-table,complete-string-applicant-graph-plus-approved-string-changes,1122
2012,2012-1102,,.mom,.mom,Charleston Road Registry Inc.,No,,requested,published-application,,,,,yes,2012-exact-mom,no,,,,,,https://www.thedomains.com/2012/06/13/here-are-all-1930-applications-for-new-gtlds/,secondary-transcription-of-icann-reveal-table,complete-string-applicant-graph-plus-approved-string-changes,1123
2012,2012-1103,,.monash,.monash,Monash University,No,,requested,published-application,,,,,no,,no,,,,,,https://www.thedomains.com/2012/06/13/here-are-all-1930-applications-for-new-gtlds/,secondary-transcription-of-icann-reveal-table,complete-string-applicant-graph-plus-approved-string-changes,1124
2012,2012-1104,,.money,.money,"Outer McCook, LLC",No,,requested,published-application,,,,,yes,2012-exact-money,no,,,,,,https://www.thedomains.com/2012/06/13/here-are-all-1930-applications-for-new-gtlds/,secondary-transcription-of-icann-reveal-table,complete-string-applicant-graph-plus-approved-string-changes,1125
2012,2012-1105,,.money,.money,dot Money Limited,No,,requested,published-application,,,,,yes,2012-exact-money,no,,,,,,https://www.thedomains.com/2012/06/13/here-are-all-1930-applications-for-new-gtlds/,secondary-transcription-of-icann-reveal-table,complete-string-applicant-graph-plus-approved-string-changes,1126
2012,2012-1106,,.monster,.monster,"Monster Worldwide, Inc.",No,,requested,published-application,,,,,yes,2012-exact-monster,no,,,,,,https://www.thedomains.com/2012/06/13/here-are-all-1930-applications-for-new-gtlds/,secondary-transcription-of-icann-reveal-table,complete-string-applicant-graph-plus-approved-string-changes,1127
2012,2012-1107,,.monster,.monster,"Monster, Inc.",No,,requested,published-application,,,,,yes,2012-exact-monster,no,,,,,,https://www.thedomains.com/2012/06/13/here-are-all-1930-applications-for-new-gtlds/,secondary-transcription-of-icann-reveal-table,complete-string-applicant-graph-plus-approved-string-changes,1128
2012,2012-1108,,.montblanc,.montblanc,Richemont DNS Inc.,No,,requested,published-application,,,,,no,,no,,,,,,https://www.thedomains.com/2012/06/13/here-are-all-1930-applications-for-new-gtlds/,secondary-transcription-of-icann-reveal-table,complete-string-applicant-graph-plus-approved-string-changes,1129
2012,2012-1109,,.mopar,.mopar,Chrysler Group LLC.,No,,requested,published-application,,,,,no,,no,,,,,,https://www.thedomains.com/2012/06/13/here-are-all-1930-applications-for-new-gtlds/,secondary-transcription-of-icann-reveal-table,complete-string-applicant-graph-plus-approved-string-changes,1130
2012,2012-1110,,.mormon,.mormon,"IRI Domain Management, LLC (“Applicant”)",No,,requested,published-application,,,,,no,,no,,,,,,https://www.thedomains.com/2012/06/13/here-are-all-1930-applications-for-new-gtlds/,secondary-transcription-of-icann-reveal-table,complete-string-applicant-graph-plus-approved-string-changes,1131
2012,2012-1111,,.mortgage,.mortgage,"Outer Gardens, LLC",No,,requested,published-application,,,,,no,,no,,,,,,https://www.thedomains.com/2012/06/13/here-are-all-1930-applications-for-new-gtlds/,secondary-transcription-of-icann-reveal-table,complete-string-applicant-graph-plus-approved-string-changes,1132
2012,2012-1112,,.moscow,.moscow,Foundation for Assistance for Internet Technologies and Infrastructure Development (FAITID),No,,requested,published-application,,,,,no,,no,,,,,,https://www.thedomains.com/2012/06/13/here-are-all-1930-applications-for-new-gtlds/,secondary-transcription-of-icann-reveal-table,complete-string-applicant-graph-plus-approved-string-changes,1133
2012,2012-1113,,.moto,.moto,United TLD Holdco Ltd.,No,,requested,published-application,,,,,yes,2012-exact-moto,no,,,,,,https://www.thedomains.com/2012/06/13/here-are-all-1930-applications-for-new-gtlds/,secondary-transcription-of-icann-reveal-table,complete-string-applicant-graph-plus-approved-string-changes,1134
2012,2012-1114,,.moto,.moto,Charleston Road Registry Inc.,No,,requested,published-application,,,,,yes,2012-exact-moto,no,,,,,,https://www.thedomains.com/2012/06/13/here-are-all-1930-applications-for-new-gtlds/,secondary-transcription-of-icann-reveal-table,complete-string-applicant-graph-plus-approved-string-changes,1135
2012,2012-1115,,.motorcycles,.motorcycles,"DERMotorcycles, LLC",No,,requested,published-application,,,,,no,,no,,,,,,https://www.thedomains.com/2012/06/13/here-are-all-1930-applications-for-new-gtlds/,secondary-transcription-of-icann-reveal-table,complete-string-applicant-graph-plus-approved-string-changes,1136
2012,2012-1116,,.mov,.mov,Charleston Road Registry Inc.,No,,requested,published-application,,,,,no,,no,,,,,,https://www.thedomains.com/2012/06/13/here-are-all-1930-applications-for-new-gtlds/,secondary-transcription-of-icann-reveal-table,complete-string-applicant-graph-plus-approved-string-changes,1137
2012,2012-1117,,.movie,.movie,Webdeus Inc.,No,,requested,published-application,,,,,yes,2012-exact-movie,no,,,,,,https://www.thedomains.com/2012/06/13/here-are-all-1930-applications-for-new-gtlds/,secondary-transcription-of-icann-reveal-table,complete-string-applicant-graph-plus-approved-string-changes,1138
2012,2012-1118,,.movie,.movie,dot Movie Limited,No,,requested,published-application,,,,,yes,2012-exact-movie,no,,,,,,https://www.thedomains.com/2012/06/13/here-are-all-1930-applications-for-new-gtlds/,secondary-transcription-of-icann-reveal-table,complete-string-applicant-graph-plus-approved-string-changes,1139
2012,2012-1119,,.movie,.movie,Charleston Road Registry Inc.,No,,requested,published-application,,,,,yes,2012-exact-movie,no,,,,,,https://www.thedomains.com/2012/06/13/here-are-all-1930-applications-for-new-gtlds/,secondary-transcription-of-icann-reveal-table,complete-string-applicant-graph-plus-approved-string-changes,1140
2012,2012-1120,,.movie,.movie,"New Frostbite, LLC",No,,requested,published-application,,,,,yes,2012-exact-movie,no,,,,,,https://www.thedomains.com/2012/06/13/here-are-all-1930-applications-for-new-gtlds/,secondary-transcription-of-icann-reveal-table,complete-string-applicant-graph-plus-approved-string-changes,1141
2012,2012-1121,,.movie,.movie,NU DOT CO LLC,No,,requested,published-application,,,,,yes,2012-exact-movie,no,,,,,,https://www.thedomains.com/2012/06/13/here-are-all-1930-applications-for-new-gtlds/,secondary-transcription-of-icann-reveal-table,complete-string-applicant-graph-plus-approved-string-changes,1142
2012,2012-1122,,.movie,.movie,Dish DBS Corporation,No,,requested,published-application,,,,,yes,2012-exact-movie,no,,,,,,https://www.thedomains.com/2012/06/13/here-are-all-1930-applications-for-new-gtlds/,secondary-transcription-of-icann-reveal-table,complete-string-applicant-graph-plus-approved-string-changes,1143
2012,2012-1123,,.movie,.movie,Motion Picture Domain Registry Pty Ltd,No,,requested,published-application,,,,,yes,2012-exact-movie,no,,,,,,https://www.thedomains.com/2012/06/13/here-are-all-1930-applications-for-new-gtlds/,secondary-transcription-of-icann-reveal-table,complete-string-applicant-graph-plus-approved-string-changes,1144
2012,2012-1124,,.movie,.movie,Amazon EU S.à r.l.,No,,requested,published-application,,,,,yes,2012-exact-movie,no,,,,,,https://www.thedomains.com/2012/06/13/here-are-all-1930-applications-for-new-gtlds/,secondary-transcription-of-icann-reveal-table,complete-string-applicant-graph-plus-approved-string-changes,1145
2012,2012-1125,,.movistar,.movistar,Telefónica S.A.,No,,requested,published-application,,,,,no,,no,,,,,,https://www.thedomains.com/2012/06/13/here-are-all-1930-applications-for-new-gtlds/,secondary-transcription-of-icann-reveal-table,complete-string-applicant-graph-plus-approved-string-changes,1146
2012,2012-1126,,.mozaic,.mozaic,Qatar Telecom (Qtel),No,,requested,published-application,,,,,no,,no,,,,,,https://www.thedomains.com/2012/06/13/here-are-all-1930-applications-for-new-gtlds/,secondary-transcription-of-icann-reveal-table,complete-string-applicant-graph-plus-approved-string-changes,1147
2012,2012-1127,,.mrmuscle,.mrmuscle,"Johnson Shareholdings, Inc.",No,,requested,published-application,,,,,no,,no,,,,,,https://www.thedomains.com/2012/06/13/here-are-all-1930-applications-for-new-gtlds/,secondary-transcription-of-icann-reveal-table,complete-string-applicant-graph-plus-approved-string-changes,1148
2012,2012-1128,,.mrporter,.mrporter,Richemont DNS Inc.,No,,requested,published-application,,,,,no,,no,,,,,,https://www.thedomains.com/2012/06/13/here-are-all-1930-applications-for-new-gtlds/,secondary-transcription-of-icann-reveal-table,complete-string-applicant-graph-plus-approved-string-changes,1149
2012,2012-1129,,.msd,.msd,"MSD Registry Holdings, Inc.",No,,requested,published-application,,,,,no,,no,,,,,,https://www.thedomains.com/2012/06/13/here-are-all-1930-applications-for-new-gtlds/,secondary-transcription-of-icann-reveal-table,complete-string-applicant-graph-plus-approved-string-changes,1150
2012,2012-1130,,.mtn,.mtn,MTN Dubai Limited,No,,requested,published-application,,,,,no,,no,,,,,,https://www.thedomains.com/2012/06/13/here-are-all-1930-applications-for-new-gtlds/,secondary-transcription-of-icann-reveal-table,complete-string-applicant-graph-plus-approved-string-changes,1151
2012,2012-1131,,.mtpc,.mtpc,Mitsubishi Tanabe Pharma Corporation,No,,requested,published-application,,,,,no,,no,,,,,,https://www.thedomains.com/2012/06/13/here-are-all-1930-applications-for-new-gtlds/,secondary-transcription-of-icann-reveal-table,complete-string-applicant-graph-plus-approved-string-changes,1152
2012,2012-1132,,.mtr,.mtr,MTR Corporation Limited,No,,requested,published-application,,,,,no,,no,,,,,,https://www.thedomains.com/2012/06/13/here-are-all-1930-applications-for-new-gtlds/,secondary-transcription-of-icann-reveal-table,complete-string-applicant-graph-plus-approved-string-changes,1153
2012,2012-1133,,.multichoice,.multichoice,MultiChoice Africa (Proprietary) Limited,No,,requested,published-application,,,,,no,,no,,,,,,https://www.thedomains.com/2012/06/13/here-are-all-1930-applications-for-new-gtlds/,secondary-transcription-of-icann-reveal-table,complete-string-applicant-graph-plus-approved-string-changes,1154
2012,2012-1134,,.music,.music,Charleston Road Registry Inc.,No,,requested,published-application,,,,,yes,2012-exact-music,yes,music,,,,,https://www.thedomains.com/2012/06/13/here-are-all-1930-applications-for-new-gtlds/,secondary-transcription-of-icann-reveal-table,complete-string-applicant-graph-plus-approved-string-changes,1155
2012,2012-1135,,.music,.music,dot Music Limited,No,,requested,published-application,,,,,yes,2012-exact-music,yes,music,,,,,https://www.thedomains.com/2012/06/13/here-are-all-1930-applications-for-new-gtlds/,secondary-transcription-of-icann-reveal-table,complete-string-applicant-graph-plus-approved-string-changes,1156
2012,2012-1136,,.music,.music,DotMusic / CGR E-Commerce Ltd,No,,requested,published-application,,,,,yes,2012-exact-music,yes,music,,,,,https://www.thedomains.com/2012/06/13/here-are-all-1930-applications-for-new-gtlds/,secondary-transcription-of-icann-reveal-table,complete-string-applicant-graph-plus-approved-string-changes,1157
2012,2012-1137,,.music,.music,DotMusic Inc.,No,,requested,published-application,,,,,yes,2012-exact-music,yes,music,,,,,https://www.thedomains.com/2012/06/13/here-are-all-1930-applications-for-new-gtlds/,secondary-transcription-of-icann-reveal-table,complete-string-applicant-graph-plus-approved-string-changes,1158
2012,2012-1138,,.music,.music,Victor Cross,No,,requested,published-application,,,,,yes,2012-exact-music,yes,music,,,,,https://www.thedomains.com/2012/06/13/here-are-all-1930-applications-for-new-gtlds/,secondary-transcription-of-icann-reveal-table,complete-string-applicant-graph-plus-approved-string-changes,1159
2012,2012-1139,,.music,.music,Amazon EU S.à r.l.,No,,requested,published-application,,,,,yes,2012-exact-music,yes,music,,,,,https://www.thedomains.com/2012/06/13/here-are-all-1930-applications-for-new-gtlds/,secondary-transcription-of-icann-reveal-table,complete-string-applicant-graph-plus-approved-string-changes,1160
2012,2012-1140,,.music,.music,.music LLC,No,,requested,published-application,,,,,yes,2012-exact-music,yes,music,,,,,https://www.thedomains.com/2012/06/13/here-are-all-1930-applications-for-new-gtlds/,secondary-transcription-of-icann-reveal-table,complete-string-applicant-graph-plus-approved-string-changes,1161
2012,2012-1141,,.music,.music,Entertainment Names Inc.,No,,requested,published-application,,,,,yes,2012-exact-music,yes,music,,,,,https://www.thedomains.com/2012/06/13/here-are-all-1930-applications-for-new-gtlds/,secondary-transcription-of-icann-reveal-table,complete-string-applicant-graph-plus-approved-string-changes,1162
2012,2012-1142,,.mutual,.mutual,"Northwestern Mutual MU TLD Registry, LLC",No,,requested,published-application,,,,,no,,no,,,,,,https://www.thedomains.com/2012/06/13/here-are-all-1930-applications-for-new-gtlds/,secondary-transcription-of-icann-reveal-table,complete-string-applicant-graph-plus-approved-string-changes,1163
2012,2012-1143,,.mutualfunds,.mutualfunds,Fidelity Brokerage Services LLC,No,,requested,published-application,,,,,no,,no,,,,,,https://www.thedomains.com/2012/06/13/here-are-all-1930-applications-for-new-gtlds/,secondary-transcription-of-icann-reveal-table,complete-string-applicant-graph-plus-approved-string-changes,1164
2012,2012-1144,,.mutuelle,.mutuelle,Fédération Nationale de la Mutualité Française,No,,requested,published-application,,,,,no,,no,,,,,,https://www.thedomains.com/2012/06/13/here-are-all-1930-applications-for-new-gtlds/,secondary-transcription-of-icann-reveal-table,complete-string-applicant-graph-plus-approved-string-changes,1165
2012,2012-1145,,.mzansimagic,.mzansimagic,Electronic Media Network Limited (M-Net),No,,requested,published-application,,,,,no,,no,,,,,,https://www.thedomains.com/2012/06/13/here-are-all-1930-applications-for-new-gtlds/,secondary-transcription-of-icann-reveal-table,complete-string-applicant-graph-plus-approved-string-changes,1166
2012,2012-1146,,.nab,.nab,National Australia Bank Limited,No,,requested,published-application,,,,,no,,no,,,,,,https://www.thedomains.com/2012/06/13/here-are-all-1930-applications-for-new-gtlds/,secondary-transcription-of-icann-reveal-table,complete-string-applicant-graph-plus-approved-string-changes,1167
2012,2012-1147,,.nadex,.nadex,IG Group Holdings PLC,No,,requested,published-application,,,,,no,,no,,,,,,https://www.thedomains.com/2012/06/13/here-are-all-1930-applications-for-new-gtlds/,secondary-transcription-of-icann-reveal-table,complete-string-applicant-graph-plus-approved-string-changes,1168
2012,2012-1148,,.nagoya,.nagoya,"GMO Registry, Inc.",No,,requested,published-application,,,,,no,,no,,,,,,https://www.thedomains.com/2012/06/13/here-are-all-1930-applications-for-new-gtlds/,secondary-transcription-of-icann-reveal-table,complete-string-applicant-graph-plus-approved-string-changes,1169
2012,2012-1149,,.naspers,.naspers,Intelprop (Proprietary) Limited,No,,requested,published-application,,,,,no,,no,,,,,,https://www.thedomains.com/2012/06/13/here-are-all-1930-applications-for-new-gtlds/,secondary-transcription-of-icann-reveal-table,complete-string-applicant-graph-plus-approved-string-changes,1170
2012,2012-1150,,.nationwide,.nationwide,Nationwide Mutual Insurance Company,No,,requested,published-application,,,,,no,,no,,,,,,https://www.thedomains.com/2012/06/13/here-are-all-1930-applications-for-new-gtlds/,secondary-transcription-of-icann-reveal-table,complete-string-applicant-graph-plus-approved-string-changes,1171
2012,2012-1151,,.natura,.natura,NATURA COSMÉTICOS S.A.,No,,requested,published-application,,,,,no,,no,,,,,,https://www.thedomains.com/2012/06/13/here-are-all-1930-applications-for-new-gtlds/,secondary-transcription-of-icann-reveal-table,complete-string-applicant-graph-plus-approved-string-changes,1172
2012,2012-1152,,.navy,.navy,United TLD Holdco Ltd.,No,,requested,published-application,,,,,no,,no,,,,,,https://www.thedomains.com/2012/06/13/here-are-all-1930-applications-for-new-gtlds/,secondary-transcription-of-icann-reveal-table,complete-string-applicant-graph-plus-approved-string-changes,1173
2012,2012-1153,,.nba,.nba,"NBA REGISTRY, LLC",No,,requested,published-application,,,,,no,,no,,,,,,https://www.thedomains.com/2012/06/13/here-are-all-1930-applications-for-new-gtlds/,secondary-transcription-of-icann-reveal-table,complete-string-applicant-graph-plus-approved-string-changes,1174
2012,2012-1154,,.nec,.nec,NEC Corporation,No,,requested,published-application,,,,,no,,no,,,,,,https://www.thedomains.com/2012/06/13/here-are-all-1930-applications-for-new-gtlds/,secondary-transcription-of-icann-reveal-table,complete-string-applicant-graph-plus-approved-string-changes,1175
2012,2012-1155,,.netaporter,.netaporter,Richemont DNS Inc.,No,,requested,published-application,,,,,no,,no,,,,,,https://www.thedomains.com/2012/06/13/here-are-all-1930-applications-for-new-gtlds/,secondary-transcription-of-icann-reveal-table,complete-string-applicant-graph-plus-approved-string-changes,1176
2012,2012-1156,,.netbank,.netbank,COMMONWEALTH BANK OF AUSTRALIA,No,,requested,published-application,,,,,no,,no,,,,,,https://www.thedomains.com/2012/06/13/here-are-all-1930-applications-for-new-gtlds/,secondary-transcription-of-icann-reveal-table,complete-string-applicant-graph-plus-approved-string-changes,1177
2012,2012-1157,,.netflix,.netflix,"Netflix, Inc.",No,,requested,published-application,,,,,no,,no,,,,,,https://www.thedomains.com/2012/06/13/here-are-all-1930-applications-for-new-gtlds/,secondary-transcription-of-icann-reveal-table,complete-string-applicant-graph-plus-approved-string-changes,1178
2012,2012-1158,,.network,.network,"Trixy Manor, LLC",No,,requested,published-application,,,,,no,,no,,,,,,https://www.thedomains.com/2012/06/13/here-are-all-1930-applications-for-new-gtlds/,secondary-transcription-of-icann-reveal-table,complete-string-applicant-graph-plus-approved-string-changes,1179
2012,2012-1159,,.neustar,.neustar,"NeuStar, Inc.",No,,requested,published-application,,,,,no,,no,,,,,,https://www.thedomains.com/2012/06/13/here-are-all-1930-applications-for-new-gtlds/,secondary-transcription-of-icann-reveal-table,complete-string-applicant-graph-plus-approved-string-changes,1180
2012,2012-1160,,.new,.new,Charleston Road Registry Inc.,No,,requested,published-application,,,,,no,,no,,,,,,https://www.thedomains.com/2012/06/13/here-are-all-1930-applications-for-new-gtlds/,secondary-transcription-of-icann-reveal-table,complete-string-applicant-graph-plus-approved-string-changes,1181
2012,2012-1161,,.newholland,.newholland,Fiat Industrial S.p.A (società per azioni),No,,requested,published-application,,,,,no,,no,,,,,,https://www.thedomains.com/2012/06/13/here-are-all-1930-applications-for-new-gtlds/,secondary-transcription-of-icann-reveal-table,complete-string-applicant-graph-plus-approved-string-changes,1182
2012,2012-1162,,.news,.news,dot News Limited,No,,requested,published-application,,,,,yes,2012-exact-news,no,,,,,,https://www.thedomains.com/2012/06/13/here-are-all-1930-applications-for-new-gtlds/,secondary-transcription-of-icann-reveal-table,complete-string-applicant-graph-plus-approved-string-changes,1183
2012,2012-1163,,.news,.news,"Hidden Bloom, LLC",No,,requested,published-application,,,,,yes,2012-exact-news,no,,,,,,https://www.thedomains.com/2012/06/13/here-are-all-1930-applications-for-new-gtlds/,secondary-transcription-of-icann-reveal-table,complete-string-applicant-graph-plus-approved-string-changes,1184
2012,2012-1164,,.news,.news,Merchant Law Group LLP,No,,requested,published-application,,,,,yes,2012-exact-news,no,,,,,,https://www.thedomains.com/2012/06/13/here-are-all-1930-applications-for-new-gtlds/,secondary-transcription-of-icann-reveal-table,complete-string-applicant-graph-plus-approved-string-changes,1185
2012,2012-1165,,.news,.news,"Uniregistry, Corp.",No,,requested,published-application,,,,,yes,2012-exact-news,no,,,,,,https://www.thedomains.com/2012/06/13/here-are-all-1930-applications-for-new-gtlds/,secondary-transcription-of-icann-reveal-table,complete-string-applicant-graph-plus-approved-string-changes,1186
2012,2012-1166,,.news,.news,DotNews Inc.,No,,requested,published-application,,,,,yes,2012-exact-news,no,,,,,,https://www.thedomains.com/2012/06/13/here-are-all-1930-applications-for-new-gtlds/,secondary-transcription-of-icann-reveal-table,complete-string-applicant-graph-plus-approved-string-changes,1187
2012,2012-1167,,.news,.news,PRIMER NIVEL S.A.,No,,requested,published-application,,,,,yes,2012-exact-news,no,,,,,,https://www.thedomains.com/2012/06/13/here-are-all-1930-applications-for-new-gtlds/,secondary-transcription-of-icann-reveal-table,complete-string-applicant-graph-plus-approved-string-changes,1188
2012,2012-1168,,.news,.news,Amazon EU S.à r.l.,No,,requested,published-application,,,,,yes,2012-exact-news,no,,,,,,https://www.thedomains.com/2012/06/13/here-are-all-1930-applications-for-new-gtlds/,secondary-transcription-of-icann-reveal-table,complete-string-applicant-graph-plus-approved-string-changes,1189
2012,2012-1169,,.next,.next,Next plc,No,,requested,published-application,,,,,no,,no,,,,,,https://www.thedomains.com/2012/06/13/here-are-all-1930-applications-for-new-gtlds/,secondary-transcription-of-icann-reveal-table,complete-string-applicant-graph-plus-approved-string-changes,1190
2012,2012-1170,,.nextdirect,.nextdirect,Next plc,No,,requested,published-application,,,,,no,,no,,,,,,https://www.thedomains.com/2012/06/13/here-are-all-1930-applications-for-new-gtlds/,secondary-transcription-of-icann-reveal-table,complete-string-applicant-graph-plus-approved-string-changes,1191
2012,2012-1171,,.nexus,.nexus,Charleston Road Registry Inc.,No,,requested,published-application,,,,,no,,no,,,,,,https://www.thedomains.com/2012/06/13/here-are-all-1930-applications-for-new-gtlds/,secondary-transcription-of-icann-reveal-table,complete-string-applicant-graph-plus-approved-string-changes,1192
2012,2012-1172,,.nfl,.nfl,NFL Reg Ops LLC,No,,requested,published-application,,,,,no,,no,,,,,,https://www.thedomains.com/2012/06/13/here-are-all-1930-applications-for-new-gtlds/,secondary-transcription-of-icann-reveal-table,complete-string-applicant-graph-plus-approved-string-changes,1193
2012,2012-1173,,.ngo,.ngo,Public Interest Registry,No,,requested,published-application,,,,,no,,no,,,,,,https://www.thedomains.com/2012/06/13/here-are-all-1930-applications-for-new-gtlds/,secondary-transcription-of-icann-reveal-table,complete-string-applicant-graph-plus-approved-string-changes,1194
2012,2012-1174,,.nhk,.nhk,Japan Broadcasting Corporation (NHK),No,,requested,published-application,,,,,no,,no,,,,,,https://www.thedomains.com/2012/06/13/here-are-all-1930-applications-for-new-gtlds/,secondary-transcription-of-icann-reveal-table,complete-string-applicant-graph-plus-approved-string-changes,1195
2012,2012-1175,,.nico,.nico,"DWANGO Co., Ltd.",No,,requested,published-application,,,,,no,,no,,,,,,https://www.thedomains.com/2012/06/13/here-are-all-1930-applications-for-new-gtlds/,secondary-transcription-of-icann-reveal-table,complete-string-applicant-graph-plus-approved-string-changes,1196
2012,2012-1176,,.nike,.nike,"NIKE, Inc.",No,,requested,published-application,,,,,no,,no,,,,,,https://www.thedomains.com/2012/06/13/here-are-all-1930-applications-for-new-gtlds/,secondary-transcription-of-icann-reveal-table,complete-string-applicant-graph-plus-approved-string-changes,1197
2012,2012-1177,,.nikon,.nikon,NIKON CORPORATION,No,,requested,published-application,,,,,no,,no,,,,,,https://www.thedomains.com/2012/06/13/here-are-all-1930-applications-for-new-gtlds/,secondary-transcription-of-icann-reveal-table,complete-string-applicant-graph-plus-approved-string-changes,1198
2012,2012-1178,,.ninja,.ninja,United TLD Holdco Ltd.,No,,requested,published-application,,,,,no,,no,,,,,,https://www.thedomains.com/2012/06/13/here-are-all-1930-applications-for-new-gtlds/,secondary-transcription-of-icann-reveal-table,complete-string-applicant-graph-plus-approved-string-changes,1199
2012,2012-1179,,.nissan,.nissan,"NISSAN MOTOR CO., LTD.",No,,requested,published-application,,,,,no,,no,,,,,,https://www.thedomains.com/2012/06/13/here-are-all-1930-applications-for-new-gtlds/,secondary-transcription-of-icann-reveal-table,complete-string-applicant-graph-plus-approved-string-changes,1200
2012,2012-1180,,.nissay,.nissay,Nippon Life Insurance Company,No,,requested,published-application,,,,,no,,no,,,,,,https://www.thedomains.com/2012/06/13/here-are-all-1930-applications-for-new-gtlds/,secondary-transcription-of-icann-reveal-table,complete-string-applicant-graph-plus-approved-string-changes,1201
2012,2012-1181,,.nokia,.nokia,Nokia Corporation,No,,requested,published-application,,,,,no,,no,,,,,,https://www.thedomains.com/2012/06/13/here-are-all-1930-applications-for-new-gtlds/,secondary-transcription-of-icann-reveal-table,complete-string-applicant-graph-plus-approved-string-changes,1202
2012,2012-1182,,.northlandinsurance,.northlandinsurance,"Travelers TLD, LLC",No,,requested,published-application,,,,,no,,no,,,,,,https://www.thedomains.com/2012/06/13/here-are-all-1930-applications-for-new-gtlds/,secondary-transcription-of-icann-reveal-table,complete-string-applicant-graph-plus-approved-string-changes,1203
2012,2012-1183,,.northwesternmutual,.northwesternmutual,"Northwestern Mutual Registry, LLC",No,,requested,published-application,,,,,no,,no,,,,,,https://www.thedomains.com/2012/06/13/here-are-all-1930-applications-for-new-gtlds/,secondary-transcription-of-icann-reveal-table,complete-string-applicant-graph-plus-approved-string-changes,1204
2012,2012-1184,,.norton,.norton,Symantec Corporation,No,,requested,published-application,,,,,no,,no,,,,,,https://www.thedomains.com/2012/06/13/here-are-all-1930-applications-for-new-gtlds/,secondary-transcription-of-icann-reveal-table,complete-string-applicant-graph-plus-approved-string-changes,1205
2012,2012-1185,,.now,.now,XYZ.COM LLC,No,,requested,published-application,,,,,yes,2012-exact-now,no,,,,,,https://www.thedomains.com/2012/06/13/here-are-all-1930-applications-for-new-gtlds/,secondary-transcription-of-icann-reveal-table,complete-string-applicant-graph-plus-approved-string-changes,1206
2012,2012-1186,,.now,.now,Starbucks (HK) Limited,No,,requested,published-application,,,,,yes,2012-exact-now,no,,,,,,https://www.thedomains.com/2012/06/13/here-are-all-1930-applications-for-new-gtlds/,secondary-transcription-of-icann-reveal-table,complete-string-applicant-graph-plus-approved-string-changes,1207
2012,2012-1187,,.now,.now,One.com A/S,No,,requested,published-application,,,,,yes,2012-exact-now,no,,,,,,https://www.thedomains.com/2012/06/13/here-are-all-1930-applications-for-new-gtlds/,secondary-transcription-of-icann-reveal-table,complete-string-applicant-graph-plus-approved-string-changes,1208
2012,2012-1188,,.now,.now,Amazon EU S.à r.l.,No,,requested,published-application,,,,,yes,2012-exact-now,no,,,,,,https://www.thedomains.com/2012/06/13/here-are-all-1930-applications-for-new-gtlds/,secondary-transcription-of-icann-reveal-table,complete-string-applicant-graph-plus-approved-string-changes,1209
2012,2012-1189,,.now,.now,Global Top Level ApS,No,,requested,published-application,,,,,yes,2012-exact-now,no,,,,,,https://www.thedomains.com/2012/06/13/here-are-all-1930-applications-for-new-gtlds/,secondary-transcription-of-icann-reveal-table,complete-string-applicant-graph-plus-approved-string-changes,1210
2012,2012-1190,,.now,.now,"Grand Turn, LLC",No,,requested,published-application,,,,,yes,2012-exact-now,no,,,,,,https://www.thedomains.com/2012/06/13/here-are-all-1930-applications-for-new-gtlds/,secondary-transcription-of-icann-reveal-table,complete-string-applicant-graph-plus-approved-string-changes,1211
2012,2012-1191,,.nowruz,.nowruz,Asia Green IT System Bilgisayar San. ve Tic. Ltd. Sti.,No,,requested,published-application,,,,,no,,no,,,,,,https://www.thedomains.com/2012/06/13/here-are-all-1930-applications-for-new-gtlds/,secondary-transcription-of-icann-reveal-table,complete-string-applicant-graph-plus-approved-string-changes,1212
2012,2012-1192,,.nowtv,.nowtv,Starbucks (HK) Limited,No,,requested,published-application,,,,,no,,no,,,,,,https://www.thedomains.com/2012/06/13/here-are-all-1930-applications-for-new-gtlds/,secondary-transcription-of-icann-reveal-table,complete-string-applicant-graph-plus-approved-string-changes,1213
2012,2012-1193,,.nra,.nra,"NRA Holdings Company, INC.",No,,requested,published-application,,,,,no,,no,,,,,,https://www.thedomains.com/2012/06/13/here-are-all-1930-applications-for-new-gtlds/,secondary-transcription-of-icann-reveal-table,complete-string-applicant-graph-plus-approved-string-changes,1214
2012,2012-1194,,.nrw,.nrw,Minds + Machines GmbH,No,,requested,published-application,,,,,no,,no,,,,,,https://www.thedomains.com/2012/06/13/here-are-all-1930-applications-for-new-gtlds/,secondary-transcription-of-icann-reveal-table,complete-string-applicant-graph-plus-approved-string-changes,1215
2012,2012-1195,,.ntt,.ntt,NIPPON TELEGRAPH AND TELEPHONE CORPORATION,No,,requested,published-application,,,,,no,,no,,,,,,https://www.thedomains.com/2012/06/13/here-are-all-1930-applications-for-new-gtlds/,secondary-transcription-of-icann-reveal-table,complete-string-applicant-graph-plus-approved-string-changes,1216
2012,2012-1196,,.nyc,.nyc,The City of New York by and through the New York City Department of Information Technology & Telecommunications,No,,requested,published-application,,,,,no,,no,,,,,,https://www.thedomains.com/2012/06/13/here-are-all-1930-applications-for-new-gtlds/,secondary-transcription-of-icann-reveal-table,complete-string-applicant-graph-plus-approved-string-changes,1217
2012,2012-1197,,.obi,.obi,OBI Group Holding GmbH,No,,requested,published-application,,,,,no,,no,,,,,,https://www.thedomains.com/2012/06/13/here-are-all-1930-applications-for-new-gtlds/,secondary-transcription-of-icann-reveal-table,complete-string-applicant-graph-plus-approved-string-changes,1218
2012,2012-1198,,.observer,.observer,Guardian News and Media Limited,No,,requested,published-application,,,,,no,,no,,,,,,https://www.thedomains.com/2012/06/13/here-are-all-1930-applications-for-new-gtlds/,secondary-transcription-of-icann-reveal-table,complete-string-applicant-graph-plus-approved-string-changes,1219
2012,2012-1199,,.off,.off,"Johnson Shareholdings, Inc.",No,,requested,published-application,,,,,no,,no,,,,,,https://www.thedomains.com/2012/06/13/here-are-all-1930-applications-for-new-gtlds/,secondary-transcription-of-icann-reveal-table,complete-string-applicant-graph-plus-approved-string-changes,1220
2012,2012-1200,,.office,.office,Microsoft Corporation,No,,requested,published-application,,,,,no,,no,,,,,,https://www.thedomains.com/2012/06/13/here-are-all-1930-applications-for-new-gtlds/,secondary-transcription-of-icann-reveal-table,complete-string-applicant-graph-plus-approved-string-changes,1221
2012,2012-1201,,.okinawa,.okinawa,BusinessRalliart inc.,No,,requested,published-application,,,,,no,,no,,,,,,https://www.thedomains.com/2012/06/13/here-are-all-1930-applications-for-new-gtlds/,secondary-transcription-of-icann-reveal-table,complete-string-applicant-graph-plus-approved-string-changes,1222
2012,2012-1202,,.olayan,.olayan,Olayan Investments Company Establishment,No,,requested,published-application,,,,,no,,no,,,,,,https://www.thedomains.com/2012/06/13/here-are-all-1930-applications-for-new-gtlds/,secondary-transcription-of-icann-reveal-table,complete-string-applicant-graph-plus-approved-string-changes,1223
2012,2012-1203,,.olayangroup,.olayangroup,Olayan Investments Company Establishment,No,,requested,published-application,,,,,no,,no,,,,,,https://www.thedomains.com/2012/06/13/here-are-all-1930-applications-for-new-gtlds/,secondary-transcription-of-icann-reveal-table,complete-string-applicant-graph-plus-approved-string-changes,1224
2012,2012-1204,,.oldnavy,.oldnavy,"The Gap, Inc.",No,,requested,published-application,,,,,no,,no,,,,,,https://www.thedomains.com/2012/06/13/here-are-all-1930-applications-for-new-gtlds/,secondary-transcription-of-icann-reveal-table,complete-string-applicant-graph-plus-approved-string-changes,1225
2012,2012-1205,,.ollo,.ollo,Dish DBS Corporation,No,,requested,published-application,,,,,no,,no,,,,,,https://www.thedomains.com/2012/06/13/here-are-all-1930-applications-for-new-gtlds/,secondary-transcription-of-icann-reveal-table,complete-string-applicant-graph-plus-approved-string-changes,1226
2012,2012-1206,,.olympus,.olympus,Olympus Corporation,No,,requested,published-application,,,,,no,,no,,,,,,https://www.thedomains.com/2012/06/13/here-are-all-1930-applications-for-new-gtlds/,secondary-transcription-of-icann-reveal-table,complete-string-applicant-graph-plus-approved-string-changes,1227
2012,2012-1207,,.omega,.omega,The Swatch Group Ltd,No,,requested,published-application,,,,,no,,no,,,,,,https://www.thedomains.com/2012/06/13/here-are-all-1930-applications-for-new-gtlds/,secondary-transcription-of-icann-reveal-table,complete-string-applicant-graph-plus-approved-string-changes,1228
2012,2012-1208,,.one,.one,One.com A/S,No,,requested,published-application,,,,,yes,2012-exact-one,no,,,,,,https://www.thedomains.com/2012/06/13/here-are-all-1930-applications-for-new-gtlds/,secondary-transcription-of-icann-reveal-table,complete-string-applicant-graph-plus-approved-string-changes,1229
2012,2012-1209,,.one,.one,DotAbout Inc.,No,,requested,published-application,,,,,yes,2012-exact-one,no,,,,,,https://www.thedomains.com/2012/06/13/here-are-all-1930-applications-for-new-gtlds/,secondary-transcription-of-icann-reveal-table,complete-string-applicant-graph-plus-approved-string-changes,1230
2012,2012-1210,,.ong,.ong,Public Interest Registry,No,,requested,published-application,,,,,no,,no,,,,,,https://www.thedomains.com/2012/06/13/here-are-all-1930-applications-for-new-gtlds/,secondary-transcription-of-icann-reveal-table,complete-string-applicant-graph-plus-approved-string-changes,1231
2012,2012-1211,,.onl,.onl,"I-REGISTRY Ltd., Niederlassung Deutschland",No,,requested,published-application,,,,,no,,no,,,,,,https://www.thedomains.com/2012/06/13/here-are-all-1930-applications-for-new-gtlds/,secondary-transcription-of-icann-reveal-table,complete-string-applicant-graph-plus-approved-string-changes,1232
2012,2012-1212,,.online,.online,DotOnline Inc.,No,,requested,published-application,,,,,yes,2012-exact-online,no,,,,,,https://www.thedomains.com/2012/06/13/here-are-all-1930-applications-for-new-gtlds/,secondary-transcription-of-icann-reveal-table,complete-string-applicant-graph-plus-approved-string-changes,1233
2012,2012-1213,,.online,.online,Tucows TLDs Inc.,No,,requested,published-application,,,,,yes,2012-exact-online,no,,,,,,https://www.thedomains.com/2012/06/13/here-are-all-1930-applications-for-new-gtlds/,secondary-transcription-of-icann-reveal-table,complete-string-applicant-graph-plus-approved-string-changes,1234
2012,2012-1214,,.online,.online,Namecheap Inc.,No,,requested,published-application,,,,,yes,2012-exact-online,no,,,,,,https://www.thedomains.com/2012/06/13/here-are-all-1930-applications-for-new-gtlds/,secondary-transcription-of-icann-reveal-table,complete-string-applicant-graph-plus-approved-string-changes,1235
2012,2012-1215,,.online,.online,"Bitter Frostbite, LLC",No,,requested,published-application,,,,,yes,2012-exact-online,no,,,,,,https://www.thedomains.com/2012/06/13/here-are-all-1930-applications-for-new-gtlds/,secondary-transcription-of-icann-reveal-table,complete-string-applicant-graph-plus-approved-string-changes,1236
2012,2012-1216,,.online,.online,Dot Online LLC,No,,requested,published-application,,,,,yes,2012-exact-online,no,,,,,,https://www.thedomains.com/2012/06/13/here-are-all-1930-applications-for-new-gtlds/,secondary-transcription-of-icann-reveal-table,complete-string-applicant-graph-plus-approved-string-changes,1237
2012,2012-1217,,.online,.online,"I-REGISTRY Ltd., Niederlassung Deutschland",No,,requested,published-application,,,,,yes,2012-exact-online,no,,,,,,https://www.thedomains.com/2012/06/13/here-are-all-1930-applications-for-new-gtlds/,secondary-transcription-of-icann-reveal-table,complete-string-applicant-graph-plus-approved-string-changes,1238
2012,2012-1218,,.onyourside,.onyourside,Nationwide Mutual Insurance Company,No,,requested,published-application,,,,,no,,no,,,,,,https://www.thedomains.com/2012/06/13/here-are-all-1930-applications-for-new-gtlds/,secondary-transcription-of-icann-reveal-table,complete-string-applicant-graph-plus-approved-string-changes,1239
2012,2012-1219,,.ooo,.ooo,INFIBEAM INCORPORATION LIMITED,No,,requested,published-application,,,,,no,,no,,,,,,https://www.thedomains.com/2012/06/13/here-are-all-1930-applications-for-new-gtlds/,secondary-transcription-of-icann-reveal-table,complete-string-applicant-graph-plus-approved-string-changes,1240
2012,2012-1220,,.open,.open,"American Express Travel Related Services Company, Inc.",No,,requested,published-application,,,,,no,,no,,,,,,https://www.thedomains.com/2012/06/13/here-are-all-1930-applications-for-new-gtlds/,secondary-transcription-of-icann-reveal-table,complete-string-applicant-graph-plus-approved-string-changes,1241
2012,2012-1221,,.oracle,.oracle,Oracle Corporation,No,,requested,published-application,,,,,no,,no,,,,,,https://www.thedomains.com/2012/06/13/here-are-all-1930-applications-for-new-gtlds/,secondary-transcription-of-icann-reveal-table,complete-string-applicant-graph-plus-approved-string-changes,1242
2012,2012-1222,,.orange,.orange,Orange Brand Services Limited,No,,requested,published-application,,,,,no,,no,,,,,,https://www.thedomains.com/2012/06/13/here-are-all-1930-applications-for-new-gtlds/,secondary-transcription-of-icann-reveal-table,complete-string-applicant-graph-plus-approved-string-changes,1243
2012,2012-1223,,.organic,.organic,Afilias Limited,No,,requested,published-application,,,,,no,,no,,,,,,https://www.thedomains.com/2012/06/13/here-are-all-1930-applications-for-new-gtlds/,secondary-transcription-of-icann-reveal-table,complete-string-applicant-graph-plus-approved-string-changes,1244
2012,2012-1224,,.orientexpress,.orientexpress,Orient-Express Hotels Ltd.,No,,requested,published-application,,,,,no,,no,,,,,,https://www.thedomains.com/2012/06/13/here-are-all-1930-applications-for-new-gtlds/,secondary-transcription-of-icann-reveal-table,complete-string-applicant-graph-plus-approved-string-changes,1245
2012,2012-1225,,.origins,.origins,ELC Online Inc.,No,,requested,published-application,,,,,no,,no,,,,,,https://www.thedomains.com/2012/06/13/here-are-all-1930-applications-for-new-gtlds/,secondary-transcription-of-icann-reveal-table,complete-string-applicant-graph-plus-approved-string-changes,1246
2012,2012-1226,,.osaka,.osaka,"Interlink Co., Ltd.",No,,requested,published-application,,,,,yes,2012-exact-osaka,no,,,,,,https://www.thedomains.com/2012/06/13/here-are-all-1930-applications-for-new-gtlds/,secondary-transcription-of-icann-reveal-table,complete-string-applicant-graph-plus-approved-string-changes,1247
2012,2012-1227,,.osaka,.osaka,"GMO Registry, Inc.",No,,requested,published-application,,,,,yes,2012-exact-osaka,no,,,,,,https://www.thedomains.com/2012/06/13/here-are-all-1930-applications-for-new-gtlds/,secondary-transcription-of-icann-reveal-table,complete-string-applicant-graph-plus-approved-string-changes,1248
2012,2012-1228,,.otsuka,.otsuka,"Otsuka Holdings Co., Ltd.",No,,requested,published-application,,,,,no,,no,,,,,,https://www.thedomains.com/2012/06/13/here-are-all-1930-applications-for-new-gtlds/,secondary-transcription-of-icann-reveal-table,complete-string-applicant-graph-plus-approved-string-changes,1249
2012,2012-1229,,.ott,.ott,Dish DBS Corporation,No,,requested,published-application,,,,,no,,no,,,,,,https://www.thedomains.com/2012/06/13/here-are-all-1930-applications-for-new-gtlds/,secondary-transcription-of-icann-reveal-table,complete-string-applicant-graph-plus-approved-string-changes,1250
2012,2012-1230,,.overheidnl,.overheidnl,ministery of the Interior and Kingdom Relations,No,,requested,published-application,,,,,no,,no,,,,,,https://www.thedomains.com/2012/06/13/here-are-all-1930-applications-for-new-gtlds/,secondary-transcription-of-icann-reveal-table,complete-string-applicant-graph-plus-approved-string-changes,1251
2012,2012-1231,,.ovh,.ovh,OVH SAS,No,,requested,published-application,,,,,no,,no,,,,,,https://www.thedomains.com/2012/06/13/here-are-all-1930-applications-for-new-gtlds/,secondary-transcription-of-icann-reveal-table,complete-string-applicant-graph-plus-approved-string-changes,1252
2012,2012-1232,,.page,.page,Charleston Road Registry Inc.,No,,requested,published-application,,,,,no,,no,,,,,,https://www.thedomains.com/2012/06/13/here-are-all-1930-applications-for-new-gtlds/,secondary-transcription-of-icann-reveal-table,complete-string-applicant-graph-plus-approved-string-changes,1253
2012,2012-1233,,.pamperedchef,.pamperedchef,"The Pampered Chef, Ltd.",No,,requested,published-application,,,,,no,,no,,,,,,https://www.thedomains.com/2012/06/13/here-are-all-1930-applications-for-new-gtlds/,secondary-transcription-of-icann-reveal-table,complete-string-applicant-graph-plus-approved-string-changes,1254
2012,2012-1234,,.panasonic,.panasonic,Panasonic Corporation,No,,requested,published-application,,,,,no,,no,,,,,,https://www.thedomains.com/2012/06/13/here-are-all-1930-applications-for-new-gtlds/,secondary-transcription-of-icann-reveal-table,complete-string-applicant-graph-plus-approved-string-changes,1255
2012,2012-1235,,.panerai,.panerai,Richemont DNS Inc.,No,,requested,published-application,,,,,no,,no,,,,,,https://www.thedomains.com/2012/06/13/here-are-all-1930-applications-for-new-gtlds/,secondary-transcription-of-icann-reveal-table,complete-string-applicant-graph-plus-approved-string-changes,1256
2012,2012-1236,,.paris,.paris,City of Paris,No,,requested,published-application,,,,,no,,no,,,,,,https://www.thedomains.com/2012/06/13/here-are-all-1930-applications-for-new-gtlds/,secondary-transcription-of-icann-reveal-table,complete-string-applicant-graph-plus-approved-string-changes,1257
2012,2012-1237,,.pars,.pars,Asia Green IT System Bilgisayar San. ve Tic. Ltd. Sti.,No,,requested,published-application,,,,,no,,no,,,,,,https://www.thedomains.com/2012/06/13/here-are-all-1930-applications-for-new-gtlds/,secondary-transcription-of-icann-reveal-table,complete-string-applicant-graph-plus-approved-string-changes,1258
2012,2012-1238,,.partners,.partners,"Magic Glen, LLC",No,,requested,published-application,,,,,no,,no,,,,,,https://www.thedomains.com/2012/06/13/here-are-all-1930-applications-for-new-gtlds/,secondary-transcription-of-icann-reveal-table,complete-string-applicant-graph-plus-approved-string-changes,1259
2012,2012-1239,,.parts,.parts,"Sea Goodbye, LLC",No,,requested,published-application,,,,,no,,no,,,,,,https://www.thedomains.com/2012/06/13/here-are-all-1930-applications-for-new-gtlds/,secondary-transcription-of-icann-reveal-table,complete-string-applicant-graph-plus-approved-string-changes,1260
2012,2012-1240,,.party,.party,"Oriental Trading Company, Inc.",No,,requested,published-application,,,,,yes,2012-exact-party,no,,,,,,https://www.thedomains.com/2012/06/13/here-are-all-1930-applications-for-new-gtlds/,secondary-transcription-of-icann-reveal-table,complete-string-applicant-graph-plus-approved-string-changes,1261
2012,2012-1241,,.party,.party,Blue Sky Registry Limited,No,,requested,published-application,,,,,yes,2012-exact-party,no,,,,,,https://www.thedomains.com/2012/06/13/here-are-all-1930-applications-for-new-gtlds/,secondary-transcription-of-icann-reveal-table,complete-string-applicant-graph-plus-approved-string-changes,1262
2012,2012-1242,,.passagens,.passagens,Despegar Online SRL,No,,requested,published-application,,,,,no,,no,,,,,,https://www.thedomains.com/2012/06/13/here-are-all-1930-applications-for-new-gtlds/,secondary-transcription-of-icann-reveal-table,complete-string-applicant-graph-plus-approved-string-changes,1263
2012,2012-1243,,.patagonia,.patagonia,"Patagonia, Inc.",No,,requested,published-application,,,,,no,,yes,patagonia,,,,,https://www.thedomains.com/2012/06/13/here-are-all-1930-applications-for-new-gtlds/,secondary-transcription-of-icann-reveal-table,complete-string-applicant-graph-plus-approved-string-changes,1264
2012,2012-1244,,.patch,.patch,AOL Inc.,No,,requested,published-application,,,,,no,,no,,,,,,https://www.thedomains.com/2012/06/13/here-are-all-1930-applications-for-new-gtlds/,secondary-transcription-of-icann-reveal-table,complete-string-applicant-graph-plus-approved-string-changes,1265
2012,2012-1245,,.pay,.pay,Amazon EU S.à r.l.,No,,requested,published-application,,,,,yes,2012-exact-pay,no,,,,,,https://www.thedomains.com/2012/06/13/here-are-all-1930-applications-for-new-gtlds/,secondary-transcription-of-icann-reveal-table,complete-string-applicant-graph-plus-approved-string-changes,1266
2012,2012-1246,,.pay,.pay,DOTPAY SA,No,,requested,published-application,,,,,yes,2012-exact-pay,no,,,,,,https://www.thedomains.com/2012/06/13/here-are-all-1930-applications-for-new-gtlds/,secondary-transcription-of-icann-reveal-table,complete-string-applicant-graph-plus-approved-string-changes,1267
2012,2012-1247,,.payu,.payu,MIH PayU B.V.,No,,requested,published-application,,,,,no,,no,,,,,,https://www.thedomains.com/2012/06/13/here-are-all-1930-applications-for-new-gtlds/,secondary-transcription-of-icann-reveal-table,complete-string-applicant-graph-plus-approved-string-changes,1268
2012,2012-1248,,.pccw,.pccw,PCCW Enterprises Limited,No,,requested,published-application,,,,,no,,no,,,,,,https://www.thedomains.com/2012/06/13/here-are-all-1930-applications-for-new-gtlds/,secondary-transcription-of-icann-reveal-table,complete-string-applicant-graph-plus-approved-string-changes,1269
2012,2012-1249,,.persiangulf,.persiangulf,Asia Green IT System Bilgisayar San. ve Tic. Ltd. Sti.,No,,requested,published-application,,,,,no,,no,,,,,,https://www.thedomains.com/2012/06/13/here-are-all-1930-applications-for-new-gtlds/,secondary-transcription-of-icann-reveal-table,complete-string-applicant-graph-plus-approved-string-changes,1270
2012,2012-1250,,.pet,.pet,Charleston Road Registry Inc.,No,,requested,published-application,,,,,yes,2012-exact-pet,no,,,,,,https://www.thedomains.com/2012/06/13/here-are-all-1930-applications-for-new-gtlds/,secondary-transcription-of-icann-reveal-table,complete-string-applicant-graph-plus-approved-string-changes,1271
2012,2012-1251,,.pet,.pet,Afilias Limited,No,,requested,published-application,,,,,yes,2012-exact-pet,no,,,,,,https://www.thedomains.com/2012/06/13/here-are-all-1930-applications-for-new-gtlds/,secondary-transcription-of-icann-reveal-table,complete-string-applicant-graph-plus-approved-string-changes,1272
2012,2012-1252,,.pets,.pets,"John Island, LLC",No,,requested,published-application,,,,,no,,no,,,,,,https://www.thedomains.com/2012/06/13/here-are-all-1930-applications-for-new-gtlds/,secondary-transcription-of-icann-reveal-table,complete-string-applicant-graph-plus-approved-string-changes,1273
2012,2012-1253,,.pfizer,.pfizer,Pfizer Inc.,No,,requested,published-application,,,,,no,,no,,,,,,https://www.thedomains.com/2012/06/13/here-are-all-1930-applications-for-new-gtlds/,secondary-transcription-of-icann-reveal-table,complete-string-applicant-graph-plus-approved-string-changes,1274
2012,2012-1254,,.pharmacy,.pharmacy,National Association of Boards of Pharmacy,No,,requested,published-application,,,,,no,,no,,,,,,https://www.thedomains.com/2012/06/13/here-are-all-1930-applications-for-new-gtlds/,secondary-transcription-of-icann-reveal-table,complete-string-applicant-graph-plus-approved-string-changes,1275
2012,2012-1255,,.phd,.phd,"Your Dot Phd, Inc.",No,,requested,published-application,,,,,yes,2012-exact-phd,no,,,,,,https://www.thedomains.com/2012/06/13/here-are-all-1930-applications-for-new-gtlds/,secondary-transcription-of-icann-reveal-table,complete-string-applicant-graph-plus-approved-string-changes,1276
2012,2012-1256,,.phd,.phd,Charleston Road Registry Inc.,No,,requested,published-application,,,,,yes,2012-exact-phd,no,,,,,,https://www.thedomains.com/2012/06/13/here-are-all-1930-applications-for-new-gtlds/,secondary-transcription-of-icann-reveal-table,complete-string-applicant-graph-plus-approved-string-changes,1277
2012,2012-1257,,.philips,.philips,Koninklijke Philips Electronics N.V.,No,,requested,published-application,,,,,no,,no,,,,,,https://www.thedomains.com/2012/06/13/here-are-all-1930-applications-for-new-gtlds/,secondary-transcription-of-icann-reveal-table,complete-string-applicant-graph-plus-approved-string-changes,1278
2012,2012-1258,,.phone,.phone,"Wild Frostbite, LLC",No,,requested,published-application,,,,,yes,2012-exact-phone,no,,,,,,https://www.thedomains.com/2012/06/13/here-are-all-1930-applications-for-new-gtlds/,secondary-transcription-of-icann-reveal-table,complete-string-applicant-graph-plus-approved-string-changes,1279
2012,2012-1259,,.phone,.phone,Dish DBS Corporation,No,,requested,published-application,,,,,yes,2012-exact-phone,no,,,,,,https://www.thedomains.com/2012/06/13/here-are-all-1930-applications-for-new-gtlds/,secondary-transcription-of-icann-reveal-table,complete-string-applicant-graph-plus-approved-string-changes,1280
2012,2012-1260,,.photo,.photo,"Uniregistry, Corp.",No,,requested,published-application,,,,,no,,no,,,,,,https://www.thedomains.com/2012/06/13/here-are-all-1930-applications-for-new-gtlds/,secondary-transcription-of-icann-reveal-table,complete-string-applicant-graph-plus-approved-string-changes,1281
2012,2012-1261,,.photography,.photography,"Sugar Glen, LLC",No,,requested,published-application,,,,,yes,2012-exact-photography,no,,,,,,https://www.thedomains.com/2012/06/13/here-are-all-1930-applications-for-new-gtlds/,secondary-transcription-of-icann-reveal-table,complete-string-applicant-graph-plus-approved-string-changes,1282
2012,2012-1262,,.photography,.photography,"Top Level Design, LLC",No,,requested,published-application,,,,,yes,2012-exact-photography,no,,,,,,https://www.thedomains.com/2012/06/13/here-are-all-1930-applications-for-new-gtlds/,secondary-transcription-of-icann-reveal-table,complete-string-applicant-graph-plus-approved-string-changes,1283
2012,2012-1263,,.photos,.photos,"Sea Corner, LLC",No,,requested,published-application,,,,,no,,no,,,,,,https://www.thedomains.com/2012/06/13/here-are-all-1930-applications-for-new-gtlds/,secondary-transcription-of-icann-reveal-table,complete-string-applicant-graph-plus-approved-string-changes,1284
2012,2012-1264,,.physio,.physio,PhysBiz Pty Ltd,No,,requested,published-application,,,,,no,,no,,,,,,https://www.thedomains.com/2012/06/13/here-are-all-1930-applications-for-new-gtlds/,secondary-transcription-of-icann-reveal-table,complete-string-applicant-graph-plus-approved-string-changes,1285
2012,2012-1265,,.piaget,.piaget,Richemont DNS Inc.,No,,requested,published-application,,,,,no,,no,,,,,,https://www.thedomains.com/2012/06/13/here-are-all-1930-applications-for-new-gtlds/,secondary-transcription-of-icann-reveal-table,complete-string-applicant-graph-plus-approved-string-changes,1286
2012,2012-1266,,.pics,.pics,"Uniregistry, Corp.",No,,requested,published-application,,,,,no,,no,,,,,,https://www.thedomains.com/2012/06/13/here-are-all-1930-applications-for-new-gtlds/,secondary-transcription-of-icann-reveal-table,complete-string-applicant-graph-plus-approved-string-changes,1287
2012,2012-1267,,.pictet,.pictet,Pictet Europe S.A.,No,,requested,published-application,,,,,no,,no,,,,,,https://www.thedomains.com/2012/06/13/here-are-all-1930-applications-for-new-gtlds/,secondary-transcription-of-icann-reveal-table,complete-string-applicant-graph-plus-approved-string-changes,1288
2012,2012-1268,,.pictures,.pictures,"Foggy Sky, LLC",No,,requested,published-application,,,,,no,,no,,,,,,https://www.thedomains.com/2012/06/13/here-are-all-1930-applications-for-new-gtlds/,secondary-transcription-of-icann-reveal-table,complete-string-applicant-graph-plus-approved-string-changes,1289
2012,2012-1269,,.pid,.pid,"Top Level Spectrum, Inc.",No,,requested,published-application,,,,,no,,no,,,,,,https://www.thedomains.com/2012/06/13/here-are-all-1930-applications-for-new-gtlds/,secondary-transcription-of-icann-reveal-table,complete-string-applicant-graph-plus-approved-string-changes,1290
2012,2012-1270,,.pin,.pin,Amazon EU S.à r.l.,No,,requested,published-application,,,,,no,,no,,,,,,https://www.thedomains.com/2012/06/13/here-are-all-1930-applications-for-new-gtlds/,secondary-transcription-of-icann-reveal-table,complete-string-applicant-graph-plus-approved-string-changes,1291
2012,2012-1271,,.ping,.ping,DotPing Inc.,No,,requested,published-application,,,,,yes,2012-exact-ping,no,,,,,,https://www.thedomains.com/2012/06/13/here-are-all-1930-applications-for-new-gtlds/,secondary-transcription-of-icann-reveal-table,complete-string-applicant-graph-plus-approved-string-changes,1292
2012,2012-1272,,.ping,.ping,"Ping Registry Provider, Inc.",No,,requested,published-application,,,,,yes,2012-exact-ping,no,,,,,,https://www.thedomains.com/2012/06/13/here-are-all-1930-applications-for-new-gtlds/,secondary-transcription-of-icann-reveal-table,complete-string-applicant-graph-plus-approved-string-changes,1293
2012,2012-1273,,.pink,.pink,Afilias Limited,No,,requested,published-application,,,,,no,,no,,,,,,https://www.thedomains.com/2012/06/13/here-are-all-1930-applications-for-new-gtlds/,secondary-transcription-of-icann-reveal-table,complete-string-applicant-graph-plus-approved-string-changes,1294
2012,2012-1274,,.pioneer,.pioneer,Pioneer Corporation,No,,requested,published-application,,,,,no,,no,,,,,,https://www.thedomains.com/2012/06/13/here-are-all-1930-applications-for-new-gtlds/,secondary-transcription-of-icann-reveal-table,complete-string-applicant-graph-plus-approved-string-changes,1295
2012,2012-1275,,.piperlime,.piperlime,"The Gap, Inc.",No,,requested,published-application,,,,,no,,no,,,,,,https://www.thedomains.com/2012/06/13/here-are-all-1930-applications-for-new-gtlds/,secondary-transcription-of-icann-reveal-table,complete-string-applicant-graph-plus-approved-string-changes,1296
2012,2012-1276,,.pitney,.pitney,Pitney Bowes Inc.,No,,requested,published-application,,,,,no,,no,,,,,,https://www.thedomains.com/2012/06/13/here-are-all-1930-applications-for-new-gtlds/,secondary-transcription-of-icann-reveal-table,complete-string-applicant-graph-plus-approved-string-changes,1297
2012,2012-1277,,.pizza,.pizza,"Uniregistry, Corp.",No,,requested,published-application,,,,,yes,2012-exact-pizza,no,,,,,,https://www.thedomains.com/2012/06/13/here-are-all-1930-applications-for-new-gtlds/,secondary-transcription-of-icann-reveal-table,complete-string-applicant-graph-plus-approved-string-changes,1298
2012,2012-1278,,.pizza,.pizza,Top Level Domain Holdings Limited,No,,requested,published-application,,,,,yes,2012-exact-pizza,no,,,,,,https://www.thedomains.com/2012/06/13/here-are-all-1930-applications-for-new-gtlds/,secondary-transcription-of-icann-reveal-table,complete-string-applicant-graph-plus-approved-string-changes,1299
2012,2012-1279,,.pizza,.pizza,"Foggy Moon, LLC",No,,requested,published-application,,,,,yes,2012-exact-pizza,no,,,,,,https://www.thedomains.com/2012/06/13/here-are-all-1930-applications-for-new-gtlds/,secondary-transcription-of-icann-reveal-table,complete-string-applicant-graph-plus-approved-string-changes,1300
2012,2012-1280,,.pizza,.pizza,Asiamix Digital Limited,No,,requested,published-application,,,,,yes,2012-exact-pizza,no,,,,,,https://www.thedomains.com/2012/06/13/here-are-all-1930-applications-for-new-gtlds/,secondary-transcription-of-icann-reveal-table,complete-string-applicant-graph-plus-approved-string-changes,1301
2012,2012-1281,,.place,.place,1589757 Alberta Ltd.,No,,requested,published-application,,,,,yes,2012-exact-place,no,,,,,,https://www.thedomains.com/2012/06/13/here-are-all-1930-applications-for-new-gtlds/,secondary-transcription-of-icann-reveal-table,complete-string-applicant-graph-plus-approved-string-changes,1302
2012,2012-1282,,.place,.place,"Snow Galley, LLC",No,,requested,published-application,,,,,yes,2012-exact-place,no,,,,,,https://www.thedomains.com/2012/06/13/here-are-all-1930-applications-for-new-gtlds/,secondary-transcription-of-icann-reveal-table,complete-string-applicant-graph-plus-approved-string-changes,1303
2012,2012-1283,,.play,.play,Amazon EU S.à r.l.,No,,requested,published-application,,,,,yes,2012-exact-play,no,,,,,,https://www.thedomains.com/2012/06/13/here-are-all-1930-applications-for-new-gtlds/,secondary-transcription-of-icann-reveal-table,complete-string-applicant-graph-plus-approved-string-changes,1304
2012,2012-1284,,.play,.play,Star Registry Limited,No,,requested,published-application,,,,,yes,2012-exact-play,no,,,,,,https://www.thedomains.com/2012/06/13/here-are-all-1930-applications-for-new-gtlds/,secondary-transcription-of-icann-reveal-table,complete-string-applicant-graph-plus-approved-string-changes,1305
2012,2012-1285,,.play,.play,Charleston Road Registry Inc.,No,,requested,published-application,,,,,yes,2012-exact-play,no,,,,,,https://www.thedomains.com/2012/06/13/here-are-all-1930-applications-for-new-gtlds/,secondary-transcription-of-icann-reveal-table,complete-string-applicant-graph-plus-approved-string-changes,1306
2012,2012-1286,,.play,.play,Entertainment TLD Inc.,No,,requested,published-application,,,,,yes,2012-exact-play,no,,,,,,https://www.thedomains.com/2012/06/13/here-are-all-1930-applications-for-new-gtlds/,secondary-transcription-of-icann-reveal-table,complete-string-applicant-graph-plus-approved-string-changes,1307
2012,2012-1287,,.playstation,.playstation,Sony Computer Entertainment Inc.,No,,requested,published-application,,,,,no,,no,,,,,,https://www.thedomains.com/2012/06/13/here-are-all-1930-applications-for-new-gtlds/,secondary-transcription-of-icann-reveal-table,complete-string-applicant-graph-plus-approved-string-changes,1308
2012,2012-1288,,.plumbing,.plumbing,"Spring Tigers, LLC",No,,requested,published-application,,,,,no,,no,,,,,,https://www.thedomains.com/2012/06/13/here-are-all-1930-applications-for-new-gtlds/,secondary-transcription-of-icann-reveal-table,complete-string-applicant-graph-plus-approved-string-changes,1309
2012,2012-1289,,.plus,.plus,"Sugar Mill, LLC",No,,requested,published-application,,,,,yes,2012-exact-plus,no,,,,,,https://www.thedomains.com/2012/06/13/here-are-all-1930-applications-for-new-gtlds/,secondary-transcription-of-icann-reveal-table,complete-string-applicant-graph-plus-approved-string-changes,1310
2012,2012-1290,,.plus,.plus,Charleston Road Registry Inc.,No,,requested,published-application,,,,,yes,2012-exact-plus,no,,,,,,https://www.thedomains.com/2012/06/13/here-are-all-1930-applications-for-new-gtlds/,secondary-transcription-of-icann-reveal-table,complete-string-applicant-graph-plus-approved-string-changes,1311
2012,2012-1291,,.pnc,.pnc,"PNC Domain Co., LLC",No,,requested,published-application,,,,,no,,no,,,,,,https://www.thedomains.com/2012/06/13/here-are-all-1930-applications-for-new-gtlds/,secondary-transcription-of-icann-reveal-table,complete-string-applicant-graph-plus-approved-string-changes,1312
2012,2012-1292,,.pohl,.pohl,Deutsche Vermögensberatung Aktiengesellschaft DVAG,No,,requested,published-application,,,,,no,,no,,,,,,https://www.thedomains.com/2012/06/13/here-are-all-1930-applications-for-new-gtlds/,secondary-transcription-of-icann-reveal-table,complete-string-applicant-graph-plus-approved-string-changes,1313
2012,2012-1293,,.poker,.poker,"Binky Mill, LLC",No,,requested,published-application,,,,,yes,2012-exact-poker,no,,,,,,https://www.thedomains.com/2012/06/13/here-are-all-1930-applications-for-new-gtlds/,secondary-transcription-of-icann-reveal-table,complete-string-applicant-graph-plus-approved-string-changes,1314
2012,2012-1294,,.poker,.poker,Dot Poker LLC,No,,requested,published-application,,,,,yes,2012-exact-poker,no,,,,,,https://www.thedomains.com/2012/06/13/here-are-all-1930-applications-for-new-gtlds/,secondary-transcription-of-icann-reveal-table,complete-string-applicant-graph-plus-approved-string-changes,1315
2012,2012-1295,,.poker,.poker,dot Poker Limited,No,,requested,published-application,,,,,yes,2012-exact-poker,no,,,,,,https://www.thedomains.com/2012/06/13/here-are-all-1930-applications-for-new-gtlds/,secondary-transcription-of-icann-reveal-table,complete-string-applicant-graph-plus-approved-string-changes,1316
2012,2012-1296,,.poker,.poker,Afilias Domains No. 5 Limited,No,,requested,published-application,,,,,yes,2012-exact-poker,no,,,,,,https://www.thedomains.com/2012/06/13/here-are-all-1930-applications-for-new-gtlds/,secondary-transcription-of-icann-reveal-table,complete-string-applicant-graph-plus-approved-string-changes,1317
2012,2012-1297,,.politie,.politie,Politie Nederland,No,,requested,published-application,,,,,no,,no,,,,,,https://www.thedomains.com/2012/06/13/here-are-all-1930-applications-for-new-gtlds/,secondary-transcription-of-icann-reveal-table,complete-string-applicant-graph-plus-approved-string-changes,1318
2012,2012-1298,,.polo,.polo,Ralph Lauren Corporation,No,,requested,published-application,,,,,no,,no,,,,,,https://www.thedomains.com/2012/06/13/here-are-all-1930-applications-for-new-gtlds/,secondary-transcription-of-icann-reveal-table,complete-string-applicant-graph-plus-approved-string-changes,1319
2012,2012-1299,,.porn,.porn,ICM Registry PN LLC,No,,requested,published-application,,,,,no,,no,,,,,,https://www.thedomains.com/2012/06/13/here-are-all-1930-applications-for-new-gtlds/,secondary-transcription-of-icann-reveal-table,complete-string-applicant-graph-plus-approved-string-changes,1320
2012,2012-1300,,.pramerica,.pramerica,"Prudential Financial, Inc.",No,,requested,published-application,,,,,no,,no,,,,,,https://www.thedomains.com/2012/06/13/here-are-all-1930-applications-for-new-gtlds/,secondary-transcription-of-icann-reveal-table,complete-string-applicant-graph-plus-approved-string-changes,1321
2012,2012-1301,,.praxi,.praxi,Praxi S.p.A.,No,,requested,published-application,,,,,no,,no,,,,,,https://www.thedomains.com/2012/06/13/here-are-all-1930-applications-for-new-gtlds/,secondary-transcription-of-icann-reveal-table,complete-string-applicant-graph-plus-approved-string-changes,1322
2012,2012-1302,,.press,.press,DotPress Inc.,No,,requested,published-application,,,,,no,,no,,,,,,https://www.thedomains.com/2012/06/13/here-are-all-1930-applications-for-new-gtlds/,secondary-transcription-of-icann-reveal-table,complete-string-applicant-graph-plus-approved-string-changes,1323
2012,2012-1303,,.prime,.prime,Amazon EU S.à r.l.,No,,requested,published-application,,,,,no,,no,,,,,,https://www.thedomains.com/2012/06/13/here-are-all-1930-applications-for-new-gtlds/,secondary-transcription-of-icann-reveal-table,complete-string-applicant-graph-plus-approved-string-changes,1324
2012,2012-1304,,.prod,.prod,Charleston Road Registry Inc.,No,,requested,published-application,,,,,no,,no,,,,,,https://www.thedomains.com/2012/06/13/here-are-all-1930-applications-for-new-gtlds/,secondary-transcription-of-icann-reveal-table,complete-string-applicant-graph-plus-approved-string-changes,1325
2012,2012-1305,,.productions,.productions,"Magic Birch, LLC",No,,requested,published-application,,,,,no,,no,,,,,,https://www.thedomains.com/2012/06/13/here-are-all-1930-applications-for-new-gtlds/,secondary-transcription-of-icann-reveal-table,complete-string-applicant-graph-plus-approved-string-changes,1326
2012,2012-1306,,.prof,.prof,Charleston Road Registry Inc.,No,,requested,published-application,,,,,no,,no,,,,,,https://www.thedomains.com/2012/06/13/here-are-all-1930-applications-for-new-gtlds/,secondary-transcription-of-icann-reveal-table,complete-string-applicant-graph-plus-approved-string-changes,1327
2012,2012-1307,,.progressive,.progressive,Progressive Casualty Insurance Company,No,,requested,published-application,,,,,no,,no,,,,,,https://www.thedomains.com/2012/06/13/here-are-all-1930-applications-for-new-gtlds/,secondary-transcription-of-icann-reveal-table,complete-string-applicant-graph-plus-approved-string-changes,1328
2012,2012-1308,,.promo,.promo,Phenomena Group Oy,No,,requested,published-application,,,,,no,,no,,,,,,https://www.thedomains.com/2012/06/13/here-are-all-1930-applications-for-new-gtlds/,secondary-transcription-of-icann-reveal-table,complete-string-applicant-graph-plus-approved-string-changes,1329
2012,2012-1309,,.properties,.properties,"Big Pass, LLC",No,,requested,published-application,,,,,no,,no,,,,,,https://www.thedomains.com/2012/06/13/here-are-all-1930-applications-for-new-gtlds/,secondary-transcription-of-icann-reveal-table,complete-string-applicant-graph-plus-approved-string-changes,1330
2012,2012-1310,,.property,.property,"Uniregistry, Corp.",No,,requested,published-application,,,,,yes,2012-exact-property,no,,,,,,https://www.thedomains.com/2012/06/13/here-are-all-1930-applications-for-new-gtlds/,secondary-transcription-of-icann-reveal-table,complete-string-applicant-graph-plus-approved-string-changes,1331
2012,2012-1311,,.property,.property,"Steel Goodbye, LLC",No,,requested,published-application,,,,,yes,2012-exact-property,no,,,,,,https://www.thedomains.com/2012/06/13/here-are-all-1930-applications-for-new-gtlds/,secondary-transcription-of-icann-reveal-table,complete-string-applicant-graph-plus-approved-string-changes,1332
2012,2012-1312,,.property,.property,Top Level Domain Holdings Limited,No,,requested,published-application,,,,,yes,2012-exact-property,no,,,,,,https://www.thedomains.com/2012/06/13/here-are-all-1930-applications-for-new-gtlds/,secondary-transcription-of-icann-reveal-table,complete-string-applicant-graph-plus-approved-string-changes,1333
2012,2012-1313,,.protection,.protection,Symantec Corporation,No,,requested,published-application,,,,,no,,no,,,,,,https://www.thedomains.com/2012/06/13/here-are-all-1930-applications-for-new-gtlds/,secondary-transcription-of-icann-reveal-table,complete-string-applicant-graph-plus-approved-string-changes,1334
2012,2012-1314,,.pru,.pru,"Prudential Financial, Inc.",No,,requested,published-application,,,,,no,,no,,,,,,https://www.thedomains.com/2012/06/13/here-are-all-1930-applications-for-new-gtlds/,secondary-transcription-of-icann-reveal-table,complete-string-applicant-graph-plus-approved-string-changes,1335
2012,2012-1315,,.prudential,.prudential,"Prudential Financial, Inc.",No,,requested,published-application,,,,,no,,no,,,,,,https://www.thedomains.com/2012/06/13/here-are-all-1930-applications-for-new-gtlds/,secondary-transcription-of-icann-reveal-table,complete-string-applicant-graph-plus-approved-string-changes,1336
2012,2012-1316,,.pub,.pub,United TLD Holdco Ltd.,No,,requested,published-application,,,,,no,,no,,,,,,https://www.thedomains.com/2012/06/13/here-are-all-1930-applications-for-new-gtlds/,secondary-transcription-of-icann-reveal-table,complete-string-applicant-graph-plus-approved-string-changes,1337
2012,2012-1317,,.pwc,.pwc,PwC Business Trust,No,,requested,published-application,,,,,no,,no,,,,,,https://www.thedomains.com/2012/06/13/here-are-all-1930-applications-for-new-gtlds/,secondary-transcription-of-icann-reveal-table,complete-string-applicant-graph-plus-approved-string-changes,1338
2012,2012-1318,,.qpon,.qpon,"dotCOOL, Inc.",No,,requested,published-application,,,,,no,,no,,,,,,https://www.thedomains.com/2012/06/13/here-are-all-1930-applications-for-new-gtlds/,secondary-transcription-of-icann-reveal-table,complete-string-applicant-graph-plus-approved-string-changes,1339
2012,2012-1319,,.qtel,.qtel,Qatar Telecom (Qtel),No,,requested,published-application,,,,,no,,no,,,,,,https://www.thedomains.com/2012/06/13/here-are-all-1930-applications-for-new-gtlds/,secondary-transcription-of-icann-reveal-table,complete-string-applicant-graph-plus-approved-string-changes,1340
2012,2012-1320,,.quebec,.quebec,PointQuébec Inc,No,,requested,published-application,,,,,no,,no,,,,,,https://www.thedomains.com/2012/06/13/here-are-all-1930-applications-for-new-gtlds/,secondary-transcription-of-icann-reveal-table,complete-string-applicant-graph-plus-approved-string-changes,1341
2012,2012-1321,,.quest,.quest,Quest ION Limited,No,,requested,published-application,,,,,no,,no,,,,,,https://www.thedomains.com/2012/06/13/here-are-all-1930-applications-for-new-gtlds/,secondary-transcription-of-icann-reveal-table,complete-string-applicant-graph-plus-approved-string-changes,1342
2012,2012-1322,,.qvc,.qvc,"QVC, Inc.",No,,requested,published-application,,,,,no,,no,,,,,,https://www.thedomains.com/2012/06/13/here-are-all-1930-applications-for-new-gtlds/,secondary-transcription-of-icann-reveal-table,complete-string-applicant-graph-plus-approved-string-changes,1343
2012,2012-1323,,.racing,.racing,"Black Orchard, LLC",No,,requested,published-application,,,,,yes,2012-exact-racing,no,,,,,,https://www.thedomains.com/2012/06/13/here-are-all-1930-applications-for-new-gtlds/,secondary-transcription-of-icann-reveal-table,complete-string-applicant-graph-plus-approved-string-changes,1344
2012,2012-1324,,.racing,.racing,Premier Registry Limited,No,,requested,published-application,,,,,yes,2012-exact-racing,no,,,,,,https://www.thedomains.com/2012/06/13/here-are-all-1930-applications-for-new-gtlds/,secondary-transcription-of-icann-reveal-table,complete-string-applicant-graph-plus-approved-string-changes,1345
2012,2012-1325,,.racing,.racing,"Uniregistry, Corp.",No,,requested,published-application,,,,,yes,2012-exact-racing,no,,,,,,https://www.thedomains.com/2012/06/13/here-are-all-1930-applications-for-new-gtlds/,secondary-transcription-of-icann-reveal-table,complete-string-applicant-graph-plus-approved-string-changes,1346
2012,2012-1326,,.radio,.radio,"Tin Dale, LLC",No,,requested,published-application,,,,,yes,2012-exact-radio,no,,,,,,https://www.thedomains.com/2012/06/13/here-are-all-1930-applications-for-new-gtlds/,secondary-transcription-of-icann-reveal-table,complete-string-applicant-graph-plus-approved-string-changes,1347
2012,2012-1327,,.radio,.radio,European Broadcasting Union (EBU),No,,requested,published-application,,,,,yes,2012-exact-radio,no,,,,,,https://www.thedomains.com/2012/06/13/here-are-all-1930-applications-for-new-gtlds/,secondary-transcription-of-icann-reveal-table,complete-string-applicant-graph-plus-approved-string-changes,1348
2012,2012-1328,,.radio,.radio,"BRS MEDIA, Inc.",No,,requested,published-application,,,,,yes,2012-exact-radio,no,,,,,,https://www.thedomains.com/2012/06/13/here-are-all-1930-applications-for-new-gtlds/,secondary-transcription-of-icann-reveal-table,complete-string-applicant-graph-plus-approved-string-changes,1349
2012,2012-1329,,.radio,.radio,Afilias Limited,No,,requested,published-application,,,,,yes,2012-exact-radio,no,,,,,,https://www.thedomains.com/2012/06/13/here-are-all-1930-applications-for-new-gtlds/,secondary-transcription-of-icann-reveal-table,complete-string-applicant-graph-plus-approved-string-changes,1350
2012,2012-1330,,.raid,.raid,"Johnson Shareholdings, Inc.",No,,requested,published-application,,,,,no,,no,,,,,,https://www.thedomains.com/2012/06/13/here-are-all-1930-applications-for-new-gtlds/,secondary-transcription-of-icann-reveal-table,complete-string-applicant-graph-plus-approved-string-changes,1351
2012,2012-1331,,.ram,.ram,Chrysler Group LLC.,No,,requested,published-application,,,,,no,,no,,,,,,https://www.thedomains.com/2012/06/13/here-are-all-1930-applications-for-new-gtlds/,secondary-transcription-of-icann-reveal-table,complete-string-applicant-graph-plus-approved-string-changes,1352
2012,2012-1332,,.read,.read,Amazon EU S.à r.l.,No,,requested,published-application,,,,,no,,no,,,,,,https://www.thedomains.com/2012/06/13/here-are-all-1930-applications-for-new-gtlds/,secondary-transcription-of-icann-reveal-table,complete-string-applicant-graph-plus-approved-string-changes,1353
2012,2012-1333,,.realestate,.realestate,dotRealEstate LLC,No,,requested,published-application,,,,,yes,2012-exact-realestate,no,,,,,,https://www.thedomains.com/2012/06/13/here-are-all-1930-applications-for-new-gtlds/,secondary-transcription-of-icann-reveal-table,complete-string-applicant-graph-plus-approved-string-changes,1354
2012,2012-1334,,.realestate,.realestate,Top Level Domain Holdings Limited,No,,requested,published-application,,,,,yes,2012-exact-realestate,no,,,,,,https://www.thedomains.com/2012/06/13/here-are-all-1930-applications-for-new-gtlds/,secondary-transcription-of-icann-reveal-table,complete-string-applicant-graph-plus-approved-string-changes,1355
2012,2012-1335,,.realestate,.realestate,"New North, LLC",No,,requested,published-application,,,,,yes,2012-exact-realestate,no,,,,,,https://www.thedomains.com/2012/06/13/here-are-all-1930-applications-for-new-gtlds/,secondary-transcription-of-icann-reveal-table,complete-string-applicant-graph-plus-approved-string-changes,1356
2012,2012-1336,,.realestate,.realestate,"Uniregistry, Corp.",No,,requested,published-application,,,,,yes,2012-exact-realestate,no,,,,,,https://www.thedomains.com/2012/06/13/here-are-all-1930-applications-for-new-gtlds/,secondary-transcription-of-icann-reveal-table,complete-string-applicant-graph-plus-approved-string-changes,1357
2012,2012-1337,,.realtor,.realtor,Real Estate Domains LLC,No,,requested,published-application,,,,,no,,no,,,,,,https://www.thedomains.com/2012/06/13/here-are-all-1930-applications-for-new-gtlds/,secondary-transcription-of-icann-reveal-table,complete-string-applicant-graph-plus-approved-string-changes,1358
2012,2012-1338,,.realty,.realty,"Dash Bloom, LLC",No,,requested,published-application,,,,,yes,2012-exact-realty,no,,,,,,https://www.thedomains.com/2012/06/13/here-are-all-1930-applications-for-new-gtlds/,secondary-transcription-of-icann-reveal-table,complete-string-applicant-graph-plus-approved-string-changes,1359
2012,2012-1339,,.realty,.realty,"Fegistry, LLC",No,,requested,published-application,,,,,yes,2012-exact-realty,no,,,,,,https://www.thedomains.com/2012/06/13/here-are-all-1930-applications-for-new-gtlds/,secondary-transcription-of-icann-reveal-table,complete-string-applicant-graph-plus-approved-string-changes,1360
2012,2012-1340,,.recipes,.recipes,"Grand Island, LLC",No,,requested,published-application,,,,,no,,no,,,,,,https://www.thedomains.com/2012/06/13/here-are-all-1930-applications-for-new-gtlds/,secondary-transcription-of-icann-reveal-table,complete-string-applicant-graph-plus-approved-string-changes,1361
2012,2012-1341,,.red,.red,Afilias Limited,No,,requested,published-application,,,,,yes,2012-exact-red,no,,,,,,https://www.thedomains.com/2012/06/13/here-are-all-1930-applications-for-new-gtlds/,secondary-transcription-of-icann-reveal-table,complete-string-applicant-graph-plus-approved-string-changes,1362
2012,2012-1342,,.red,.red,"Steel Keep, LLC",No,,requested,published-application,,,,,yes,2012-exact-red,no,,,,,,https://www.thedomains.com/2012/06/13/here-are-all-1930-applications-for-new-gtlds/,secondary-transcription-of-icann-reveal-table,complete-string-applicant-graph-plus-approved-string-changes,1363
2012,2012-1343,,.redken,.redken,L’Oréal,No,,requested,published-application,,,,,no,,no,,,,,,https://www.thedomains.com/2012/06/13/here-are-all-1930-applications-for-new-gtlds/,secondary-transcription-of-icann-reveal-table,complete-string-applicant-graph-plus-approved-string-changes,1364
2012,2012-1344,,.redstone,.redstone,"Redstone Haute Couture Co., Ltd.",No,,requested,published-application,,,,,no,,no,,,,,,https://www.thedomains.com/2012/06/13/here-are-all-1930-applications-for-new-gtlds/,secondary-transcription-of-icann-reveal-table,complete-string-applicant-graph-plus-approved-string-changes,1365
2012,2012-1345,,.redumbrella,.redumbrella,"Travelers TLD, LLC",No,,requested,published-application,,,,,no,,no,,,,,,https://www.thedomains.com/2012/06/13/here-are-all-1930-applications-for-new-gtlds/,secondary-transcription-of-icann-reveal-table,complete-string-applicant-graph-plus-approved-string-changes,1366
2012,2012-1346,,.rehab,.rehab,United TLD Holdco Ltd.,No,,requested,published-application,,,,,no,,no,,,,,,https://www.thedomains.com/2012/06/13/here-are-all-1930-applications-for-new-gtlds/,secondary-transcription-of-icann-reveal-table,complete-string-applicant-graph-plus-approved-string-changes,1367
2012,2012-1347,,.reise,.reise,dotreise GmbH,No,,requested,published-application,,,,,no,,no,,,,,,https://www.thedomains.com/2012/06/13/here-are-all-1930-applications-for-new-gtlds/,secondary-transcription-of-icann-reveal-table,complete-string-applicant-graph-plus-approved-string-changes,1368
2012,2012-1348,,.reisen,.reisen,"New Cypress, LLC",No,,requested,published-application,,,,,no,,no,,,,,,https://www.thedomains.com/2012/06/13/here-are-all-1930-applications-for-new-gtlds/,secondary-transcription-of-icann-reveal-table,complete-string-applicant-graph-plus-approved-string-changes,1369
2012,2012-1349,,.reit,.reit,"National Association of Real Estate Investment Trusts, Inc.",No,,requested,published-application,,,,,no,,no,,,,,,https://www.thedomains.com/2012/06/13/here-are-all-1930-applications-for-new-gtlds/,secondary-transcription-of-icann-reveal-table,complete-string-applicant-graph-plus-approved-string-changes,1370
2012,2012-1350,,.reliance,.reliance,Reliance Industries Limited,No,,requested,published-application,,,,,no,,no,,,,,,https://www.thedomains.com/2012/06/13/here-are-all-1930-applications-for-new-gtlds/,secondary-transcription-of-icann-reveal-table,complete-string-applicant-graph-plus-approved-string-changes,1371
2012,2012-1351,,.ren,.ren,"Beijing Qianxiang Wangjing Technology Development Co., Ltd.",No,,requested,published-application,,,,,no,,no,,,,,,https://www.thedomains.com/2012/06/13/here-are-all-1930-applications-for-new-gtlds/,secondary-transcription-of-icann-reveal-table,complete-string-applicant-graph-plus-approved-string-changes,1372
2012,2012-1352,,.rent,.rent,"Pearl Town, LLC",No,,requested,published-application,,,,,yes,2012-exact-rent,no,,,,,,https://www.thedomains.com/2012/06/13/here-are-all-1930-applications-for-new-gtlds/,secondary-transcription-of-icann-reveal-table,complete-string-applicant-graph-plus-approved-string-changes,1373
2012,2012-1353,,.rent,.rent,"DERRent, LLC",No,,requested,published-application,,,,,yes,2012-exact-rent,no,,,,,,https://www.thedomains.com/2012/06/13/here-are-all-1930-applications-for-new-gtlds/,secondary-transcription-of-icann-reveal-table,complete-string-applicant-graph-plus-approved-string-changes,1374
2012,2012-1354,,.rentals,.rentals,"Big Hollow,LLC",No,,requested,published-application,,,,,no,,no,,,,,,https://www.thedomains.com/2012/06/13/here-are-all-1930-applications-for-new-gtlds/,secondary-transcription-of-icann-reveal-table,complete-string-applicant-graph-plus-approved-string-changes,1375
2012,2012-1355,,.repair,.repair,"Lone Sunset, LLC",No,,requested,published-application,,,,,no,,no,,,,,,https://www.thedomains.com/2012/06/13/here-are-all-1930-applications-for-new-gtlds/,secondary-transcription-of-icann-reveal-table,complete-string-applicant-graph-plus-approved-string-changes,1376
2012,2012-1356,,.report,.report,"Binky Glen, LLC",No,,requested,published-application,,,,,no,,no,,,,,,https://www.thedomains.com/2012/06/13/here-are-all-1930-applications-for-new-gtlds/,secondary-transcription-of-icann-reveal-table,complete-string-applicant-graph-plus-approved-string-changes,1377
2012,2012-1357,,.republican,.republican,United TLD Holdco Ltd.,No,,requested,published-application,,,,,no,,no,,,,,,https://www.thedomains.com/2012/06/13/here-are-all-1930-applications-for-new-gtlds/,secondary-transcription-of-icann-reveal-table,complete-string-applicant-graph-plus-approved-string-changes,1378
2012,2012-1358,,.rest,.rest,Punto 2012 Sociedad Anonima de Capital Variable,No,,requested,published-application,,,,,no,,no,,,,,,https://www.thedomains.com/2012/06/13/here-are-all-1930-applications-for-new-gtlds/,secondary-transcription-of-icann-reveal-table,complete-string-applicant-graph-plus-approved-string-changes,1379
2012,2012-1359,,.restaurant,.restaurant,"Snow Avenue, LLC",No,,requested,published-application,,,,,yes,2012-exact-restaurant,no,,,,,,https://www.thedomains.com/2012/06/13/here-are-all-1930-applications-for-new-gtlds/,secondary-transcription-of-icann-reveal-table,complete-string-applicant-graph-plus-approved-string-changes,1380
2012,2012-1360,,.restaurant,.restaurant,"Uniregistry, Corp.",No,,requested,published-application,,,,,yes,2012-exact-restaurant,no,,,,,,https://www.thedomains.com/2012/06/13/here-are-all-1930-applications-for-new-gtlds/,secondary-transcription-of-icann-reveal-table,complete-string-applicant-graph-plus-approved-string-changes,1381
2012,2012-1361,,.restaurant,.restaurant,Top Level Domain Holdings Limited,No,,requested,published-application,,,,,yes,2012-exact-restaurant,no,,,,,,https://www.thedomains.com/2012/06/13/here-are-all-1930-applications-for-new-gtlds/,secondary-transcription-of-icann-reveal-table,complete-string-applicant-graph-plus-approved-string-changes,1382
2012,2012-1362,,.restaurant,.restaurant,dot Restaurant Limited,No,,requested,published-application,,,,,yes,2012-exact-restaurant,no,,,,,,https://www.thedomains.com/2012/06/13/here-are-all-1930-applications-for-new-gtlds/,secondary-transcription-of-icann-reveal-table,complete-string-applicant-graph-plus-approved-string-changes,1383
2012,2012-1363,,.retirement,.retirement,Fidelity Brokerage Services LLC,No,,requested,published-application,,,,,no,,no,,,,,,https://www.thedomains.com/2012/06/13/here-are-all-1930-applications-for-new-gtlds/,secondary-transcription-of-icann-reveal-table,complete-string-applicant-graph-plus-approved-string-changes,1384
2012,2012-1364,,.review,.review,Top Level Domain Holdings Limited,No,,requested,published-application,,,,,yes,2012-exact-review,no,,,,,,https://www.thedomains.com/2012/06/13/here-are-all-1930-applications-for-new-gtlds/,secondary-transcription-of-icann-reveal-table,complete-string-applicant-graph-plus-approved-string-changes,1385
2012,2012-1365,,.review,.review,dot Review Limited,No,,requested,published-application,,,,,yes,2012-exact-review,no,,,,,,https://www.thedomains.com/2012/06/13/here-are-all-1930-applications-for-new-gtlds/,secondary-transcription-of-icann-reveal-table,complete-string-applicant-graph-plus-approved-string-changes,1386
2012,2012-1366,,.reviews,.reviews,"Extra Cover, LLC",No,,requested,published-application,,,,,no,,no,,,,,,https://www.thedomains.com/2012/06/13/here-are-all-1930-applications-for-new-gtlds/,secondary-transcription-of-icann-reveal-table,complete-string-applicant-graph-plus-approved-string-changes,1387
2012,2012-1367,,.rexroth,.rexroth,Bosch Rexroth AG,No,,requested,published-application,,,,,no,,no,,,,,,https://www.thedomains.com/2012/06/13/here-are-all-1930-applications-for-new-gtlds/,secondary-transcription-of-icann-reveal-table,complete-string-applicant-graph-plus-approved-string-changes,1388
2012,2012-1368,,.rich,.rich,"I-REGISTRY Ltd., Niederlassung Deutschland",No,,requested,published-application,,,,,no,,no,,,,,,https://www.thedomains.com/2012/06/13/here-are-all-1930-applications-for-new-gtlds/,secondary-transcription-of-icann-reveal-table,complete-string-applicant-graph-plus-approved-string-changes,1389
2012,2012-1369,,.richardli,.richardli,Pacific Century Asset Management (HK) Limited,No,,requested,published-application,,,,,no,,no,,,,,,https://www.thedomains.com/2012/06/13/here-are-all-1930-applications-for-new-gtlds/,secondary-transcription-of-icann-reveal-table,complete-string-applicant-graph-plus-approved-string-changes,1390
2012,2012-1370,,.ricoh,.ricoh,"Ricoh Company, Ltd.",No,,requested,published-application,,,,,no,,no,,,,,,https://www.thedomains.com/2012/06/13/here-are-all-1930-applications-for-new-gtlds/,secondary-transcription-of-icann-reveal-table,complete-string-applicant-graph-plus-approved-string-changes,1391
2012,2012-1371,,.rightathome,.rightathome,"Johnson Shareholdings, Inc.",No,,requested,published-application,,,,,no,,no,,,,,,https://www.thedomains.com/2012/06/13/here-are-all-1930-applications-for-new-gtlds/,secondary-transcription-of-icann-reveal-table,complete-string-applicant-graph-plus-approved-string-changes,1392
2012,2012-1372,,.ril,.ril,Reliance Industries Limited,No,,requested,published-application,,,,,no,,no,,,,,,https://www.thedomains.com/2012/06/13/here-are-all-1930-applications-for-new-gtlds/,secondary-transcription-of-icann-reveal-table,complete-string-applicant-graph-plus-approved-string-changes,1393
2012,2012-1373,,.rio,.rio,Empresa Municipal de Informática SA – IPLANRIO,No,,requested,published-application,,,,,no,,no,,,,,,https://www.thedomains.com/2012/06/13/here-are-all-1930-applications-for-new-gtlds/,secondary-transcription-of-icann-reveal-table,complete-string-applicant-graph-plus-approved-string-changes,1394
2012,2012-1374,,.rip,.rip,Nevaeh Ventures Inc,No,,requested,published-application,,,,,yes,2012-exact-rip,no,,,,,,https://www.thedomains.com/2012/06/13/here-are-all-1930-applications-for-new-gtlds/,secondary-transcription-of-icann-reveal-table,complete-string-applicant-graph-plus-approved-string-changes,1395
2012,2012-1375,,.rip,.rip,United TLD Holdco Ltd.,No,,requested,published-application,,,,,yes,2012-exact-rip,no,,,,,,https://www.thedomains.com/2012/06/13/here-are-all-1930-applications-for-new-gtlds/,secondary-transcription-of-icann-reveal-table,complete-string-applicant-graph-plus-approved-string-changes,1396
2012,2012-1376,,.rip,.rip,dotRIP LIMITED,No,,requested,published-application,,,,,yes,2012-exact-rip,no,,,,,,https://www.thedomains.com/2012/06/13/here-are-all-1930-applications-for-new-gtlds/,secondary-transcription-of-icann-reveal-table,complete-string-applicant-graph-plus-approved-string-changes,1397
2012,2012-1377,,.rmit,.rmit,Royal Melbourne Institute of Technology,No,,requested,published-application,,,,,no,,no,,,,,,https://www.thedomains.com/2012/06/13/here-are-all-1930-applications-for-new-gtlds/,secondary-transcription-of-icann-reveal-table,complete-string-applicant-graph-plus-approved-string-changes,1398
2012,2012-1378,,.rocher,.rocher,Ferrero Trading Lux S.A.,No,,requested,published-application,,,,,no,,no,,,,,,https://www.thedomains.com/2012/06/13/here-are-all-1930-applications-for-new-gtlds/,secondary-transcription-of-icann-reveal-table,complete-string-applicant-graph-plus-approved-string-changes,1399
2012,2012-1379,,.rocks,.rocks,"Ruby Moon, LLC",No,,requested,published-application,,,,,no,,no,,,,,,https://www.thedomains.com/2012/06/13/here-are-all-1930-applications-for-new-gtlds/,secondary-transcription-of-icann-reveal-table,complete-string-applicant-graph-plus-approved-string-changes,1400
2012,2012-1380,,.rockwool,.rockwool,Rockwool International A/S,No,,requested,published-application,,,,,no,,no,,,,,,https://www.thedomains.com/2012/06/13/here-are-all-1930-applications-for-new-gtlds/,secondary-transcription-of-icann-reveal-table,complete-string-applicant-graph-plus-approved-string-changes,1401
2012,2012-1381,,.rodeo,.rodeo,Top Level Domain Holdings Limited,No,,requested,published-application,,,,,no,,no,,,,,,https://www.thedomains.com/2012/06/13/here-are-all-1930-applications-for-new-gtlds/,secondary-transcription-of-icann-reveal-table,complete-string-applicant-graph-plus-approved-string-changes,1402
2012,2012-1382,,.rogers,.rogers,Rogers Communications Partnership,No,,requested,published-application,,,,,no,,no,,,,,,https://www.thedomains.com/2012/06/13/here-are-all-1930-applications-for-new-gtlds/,secondary-transcription-of-icann-reveal-table,complete-string-applicant-graph-plus-approved-string-changes,1403
2012,2012-1383,,.roma,.roma,Top Level Domain Holdings Limited,No,,requested,published-application,,,,,no,,no,,,,,,https://www.thedomains.com/2012/06/13/here-are-all-1930-applications-for-new-gtlds/,secondary-transcription-of-icann-reveal-table,complete-string-applicant-graph-plus-approved-string-changes,1404
2012,2012-1384,,.room,.room,Amazon EU S.à r.l.,No,,requested,published-application,,,,,no,,no,,,,,,https://www.thedomains.com/2012/06/13/here-are-all-1930-applications-for-new-gtlds/,secondary-transcription-of-icann-reveal-table,complete-string-applicant-graph-plus-approved-string-changes,1405
2012,2012-1385,,.rsvp,.rsvp,Charleston Road Registry Inc.,No,,requested,published-application,,,,,no,,no,,,,,,https://www.thedomains.com/2012/06/13/here-are-all-1930-applications-for-new-gtlds/,secondary-transcription-of-icann-reveal-table,complete-string-applicant-graph-plus-approved-string-changes,1406
2012,2012-1386,,.rugby,.rugby,IRB Strategic Developments LImited,No,,requested,published-application,,,,,yes,2012-exact-rugby,no,,,,,,https://www.thedomains.com/2012/06/13/here-are-all-1930-applications-for-new-gtlds/,secondary-transcription-of-icann-reveal-table,complete-string-applicant-graph-plus-approved-string-changes,1407
2012,2012-1387,,.rugby,.rugby,"Atomic Cross, LLC",No,,requested,published-application,,,,,yes,2012-exact-rugby,no,,,,,,https://www.thedomains.com/2012/06/13/here-are-all-1930-applications-for-new-gtlds/,secondary-transcription-of-icann-reveal-table,complete-string-applicant-graph-plus-approved-string-changes,1408
2012,2012-1388,,.rugby,.rugby,dot Rugby Limited,No,,requested,published-application,,,,,yes,2012-exact-rugby,no,,,,,,https://www.thedomains.com/2012/06/13/here-are-all-1930-applications-for-new-gtlds/,secondary-transcription-of-icann-reveal-table,complete-string-applicant-graph-plus-approved-string-changes,1409
2012,2012-1389,,.ruhr,.ruhr,regiodot GmbH & Co. KG,No,,requested,published-application,,,,,no,,no,,,,,,https://www.thedomains.com/2012/06/13/here-are-all-1930-applications-for-new-gtlds/,secondary-transcription-of-icann-reveal-table,complete-string-applicant-graph-plus-approved-string-changes,1410
2012,2012-1390,,.run,.run,dot Run Limited,No,,requested,published-application,,,,,yes,2012-exact-run,no,,,,,,https://www.thedomains.com/2012/06/13/here-are-all-1930-applications-for-new-gtlds/,secondary-transcription-of-icann-reveal-table,complete-string-applicant-graph-plus-approved-string-changes,1411
2012,2012-1391,,.run,.run,"Snow Park, LLC",No,,requested,published-application,,,,,yes,2012-exact-run,no,,,,,,https://www.thedomains.com/2012/06/13/here-are-all-1930-applications-for-new-gtlds/,secondary-transcription-of-icann-reveal-table,complete-string-applicant-graph-plus-approved-string-changes,1412
2012,2012-1392,,.rwe,.rwe,RWE AG,No,,requested,published-application,,,,,no,,no,,,,,,https://www.thedomains.com/2012/06/13/here-are-all-1930-applications-for-new-gtlds/,secondary-transcription-of-icann-reveal-table,complete-string-applicant-graph-plus-approved-string-changes,1413
2012,2012-1393,,.ryukyu,.ryukyu,BusinessRalliart inc.,No,,requested,published-application,,,,,no,,no,,,,,,https://www.thedomains.com/2012/06/13/here-are-all-1930-applications-for-new-gtlds/,secondary-transcription-of-icann-reveal-table,complete-string-applicant-graph-plus-approved-string-changes,1414
2012,2012-1394,,.saarland,.saarland,dotSaarland GmbH,No,,requested,published-application,,,,,no,,no,,,,,,https://www.thedomains.com/2012/06/13/here-are-all-1930-applications-for-new-gtlds/,secondary-transcription-of-icann-reveal-table,complete-string-applicant-graph-plus-approved-string-changes,1415
2012,2012-1395,,.safe,.safe,Amazon EU S.à r.l.,No,,requested,published-application,,,,,no,,no,,,,,,https://www.thedomains.com/2012/06/13/here-are-all-1930-applications-for-new-gtlds/,secondary-transcription-of-icann-reveal-table,complete-string-applicant-graph-plus-approved-string-changes,1416
2012,2012-1396,,.safety,.safety,"Safety Registry Services, LLS",No,,requested,published-application,,,,,no,,no,,,,,,https://www.thedomains.com/2012/06/13/here-are-all-1930-applications-for-new-gtlds/,secondary-transcription-of-icann-reveal-table,complete-string-applicant-graph-plus-approved-string-changes,1417
2012,2012-1397,,.safeway,.safeway,Safeway Inc.,No,,requested,published-application,,,,,no,,no,,,,,,https://www.thedomains.com/2012/06/13/here-are-all-1930-applications-for-new-gtlds/,secondary-transcription-of-icann-reveal-table,complete-string-applicant-graph-plus-approved-string-changes,1418
2012,2012-1398,,.sakura,.sakura,SAKURA Internet Inc.,No,,requested,published-application,,,,,no,,no,,,,,,https://www.thedomains.com/2012/06/13/here-are-all-1930-applications-for-new-gtlds/,secondary-transcription-of-icann-reveal-table,complete-string-applicant-graph-plus-approved-string-changes,1419
2012,2012-1399,,.sale,.sale,Dot-Sale LLC,No,,requested,published-application,,,,,yes,2012-exact-sale,no,,,,,,https://www.thedomains.com/2012/06/13/here-are-all-1930-applications-for-new-gtlds/,secondary-transcription-of-icann-reveal-table,complete-string-applicant-graph-plus-approved-string-changes,1420
2012,2012-1400,,.sale,.sale,"Uniregistry, Corp.",No,,requested,published-application,,,,,yes,2012-exact-sale,no,,,,,,https://www.thedomains.com/2012/06/13/here-are-all-1930-applications-for-new-gtlds/,secondary-transcription-of-icann-reveal-table,complete-string-applicant-graph-plus-approved-string-changes,1421
2012,2012-1401,,.sale,.sale,Top Level Domain Holdings Limited,No,,requested,published-application,,,,,yes,2012-exact-sale,no,,,,,,https://www.thedomains.com/2012/06/13/here-are-all-1930-applications-for-new-gtlds/,secondary-transcription-of-icann-reveal-table,complete-string-applicant-graph-plus-approved-string-changes,1422
2012,2012-1402,,.sale,.sale,"Half Bloom, LLC",No,,requested,published-application,,,,,yes,2012-exact-sale,no,,,,,,https://www.thedomains.com/2012/06/13/here-are-all-1930-applications-for-new-gtlds/,secondary-transcription-of-icann-reveal-table,complete-string-applicant-graph-plus-approved-string-changes,1423
2012,2012-1403,,.sale,.sale,dot Sale Limited,No,,requested,published-application,,,,,yes,2012-exact-sale,no,,,,,,https://www.thedomains.com/2012/06/13/here-are-all-1930-applications-for-new-gtlds/,secondary-transcription-of-icann-reveal-table,complete-string-applicant-graph-plus-approved-string-changes,1424
2012,2012-1404,,.salon,.salon,"Outer Orchard, LLC",No,,requested,published-application,,,,,yes,2012-exact-salon,no,,,,,,https://www.thedomains.com/2012/06/13/here-are-all-1930-applications-for-new-gtlds/,secondary-transcription-of-icann-reveal-table,complete-string-applicant-graph-plus-approved-string-changes,1425
2012,2012-1405,,.salon,.salon,L’Oréal,No,,requested,published-application,,,,,yes,2012-exact-salon,no,,,,,,https://www.thedomains.com/2012/06/13/here-are-all-1930-applications-for-new-gtlds/,secondary-transcription-of-icann-reveal-table,complete-string-applicant-graph-plus-approved-string-changes,1426
2012,2012-1406,,.salon,.salon,Aesthetics Practitioners Advisory Network Pty Ltd,No,,requested,published-application,,,,,yes,2012-exact-salon,no,,,,,,https://www.thedomains.com/2012/06/13/here-are-all-1930-applications-for-new-gtlds/,secondary-transcription-of-icann-reveal-table,complete-string-applicant-graph-plus-approved-string-changes,1427
2012,2012-1407,,.salon,.salon,DaySmart Software,No,,requested,published-application,,,,,yes,2012-exact-salon,no,,,,,,https://www.thedomains.com/2012/06/13/here-are-all-1930-applications-for-new-gtlds/,secondary-transcription-of-icann-reveal-table,complete-string-applicant-graph-plus-approved-string-changes,1428
2012,2012-1408,,.samsclub,.samsclub,"Wal-Mart Stores, Inc.",No,,requested,published-application,,,,,no,,no,,,,,,https://www.thedomains.com/2012/06/13/here-are-all-1930-applications-for-new-gtlds/,secondary-transcription-of-icann-reveal-table,complete-string-applicant-graph-plus-approved-string-changes,1429
2012,2012-1409,,.samsung,.samsung,"SAMSUNG SDS CO., LTD",No,,requested,published-application,,,,,no,,no,,,,,,https://www.thedomains.com/2012/06/13/here-are-all-1930-applications-for-new-gtlds/,secondary-transcription-of-icann-reveal-table,complete-string-applicant-graph-plus-approved-string-changes,1430
2012,2012-1410,,.sandvik,.sandvik,Sandvik AB,No,,requested,published-application,,,,,no,,no,,,,,,https://www.thedomains.com/2012/06/13/here-are-all-1930-applications-for-new-gtlds/,secondary-transcription-of-icann-reveal-table,complete-string-applicant-graph-plus-approved-string-changes,1431
2012,2012-1411,,.sandvikcoromant,.sandvikcoromant,Sandvik AB,No,,requested,published-application,,,,,no,,no,,,,,,https://www.thedomains.com/2012/06/13/here-are-all-1930-applications-for-new-gtlds/,secondary-transcription-of-icann-reveal-table,complete-string-applicant-graph-plus-approved-string-changes,1432
2012,2012-1412,,.sanofi,.sanofi,Sanofi,No,,requested,published-application,,,,,no,,no,,,,,,https://www.thedomains.com/2012/06/13/here-are-all-1930-applications-for-new-gtlds/,secondary-transcription-of-icann-reveal-table,complete-string-applicant-graph-plus-approved-string-changes,1433
2012,2012-1413,,.sap,.sap,SAP AG,No,,requested,published-application,,,,,no,,no,,,,,,https://www.thedomains.com/2012/06/13/here-are-all-1930-applications-for-new-gtlds/,secondary-transcription-of-icann-reveal-table,complete-string-applicant-graph-plus-approved-string-changes,1434
2012,2012-1414,,.sapo,.sapo,PT Comunicacoes S.A.,No,,requested,published-application,,,,,no,,no,,,,,,https://www.thedomains.com/2012/06/13/here-are-all-1930-applications-for-new-gtlds/,secondary-transcription-of-icann-reveal-table,complete-string-applicant-graph-plus-approved-string-changes,1435
2012,2012-1415,,.sapphire,.sapphire,"MiTek USA, Inc.",No,,requested,published-application,,,,,no,,no,,,,,,https://www.thedomains.com/2012/06/13/here-are-all-1930-applications-for-new-gtlds/,secondary-transcription-of-icann-reveal-table,complete-string-applicant-graph-plus-approved-string-changes,1436
2012,2012-1416,,.sarl,.sarl,"Delta Orchard, LLC",No,,requested,published-application,,,,,yes,2012-exact-sarl,no,,,,,,https://www.thedomains.com/2012/06/13/here-are-all-1930-applications-for-new-gtlds/,secondary-transcription-of-icann-reveal-table,complete-string-applicant-graph-plus-approved-string-changes,1437
2012,2012-1417,,.sarl,.sarl,mySARL GmbH,No,,requested,published-application,,,,,yes,2012-exact-sarl,no,,,,,,https://www.thedomains.com/2012/06/13/here-are-all-1930-applications-for-new-gtlds/,secondary-transcription-of-icann-reveal-table,complete-string-applicant-graph-plus-approved-string-changes,1438
2012,2012-1418,,.sas,.sas,Research IP LLC,No,,requested,published-application,,,,,yes,2012-exact-sas,no,,,,,,https://www.thedomains.com/2012/06/13/here-are-all-1930-applications-for-new-gtlds/,secondary-transcription-of-icann-reveal-table,complete-string-applicant-graph-plus-approved-string-changes,1439
2012,2012-1419,,.sas,.sas,SAS AB (publ),No,,requested,published-application,,,,,yes,2012-exact-sas,no,,,,,,https://www.thedomains.com/2012/06/13/here-are-all-1930-applications-for-new-gtlds/,secondary-transcription-of-icann-reveal-table,complete-string-applicant-graph-plus-approved-string-changes,1440
2012,2012-1420,,.save,.save,"Uniregistry, Corp.",No,,requested,published-application,,,,,yes,2012-exact-save,no,,,,,,https://www.thedomains.com/2012/06/13/here-are-all-1930-applications-for-new-gtlds/,secondary-transcription-of-icann-reveal-table,complete-string-applicant-graph-plus-approved-string-changes,1441
2012,2012-1421,,.save,.save,Amazon EU S.à r.l.,No,,requested,published-application,,,,,yes,2012-exact-save,no,,,,,,https://www.thedomains.com/2012/06/13/here-are-all-1930-applications-for-new-gtlds/,secondary-transcription-of-icann-reveal-table,complete-string-applicant-graph-plus-approved-string-changes,1442
2012,2012-1422,,.saxo,.saxo,Saxo Bank A/S,No,,requested,published-application,,,,,no,,no,,,,,,https://www.thedomains.com/2012/06/13/here-are-all-1930-applications-for-new-gtlds/,secondary-transcription-of-icann-reveal-table,complete-string-applicant-graph-plus-approved-string-changes,1443
2012,2012-1423,,.sbi,.sbi,STATE BANK OF INDIA,No,,requested,published-application,,,,,no,,no,,,,,,https://www.thedomains.com/2012/06/13/here-are-all-1930-applications-for-new-gtlds/,secondary-transcription-of-icann-reveal-table,complete-string-applicant-graph-plus-approved-string-changes,1444
2012,2012-1424,,.sbs,.sbs,SPECIAL BROADCASTING SERVICE CORPORATION,No,,requested,published-application,,,,,no,,no,,,,,,https://www.thedomains.com/2012/06/13/here-are-all-1930-applications-for-new-gtlds/,secondary-transcription-of-icann-reveal-table,complete-string-applicant-graph-plus-approved-string-changes,1445
2012,2012-1425,,.sca,.sca,SVENSKA CELLULOSA AKTIEBOLAGET SCA (publ),No,,requested,published-application,,,,,no,,no,,,,,,https://www.thedomains.com/2012/06/13/here-are-all-1930-applications-for-new-gtlds/,secondary-transcription-of-icann-reveal-table,complete-string-applicant-graph-plus-approved-string-changes,1446
2012,2012-1426,,.scb,.scb,The Siam Commercial Bank Public Company Limited (“SCB”),No,,requested,published-application,,,,,no,,no,,,,,,https://www.thedomains.com/2012/06/13/here-are-all-1930-applications-for-new-gtlds/,secondary-transcription-of-icann-reveal-table,complete-string-applicant-graph-plus-approved-string-changes,1447
2012,2012-1427,,.schaeffler,.schaeffler,Schaeffler Technologies AG & Co. KG,No,,requested,published-application,,,,,no,,no,,,,,,https://www.thedomains.com/2012/06/13/here-are-all-1930-applications-for-new-gtlds/,secondary-transcription-of-icann-reveal-table,complete-string-applicant-graph-plus-approved-string-changes,1448
2012,2012-1428,,.schmidt,.schmidt,SALM S.A.S.,No,,requested,published-application,,,,,no,,no,,,,,,https://www.thedomains.com/2012/06/13/here-are-all-1930-applications-for-new-gtlds/,secondary-transcription-of-icann-reveal-table,complete-string-applicant-graph-plus-approved-string-changes,1449
2012,2012-1429,,.scholarships,.scholarships,"Scholarships.com, LLC",No,,requested,published-application,,,,,no,,no,,,,,,https://www.thedomains.com/2012/06/13/here-are-all-1930-applications-for-new-gtlds/,secondary-transcription-of-icann-reveal-table,complete-string-applicant-graph-plus-approved-string-changes,1450
2012,2012-1430,,.school,.school,"Little Galley, LLC",No,,requested,published-application,,,,,yes,2012-exact-school,no,,,,,,https://www.thedomains.com/2012/06/13/here-are-all-1930-applications-for-new-gtlds/,secondary-transcription-of-icann-reveal-table,complete-string-applicant-graph-plus-approved-string-changes,1451
2012,2012-1431,,.school,.school,"Fegistry, LLC",No,,requested,published-application,,,,,yes,2012-exact-school,no,,,,,,https://www.thedomains.com/2012/06/13/here-are-all-1930-applications-for-new-gtlds/,secondary-transcription-of-icann-reveal-table,complete-string-applicant-graph-plus-approved-string-changes,1452
2012,2012-1432,,.school,.school,Top Level Domain Holdings Limited,No,,requested,published-application,,,,,yes,2012-exact-school,no,,,,,,https://www.thedomains.com/2012/06/13/here-are-all-1930-applications-for-new-gtlds/,secondary-transcription-of-icann-reveal-table,complete-string-applicant-graph-plus-approved-string-changes,1453
2012,2012-1433,,.school,.school,"Uniregistry, Corp.",No,,requested,published-application,,,,,yes,2012-exact-school,no,,,,,,https://www.thedomains.com/2012/06/13/here-are-all-1930-applications-for-new-gtlds/,secondary-transcription-of-icann-reveal-table,complete-string-applicant-graph-plus-approved-string-changes,1454
2012,2012-1434,,.schule,.schule,"Outer Moon, LLC",No,,requested,published-application,,,,,no,,no,,,,,,https://www.thedomains.com/2012/06/13/here-are-all-1930-applications-for-new-gtlds/,secondary-transcription-of-icann-reveal-table,complete-string-applicant-graph-plus-approved-string-changes,1455
2012,2012-1435,,.schwarz,.schwarz,Schwarz Domains und Services GmbH & Co. KG,No,,requested,published-application,,,,,no,,no,,,,,,https://www.thedomains.com/2012/06/13/here-are-all-1930-applications-for-new-gtlds/,secondary-transcription-of-icann-reveal-table,complete-string-applicant-graph-plus-approved-string-changes,1456
2012,2012-1436,,.schwarzgroup,.schwarzgroup,Schwarz Domains und Services GmbH & Co. KG,No,,requested,published-application,,,,,no,,no,,,,,,https://www.thedomains.com/2012/06/13/here-are-all-1930-applications-for-new-gtlds/,secondary-transcription-of-icann-reveal-table,complete-string-applicant-graph-plus-approved-string-changes,1457
2012,2012-1437,,.science,.science,Top Level Domain Holdings Limited,No,,requested,published-application,,,,,yes,2012-exact-science,no,,,,,,https://www.thedomains.com/2012/06/13/here-are-all-1930-applications-for-new-gtlds/,secondary-transcription-of-icann-reveal-table,complete-string-applicant-graph-plus-approved-string-changes,1458
2012,2012-1438,,.science,.science,dot Science Limited,No,,requested,published-application,,,,,yes,2012-exact-science,no,,,,,,https://www.thedomains.com/2012/06/13/here-are-all-1930-applications-for-new-gtlds/,secondary-transcription-of-icann-reveal-table,complete-string-applicant-graph-plus-approved-string-changes,1459
2012,2012-1439,,.scjohnson,.scjohnson,"Johnson Shareholdings, Inc.",No,,requested,published-application,,,,,no,,no,,,,,,https://www.thedomains.com/2012/06/13/here-are-all-1930-applications-for-new-gtlds/,secondary-transcription-of-icann-reveal-table,complete-string-applicant-graph-plus-approved-string-changes,1460
2012,2012-1440,,.scor,.scor,SCOR SE,No,,requested,published-application,,,,,no,,no,,,,,,https://www.thedomains.com/2012/06/13/here-are-all-1930-applications-for-new-gtlds/,secondary-transcription-of-icann-reveal-table,complete-string-applicant-graph-plus-approved-string-changes,1461
2012,2012-1441,,.scot,.scot,Dot Scot Registry Limited,No,,requested,published-application,,,,,no,,no,,,,,,https://www.thedomains.com/2012/06/13/here-are-all-1930-applications-for-new-gtlds/,secondary-transcription-of-icann-reveal-table,complete-string-applicant-graph-plus-approved-string-changes,1462
2012,2012-1442,,.search,.search,Charleston Road Registry Inc.,No,,requested,published-application,,,,,yes,2012-exact-search,no,,,,,,https://www.thedomains.com/2012/06/13/here-are-all-1930-applications-for-new-gtlds/,secondary-transcription-of-icann-reveal-table,complete-string-applicant-graph-plus-approved-string-changes,1463
2012,2012-1443,,.search,.search,Amazon EU S.à r.l.,No,,requested,published-application,,,,,yes,2012-exact-search,no,,,,,,https://www.thedomains.com/2012/06/13/here-are-all-1930-applications-for-new-gtlds/,secondary-transcription-of-icann-reveal-table,complete-string-applicant-graph-plus-approved-string-changes,1464
2012,2012-1444,,.search,.search,dot Now Limited,No,,requested,published-application,,,,,yes,2012-exact-search,no,,,,,,https://www.thedomains.com/2012/06/13/here-are-all-1930-applications-for-new-gtlds/,secondary-transcription-of-icann-reveal-table,complete-string-applicant-graph-plus-approved-string-changes,1465
2012,2012-1445,,.search,.search,"Bitter McCook, LLC",No,,requested,published-application,,,,,yes,2012-exact-search,no,,,,,,https://www.thedomains.com/2012/06/13/here-are-all-1930-applications-for-new-gtlds/,secondary-transcription-of-icann-reveal-table,complete-string-applicant-graph-plus-approved-string-changes,1466
2012,2012-1446,,.seat,.seat,"SEAT, S.A. (Sociedad Unipersonal)",No,,requested,published-application,,,,,no,,no,,,,,,https://www.thedomains.com/2012/06/13/here-are-all-1930-applications-for-new-gtlds/,secondary-transcription-of-icann-reveal-table,complete-string-applicant-graph-plus-approved-string-changes,1467
2012,2012-1447,,.secure,.secure,Amazon EU S.à r.l.,No,,requested,published-application,,,,,yes,2012-exact-secure,no,,,,,,https://www.thedomains.com/2012/06/13/here-are-all-1930-applications-for-new-gtlds/,secondary-transcription-of-icann-reveal-table,complete-string-applicant-graph-plus-approved-string-changes,1468
2012,2012-1448,,.secure,.secure,Artemis Internet Inc.,No,,requested,published-application,,,,,yes,2012-exact-secure,no,,,,,,https://www.thedomains.com/2012/06/13/here-are-all-1930-applications-for-new-gtlds/,secondary-transcription-of-icann-reveal-table,complete-string-applicant-graph-plus-approved-string-changes,1469
2012,2012-1449,,.security,.security,"Fern Trail, LLC",No,,requested,published-application,,,,,yes,2012-exact-security,no,,,,,,https://www.thedomains.com/2012/06/13/here-are-all-1930-applications-for-new-gtlds/,secondary-transcription-of-icann-reveal-table,complete-string-applicant-graph-plus-approved-string-changes,1470
2012,2012-1450,,.security,.security,Defender Security Company,No,,requested,published-application,,,,,yes,2012-exact-security,no,,,,,,https://www.thedomains.com/2012/06/13/here-are-all-1930-applications-for-new-gtlds/,secondary-transcription-of-icann-reveal-table,complete-string-applicant-graph-plus-approved-string-changes,1471
2012,2012-1451,,.security,.security,Symantec Corporation,No,,requested,published-application,,,,,yes,2012-exact-security,no,,,,,,https://www.thedomains.com/2012/06/13/here-are-all-1930-applications-for-new-gtlds/,secondary-transcription-of-icann-reveal-table,complete-string-applicant-graph-plus-approved-string-changes,1472
2012,2012-1452,,.seek,.seek,Seek Limited,No,,requested,published-application,,,,,no,,no,,,,,,https://www.thedomains.com/2012/06/13/here-are-all-1930-applications-for-new-gtlds/,secondary-transcription-of-icann-reveal-table,complete-string-applicant-graph-plus-approved-string-changes,1473
2012,2012-1453,,.select,.select,iSelect Ltd,No,,requested,published-application,,,,,no,,no,,,,,,https://www.thedomains.com/2012/06/13/here-are-all-1930-applications-for-new-gtlds/,secondary-transcription-of-icann-reveal-table,complete-string-applicant-graph-plus-approved-string-changes,1474
2012,2012-1454,,.sener,.sener,"Sener Ingeniería y Sistemas, S.A.",No,,requested,published-application,,,,,no,,no,,,,,,https://www.thedomains.com/2012/06/13/here-are-all-1930-applications-for-new-gtlds/,secondary-transcription-of-icann-reveal-table,complete-string-applicant-graph-plus-approved-string-changes,1475
2012,2012-1455,,.services,.services,"Fox Castle, LLC",No,,requested,published-application,,,,,no,,no,,,,,,https://www.thedomains.com/2012/06/13/here-are-all-1930-applications-for-new-gtlds/,secondary-transcription-of-icann-reveal-table,complete-string-applicant-graph-plus-approved-string-changes,1476
2012,2012-1456,,.ses,.ses,SES,No,,requested,published-application,,,,,no,,no,,,,,,https://www.thedomains.com/2012/06/13/here-are-all-1930-applications-for-new-gtlds/,secondary-transcription-of-icann-reveal-table,complete-string-applicant-graph-plus-approved-string-changes,1477
2012,2012-1457,,.seven,.seven,Seven West Media Ltd,No,,requested,published-application,,,,,no,,no,,,,,,https://www.thedomains.com/2012/06/13/here-are-all-1930-applications-for-new-gtlds/,secondary-transcription-of-icann-reveal-table,complete-string-applicant-graph-plus-approved-string-changes,1478
2012,2012-1458,,.sew,.sew,SEW-EURODRIVE GmbH & Co KG,No,,requested,published-application,,,,,no,,no,,,,,,https://www.thedomains.com/2012/06/13/here-are-all-1930-applications-for-new-gtlds/,secondary-transcription-of-icann-reveal-table,complete-string-applicant-graph-plus-approved-string-changes,1479
2012,2012-1459,,.sex,.sex,Internet Marketing Solutions Limited,No,,requested,published-application,,,,,yes,2012-exact-sex,no,,,,,,https://www.thedomains.com/2012/06/13/here-are-all-1930-applications-for-new-gtlds/,secondary-transcription-of-icann-reveal-table,complete-string-applicant-graph-plus-approved-string-changes,1480
2012,2012-1460,,.sex,.sex,ICM Registry SX LLC,No,,requested,published-application,,,,,yes,2012-exact-sex,no,,,,,,https://www.thedomains.com/2012/06/13/here-are-all-1930-applications-for-new-gtlds/,secondary-transcription-of-icann-reveal-table,complete-string-applicant-graph-plus-approved-string-changes,1481
2012,2012-1461,,.sexy,.sexy,"Uniregistry, Corp.",No,,requested,published-application,,,,,no,,no,,,,,,https://www.thedomains.com/2012/06/13/here-are-all-1930-applications-for-new-gtlds/,secondary-transcription-of-icann-reveal-table,complete-string-applicant-graph-plus-approved-string-changes,1482
2012,2012-1462,,.sfr,.sfr,Societe Francaise du Radiotelephone – SFR,No,,requested,published-application,,,,,no,,no,,,,,,https://www.thedomains.com/2012/06/13/here-are-all-1930-applications-for-new-gtlds/,secondary-transcription-of-icann-reveal-table,complete-string-applicant-graph-plus-approved-string-changes,1483
2012,2012-1463,,.shangrila,.shangrila,Shangri‐La International Hotel Management Limited,No,,requested,published-application,,,,,no,,no,,,,,,https://www.thedomains.com/2012/06/13/here-are-all-1930-applications-for-new-gtlds/,secondary-transcription-of-icann-reveal-table,complete-string-applicant-graph-plus-approved-string-changes,1484
2012,2012-1464,,.sharp,.sharp,Sharp Corporation,No,,requested,published-application,,,,,no,,no,,,,,,https://www.thedomains.com/2012/06/13/here-are-all-1930-applications-for-new-gtlds/,secondary-transcription-of-icann-reveal-table,complete-string-applicant-graph-plus-approved-string-changes,1485
2012,2012-1465,,.shaw,.shaw,Shaw Cablesystems G.P.,No,,requested,published-application,,,,,no,,no,,,,,,https://www.thedomains.com/2012/06/13/here-are-all-1930-applications-for-new-gtlds/,secondary-transcription-of-icann-reveal-table,complete-string-applicant-graph-plus-approved-string-changes,1486
2012,2012-1466,,.shell,.shell,Shell Information Technology International Inc,No,,requested,published-application,,,,,no,,no,,,,,,https://www.thedomains.com/2012/06/13/here-are-all-1930-applications-for-new-gtlds/,secondary-transcription-of-icann-reveal-table,complete-string-applicant-graph-plus-approved-string-changes,1487
2012,2012-1467,,.shia,.shia,Asia Green IT System Bilgisayar San. ve Tic. Ltd. Sti.,No,,requested,published-application,,,,,no,,no,,,,,,https://www.thedomains.com/2012/06/13/here-are-all-1930-applications-for-new-gtlds/,secondary-transcription-of-icann-reveal-table,complete-string-applicant-graph-plus-approved-string-changes,1488
2012,2012-1468,,.shiksha,.shiksha,Afilias Limited,No,,requested,published-application,,,,,no,,no,,,,,,https://www.thedomains.com/2012/06/13/here-are-all-1930-applications-for-new-gtlds/,secondary-transcription-of-icann-reveal-table,complete-string-applicant-graph-plus-approved-string-changes,1489
2012,2012-1469,,.shoes,.shoes,"Binky Galley, LLC",No,,requested,published-application,,,,,no,,no,,,,,,https://www.thedomains.com/2012/06/13/here-are-all-1930-applications-for-new-gtlds/,secondary-transcription-of-icann-reveal-table,complete-string-applicant-graph-plus-approved-string-changes,1490
2012,2012-1470,,.shop,.shop,Dot Shop Limited,No,,requested,published-application,,,,,yes,2012-exact-shop,no,,,,,,https://www.thedomains.com/2012/06/13/here-are-all-1930-applications-for-new-gtlds/,secondary-transcription-of-icann-reveal-table,complete-string-applicant-graph-plus-approved-string-changes,1491
2012,2012-1471,,.shop,.shop,BEIJING JINGDONG 360 DU E-COMMERCE LTD,No,,requested,published-application,,,,,yes,2012-exact-shop,no,,,,,,https://www.thedomains.com/2012/06/13/here-are-all-1930-applications-for-new-gtlds/,secondary-transcription-of-icann-reveal-table,complete-string-applicant-graph-plus-approved-string-changes,1492
2012,2012-1472,,.shop,.shop,Charleston Road Registry Inc.,No,,requested,published-application,,,,,yes,2012-exact-shop,no,,,,,,https://www.thedomains.com/2012/06/13/here-are-all-1930-applications-for-new-gtlds/,secondary-transcription-of-icann-reveal-table,complete-string-applicant-graph-plus-approved-string-changes,1493
2012,2012-1473,,.shop,.shop,"GMO Registry, Inc.",No,,requested,published-application,,,,,yes,2012-exact-shop,no,,,,,,https://www.thedomains.com/2012/06/13/here-are-all-1930-applications-for-new-gtlds/,secondary-transcription-of-icann-reveal-table,complete-string-applicant-graph-plus-approved-string-changes,1494
2012,2012-1474,,.shop,.shop,"Sugar Maple, LLC",No,,requested,published-application,,,,,yes,2012-exact-shop,no,,,,,,https://www.thedomains.com/2012/06/13/here-are-all-1930-applications-for-new-gtlds/,secondary-transcription-of-icann-reveal-table,complete-string-applicant-graph-plus-approved-string-changes,1495
2012,2012-1475,,.shop,.shop,Amazon EU S.à r.l.,No,,requested,published-application,,,,,yes,2012-exact-shop,no,,,,,,https://www.thedomains.com/2012/06/13/here-are-all-1930-applications-for-new-gtlds/,secondary-transcription-of-icann-reveal-table,complete-string-applicant-graph-plus-approved-string-changes,1496
2012,2012-1476,,.shop,.shop,"GMO Registry, Inc.",No,,requested,published-application,,,,,yes,2012-exact-shop,no,,,,,,https://www.thedomains.com/2012/06/13/here-are-all-1930-applications-for-new-gtlds/,secondary-transcription-of-icann-reveal-table,complete-string-applicant-graph-plus-approved-string-changes,1497
2012,2012-1477,,.shop,.shop,Commercial Connect LLC,No,,requested,published-application,,,,,yes,2012-exact-shop,no,,,,,,https://www.thedomains.com/2012/06/13/here-are-all-1930-applications-for-new-gtlds/,secondary-transcription-of-icann-reveal-table,complete-string-applicant-graph-plus-approved-string-changes,1498
2012,2012-1478,,.shop,.shop,DotShop Inc.,No,,requested,published-application,,,,,yes,2012-exact-shop,no,,,,,,https://www.thedomains.com/2012/06/13/here-are-all-1930-applications-for-new-gtlds/,secondary-transcription-of-icann-reveal-table,complete-string-applicant-graph-plus-approved-string-changes,1499
2012,2012-1479,,.shopping,.shopping,"Uniregistry, Corp.",No,,requested,published-application,,,,,yes,2012-exact-shopping,no,,,,,,https://www.thedomains.com/2012/06/13/here-are-all-1930-applications-for-new-gtlds/,secondary-transcription-of-icann-reveal-table,complete-string-applicant-graph-plus-approved-string-changes,1500
2012,2012-1480,,.shopping,.shopping,"Sea Tigers, LLC",No,,requested,published-application,,,,,yes,2012-exact-shopping,no,,,,,,https://www.thedomains.com/2012/06/13/here-are-all-1930-applications-for-new-gtlds/,secondary-transcription-of-icann-reveal-table,complete-string-applicant-graph-plus-approved-string-changes,1501
2012,2012-1481,,.shopyourway,.shopyourway,"Shop Your Way, Inc.",No,,requested,published-application,,,,,no,,no,,,,,,https://www.thedomains.com/2012/06/13/here-are-all-1930-applications-for-new-gtlds/,secondary-transcription-of-icann-reveal-table,complete-string-applicant-graph-plus-approved-string-changes,1502
2012,2012-1482,,.shouji,.shouji,QIHOO 360 TECHNOLOGY CO. LTD.,No,,requested,published-application,,,,,no,,no,,,,,,https://www.thedomains.com/2012/06/13/here-are-all-1930-applications-for-new-gtlds/,secondary-transcription-of-icann-reveal-table,complete-string-applicant-graph-plus-approved-string-changes,1503
2012,2012-1483,,.show,.show,Zodiac Aries Limited,No,,requested,published-application,,,,,yes,2012-exact-show,no,,,,,,https://www.thedomains.com/2012/06/13/here-are-all-1930-applications-for-new-gtlds/,secondary-transcription-of-icann-reveal-table,complete-string-applicant-graph-plus-approved-string-changes,1504
2012,2012-1484,,.show,.show,Charleston Road Registry Inc.,No,,requested,published-application,,,,,yes,2012-exact-show,no,,,,,,https://www.thedomains.com/2012/06/13/here-are-all-1930-applications-for-new-gtlds/,secondary-transcription-of-icann-reveal-table,complete-string-applicant-graph-plus-approved-string-changes,1505
2012,2012-1485,,.show,.show,Amazon EU S.à r.l.,No,,requested,published-application,,,,,yes,2012-exact-show,no,,,,,,https://www.thedomains.com/2012/06/13/here-are-all-1930-applications-for-new-gtlds/,secondary-transcription-of-icann-reveal-table,complete-string-applicant-graph-plus-approved-string-changes,1506
2012,2012-1486,,.show,.show,"Snow Beach, LLC",No,,requested,published-application,,,,,yes,2012-exact-show,no,,,,,,https://www.thedomains.com/2012/06/13/here-are-all-1930-applications-for-new-gtlds/,secondary-transcription-of-icann-reveal-table,complete-string-applicant-graph-plus-approved-string-changes,1507
2012,2012-1487,,.showtime,.showtime,CBS Domains Inc.,No,,requested,published-application,,,,,no,,no,,,,,,https://www.thedomains.com/2012/06/13/here-are-all-1930-applications-for-new-gtlds/,secondary-transcription-of-icann-reveal-table,complete-string-applicant-graph-plus-approved-string-changes,1508
2012,2012-1488,,.shriram,.shriram,Shriram Capital Ltd.,No,,requested,published-application,,,,,no,,no,,,,,,https://www.thedomains.com/2012/06/13/here-are-all-1930-applications-for-new-gtlds/,secondary-transcription-of-icann-reveal-table,complete-string-applicant-graph-plus-approved-string-changes,1509
2012,2012-1489,,.silk,.silk,Amazon EU S.à r.l.,No,,requested,published-application,,,,,no,,no,,,,,,https://www.thedomains.com/2012/06/13/here-are-all-1930-applications-for-new-gtlds/,secondary-transcription-of-icann-reveal-table,complete-string-applicant-graph-plus-approved-string-changes,1510
2012,2012-1490,,.sina,.sina,Sina Corporation,No,,requested,published-application,,,,,no,,no,,,,,,https://www.thedomains.com/2012/06/13/here-are-all-1930-applications-for-new-gtlds/,secondary-transcription-of-icann-reveal-table,complete-string-applicant-graph-plus-approved-string-changes,1511
2012,2012-1491,,.singles,.singles,"Fern Madison, LLC",No,,requested,published-application,,,,,no,,no,,,,,,https://www.thedomains.com/2012/06/13/here-are-all-1930-applications-for-new-gtlds/,secondary-transcription-of-icann-reveal-table,complete-string-applicant-graph-plus-approved-string-changes,1512
2012,2012-1492,,.site,.site,"Corn Mill, LLC",No,,requested,published-application,,,,,yes,2012-exact-site,no,,,,,,https://www.thedomains.com/2012/06/13/here-are-all-1930-applications-for-new-gtlds/,secondary-transcription-of-icann-reveal-table,complete-string-applicant-graph-plus-approved-string-changes,1513
2012,2012-1493,,.site,.site,DotSite Inc.,No,,requested,published-application,,,,,yes,2012-exact-site,no,,,,,,https://www.thedomains.com/2012/06/13/here-are-all-1930-applications-for-new-gtlds/,secondary-transcription-of-icann-reveal-table,complete-string-applicant-graph-plus-approved-string-changes,1514
2012,2012-1494,,.site,.site,"Interlink Co., Ltd.",No,,requested,published-application,,,,,yes,2012-exact-site,no,,,,,,https://www.thedomains.com/2012/06/13/here-are-all-1930-applications-for-new-gtlds/,secondary-transcription-of-icann-reveal-table,complete-string-applicant-graph-plus-approved-string-changes,1515
2012,2012-1495,,.site,.site,Top Level Domain Holdings Limited,No,,requested,published-application,,,,,yes,2012-exact-site,no,,,,,,https://www.thedomains.com/2012/06/13/here-are-all-1930-applications-for-new-gtlds/,secondary-transcription-of-icann-reveal-table,complete-string-applicant-graph-plus-approved-string-changes,1516
2012,2012-1496,,.site,.site,Charleston Road Registry Inc.,No,,requested,published-application,,,,,yes,2012-exact-site,no,,,,,,https://www.thedomains.com/2012/06/13/here-are-all-1930-applications-for-new-gtlds/,secondary-transcription-of-icann-reveal-table,complete-string-applicant-graph-plus-approved-string-changes,1517
2012,2012-1497,,.ski,.ski,"Wild Lake, LLC",No,,requested,published-application,,,,,yes,2012-exact-ski,no,,,,,,https://www.thedomains.com/2012/06/13/here-are-all-1930-applications-for-new-gtlds/,secondary-transcription-of-icann-reveal-table,complete-string-applicant-graph-plus-approved-string-changes,1518
2012,2012-1498,,.ski,.ski,STARTING DOT,No,,requested,published-application,,,,,yes,2012-exact-ski,no,,,,,,https://www.thedomains.com/2012/06/13/here-are-all-1930-applications-for-new-gtlds/,secondary-transcription-of-icann-reveal-table,complete-string-applicant-graph-plus-approved-string-changes,1519
2012,2012-1499,,.skin,.skin,L’Oréal,No,,requested,published-application,,,,,no,,no,,,,,,https://www.thedomains.com/2012/06/13/here-are-all-1930-applications-for-new-gtlds/,secondary-transcription-of-icann-reveal-table,complete-string-applicant-graph-plus-approved-string-changes,1520
2012,2012-1500,,.skolkovo,.skolkovo,Fund for Development of the Center for Elaboration and Commercialization of New Technologies,No,,requested,published-application,,,,,no,,no,,,,,,https://www.thedomains.com/2012/06/13/here-are-all-1930-applications-for-new-gtlds/,secondary-transcription-of-icann-reveal-table,complete-string-applicant-graph-plus-approved-string-changes,1521
2012,2012-1501,,.sky,.sky,"Sky IP International Ltd, a company incorporated in England and Wales, operating via its registered Swiss branch",No,,requested,published-application,,,,,no,,no,,,,,,https://www.thedomains.com/2012/06/13/here-are-all-1930-applications-for-new-gtlds/,secondary-transcription-of-icann-reveal-table,complete-string-applicant-graph-plus-approved-string-changes,1522
2012,2012-1502,,.skydrive,.skydrive,Microsoft Corporation,No,,requested,published-application,,,,,no,,no,,,,,,https://www.thedomains.com/2012/06/13/here-are-all-1930-applications-for-new-gtlds/,secondary-transcription-of-icann-reveal-table,complete-string-applicant-graph-plus-approved-string-changes,1523
2012,2012-1503,,.skype,.skype,Microsoft Corporation,No,,requested,published-application,,,,,no,,no,,,,,,https://www.thedomains.com/2012/06/13/here-are-all-1930-applications-for-new-gtlds/,secondary-transcription-of-icann-reveal-table,complete-string-applicant-graph-plus-approved-string-changes,1524
2012,2012-1504,,.sling,.sling,Hughes Satellite Systems Corporation,No,,requested,published-application,,,,,no,,no,,,,,,https://www.thedomains.com/2012/06/13/here-are-all-1930-applications-for-new-gtlds/,secondary-transcription-of-icann-reveal-table,complete-string-applicant-graph-plus-approved-string-changes,1525
2012,2012-1505,,.smart,.smart,"Smart Communications, Inc. (SMART)",No,,requested,published-application,,,,,no,,no,,,,,,https://www.thedomains.com/2012/06/13/here-are-all-1930-applications-for-new-gtlds/,secondary-transcription-of-icann-reveal-table,complete-string-applicant-graph-plus-approved-string-changes,1526
2012,2012-1506,,.smile,.smile,Amazon EU S.à r.l.,No,,requested,published-application,,,,,no,,no,,,,,,https://www.thedomains.com/2012/06/13/here-are-all-1930-applications-for-new-gtlds/,secondary-transcription-of-icann-reveal-table,complete-string-applicant-graph-plus-approved-string-changes,1527
2012,2012-1507,,.sncf,.sncf,Société Nationale des Chemins de fer Francais S N C F,No,,requested,published-application,,,,,no,,no,,,,,,https://www.thedomains.com/2012/06/13/here-are-all-1930-applications-for-new-gtlds/,secondary-transcription-of-icann-reveal-table,complete-string-applicant-graph-plus-approved-string-changes,1528
2012,2012-1508,,.soccer,.soccer,"Soccer United Marketing, LLC",No,,requested,published-application,,,,,yes,2012-exact-soccer,no,,,,,,https://www.thedomains.com/2012/06/13/here-are-all-1930-applications-for-new-gtlds/,secondary-transcription-of-icann-reveal-table,complete-string-applicant-graph-plus-approved-string-changes,1529
2012,2012-1509,,.soccer,.soccer,dot Soccer Limited,No,,requested,published-application,,,,,yes,2012-exact-soccer,no,,,,,,https://www.thedomains.com/2012/06/13/here-are-all-1930-applications-for-new-gtlds/,secondary-transcription-of-icann-reveal-table,complete-string-applicant-graph-plus-approved-string-changes,1530
2012,2012-1510,,.soccer,.soccer,Top Level Domain Holdings Limited,No,,requested,published-application,,,,,yes,2012-exact-soccer,no,,,,,,https://www.thedomains.com/2012/06/13/here-are-all-1930-applications-for-new-gtlds/,secondary-transcription-of-icann-reveal-table,complete-string-applicant-graph-plus-approved-string-changes,1531
2012,2012-1511,,.soccer,.soccer,"Foggy Shadow, LLC",No,,requested,published-application,,,,,yes,2012-exact-soccer,no,,,,,,https://www.thedomains.com/2012/06/13/here-are-all-1930-applications-for-new-gtlds/,secondary-transcription-of-icann-reveal-table,complete-string-applicant-graph-plus-approved-string-changes,1532
2012,2012-1512,,.social,.social,United TLD Holdco Ltd.,No,,requested,published-application,,,,,no,,no,,,,,,https://www.thedomains.com/2012/06/13/here-are-all-1930-applications-for-new-gtlds/,secondary-transcription-of-icann-reveal-table,complete-string-applicant-graph-plus-approved-string-changes,1533
2012,2012-1513,,.softbank,.softbank,SOFTBANK CORP.,No,,requested,published-application,,,,,no,,no,,,,,,https://www.thedomains.com/2012/06/13/here-are-all-1930-applications-for-new-gtlds/,secondary-transcription-of-icann-reveal-table,complete-string-applicant-graph-plus-approved-string-changes,1534
2012,2012-1514,,.software,.software,"Over Birch, LLC",No,,requested,published-application,,,,,no,,no,,,,,,https://www.thedomains.com/2012/06/13/here-are-all-1930-applications-for-new-gtlds/,secondary-transcription-of-icann-reveal-table,complete-string-applicant-graph-plus-approved-string-changes,1535
2012,2012-1515,,.sohu,.sohu,Sohu.com Limited,No,,requested,published-application,,,,,no,,no,,,,,,https://www.thedomains.com/2012/06/13/here-are-all-1930-applications-for-new-gtlds/,secondary-transcription-of-icann-reveal-table,complete-string-applicant-graph-plus-approved-string-changes,1536
2012,2012-1516,,.solar,.solar,"Ruby Town, LLC",No,,requested,published-application,,,,,no,,no,,,,,,https://www.thedomains.com/2012/06/13/here-are-all-1930-applications-for-new-gtlds/,secondary-transcription-of-icann-reveal-table,complete-string-applicant-graph-plus-approved-string-changes,1537
2012,2012-1517,,.solutions,.solutions,"Silver Cover, LLC",No,,requested,published-application,,,,,no,,no,,,,,,https://www.thedomains.com/2012/06/13/here-are-all-1930-applications-for-new-gtlds/,secondary-transcription-of-icann-reveal-table,complete-string-applicant-graph-plus-approved-string-changes,1538
2012,2012-1518,,.song,.song,Amazon EU S.à r.l.,No,,requested,published-application,,,,,no,,no,,,,,,https://www.thedomains.com/2012/06/13/here-are-all-1930-applications-for-new-gtlds/,secondary-transcription-of-icann-reveal-table,complete-string-applicant-graph-plus-approved-string-changes,1539
2012,2012-1519,,.sony,.sony,Sony Corporation,No,,requested,published-application,,,,,no,,no,,,,,,https://www.thedomains.com/2012/06/13/here-are-all-1930-applications-for-new-gtlds/,secondary-transcription-of-icann-reveal-table,complete-string-applicant-graph-plus-approved-string-changes,1540
2012,2012-1520,,.soy,.soy,Charleston Road Registry Inc.,No,,requested,published-application,,,,,no,,no,,,,,,https://www.thedomains.com/2012/06/13/here-are-all-1930-applications-for-new-gtlds/,secondary-transcription-of-icann-reveal-table,complete-string-applicant-graph-plus-approved-string-changes,1541
2012,2012-1521,,.spa,.spa,"Foggy Sunset, LLC",No,,requested,published-application,,,,,yes,2012-exact-spa,no,,,,,,https://www.thedomains.com/2012/06/13/here-are-all-1930-applications-for-new-gtlds/,secondary-transcription-of-icann-reveal-table,complete-string-applicant-graph-plus-approved-string-changes,1542
2012,2012-1522,,.spa,.spa,Asia Spa and Wellness Promotion Council Limited,No,,requested,published-application,,,,,yes,2012-exact-spa,no,,,,,,https://www.thedomains.com/2012/06/13/here-are-all-1930-applications-for-new-gtlds/,secondary-transcription-of-icann-reveal-table,complete-string-applicant-graph-plus-approved-string-changes,1543
2012,2012-1523,,.spa,.spa,Top Level Domain Holdings Limited,No,,requested,published-application,,,,,yes,2012-exact-spa,no,,,,,,https://www.thedomains.com/2012/06/13/here-are-all-1930-applications-for-new-gtlds/,secondary-transcription-of-icann-reveal-table,complete-string-applicant-graph-plus-approved-string-changes,1544
2012,2012-1524,,.space,.space,DotSpace Inc.,No,,requested,published-application,,,,,no,,no,,,,,,https://www.thedomains.com/2012/06/13/here-are-all-1930-applications-for-new-gtlds/,secondary-transcription-of-icann-reveal-table,complete-string-applicant-graph-plus-approved-string-changes,1545
2012,2012-1525,,.spiegel,.spiegel,SPIEGEL-Verlag Rudolf Augstein GmbH & Co. KG,No,,requested,published-application,,,,,no,,no,,,,,,https://www.thedomains.com/2012/06/13/here-are-all-1930-applications-for-new-gtlds/,secondary-transcription-of-icann-reveal-table,complete-string-applicant-graph-plus-approved-string-changes,1546
2012,2012-1526,,.sport,.sport,SportAccord,No,,requested,published-application,,,,,yes,2012-exact-sport,no,,,,,,https://www.thedomains.com/2012/06/13/here-are-all-1930-applications-for-new-gtlds/,secondary-transcription-of-icann-reveal-table,complete-string-applicant-graph-plus-approved-string-changes,1547
2012,2012-1527,,.sport,.sport,dot Sport Limited,No,,requested,published-application,,,,,yes,2012-exact-sport,no,,,,,,https://www.thedomains.com/2012/06/13/here-are-all-1930-applications-for-new-gtlds/,secondary-transcription-of-icann-reveal-table,complete-string-applicant-graph-plus-approved-string-changes,1548
2012,2012-1528,,.sports,.sports,"Steel Edge, LLC",No,,requested,published-application,,,,,no,,no,,,,,,https://www.thedomains.com/2012/06/13/here-are-all-1930-applications-for-new-gtlds/,secondary-transcription-of-icann-reveal-table,complete-string-applicant-graph-plus-approved-string-changes,1549
2012,2012-1529,,.spot,.spot,Charleston Road Registry Inc.,No,,requested,published-application,,,,,yes,2012-exact-spot,no,,,,,,https://www.thedomains.com/2012/06/13/here-are-all-1930-applications-for-new-gtlds/,secondary-transcription-of-icann-reveal-table,complete-string-applicant-graph-plus-approved-string-changes,1550
2012,2012-1530,,.spot,.spot,Amazon EU S.à r.l.,No,,requested,published-application,,,,,yes,2012-exact-spot,no,,,,,,https://www.thedomains.com/2012/06/13/here-are-all-1930-applications-for-new-gtlds/,secondary-transcription-of-icann-reveal-table,complete-string-applicant-graph-plus-approved-string-changes,1551
2012,2012-1531,,.spot,.spot,Dotspot LLC,No,,requested,published-application,,,,,yes,2012-exact-spot,no,,,,,,https://www.thedomains.com/2012/06/13/here-are-all-1930-applications-for-new-gtlds/,secondary-transcription-of-icann-reveal-table,complete-string-applicant-graph-plus-approved-string-changes,1552
2012,2012-1532,,.spreadbetting,.spreadbetting,IG Group Holdings PLC,No,,requested,published-application,,,,,no,,no,,,,,,https://www.thedomains.com/2012/06/13/here-are-all-1930-applications-for-new-gtlds/,secondary-transcription-of-icann-reveal-table,complete-string-applicant-graph-plus-approved-string-changes,1553
2012,2012-1533,,.srl,.srl,Charleston Road Registry Inc.,No,,requested,published-application,,,,,yes,2012-exact-srl,no,,,,,,https://www.thedomains.com/2012/06/13/here-are-all-1930-applications-for-new-gtlds/,secondary-transcription-of-icann-reveal-table,complete-string-applicant-graph-plus-approved-string-changes,1554
2012,2012-1534,,.srl,.srl,mySRL GmbH,No,,requested,published-application,,,,,yes,2012-exact-srl,no,,,,,,https://www.thedomains.com/2012/06/13/here-are-all-1930-applications-for-new-gtlds/,secondary-transcription-of-icann-reveal-table,complete-string-applicant-graph-plus-approved-string-changes,1555
2012,2012-1535,,.srt,.srt,Chrysler Group LLC.,No,,requested,published-application,,,,,no,,no,,,,,,https://www.thedomains.com/2012/06/13/here-are-all-1930-applications-for-new-gtlds/,secondary-transcription-of-icann-reveal-table,complete-string-applicant-graph-plus-approved-string-changes,1556
2012,2012-1536,,.stada,.stada,STADA Arzneimittel AG,No,,requested,published-application,,,,,no,,no,,,,,,https://www.thedomains.com/2012/06/13/here-are-all-1930-applications-for-new-gtlds/,secondary-transcription-of-icann-reveal-table,complete-string-applicant-graph-plus-approved-string-changes,1557
2012,2012-1537,,.staples,.staples,"Staples, Inc.",No,,requested,published-application,,,,,no,,no,,,,,,https://www.thedomains.com/2012/06/13/here-are-all-1930-applications-for-new-gtlds/,secondary-transcription-of-icann-reveal-table,complete-string-applicant-graph-plus-approved-string-changes,1558
2012,2012-1538,,.star,.star,Star India Private Limited,No,,requested,published-application,,,,,no,,no,,,,,,https://www.thedomains.com/2012/06/13/here-are-all-1930-applications-for-new-gtlds/,secondary-transcription-of-icann-reveal-table,complete-string-applicant-graph-plus-approved-string-changes,1559
2012,2012-1539,,.starhub,.starhub,StarHub Limited,No,,requested,published-application,,,,,no,,no,,,,,,https://www.thedomains.com/2012/06/13/here-are-all-1930-applications-for-new-gtlds/,secondary-transcription-of-icann-reveal-table,complete-string-applicant-graph-plus-approved-string-changes,1560
2012,2012-1540,,.statebank,.statebank,STATE BANK OF INDIA,No,,requested,published-application,,,,,no,,no,,,,,,https://www.thedomains.com/2012/06/13/here-are-all-1930-applications-for-new-gtlds/,secondary-transcription-of-icann-reveal-table,complete-string-applicant-graph-plus-approved-string-changes,1561
2012,2012-1541,,.statefarm,.statefarm,State Farm Mutual Automobile Insurance Company,No,,requested,published-application,,,,,no,,no,,,,,,https://www.thedomains.com/2012/06/13/here-are-all-1930-applications-for-new-gtlds/,secondary-transcription-of-icann-reveal-table,complete-string-applicant-graph-plus-approved-string-changes,1562
2012,2012-1542,,.statoil,.statoil,Statoil ASA,No,,requested,published-application,,,,,no,,no,,,,,,https://www.thedomains.com/2012/06/13/here-are-all-1930-applications-for-new-gtlds/,secondary-transcription-of-icann-reveal-table,complete-string-applicant-graph-plus-approved-string-changes,1563
2012,2012-1543,,.stc,.stc,Saudi Telecom Company,No,,requested,published-application,,,,,no,,no,,,,,,https://www.thedomains.com/2012/06/13/here-are-all-1930-applications-for-new-gtlds/,secondary-transcription-of-icann-reveal-table,complete-string-applicant-graph-plus-approved-string-changes,1564
2012,2012-1544,,.stcgroup,.stcgroup,Saudi Telecom Company,No,,requested,published-application,,,,,no,,no,,,,,,https://www.thedomains.com/2012/06/13/here-are-all-1930-applications-for-new-gtlds/,secondary-transcription-of-icann-reveal-table,complete-string-applicant-graph-plus-approved-string-changes,1565
2012,2012-1545,,.stockholm,.stockholm,Stockholms kommun,No,,requested,published-application,,,,,no,,no,,,,,,https://www.thedomains.com/2012/06/13/here-are-all-1930-applications-for-new-gtlds/,secondary-transcription-of-icann-reveal-table,complete-string-applicant-graph-plus-approved-string-changes,1566
2012,2012-1546,,.storage,.storage,Self Storage Company LLC,No,,requested,published-application,,,,,yes,2012-exact-storage,no,,,,,,https://www.thedomains.com/2012/06/13/here-are-all-1930-applications-for-new-gtlds/,secondary-transcription-of-icann-reveal-table,complete-string-applicant-graph-plus-approved-string-changes,1567
2012,2012-1547,,.storage,.storage,"Extra Beach, LLC",No,,requested,published-application,,,,,yes,2012-exact-storage,no,,,,,,https://www.thedomains.com/2012/06/13/here-are-all-1930-applications-for-new-gtlds/,secondary-transcription-of-icann-reveal-table,complete-string-applicant-graph-plus-approved-string-changes,1568
2012,2012-1548,,.store,.store,"Sand Dale, LLC",No,,requested,published-application,,,,,yes,2012-exact-store,no,,,,,,https://www.thedomains.com/2012/06/13/here-are-all-1930-applications-for-new-gtlds/,secondary-transcription-of-icann-reveal-table,complete-string-applicant-graph-plus-approved-string-changes,1569
2012,2012-1549,,.store,.store,Amazon EU S.à r.l.,No,,requested,published-application,,,,,yes,2012-exact-store,no,,,,,,https://www.thedomains.com/2012/06/13/here-are-all-1930-applications-for-new-gtlds/,secondary-transcription-of-icann-reveal-table,complete-string-applicant-graph-plus-approved-string-changes,1570
2012,2012-1550,,.store,.store,DotStore Inc.,No,,requested,published-application,,,,,yes,2012-exact-store,no,,,,,,https://www.thedomains.com/2012/06/13/here-are-all-1930-applications-for-new-gtlds/,secondary-transcription-of-icann-reveal-table,complete-string-applicant-graph-plus-approved-string-changes,1571
2012,2012-1551,,.store,.store,Charleston Road Registry Inc.,No,,requested,published-application,,,,,yes,2012-exact-store,no,,,,,,https://www.thedomains.com/2012/06/13/here-are-all-1930-applications-for-new-gtlds/,secondary-transcription-of-icann-reveal-table,complete-string-applicant-graph-plus-approved-string-changes,1572
2012,2012-1552,,.store,.store,"Uniregistry, Corp.",No,,requested,published-application,,,,,yes,2012-exact-store,no,,,,,,https://www.thedomains.com/2012/06/13/here-are-all-1930-applications-for-new-gtlds/,secondary-transcription-of-icann-reveal-table,complete-string-applicant-graph-plus-approved-string-changes,1573
2012,2012-1553,,.store,.store,Dot Store Group LLC,No,,requested,published-application,,,,,yes,2012-exact-store,no,,,,,,https://www.thedomains.com/2012/06/13/here-are-all-1930-applications-for-new-gtlds/,secondary-transcription-of-icann-reveal-table,complete-string-applicant-graph-plus-approved-string-changes,1574
2012,2012-1554,,.store,.store,Top Level Domain Holdings Limited,No,,requested,published-application,,,,,yes,2012-exact-store,no,,,,,,https://www.thedomains.com/2012/06/13/here-are-all-1930-applications-for-new-gtlds/,secondary-transcription-of-icann-reveal-table,complete-string-applicant-graph-plus-approved-string-changes,1575
2012,2012-1555,,.stream,.stream,dot Stream Limited,No,,requested,published-application,,,,,yes,2012-exact-stream,no,,,,,,https://www.thedomains.com/2012/06/13/here-are-all-1930-applications-for-new-gtlds/,secondary-transcription-of-icann-reveal-table,complete-string-applicant-graph-plus-approved-string-changes,1576
2012,2012-1556,,.stream,.stream,Hughes Satellite Systems Corporation,No,,requested,published-application,,,,,yes,2012-exact-stream,no,,,,,,https://www.thedomains.com/2012/06/13/here-are-all-1930-applications-for-new-gtlds/,secondary-transcription-of-icann-reveal-table,complete-string-applicant-graph-plus-approved-string-changes,1577
2012,2012-1557,,.stroke,.stroke,"American Heart Association, Inc.",No,,requested,published-application,,,,,no,,no,,,,,,https://www.thedomains.com/2012/06/13/here-are-all-1930-applications-for-new-gtlds/,secondary-transcription-of-icann-reveal-table,complete-string-applicant-graph-plus-approved-string-changes,1578
2012,2012-1558,,.studio,.studio,Namesphere Limited,No,,requested,published-application,,,,,yes,2012-exact-studio,no,,,,,,https://www.thedomains.com/2012/06/13/here-are-all-1930-applications-for-new-gtlds/,secondary-transcription-of-icann-reveal-table,complete-string-applicant-graph-plus-approved-string-changes,1579
2012,2012-1559,,.studio,.studio,"Spring Goodbye, LLC",No,,requested,published-application,,,,,yes,2012-exact-studio,no,,,,,,https://www.thedomains.com/2012/06/13/here-are-all-1930-applications-for-new-gtlds/,secondary-transcription-of-icann-reveal-table,complete-string-applicant-graph-plus-approved-string-changes,1580
2012,2012-1560,,.study,.study,OPEN UNIVERSITIES AUSTRALIA PTY LTD,No,,requested,published-application,,,,,no,,no,,,,,,https://www.thedomains.com/2012/06/13/here-are-all-1930-applications-for-new-gtlds/,secondary-transcription-of-icann-reveal-table,complete-string-applicant-graph-plus-approved-string-changes,1581
2012,2012-1561,,.style,.style,"Binky Moon, LLC",No,,requested,published-application,,,,,yes,2012-exact-style,no,,,,,,https://www.thedomains.com/2012/06/13/here-are-all-1930-applications-for-new-gtlds/,secondary-transcription-of-icann-reveal-table,complete-string-applicant-graph-plus-approved-string-changes,1582
2012,2012-1562,,.style,.style,Evolving Style Registry Inc.,No,,requested,published-application,,,,,yes,2012-exact-style,no,,,,,,https://www.thedomains.com/2012/06/13/here-are-all-1930-applications-for-new-gtlds/,secondary-transcription-of-icann-reveal-table,complete-string-applicant-graph-plus-approved-string-changes,1583
2012,2012-1563,,.style,.style,Top Level Domain Holdings Limited,No,,requested,published-application,,,,,yes,2012-exact-style,no,,,,,,https://www.thedomains.com/2012/06/13/here-are-all-1930-applications-for-new-gtlds/,secondary-transcription-of-icann-reveal-table,complete-string-applicant-graph-plus-approved-string-changes,1584
2012,2012-1564,,.style,.style,"Top Level Design, LLC",No,,requested,published-application,,,,,yes,2012-exact-style,no,,,,,,https://www.thedomains.com/2012/06/13/here-are-all-1930-applications-for-new-gtlds/,secondary-transcription-of-icann-reveal-table,complete-string-applicant-graph-plus-approved-string-changes,1585
2012,2012-1565,,.style,.style,"Uniregistry, Corp.",No,,requested,published-application,,,,,yes,2012-exact-style,no,,,,,,https://www.thedomains.com/2012/06/13/here-are-all-1930-applications-for-new-gtlds/,secondary-transcription-of-icann-reveal-table,complete-string-applicant-graph-plus-approved-string-changes,1586
2012,2012-1566,,.sucks,.sucks,"Top Level Spectrum, Inc.",No,,requested,published-application,,,,,yes,2012-exact-sucks,no,,,,,,https://www.thedomains.com/2012/06/13/here-are-all-1930-applications-for-new-gtlds/,secondary-transcription-of-icann-reveal-table,complete-string-applicant-graph-plus-approved-string-changes,1587
2012,2012-1567,,.sucks,.sucks,Vox Populi Registry Inc.,No,,requested,published-application,,,,,yes,2012-exact-sucks,no,,,,,,https://www.thedomains.com/2012/06/13/here-are-all-1930-applications-for-new-gtlds/,secondary-transcription-of-icann-reveal-table,complete-string-applicant-graph-plus-approved-string-changes,1588
2012,2012-1568,,.sucks,.sucks,"Dog Bloom, LLC",No,,requested,published-application,,,,,yes,2012-exact-sucks,no,,,,,,https://www.thedomains.com/2012/06/13/here-are-all-1930-applications-for-new-gtlds/,secondary-transcription-of-icann-reveal-table,complete-string-applicant-graph-plus-approved-string-changes,1589
2012,2012-1569,,.supersport,.supersport,SuperSport International Holdings Limited,No,,requested,published-application,,,,,no,,no,,,,,,https://www.thedomains.com/2012/06/13/here-are-all-1930-applications-for-new-gtlds/,secondary-transcription-of-icann-reveal-table,complete-string-applicant-graph-plus-approved-string-changes,1590
2012,2012-1570,,.supplies,.supplies,"Atomic Fields, LLC",No,,requested,published-application,,,,,no,,no,,,,,,https://www.thedomains.com/2012/06/13/here-are-all-1930-applications-for-new-gtlds/,secondary-transcription-of-icann-reveal-table,complete-string-applicant-graph-plus-approved-string-changes,1591
2012,2012-1571,,.supply,.supply,"Half Falls, LLC",No,,requested,published-application,,,,,no,,no,,,,,,https://www.thedomains.com/2012/06/13/here-are-all-1930-applications-for-new-gtlds/,secondary-transcription-of-icann-reveal-table,complete-string-applicant-graph-plus-approved-string-changes,1592
2012,2012-1572,,.support,.support,"Grand Orchard, LLC",No,,requested,published-application,,,,,no,,no,,,,,,https://www.thedomains.com/2012/06/13/here-are-all-1930-applications-for-new-gtlds/,secondary-transcription-of-icann-reveal-table,complete-string-applicant-graph-plus-approved-string-changes,1593
2012,2012-1573,,.surf,.surf,Top Level Domain Holdings Limited,No,,requested,published-application,,,,,no,,no,,,,,,https://www.thedomains.com/2012/06/13/here-are-all-1930-applications-for-new-gtlds/,secondary-transcription-of-icann-reveal-table,complete-string-applicant-graph-plus-approved-string-changes,1594
2012,2012-1574,,.surgery,.surgery,"Tin Avenue, LLC",No,,requested,published-application,,,,,no,,no,,,,,,https://www.thedomains.com/2012/06/13/here-are-all-1930-applications-for-new-gtlds/,secondary-transcription-of-icann-reveal-table,complete-string-applicant-graph-plus-approved-string-changes,1595
2012,2012-1575,,.suzuki,.suzuki,SUZUKI MOTOR CORPORATION,No,,requested,published-application,,,,,no,,no,,,,,,https://www.thedomains.com/2012/06/13/here-are-all-1930-applications-for-new-gtlds/,secondary-transcription-of-icann-reveal-table,complete-string-applicant-graph-plus-approved-string-changes,1596
2012,2012-1576,,.svr,.svr,SVR GROUP,No,,requested,published-application,,,,,no,,no,,,,,,https://www.thedomains.com/2012/06/13/here-are-all-1930-applications-for-new-gtlds/,secondary-transcription-of-icann-reveal-table,complete-string-applicant-graph-plus-approved-string-changes,1597
2012,2012-1577,,.swatch,.swatch,The Swatch Group Ltd,No,,requested,published-application,,,,,no,,no,,,,,,https://www.thedomains.com/2012/06/13/here-are-all-1930-applications-for-new-gtlds/,secondary-transcription-of-icann-reveal-table,complete-string-applicant-graph-plus-approved-string-changes,1598
2012,2012-1578,,.swiftcover,.swiftcover,Swiftcover Insurance Services Limited,No,,requested,published-application,,,,,no,,no,,,,,,https://www.thedomains.com/2012/06/13/here-are-all-1930-applications-for-new-gtlds/,secondary-transcription-of-icann-reveal-table,complete-string-applicant-graph-plus-approved-string-changes,1599
2012,2012-1579,,.swiss,.swiss,Swiss International Air Lines Ltd.,No,,requested,published-application,,,,,yes,2012-exact-swiss,no,,,,,,https://www.thedomains.com/2012/06/13/here-are-all-1930-applications-for-new-gtlds/,secondary-transcription-of-icann-reveal-table,complete-string-applicant-graph-plus-approved-string-changes,1600
2012,2012-1580,,.swiss,.swiss,Swiss Confederation,No,,requested,published-application,,,,,yes,2012-exact-swiss,no,,,,,,https://www.thedomains.com/2012/06/13/here-are-all-1930-applications-for-new-gtlds/,secondary-transcription-of-icann-reveal-table,complete-string-applicant-graph-plus-approved-string-changes,1601
2012,2012-1581,,.sydney,.sydney,"State of New South Wales, Department of Premier and Cabinet",No,,requested,published-application,,,,,no,,no,,,,,,https://www.thedomains.com/2012/06/13/here-are-all-1930-applications-for-new-gtlds/,secondary-transcription-of-icann-reveal-table,complete-string-applicant-graph-plus-approved-string-changes,1602
2012,2012-1582,,.symantec,.symantec,Symantec Corporation,No,,requested,published-application,,,,,no,,no,,,,,,https://www.thedomains.com/2012/06/13/here-are-all-1930-applications-for-new-gtlds/,secondary-transcription-of-icann-reveal-table,complete-string-applicant-graph-plus-approved-string-changes,1603
2012,2012-1583,,.systems,.systems,"Dash Cypress, LLC",No,,requested,published-application,,,,,no,,no,,,,,,https://www.thedomains.com/2012/06/13/here-are-all-1930-applications-for-new-gtlds/,secondary-transcription-of-icann-reveal-table,complete-string-applicant-graph-plus-approved-string-changes,1604
2012,2012-1584,,.tab,.tab,Tabcorp Holdings Limited,No,,requested,published-application,,,,,no,,no,,,,,,https://www.thedomains.com/2012/06/13/here-are-all-1930-applications-for-new-gtlds/,secondary-transcription-of-icann-reveal-table,complete-string-applicant-graph-plus-approved-string-changes,1605
2012,2012-1585,,.taipei,.taipei,Taipei City Government,No,,requested,published-application,,,,,no,,no,,,,,,https://www.thedomains.com/2012/06/13/here-are-all-1930-applications-for-new-gtlds/,secondary-transcription-of-icann-reveal-table,complete-string-applicant-graph-plus-approved-string-changes,1606
2012,2012-1586,,.talk,.talk,Amazon EU S.à r.l.,No,,requested,published-application,,,,,yes,2012-exact-talk,no,,,,,,https://www.thedomains.com/2012/06/13/here-are-all-1930-applications-for-new-gtlds/,secondary-transcription-of-icann-reveal-table,complete-string-applicant-graph-plus-approved-string-changes,1607
2012,2012-1587,,.talk,.talk,Charleston Road Registry Inc.,No,,requested,published-application,,,,,yes,2012-exact-talk,no,,,,,,https://www.thedomains.com/2012/06/13/here-are-all-1930-applications-for-new-gtlds/,secondary-transcription-of-icann-reveal-table,complete-string-applicant-graph-plus-approved-string-changes,1608
2012,2012-1588,,.taobao,.taobao,Alibaba Group Holding Limited,No,,requested,published-application,,,,,no,,no,,,,,,https://www.thedomains.com/2012/06/13/here-are-all-1930-applications-for-new-gtlds/,secondary-transcription-of-icann-reveal-table,complete-string-applicant-graph-plus-approved-string-changes,1609
2012,2012-1589,,.target,.target,"Target Domain Holdings, LLC",No,,requested,published-application,,,,,no,,no,,,,,,https://www.thedomains.com/2012/06/13/here-are-all-1930-applications-for-new-gtlds/,secondary-transcription-of-icann-reveal-table,complete-string-applicant-graph-plus-approved-string-changes,1610
2012,2012-1590,,.tata,.tata,TATA SONS LIMITED,No,,requested,published-application,,,,,no,,no,,,,,,https://www.thedomains.com/2012/06/13/here-are-all-1930-applications-for-new-gtlds/,secondary-transcription-of-icann-reveal-table,complete-string-applicant-graph-plus-approved-string-changes,1611
2012,2012-1591,,.tatamotors,.tatamotors,Tata Motors Ltd,No,,requested,published-application,,,,,no,,no,,,,,,https://www.thedomains.com/2012/06/13/here-are-all-1930-applications-for-new-gtlds/,secondary-transcription-of-icann-reveal-table,complete-string-applicant-graph-plus-approved-string-changes,1612
2012,2012-1592,,.tatar,.tatar,Limited Liability Company “Coordination Center of Regional Domain of Tatarstan Republic”,No,,requested,published-application,,,,,no,,no,,,,,,https://www.thedomains.com/2012/06/13/here-are-all-1930-applications-for-new-gtlds/,secondary-transcription-of-icann-reveal-table,complete-string-applicant-graph-plus-approved-string-changes,1613
2012,2012-1593,,.tattoo,.tattoo,"Uniregistry, Corp.",No,,requested,published-application,,,,,no,,no,,,,,,https://www.thedomains.com/2012/06/13/here-are-all-1930-applications-for-new-gtlds/,secondary-transcription-of-icann-reveal-table,complete-string-applicant-graph-plus-approved-string-changes,1614
2012,2012-1594,,.tax,.tax,"Storm Orchard, LLC",No,,requested,published-application,,,,,no,,no,,,,,,https://www.thedomains.com/2012/06/13/here-are-all-1930-applications-for-new-gtlds/,secondary-transcription-of-icann-reveal-table,complete-string-applicant-graph-plus-approved-string-changes,1615
2012,2012-1595,,.taxi,.taxi,"Pine Falls, LLC",No,,requested,published-application,,,,,yes,2012-exact-taxi,no,,,,,,https://www.thedomains.com/2012/06/13/here-are-all-1930-applications-for-new-gtlds/,secondary-transcription-of-icann-reveal-table,complete-string-applicant-graph-plus-approved-string-changes,1616
2012,2012-1596,,.taxi,.taxi,dot Taxi Limited,No,,requested,published-application,,,,,yes,2012-exact-taxi,no,,,,,,https://www.thedomains.com/2012/06/13/here-are-all-1930-applications-for-new-gtlds/,secondary-transcription-of-icann-reveal-table,complete-string-applicant-graph-plus-approved-string-changes,1617
2012,2012-1597,,.taxi,.taxi,Taxi Pay GmbH,No,,requested,published-application,,,,,yes,2012-exact-taxi,no,,,,,,https://www.thedomains.com/2012/06/13/here-are-all-1930-applications-for-new-gtlds/,secondary-transcription-of-icann-reveal-table,complete-string-applicant-graph-plus-approved-string-changes,1618
2012,2012-1598,,.tci,.tci,Asia Green IT System Bilgisayar San. ve Tic. Ltd. Sti.,No,,requested,published-application,,,,,no,,no,,,,,,https://www.thedomains.com/2012/06/13/here-are-all-1930-applications-for-new-gtlds/,secondary-transcription-of-icann-reveal-table,complete-string-applicant-graph-plus-approved-string-changes,1619
2012,2012-1599,,.tdk,.tdk,TDK Corporation,No,,requested,published-application,,,,,no,,no,,,,,,https://www.thedomains.com/2012/06/13/here-are-all-1930-applications-for-new-gtlds/,secondary-transcription-of-icann-reveal-table,complete-string-applicant-graph-plus-approved-string-changes,1620
2012,2012-1600,,.team,.team,Afilias Limited,No,,requested,published-application,,,,,yes,2012-exact-team,no,,,,,,https://www.thedomains.com/2012/06/13/here-are-all-1930-applications-for-new-gtlds/,secondary-transcription-of-icann-reveal-table,complete-string-applicant-graph-plus-approved-string-changes,1621
2012,2012-1601,,.team,.team,"Atomic Lake, LLC",No,,requested,published-application,,,,,yes,2012-exact-team,no,,,,,,https://www.thedomains.com/2012/06/13/here-are-all-1930-applications-for-new-gtlds/,secondary-transcription-of-icann-reveal-table,complete-string-applicant-graph-plus-approved-string-changes,1622
2012,2012-1602,,.team,.team,Charleston Road Registry Inc.,No,,requested,published-application,,,,,yes,2012-exact-team,no,,,,,,https://www.thedomains.com/2012/06/13/here-are-all-1930-applications-for-new-gtlds/,secondary-transcription-of-icann-reveal-table,complete-string-applicant-graph-plus-approved-string-changes,1623
2012,2012-1603,,.team,.team,"Uniregistry, Corp.",No,,requested,published-application,,,,,yes,2012-exact-team,no,,,,,,https://www.thedomains.com/2012/06/13/here-are-all-1930-applications-for-new-gtlds/,secondary-transcription-of-icann-reveal-table,complete-string-applicant-graph-plus-approved-string-changes,1624
2012,2012-1604,,.tech,.tech,Charleston Road Registry Inc.,No,,requested,published-application,,,,,yes,2012-exact-tech,no,,,,,,https://www.thedomains.com/2012/06/13/here-are-all-1930-applications-for-new-gtlds/,secondary-transcription-of-icann-reveal-table,complete-string-applicant-graph-plus-approved-string-changes,1625
2012,2012-1605,,.tech,.tech,NU DOT CO LLC,No,,requested,published-application,,,,,yes,2012-exact-tech,no,,,,,,https://www.thedomains.com/2012/06/13/here-are-all-1930-applications-for-new-gtlds/,secondary-transcription-of-icann-reveal-table,complete-string-applicant-graph-plus-approved-string-changes,1626
2012,2012-1606,,.tech,.tech,"Lone Moon, LLC",No,,requested,published-application,,,,,yes,2012-exact-tech,no,,,,,,https://www.thedomains.com/2012/06/13/here-are-all-1930-applications-for-new-gtlds/,secondary-transcription-of-icann-reveal-table,complete-string-applicant-graph-plus-approved-string-changes,1627
2012,2012-1607,,.tech,.tech,"Uniregistry, Corp.",No,,requested,published-application,,,,,yes,2012-exact-tech,no,,,,,,https://www.thedomains.com/2012/06/13/here-are-all-1930-applications-for-new-gtlds/,secondary-transcription-of-icann-reveal-table,complete-string-applicant-graph-plus-approved-string-changes,1628
2012,2012-1608,,.tech,.tech,Top Level Domain Holdings Limited,No,,requested,published-application,,,,,yes,2012-exact-tech,no,,,,,,https://www.thedomains.com/2012/06/13/here-are-all-1930-applications-for-new-gtlds/,secondary-transcription-of-icann-reveal-table,complete-string-applicant-graph-plus-approved-string-changes,1629
2012,2012-1609,,.tech,.tech,Dot Tech LLC,No,,requested,published-application,,,,,yes,2012-exact-tech,no,,,,,,https://www.thedomains.com/2012/06/13/here-are-all-1930-applications-for-new-gtlds/,secondary-transcription-of-icann-reveal-table,complete-string-applicant-graph-plus-approved-string-changes,1630
2012,2012-1610,,.technology,.technology,Auburn Falls,No,,requested,published-application,,,,,no,,no,,,,,,https://www.thedomains.com/2012/06/13/here-are-all-1930-applications-for-new-gtlds/,secondary-transcription-of-icann-reveal-table,complete-string-applicant-graph-plus-approved-string-changes,1631
2012,2012-1611,,.telecity,.telecity,TelecityGroup International Limited,No,,requested,published-application,,,,,no,,no,,,,,,https://www.thedomains.com/2012/06/13/here-are-all-1930-applications-for-new-gtlds/,secondary-transcription-of-icann-reveal-table,complete-string-applicant-graph-plus-approved-string-changes,1632
2012,2012-1612,,.telefonica,.telefonica,Telefónica S.A.,No,,requested,published-application,,,,,no,,no,,,,,,https://www.thedomains.com/2012/06/13/here-are-all-1930-applications-for-new-gtlds/,secondary-transcription-of-icann-reveal-table,complete-string-applicant-graph-plus-approved-string-changes,1633
2012,2012-1613,,.temasek,.temasek,Temasek Holdings (Private) Limtied,No,,requested,published-application,,,,,no,,no,,,,,,https://www.thedomains.com/2012/06/13/here-are-all-1930-applications-for-new-gtlds/,secondary-transcription-of-icann-reveal-table,complete-string-applicant-graph-plus-approved-string-changes,1634
2012,2012-1614,,.tennis,.tennis,"Cotton Bloom, LLC",No,,requested,published-application,,,,,yes,2012-exact-tennis,no,,,,,,https://www.thedomains.com/2012/06/13/here-are-all-1930-applications-for-new-gtlds/,secondary-transcription-of-icann-reveal-table,complete-string-applicant-graph-plus-approved-string-changes,1635
2012,2012-1615,,.tennis,.tennis,"Washington Team Tennis, LLC",No,,requested,published-application,,,,,yes,2012-exact-tennis,no,,,,,,https://www.thedomains.com/2012/06/13/here-are-all-1930-applications-for-new-gtlds/,secondary-transcription-of-icann-reveal-table,complete-string-applicant-graph-plus-approved-string-changes,1636
2012,2012-1616,,.tennis,.tennis,TENNIS AUSTRALIA LTD,No,,requested,published-application,,,,,yes,2012-exact-tennis,no,,,,,,https://www.thedomains.com/2012/06/13/here-are-all-1930-applications-for-new-gtlds/,secondary-transcription-of-icann-reveal-table,complete-string-applicant-graph-plus-approved-string-changes,1637
2012,2012-1617,,.tennis,.tennis,dot Tennis Limited,No,,requested,published-application,,,,,yes,2012-exact-tennis,no,,,,,,https://www.thedomains.com/2012/06/13/here-are-all-1930-applications-for-new-gtlds/,secondary-transcription-of-icann-reveal-table,complete-string-applicant-graph-plus-approved-string-changes,1638
2012,2012-1618,,.terra,.terra,Telefónica S.A.,No,,requested,published-application,,,,,no,,no,,,,,,https://www.thedomains.com/2012/06/13/here-are-all-1930-applications-for-new-gtlds/,secondary-transcription-of-icann-reveal-table,complete-string-applicant-graph-plus-approved-string-changes,1639
2012,2012-1619,,.teva,.teva,Teva Pharmaceutical Industries Limited,No,,requested,published-application,,,,,no,,no,,,,,,https://www.thedomains.com/2012/06/13/here-are-all-1930-applications-for-new-gtlds/,secondary-transcription-of-icann-reveal-table,complete-string-applicant-graph-plus-approved-string-changes,1640
2012,2012-1620,,.thai,.thai,Better Living Management Company Limited,No,,requested,published-application,,,,,no,,no,,,,,,https://www.thedomains.com/2012/06/13/here-are-all-1930-applications-for-new-gtlds/,secondary-transcription-of-icann-reveal-table,complete-string-applicant-graph-plus-approved-string-changes,1641
2012,2012-1621,,.thd,.thd,"Homer TLC, Inc.",No,,requested,published-application,,,,,no,,no,,,,,,https://www.thedomains.com/2012/06/13/here-are-all-1930-applications-for-new-gtlds/,secondary-transcription-of-icann-reveal-table,complete-string-applicant-graph-plus-approved-string-changes,1642
2012,2012-1622,,.theater,.theater,"Blue Tigers, LLC",No,,requested,published-application,,,,,yes,2012-exact-theater,no,,,,,,https://www.thedomains.com/2012/06/13/here-are-all-1930-applications-for-new-gtlds/,secondary-transcription-of-icann-reveal-table,complete-string-applicant-graph-plus-approved-string-changes,1643
2012,2012-1623,,.theater,.theater,Key GTLD Holding Inc,No,,requested,published-application,,,,,yes,2012-exact-theater,no,,,,,,https://www.thedomains.com/2012/06/13/here-are-all-1930-applications-for-new-gtlds/,secondary-transcription-of-icann-reveal-table,complete-string-applicant-graph-plus-approved-string-changes,1644
2012,2012-1624,,.theatre,.theatre,Key GTLD Holding Inc,No,,requested,published-application,,,,,no,,no,,,,,,https://www.thedomains.com/2012/06/13/here-are-all-1930-applications-for-new-gtlds/,secondary-transcription-of-icann-reveal-table,complete-string-applicant-graph-plus-approved-string-changes,1645
2012,2012-1625,,.theguardian,.theguardian,Guardian News and Media Limited,No,,requested,published-application,,,,,no,,no,,,,,,https://www.thedomains.com/2012/06/13/here-are-all-1930-applications-for-new-gtlds/,secondary-transcription-of-icann-reveal-table,complete-string-applicant-graph-plus-approved-string-changes,1646
2012,2012-1626,,.thehartford,.thehartford,Hartford Fire Insurance Company,No,,requested,published-application,,,,,no,,no,,,,,,https://www.thedomains.com/2012/06/13/here-are-all-1930-applications-for-new-gtlds/,secondary-transcription-of-icann-reveal-table,complete-string-applicant-graph-plus-approved-string-changes,1647
2012,2012-1627,,.tiaa,.tiaa,Teachers Insurance and Annuity Association of America,No,,requested,published-application,,,,,no,,no,,,,,,https://www.thedomains.com/2012/06/13/here-are-all-1930-applications-for-new-gtlds/,secondary-transcription-of-icann-reveal-table,complete-string-applicant-graph-plus-approved-string-changes,1648
2012,2012-1628,,.tickets,.tickets,"Shubert Internet, Inc.",No,,requested,published-application,,,,,yes,2012-exact-tickets,no,,,,,,https://www.thedomains.com/2012/06/13/here-are-all-1930-applications-for-new-gtlds/,secondary-transcription-of-icann-reveal-table,complete-string-applicant-graph-plus-approved-string-changes,1649
2012,2012-1629,,.tickets,.tickets,dot Tickets Limited,No,,requested,published-application,,,,,yes,2012-exact-tickets,no,,,,,,https://www.thedomains.com/2012/06/13/here-are-all-1930-applications-for-new-gtlds/,secondary-transcription-of-icann-reveal-table,complete-string-applicant-graph-plus-approved-string-changes,1650
2012,2012-1630,,.tickets,.tickets,Accent Media Limited,No,,requested,published-application,,,,,yes,2012-exact-tickets,no,,,,,,https://www.thedomains.com/2012/06/13/here-are-all-1930-applications-for-new-gtlds/,secondary-transcription-of-icann-reveal-table,complete-string-applicant-graph-plus-approved-string-changes,1651
2012,2012-1631,,.tickets,.tickets,Tickets TLD LLC,No,,requested,published-application,,,,,yes,2012-exact-tickets,no,,,,,,https://www.thedomains.com/2012/06/13/here-are-all-1930-applications-for-new-gtlds/,secondary-transcription-of-icann-reveal-table,complete-string-applicant-graph-plus-approved-string-changes,1652
2012,2012-1632,,.tickets,.tickets,"Atomic McCook, LLC",No,,requested,published-application,,,,,yes,2012-exact-tickets,no,,,,,,https://www.thedomains.com/2012/06/13/here-are-all-1930-applications-for-new-gtlds/,secondary-transcription-of-icann-reveal-table,complete-string-applicant-graph-plus-approved-string-changes,1653
2012,2012-1633,,.tienda,.tienda,"Victor Manor, LLC",No,,requested,published-application,,,,,no,,no,,,,,,https://www.thedomains.com/2012/06/13/here-are-all-1930-applications-for-new-gtlds/,secondary-transcription-of-icann-reveal-table,complete-string-applicant-graph-plus-approved-string-changes,1654
2012,2012-1634,,.tiffany,.tiffany,Tiffany and Company,No,,requested,published-application,,,,,no,,no,,,,,,https://www.thedomains.com/2012/06/13/here-are-all-1930-applications-for-new-gtlds/,secondary-transcription-of-icann-reveal-table,complete-string-applicant-graph-plus-approved-string-changes,1655
2012,2012-1635,,.tips,.tips,"Corn Willow, LLC",No,,requested,published-application,,,,,no,,no,,,,,,https://www.thedomains.com/2012/06/13/here-are-all-1930-applications-for-new-gtlds/,secondary-transcription-of-icann-reveal-table,complete-string-applicant-graph-plus-approved-string-changes,1656
2012,2012-1636,,.tires,.tires,"Bridgestone Americas Tire Operations, LLC",No,,requested,published-application,,,,,yes,2012-exact-tires,no,,,,,,https://www.thedomains.com/2012/06/13/here-are-all-1930-applications-for-new-gtlds/,secondary-transcription-of-icann-reveal-table,complete-string-applicant-graph-plus-approved-string-changes,1657
2012,2012-1637,,.tires,.tires,"Dog Edge, LLC",No,,requested,published-application,,,,,yes,2012-exact-tires,no,,,,,,https://www.thedomains.com/2012/06/13/here-are-all-1930-applications-for-new-gtlds/,secondary-transcription-of-icann-reveal-table,complete-string-applicant-graph-plus-approved-string-changes,1658
2012,2012-1638,,.tires,.tires,The Goodyear Tire & Rubber Company,No,,requested,published-application,,,,,yes,2012-exact-tires,no,,,,,,https://www.thedomains.com/2012/06/13/here-are-all-1930-applications-for-new-gtlds/,secondary-transcription-of-icann-reveal-table,complete-string-applicant-graph-plus-approved-string-changes,1659
2012,2012-1639,,.tirol,.tirol,punkt Tirol GmbH,No,,requested,published-application,,,,,no,,no,,,,,,https://www.thedomains.com/2012/06/13/here-are-all-1930-applications-for-new-gtlds/,secondary-transcription-of-icann-reveal-table,complete-string-applicant-graph-plus-approved-string-changes,1660
2012,2012-1640,,.tjmaxx,.tjmaxx,"The TJX Companies, Inc.",No,,requested,published-application,,,,,no,,no,,,,,,https://www.thedomains.com/2012/06/13/here-are-all-1930-applications-for-new-gtlds/,secondary-transcription-of-icann-reveal-table,complete-string-applicant-graph-plus-approved-string-changes,1661
2012,2012-1641,,.tjx,.tjx,"The TJX Companies, Inc.",No,,requested,published-application,,,,,no,,no,,,,,,https://www.thedomains.com/2012/06/13/here-are-all-1930-applications-for-new-gtlds/,secondary-transcription-of-icann-reveal-table,complete-string-applicant-graph-plus-approved-string-changes,1662
2012,2012-1642,,.tkmaxx,.tkmaxx,"The TJX Companies, Inc.",No,,requested,published-application,,,,,no,,no,,,,,,https://www.thedomains.com/2012/06/13/here-are-all-1930-applications-for-new-gtlds/,secondary-transcription-of-icann-reveal-table,complete-string-applicant-graph-plus-approved-string-changes,1663
2012,2012-1643,,.tmall,.tmall,Alibaba Group Holding Limited,No,,requested,published-application,,,,,no,,no,,,,,,https://www.thedomains.com/2012/06/13/here-are-all-1930-applications-for-new-gtlds/,secondary-transcription-of-icann-reveal-table,complete-string-applicant-graph-plus-approved-string-changes,1664
2012,2012-1644,,.today,.today,"Pearl Woods, LLC",No,,requested,published-application,,,,,no,,no,,,,,,https://www.thedomains.com/2012/06/13/here-are-all-1930-applications-for-new-gtlds/,secondary-transcription-of-icann-reveal-table,complete-string-applicant-graph-plus-approved-string-changes,1665
2012,2012-1645,,.tokyo,.tokyo,"GMO Registry, Inc.",No,,requested,published-application,,,,,no,,no,,,,,,https://www.thedomains.com/2012/06/13/here-are-all-1930-applications-for-new-gtlds/,secondary-transcription-of-icann-reveal-table,complete-string-applicant-graph-plus-approved-string-changes,1666
2012,2012-1646,,.tools,.tools,"Pioneer North, LLC",No,,requested,published-application,,,,,no,,no,,,,,,https://www.thedomains.com/2012/06/13/here-are-all-1930-applications-for-new-gtlds/,secondary-transcription-of-icann-reveal-table,complete-string-applicant-graph-plus-approved-string-changes,1667
2012,2012-1647,,.top,.top,"Jiangsu Bangning Science & Technology Co.,Ltd.",No,,requested,published-application,,,,,no,,no,,,,,,https://www.thedomains.com/2012/06/13/here-are-all-1930-applications-for-new-gtlds/,secondary-transcription-of-icann-reveal-table,complete-string-applicant-graph-plus-approved-string-changes,1668
2012,2012-1648,,.toray,.toray,"Toray Industries, Inc.",No,,requested,published-application,,,,,no,,no,,,,,,https://www.thedomains.com/2012/06/13/here-are-all-1930-applications-for-new-gtlds/,secondary-transcription-of-icann-reveal-table,complete-string-applicant-graph-plus-approved-string-changes,1669
2012,2012-1649,,.toshiba,.toshiba,TOSHIBA Corporation,No,,requested,published-application,,,,,no,,no,,,,,,https://www.thedomains.com/2012/06/13/here-are-all-1930-applications-for-new-gtlds/,secondary-transcription-of-icann-reveal-table,complete-string-applicant-graph-plus-approved-string-changes,1670
2012,2012-1650,,.total,.total,Total SA,No,,requested,published-application,,,,,no,,no,,,,,,https://www.thedomains.com/2012/06/13/here-are-all-1930-applications-for-new-gtlds/,secondary-transcription-of-icann-reveal-table,complete-string-applicant-graph-plus-approved-string-changes,1671
2012,2012-1651,,.tour,.tour,Charleston Road Registry Inc.,No,,requested,published-application,,,,,no,,no,,,,,,https://www.thedomains.com/2012/06/13/here-are-all-1930-applications-for-new-gtlds/,secondary-transcription-of-icann-reveal-table,complete-string-applicant-graph-plus-approved-string-changes,1672
2012,2012-1652,,.tours,.tours,"Sugar Station, LLC",No,,requested,published-application,,,,,no,,no,,,,,,https://www.thedomains.com/2012/06/13/here-are-all-1930-applications-for-new-gtlds/,secondary-transcription-of-icann-reveal-table,complete-string-applicant-graph-plus-approved-string-changes,1673
2012,2012-1653,,.town,.town,"Koko Moon, LLC",No,,requested,published-application,,,,,no,,no,,,,,,https://www.thedomains.com/2012/06/13/here-are-all-1930-applications-for-new-gtlds/,secondary-transcription-of-icann-reveal-table,complete-string-applicant-graph-plus-approved-string-changes,1674
2012,2012-1654,,.toyota,.toyota,TOYOTA MOTOR CORPORATION,No,,requested,published-application,,,,,no,,no,,,,,,https://www.thedomains.com/2012/06/13/here-are-all-1930-applications-for-new-gtlds/,secondary-transcription-of-icann-reveal-table,complete-string-applicant-graph-plus-approved-string-changes,1675
2012,2012-1655,,.toys,.toys,"Pioneer Orchard, LLC",No,,requested,published-application,,,,,no,,no,,,,,,https://www.thedomains.com/2012/06/13/here-are-all-1930-applications-for-new-gtlds/,secondary-transcription-of-icann-reveal-table,complete-string-applicant-graph-plus-approved-string-changes,1676
2012,2012-1656,,.trade,.trade,Elite Registry Limited,No,,requested,published-application,,,,,no,,no,,,,,,https://www.thedomains.com/2012/06/13/here-are-all-1930-applications-for-new-gtlds/,secondary-transcription-of-icann-reveal-table,complete-string-applicant-graph-plus-approved-string-changes,1677
2012,2012-1657,,.tradershotels,.tradershotels,Shangri‐La International Hotel Management Limited,No,,requested,published-application,,,,,no,,no,,,,,,https://www.thedomains.com/2012/06/13/here-are-all-1930-applications-for-new-gtlds/,secondary-transcription-of-icann-reveal-table,complete-string-applicant-graph-plus-approved-string-changes,1678
2012,2012-1658,,.trading,.trading,"Little Manor, LLC",No,,requested,published-application,,,,,yes,2012-exact-trading,no,,,,,,https://www.thedomains.com/2012/06/13/here-are-all-1930-applications-for-new-gtlds/,secondary-transcription-of-icann-reveal-table,complete-string-applicant-graph-plus-approved-string-changes,1679
2012,2012-1659,,.trading,.trading,IG Group Holdings PLC,No,,requested,published-application,,,,,yes,2012-exact-trading,no,,,,,,https://www.thedomains.com/2012/06/13/here-are-all-1930-applications-for-new-gtlds/,secondary-transcription-of-icann-reveal-table,complete-string-applicant-graph-plus-approved-string-changes,1680
2012,2012-1660,,.training,.training,"Wild Willow, LLC",No,,requested,published-application,,,,,no,,no,,,,,,https://www.thedomains.com/2012/06/13/here-are-all-1930-applications-for-new-gtlds/,secondary-transcription-of-icann-reveal-table,complete-string-applicant-graph-plus-approved-string-changes,1681
2012,2012-1661,,.transformers,.transformers,"Hasbro International, Inc.",No,,requested,published-application,,,,,no,,no,,,,,,https://www.thedomains.com/2012/06/13/here-are-all-1930-applications-for-new-gtlds/,secondary-transcription-of-icann-reveal-table,complete-string-applicant-graph-plus-approved-string-changes,1682
2012,2012-1662,,.translations,.translations,TRANSLATIONS,No,,requested,published-application,,,,,no,,no,,,,,,https://www.thedomains.com/2012/06/13/here-are-all-1930-applications-for-new-gtlds/,secondary-transcription-of-icann-reveal-table,complete-string-applicant-graph-plus-approved-string-changes,1683
2012,2012-1663,,.transunion,.transunion,Trans Union LLC,No,,requested,published-application,,,,,no,,no,,,,,,https://www.thedomains.com/2012/06/13/here-are-all-1930-applications-for-new-gtlds/,secondary-transcription-of-icann-reveal-table,complete-string-applicant-graph-plus-approved-string-changes,1684
2012,2012-1664,,.travelchannel,.travelchannel,"Lifestyle Domain Holdings, Inc.",No,,requested,published-application,,,,,no,,no,,,,,,https://www.thedomains.com/2012/06/13/here-are-all-1930-applications-for-new-gtlds/,secondary-transcription-of-icann-reveal-table,complete-string-applicant-graph-plus-approved-string-changes,1685
2012,2012-1665,,.travelers,.travelers,"Travelers TLD, LLC",No,,requested,published-application,,,,,no,,no,,,,,,https://www.thedomains.com/2012/06/13/here-are-all-1930-applications-for-new-gtlds/,secondary-transcription-of-icann-reveal-table,complete-string-applicant-graph-plus-approved-string-changes,1686
2012,2012-1666,,.travelersinsurance,.travelersinsurance,"Travelers TLD, LLC",No,,requested,published-application,,,,,no,,no,,,,,,https://www.thedomains.com/2012/06/13/here-are-all-1930-applications-for-new-gtlds/,secondary-transcription-of-icann-reveal-table,complete-string-applicant-graph-plus-approved-string-changes,1687
2012,2012-1667,,.travelguard,.travelguard,"American International Group, Inc.",No,,requested,published-application,,,,,no,,no,,,,,,https://www.thedomains.com/2012/06/13/here-are-all-1930-applications-for-new-gtlds/,secondary-transcription-of-icann-reveal-table,complete-string-applicant-graph-plus-approved-string-changes,1688
2012,2012-1668,,.trust,.trust,Deutsche Post AG,No,,requested,published-application,,,,,no,,no,,,,,,https://www.thedomains.com/2012/06/13/here-are-all-1930-applications-for-new-gtlds/,secondary-transcription-of-icann-reveal-table,complete-string-applicant-graph-plus-approved-string-changes,1689
2012,2012-1669,,.trv,.trv,"Travelers TLD, LLC",No,,requested,published-application,,,,,no,,no,,,,,,https://www.thedomains.com/2012/06/13/here-are-all-1930-applications-for-new-gtlds/,secondary-transcription-of-icann-reveal-table,complete-string-applicant-graph-plus-approved-string-changes,1690
2012,2012-1670,,.tube,.tube,Charleston Road Registry Inc.,No,,requested,published-application,,,,,yes,2012-exact-tube,no,,,,,,https://www.thedomains.com/2012/06/13/here-are-all-1930-applications-for-new-gtlds/,secondary-transcription-of-icann-reveal-table,complete-string-applicant-graph-plus-approved-string-changes,1691
2012,2012-1671,,.tube,.tube,Latin American Telecom LLC,No,,requested,published-application,,,,,yes,2012-exact-tube,no,,,,,,https://www.thedomains.com/2012/06/13/here-are-all-1930-applications-for-new-gtlds/,secondary-transcription-of-icann-reveal-table,complete-string-applicant-graph-plus-approved-string-changes,1692
2012,2012-1672,,.tube,.tube,"Boss Castle, LLC",No,,requested,published-application,,,,,yes,2012-exact-tube,no,,,,,,https://www.thedomains.com/2012/06/13/here-are-all-1930-applications-for-new-gtlds/,secondary-transcription-of-icann-reveal-table,complete-string-applicant-graph-plus-approved-string-changes,1693
2012,2012-1673,,.tui,.tui,TUI AG,No,,requested,published-application,,,,,no,,no,,,,,,https://www.thedomains.com/2012/06/13/here-are-all-1930-applications-for-new-gtlds/,secondary-transcription-of-icann-reveal-table,complete-string-applicant-graph-plus-approved-string-changes,1694
2012,2012-1674,,.tunes,.tunes,Amazon EU S.à r.l.,No,,requested,published-application,,,,,no,,no,,,,,,https://www.thedomains.com/2012/06/13/here-are-all-1930-applications-for-new-gtlds/,secondary-transcription-of-icann-reveal-table,complete-string-applicant-graph-plus-approved-string-changes,1695
2012,2012-1675,,.tushu,.tushu,Amazon EU S.à r.l.,No,,requested,published-application,,,,,no,,no,,,,,,https://www.thedomains.com/2012/06/13/here-are-all-1930-applications-for-new-gtlds/,secondary-transcription-of-icann-reveal-table,complete-string-applicant-graph-plus-approved-string-changes,1696
2012,2012-1676,,.tvs,.tvs,T V SUNDRAM IYENGAR & SONS LIMITED,No,,requested,published-application,,,,,no,,no,,,,,,https://www.thedomains.com/2012/06/13/here-are-all-1930-applications-for-new-gtlds/,secondary-transcription-of-icann-reveal-table,complete-string-applicant-graph-plus-approved-string-changes,1697
2012,2012-1677,,.ubank,.ubank,National Australia Bank Limited,No,,requested,published-application,,,,,no,,no,,,,,,https://www.thedomains.com/2012/06/13/here-are-all-1930-applications-for-new-gtlds/,secondary-transcription-of-icann-reveal-table,complete-string-applicant-graph-plus-approved-string-changes,1698
2012,2012-1678,,.ubs,.ubs,UBS AG,No,,requested,published-application,,,,,no,,no,,,,,,https://www.thedomains.com/2012/06/13/here-are-all-1930-applications-for-new-gtlds/,secondary-transcription-of-icann-reveal-table,complete-string-applicant-graph-plus-approved-string-changes,1699
2012,2012-1679,,.uconnect,.uconnect,Chrysler Group LLC.,No,,requested,published-application,,,,,no,,no,,,,,,https://www.thedomains.com/2012/06/13/here-are-all-1930-applications-for-new-gtlds/,secondary-transcription-of-icann-reveal-table,complete-string-applicant-graph-plus-approved-string-changes,1700
2012,2012-1680,,.ultrabook,.ultrabook,Intel Corporation,No,,requested,published-application,,,,,no,,no,,,,,,https://www.thedomains.com/2012/06/13/here-are-all-1930-applications-for-new-gtlds/,secondary-transcription-of-icann-reveal-table,complete-string-applicant-graph-plus-approved-string-changes,1701
2012,2012-1681,,.ummah,.ummah,Ummah Digital Limited,No,,requested,published-application,excluded-from-further-participation,applicant-support-ineligibility,support-2012,https://newgtlds.icann.org/sites/default/files/sarp-results-12mar13-en.pdf,no,,no,,,,,,https://www.thedomains.com/2012/06/13/here-are-all-1930-applications-for-new-gtlds/,secondary-transcription-of-icann-reveal-table,complete-string-applicant-graph-plus-approved-string-changes,1702
2012,2012-1682,,.unicom,.unicom,China United Network Communications Corporation Limited,No,,requested,published-application,,,,,yes,2012-similarity-unicom-unicorn,no,,,,,,https://www.thedomains.com/2012/06/13/here-are-all-1930-applications-for-new-gtlds/,secondary-transcription-of-icann-reveal-table,complete-string-applicant-graph-plus-approved-string-changes,1703
2012,2012-1683,,.unicorn,.unicorn,Unicorn a.s.,No,,requested,published-application,,,,,yes,2012-similarity-unicom-unicorn,no,,,,,,https://www.thedomains.com/2012/06/13/here-are-all-1930-applications-for-new-gtlds/,secondary-transcription-of-icann-reveal-table,complete-string-applicant-graph-plus-approved-string-changes,1704
2012,2012-1684,,.university,.university,"Little Station, LLC",No,,requested,published-application,,,,,no,,no,,,,,,https://www.thedomains.com/2012/06/13/here-are-all-1930-applications-for-new-gtlds/,secondary-transcription-of-icann-reveal-table,complete-string-applicant-graph-plus-approved-string-changes,1705
2012,2012-1685,,.uno,.uno,Dot Latin LLC,No,,requested,published-application,,,,,no,,no,,,,,,https://www.thedomains.com/2012/06/13/here-are-all-1930-applications-for-new-gtlds/,secondary-transcription-of-icann-reveal-table,complete-string-applicant-graph-plus-approved-string-changes,1706
2012,2012-1686,,.uol,.uol,UBN INTERNET LTDA.,No,,requested,published-application,,,,,no,,no,,,,,,https://www.thedomains.com/2012/06/13/here-are-all-1930-applications-for-new-gtlds/,secondary-transcription-of-icann-reveal-table,complete-string-applicant-graph-plus-approved-string-changes,1707
2012,2012-1687,,.ups,.ups,"UPS Market Driver, Inc.",No,,requested,published-application,,,,,no,,no,,,,,,https://www.thedomains.com/2012/06/13/here-are-all-1930-applications-for-new-gtlds/,secondary-transcription-of-icann-reveal-table,complete-string-applicant-graph-plus-approved-string-changes,1708
2012,2012-1688,,.vacations,.vacations,"Atomic Tigers, LLC",No,,requested,published-application,,,,,no,,no,,,,,,https://www.thedomains.com/2012/06/13/here-are-all-1930-applications-for-new-gtlds/,secondary-transcription-of-icann-reveal-table,complete-string-applicant-graph-plus-approved-string-changes,1709
2012,2012-1689,,.vana,.vana,"Lifestyle Domain Holdings, Inc.",No,,requested,published-application,,,,,no,,no,,,,,,https://www.thedomains.com/2012/06/13/here-are-all-1930-applications-for-new-gtlds/,secondary-transcription-of-icann-reveal-table,complete-string-applicant-graph-plus-approved-string-changes,1710
2012,2012-1690,,.vanguard,.vanguard,"The Vanguard Group, Inc.",No,,requested,published-application,,,,,no,,no,,,,,,https://www.thedomains.com/2012/06/13/here-are-all-1930-applications-for-new-gtlds/,secondary-transcription-of-icann-reveal-table,complete-string-applicant-graph-plus-approved-string-changes,1711
2012,2012-1691,,.vanish,.vanish,Reckitt Benckiser N.V.,No,,requested,published-application,,,,,no,,no,,,,,,https://www.thedomains.com/2012/06/13/here-are-all-1930-applications-for-new-gtlds/,secondary-transcription-of-icann-reveal-table,complete-string-applicant-graph-plus-approved-string-changes,1712
2012,2012-1692,,.vegas,.vegas,"Dot Vegas, Inc.",No,,requested,published-application,,,,,no,,no,,,,,,https://www.thedomains.com/2012/06/13/here-are-all-1930-applications-for-new-gtlds/,secondary-transcription-of-icann-reveal-table,complete-string-applicant-graph-plus-approved-string-changes,1713
2012,2012-1693,,.ventures,.ventures,"Binky Lake, LLC",No,,requested,published-application,,,,,no,,no,,,,,,https://www.thedomains.com/2012/06/13/here-are-all-1930-applications-for-new-gtlds/,secondary-transcription-of-icann-reveal-table,complete-string-applicant-graph-plus-approved-string-changes,1714
2012,2012-1694,,.verisign,.verisign,"VeriSign, Inc.",No,,requested,published-application,,,,,no,,no,,,,,,https://www.thedomains.com/2012/06/13/here-are-all-1930-applications-for-new-gtlds/,secondary-transcription-of-icann-reveal-table,complete-string-applicant-graph-plus-approved-string-changes,1715
2012,2012-1695,,.vermögensberater,.xn--vermgensberater-ctb,Deutsche Vermögensberatung Aktiengesellschaft DVAG,Yes,xn--vermgensberater-ctb,requested,published-application,,,,,no,,no,,,,,,https://www.thedomains.com/2012/06/13/here-are-all-1930-applications-for-new-gtlds/,secondary-transcription-of-icann-reveal-table,complete-string-applicant-graph-plus-approved-string-changes,1716
2012,2012-1696,,.vermögensberatung,.xn--vermgensberatung-pwb,Deutsche Vermögensberatung Aktiengesellschaft DVAG,Yes,xn--vermgensberatung-pwb,requested,published-application,,,,,no,,no,,,,,,https://www.thedomains.com/2012/06/13/here-are-all-1930-applications-for-new-gtlds/,secondary-transcription-of-icann-reveal-table,complete-string-applicant-graph-plus-approved-string-changes,1717
2012,2012-1697,,.versicherung,.versicherung,dotversicherung-registry GmbH,No,,requested,published-application,,,,,no,,no,,,,,,https://www.thedomains.com/2012/06/13/here-are-all-1930-applications-for-new-gtlds/,secondary-transcription-of-icann-reveal-table,complete-string-applicant-graph-plus-approved-string-changes,1718
2012,2012-1698,,.vet,.vet,"Wild Dale, LLC",No,,requested,published-application,,,,,no,,no,,,,,,https://www.thedomains.com/2012/06/13/here-are-all-1930-applications-for-new-gtlds/,secondary-transcription-of-icann-reveal-table,complete-string-applicant-graph-plus-approved-string-changes,1719
2012,2012-1699,,.viajes,.viajes,"Black Madison, LLC",No,,requested,published-application,,,,,no,,no,,,,,,https://www.thedomains.com/2012/06/13/here-are-all-1930-applications-for-new-gtlds/,secondary-transcription-of-icann-reveal-table,complete-string-applicant-graph-plus-approved-string-changes,1720
2012,2012-1700,,.video,.video,Top Level Domain Holdings Limited,No,,requested,published-application,,,,,yes,2012-exact-video,no,,,,,,https://www.thedomains.com/2012/06/13/here-are-all-1930-applications-for-new-gtlds/,secondary-transcription-of-icann-reveal-table,complete-string-applicant-graph-plus-approved-string-changes,1721
2012,2012-1701,,.video,.video,Amazon EU S.à r.l.,No,,requested,published-application,,,,,yes,2012-exact-video,no,,,,,,https://www.thedomains.com/2012/06/13/here-are-all-1930-applications-for-new-gtlds/,secondary-transcription-of-icann-reveal-table,complete-string-applicant-graph-plus-approved-string-changes,1722
2012,2012-1702,,.video,.video,"Uniregistry, Corp.",No,,requested,published-application,,,,,yes,2012-exact-video,no,,,,,,https://www.thedomains.com/2012/06/13/here-are-all-1930-applications-for-new-gtlds/,secondary-transcription-of-icann-reveal-table,complete-string-applicant-graph-plus-approved-string-changes,1723
2012,2012-1703,,.video,.video,"Lone Tigers, LLC",No,,requested,published-application,,,,,yes,2012-exact-video,no,,,,,,https://www.thedomains.com/2012/06/13/here-are-all-1930-applications-for-new-gtlds/,secondary-transcription-of-icann-reveal-table,complete-string-applicant-graph-plus-approved-string-changes,1724
2012,2012-1704,,.vig,.vig,VIENNA INSURANCE GROUP AG Wiener Versicherung Gruppe,No,,requested,published-application,,,,,no,,no,,,,,,https://www.thedomains.com/2012/06/13/here-are-all-1930-applications-for-new-gtlds/,secondary-transcription-of-icann-reveal-table,complete-string-applicant-graph-plus-approved-string-changes,1725
2012,2012-1705,,.viking,.viking,Viking River Cruises (Bermuda) Ltd.,No,,requested,published-application,,,,,no,,no,,,,,,https://www.thedomains.com/2012/06/13/here-are-all-1930-applications-for-new-gtlds/,secondary-transcription-of-icann-reveal-table,complete-string-applicant-graph-plus-approved-string-changes,1726
2012,2012-1706,,.villas,.villas,"New Sky, LLC",No,,requested,published-application,,,,,no,,no,,,,,,https://www.thedomains.com/2012/06/13/here-are-all-1930-applications-for-new-gtlds/,secondary-transcription-of-icann-reveal-table,complete-string-applicant-graph-plus-approved-string-changes,1727
2012,2012-1707,,.vin,.vin,"Holly Shadow, LLC",No,,requested,published-application,,,,,no,,yes,winevin,,,,,https://www.thedomains.com/2012/06/13/here-are-all-1930-applications-for-new-gtlds/,secondary-transcription-of-icann-reveal-table,complete-string-applicant-graph-plus-approved-string-changes,1728
2012,2012-1708,,.vip,.vip,"I-REGISTRY Ltd., Niederlassung Deutschland",No,,requested,published-application,,,,,yes,2012-exact-vip,no,,,,,,https://www.thedomains.com/2012/06/13/here-are-all-1930-applications-for-new-gtlds/,secondary-transcription-of-icann-reveal-table,complete-string-applicant-graph-plus-approved-string-changes,1729
2012,2012-1709,,.vip,.vip,Top Level Domain Holdings Limited,No,,requested,published-application,,,,,yes,2012-exact-vip,no,,,,,,https://www.thedomains.com/2012/06/13/here-are-all-1930-applications-for-new-gtlds/,secondary-transcription-of-icann-reveal-table,complete-string-applicant-graph-plus-approved-string-changes,1730
2012,2012-1710,,.vip,.vip,"John Corner, LLC",No,,requested,published-application,,,,,yes,2012-exact-vip,no,,,,,,https://www.thedomains.com/2012/06/13/here-are-all-1930-applications-for-new-gtlds/,secondary-transcription-of-icann-reveal-table,complete-string-applicant-graph-plus-approved-string-changes,1731
2012,2012-1711,,.vip,.vip,Vipspace Enterprises LLC,No,,requested,published-application,,,,,yes,2012-exact-vip,no,,,,,,https://www.thedomains.com/2012/06/13/here-are-all-1930-applications-for-new-gtlds/,secondary-transcription-of-icann-reveal-table,complete-string-applicant-graph-plus-approved-string-changes,1732
2012,2012-1712,,.vip,.vip,Charleston Road Registry Inc.,No,,requested,published-application,,,,,yes,2012-exact-vip,no,,,,,,https://www.thedomains.com/2012/06/13/here-are-all-1930-applications-for-new-gtlds/,secondary-transcription-of-icann-reveal-table,complete-string-applicant-graph-plus-approved-string-changes,1733
2012,2012-1713,,.vip,.vip,VIP Registry Pte. Ltd.,No,,requested,published-application,,,,,yes,2012-exact-vip,no,,,,,,https://www.thedomains.com/2012/06/13/here-are-all-1930-applications-for-new-gtlds/,secondary-transcription-of-icann-reveal-table,complete-string-applicant-graph-plus-approved-string-changes,1734
2012,2012-1714,,.virgin,.virgin,Virgin Enterprises Limited,No,,requested,published-application,,,,,no,,no,,,,,,https://www.thedomains.com/2012/06/13/here-are-all-1930-applications-for-new-gtlds/,secondary-transcription-of-icann-reveal-table,complete-string-applicant-graph-plus-approved-string-changes,1735
2012,2012-1715,,.visa,.visa,Visa International Service Association,No,,requested,published-application,,,,,no,,no,,,,,,https://www.thedomains.com/2012/06/13/here-are-all-1930-applications-for-new-gtlds/,secondary-transcription-of-icann-reveal-table,complete-string-applicant-graph-plus-approved-string-changes,1736
2012,2012-1716,,.vision,.vision,"Koko Station, LLC",No,,requested,published-application,,,,,no,,no,,,,,,https://www.thedomains.com/2012/06/13/here-are-all-1930-applications-for-new-gtlds/,secondary-transcription-of-icann-reveal-table,complete-string-applicant-graph-plus-approved-string-changes,1737
2012,2012-1717,,.vista,.vista,Vistaprint Limited,No,,requested,published-application,,,,,no,,no,,,,,,https://www.thedomains.com/2012/06/13/here-are-all-1930-applications-for-new-gtlds/,secondary-transcription-of-icann-reveal-table,complete-string-applicant-graph-plus-approved-string-changes,1738
2012,2012-1718,,.vistaprint,.vistaprint,Vistaprint Limited,No,,requested,published-application,,,,,no,,no,,,,,,https://www.thedomains.com/2012/06/13/here-are-all-1930-applications-for-new-gtlds/,secondary-transcription-of-icann-reveal-table,complete-string-applicant-graph-plus-approved-string-changes,1739
2012,2012-1719,,.viva,.viva,Saudi Telecom Company,No,,requested,published-application,,,,,no,,no,,,,,,https://www.thedomains.com/2012/06/13/here-are-all-1930-applications-for-new-gtlds/,secondary-transcription-of-icann-reveal-table,complete-string-applicant-graph-plus-approved-string-changes,1740
2012,2012-1720,,.vivo,.vivo,Telefonica Brasil S.A.,No,,requested,published-application,,,,,no,,no,,,,,,https://www.thedomains.com/2012/06/13/here-are-all-1930-applications-for-new-gtlds/,secondary-transcription-of-icann-reveal-table,complete-string-applicant-graph-plus-approved-string-changes,1741
2012,2012-1721,,.vlaanderen,.vlaanderen,DNS.be vzw,No,,requested,published-application,,,,,no,,no,,,,,,https://www.thedomains.com/2012/06/13/here-are-all-1930-applications-for-new-gtlds/,secondary-transcription-of-icann-reveal-table,complete-string-applicant-graph-plus-approved-string-changes,1742
2012,2012-1722,,.vodka,.vodka,Top Level Domain Holdings Limited,No,,requested,published-application,,,,,no,,no,,,,,,https://www.thedomains.com/2012/06/13/here-are-all-1930-applications-for-new-gtlds/,secondary-transcription-of-icann-reveal-table,complete-string-applicant-graph-plus-approved-string-changes,1743
2012,2012-1723,,.volkswagen,.volkswagen,Volkswagen Group of America Inc.,No,,requested,published-application,,,,,no,,no,,,,,,https://www.thedomains.com/2012/06/13/here-are-all-1930-applications-for-new-gtlds/,secondary-transcription-of-icann-reveal-table,complete-string-applicant-graph-plus-approved-string-changes,1744
2012,2012-1724,,.volvo,.volvo,Volvo Holding Sverige Aktiebolag,No,,requested,published-application,,,,,no,,no,,,,,,https://www.thedomains.com/2012/06/13/here-are-all-1930-applications-for-new-gtlds/,secondary-transcription-of-icann-reveal-table,complete-string-applicant-graph-plus-approved-string-changes,1745
2012,2012-1725,,.vons,.vons,Safeway Inc.,No,,requested,published-application,,,,,no,,no,,,,,,https://www.thedomains.com/2012/06/13/here-are-all-1930-applications-for-new-gtlds/,secondary-transcription-of-icann-reveal-table,complete-string-applicant-graph-plus-approved-string-changes,1746
2012,2012-1726,,.vote,.vote,Monolith Registry LLC,No,,requested,published-application,,,,,yes,2012-exact-vote,no,,,,,,https://www.thedomains.com/2012/06/13/here-are-all-1930-applications-for-new-gtlds/,secondary-transcription-of-icann-reveal-table,complete-string-applicant-graph-plus-approved-string-changes,1747
2012,2012-1727,,.vote,.vote,"Double Falls, LLC",No,,requested,published-application,,,,,yes,2012-exact-vote,no,,,,,,https://www.thedomains.com/2012/06/13/here-are-all-1930-applications-for-new-gtlds/,secondary-transcription-of-icann-reveal-table,complete-string-applicant-graph-plus-approved-string-changes,1748
2012,2012-1728,,.voting,.voting,Valuetainment Corp.,No,,requested,published-application,,,,,no,,no,,,,,,https://www.thedomains.com/2012/06/13/here-are-all-1930-applications-for-new-gtlds/,secondary-transcription-of-icann-reveal-table,complete-string-applicant-graph-plus-approved-string-changes,1749
2012,2012-1729,,.voto,.voto,Monolith Registry LLC,No,,requested,published-application,,,,,no,,no,,,,,,https://www.thedomains.com/2012/06/13/here-are-all-1930-applications-for-new-gtlds/,secondary-transcription-of-icann-reveal-table,complete-string-applicant-graph-plus-approved-string-changes,1750
2012,2012-1730,,.voyage,.voyage,"Ruby House, LLC",No,,requested,published-application,,,,,no,,no,,,,,,https://www.thedomains.com/2012/06/13/here-are-all-1930-applications-for-new-gtlds/,secondary-transcription-of-icann-reveal-table,complete-string-applicant-graph-plus-approved-string-changes,1751
2012,2012-1731,,.vuelos,.vuelos,Despegar Online SRL,No,,requested,published-application,,,,,no,,no,,,,,,https://www.thedomains.com/2012/06/13/here-are-all-1930-applications-for-new-gtlds/,secondary-transcription-of-icann-reveal-table,complete-string-applicant-graph-plus-approved-string-changes,1752
2012,2012-1732,,.wales,.wales,Nominet UK,No,,requested,published-application,,,,,no,,no,,,,,,https://www.thedomains.com/2012/06/13/here-are-all-1930-applications-for-new-gtlds/,secondary-transcription-of-icann-reveal-table,complete-string-applicant-graph-plus-approved-string-changes,1753
2012,2012-1733,,.walmart,.walmart,"Wal-Mart Stores, Inc.",No,,requested,published-application,,,,,no,,no,,,,,,https://www.thedomains.com/2012/06/13/here-are-all-1930-applications-for-new-gtlds/,secondary-transcription-of-icann-reveal-table,complete-string-applicant-graph-plus-approved-string-changes,1754
2012,2012-1734,,.walter,.walter,Sandvik AB,No,,requested,published-application,,,,,no,,no,,,,,,https://www.thedomains.com/2012/06/13/here-are-all-1930-applications-for-new-gtlds/,secondary-transcription-of-icann-reveal-table,complete-string-applicant-graph-plus-approved-string-changes,1755
2012,2012-1735,,.wang,.wang,Zodiac Leo Limited,No,,requested,published-application,,,,,no,,no,,,,,,https://www.thedomains.com/2012/06/13/here-are-all-1930-applications-for-new-gtlds/,secondary-transcription-of-icann-reveal-table,complete-string-applicant-graph-plus-approved-string-changes,1756
2012,2012-1736,,.wanggou,.wanggou,Amazon EU S.à r.l.,No,,requested,published-application,,,,,no,,no,,,,,,https://www.thedomains.com/2012/06/13/here-are-all-1930-applications-for-new-gtlds/,secondary-transcription-of-icann-reveal-table,complete-string-applicant-graph-plus-approved-string-changes,1757
2012,2012-1737,,.warman,.warman,Weir Group IP Limited,No,,requested,published-application,,,,,no,,no,,,,,,https://www.thedomains.com/2012/06/13/here-are-all-1930-applications-for-new-gtlds/,secondary-transcription-of-icann-reveal-table,complete-string-applicant-graph-plus-approved-string-changes,1758
2012,2012-1738,,.watch,.watch,"Sand Shadow, LLC",No,,requested,published-application,,,,,no,,no,,,,,,https://www.thedomains.com/2012/06/13/here-are-all-1930-applications-for-new-gtlds/,secondary-transcription-of-icann-reveal-table,complete-string-applicant-graph-plus-approved-string-changes,1759
2012,2012-1739,,.watches,.watches,Richemont DNS Inc.,No,,requested,published-application,,,,,no,,no,,,,,,https://www.thedomains.com/2012/06/13/here-are-all-1930-applications-for-new-gtlds/,secondary-transcription-of-icann-reveal-table,complete-string-applicant-graph-plus-approved-string-changes,1760
2012,2012-1740,,.weather,.weather,The Weather Channel LLC,No,,requested,published-application,,,,,no,,no,,,,,,https://www.thedomains.com/2012/06/13/here-are-all-1930-applications-for-new-gtlds/,secondary-transcription-of-icann-reveal-table,complete-string-applicant-graph-plus-approved-string-changes,1761
2012,2012-1741,,.weatherchannel,.weatherchannel,"The Weather Channel, LLC",No,,requested,published-application,,,,,no,,no,,,,,,https://www.thedomains.com/2012/06/13/here-are-all-1930-applications-for-new-gtlds/,secondary-transcription-of-icann-reveal-table,complete-string-applicant-graph-plus-approved-string-changes,1762
2012,2012-1742,,.web,.web,DotWeb Inc.,No,,requested,published-application,,,,,yes,2012-exact-web,yes,web,,,,,https://www.thedomains.com/2012/06/13/here-are-all-1930-applications-for-new-gtlds/,secondary-transcription-of-icann-reveal-table,complete-string-applicant-graph-plus-approved-string-changes,1763
2012,2012-1743,,.web,.web,Charleston Road Registry Inc.,No,,requested,published-application,,,,,yes,2012-exact-web,yes,web,,,,,https://www.thedomains.com/2012/06/13/here-are-all-1930-applications-for-new-gtlds/,secondary-transcription-of-icann-reveal-table,complete-string-applicant-graph-plus-approved-string-changes,1764
2012,2012-1744,,.web,.web,"Web.com Group, Inc.",No,,requested,published-application,,,,,yes,2012-exact-web,yes,web,,,,,https://www.thedomains.com/2012/06/13/here-are-all-1930-applications-for-new-gtlds/,secondary-transcription-of-icann-reveal-table,complete-string-applicant-graph-plus-approved-string-changes,1765
2012,2012-1745,,.web,.web,"Afilias Domains No. 3 Limited,",No,,requested,published-application,,,,,yes,2012-exact-web,yes,web,,,,,https://www.thedomains.com/2012/06/13/here-are-all-1930-applications-for-new-gtlds/,secondary-transcription-of-icann-reveal-table,complete-string-applicant-graph-plus-approved-string-changes,1766
2012,2012-1746,,.web,.web,"Ruby Glen, LLC",No,,requested,published-application,,,,,yes,2012-exact-web,yes,web,,,,,https://www.thedomains.com/2012/06/13/here-are-all-1930-applications-for-new-gtlds/,secondary-transcription-of-icann-reveal-table,complete-string-applicant-graph-plus-approved-string-changes,1767
2012,2012-1747,,.web,.web,Schlund Technologies GmbH,No,,requested,published-application,,,,,yes,2012-exact-web,yes,web,,,,,https://www.thedomains.com/2012/06/13/here-are-all-1930-applications-for-new-gtlds/,secondary-transcription-of-icann-reveal-table,complete-string-applicant-graph-plus-approved-string-changes,1768
2012,2012-1748,,.web,.web,NU DOT CO LLC,No,,requested,published-application,,,,,yes,2012-exact-web,yes,web,,,,,https://www.thedomains.com/2012/06/13/here-are-all-1930-applications-for-new-gtlds/,secondary-transcription-of-icann-reveal-table,complete-string-applicant-graph-plus-approved-string-changes,1769
2012,2012-1749,,.webcam,.webcam,dot Webcam Limited,No,,requested,published-application,,,,,no,,no,,,,,,https://www.thedomains.com/2012/06/13/here-are-all-1930-applications-for-new-gtlds/,secondary-transcription-of-icann-reveal-table,complete-string-applicant-graph-plus-approved-string-changes,1770
2012,2012-1750,,.weber,.weber,Saint-Gobain Weber SA,No,,requested,published-application,,,,,no,,no,,,,,,https://www.thedomains.com/2012/06/13/here-are-all-1930-applications-for-new-gtlds/,secondary-transcription-of-icann-reveal-table,complete-string-applicant-graph-plus-approved-string-changes,1771
2012,2012-1751,,.webjet,.webjet,Webjet Limited,No,,requested,published-application,,,,,no,,no,,,,,,https://www.thedomains.com/2012/06/13/here-are-all-1930-applications-for-new-gtlds/,secondary-transcription-of-icann-reveal-table,complete-string-applicant-graph-plus-approved-string-changes,1772
2012,2012-1752,,.webs,.webs,Vistaprint Limited,No,,requested,published-application,,,,,yes,2012-exact-webs,no,,,,,,https://www.thedomains.com/2012/06/13/here-are-all-1930-applications-for-new-gtlds/,secondary-transcription-of-icann-reveal-table,complete-string-applicant-graph-plus-approved-string-changes,1773
2012,2012-1753,,.webs,.webs,Vistaprint Limited,No,,requested,published-application,,,,,yes,2012-exact-webs,no,,,,,,https://www.thedomains.com/2012/06/13/here-are-all-1930-applications-for-new-gtlds/,secondary-transcription-of-icann-reveal-table,complete-string-applicant-graph-plus-approved-string-changes,1774
2012,2012-1754,,.website,.website,"Fern Edge, LLC",No,,requested,published-application,,,,,yes,2012-exact-website,no,,,,,,https://www.thedomains.com/2012/06/13/here-are-all-1930-applications-for-new-gtlds/,secondary-transcription-of-icann-reveal-table,complete-string-applicant-graph-plus-approved-string-changes,1775
2012,2012-1755,,.website,.website,Top Level Domain Holdings Limited,No,,requested,published-application,,,,,yes,2012-exact-website,no,,,,,,https://www.thedomains.com/2012/06/13/here-are-all-1930-applications-for-new-gtlds/,secondary-transcription-of-icann-reveal-table,complete-string-applicant-graph-plus-approved-string-changes,1776
2012,2012-1756,,.website,.website,DotWebsite Inc.,No,,requested,published-application,,,,,yes,2012-exact-website,no,,,,,,https://www.thedomains.com/2012/06/13/here-are-all-1930-applications-for-new-gtlds/,secondary-transcription-of-icann-reveal-table,complete-string-applicant-graph-plus-approved-string-changes,1777
2012,2012-1757,,.wed,.wed,"Atgron, Inc.",No,,requested,published-application,,,,,no,,no,,,,,,https://www.thedomains.com/2012/06/13/here-are-all-1930-applications-for-new-gtlds/,secondary-transcription-of-icann-reveal-table,complete-string-applicant-graph-plus-approved-string-changes,1778
2012,2012-1758,,.wedding,.wedding,"Wild Madison, LLC",No,,requested,published-application,,,,,yes,2012-exact-wedding,no,,,,,,https://www.thedomains.com/2012/06/13/here-are-all-1930-applications-for-new-gtlds/,secondary-transcription-of-icann-reveal-table,complete-string-applicant-graph-plus-approved-string-changes,1779
2012,2012-1759,,.wedding,.wedding,Top Level Domain Holdings Limited,No,,requested,published-application,,,,,yes,2012-exact-wedding,no,,,,,,https://www.thedomains.com/2012/06/13/here-are-all-1930-applications-for-new-gtlds/,secondary-transcription-of-icann-reveal-table,complete-string-applicant-graph-plus-approved-string-changes,1780
2012,2012-1760,,.wedding,.wedding,Wedding TLD LLC,No,,requested,published-application,,,,,yes,2012-exact-wedding,no,,,,,,https://www.thedomains.com/2012/06/13/here-are-all-1930-applications-for-new-gtlds/,secondary-transcription-of-icann-reveal-table,complete-string-applicant-graph-plus-approved-string-changes,1781
2012,2012-1761,,.weibo,.weibo,Tencent Holdings Limited,No,,requested,published-application,,,,,yes,2012-exact-weibo,no,,,,,,https://www.thedomains.com/2012/06/13/here-are-all-1930-applications-for-new-gtlds/,secondary-transcription-of-icann-reveal-table,complete-string-applicant-graph-plus-approved-string-changes,1782
2012,2012-1762,,.weibo,.weibo,Sina Corporation,No,,requested,published-application,,,,,yes,2012-exact-weibo,no,,,,,,https://www.thedomains.com/2012/06/13/here-are-all-1930-applications-for-new-gtlds/,secondary-transcription-of-icann-reveal-table,complete-string-applicant-graph-plus-approved-string-changes,1783
2012,2012-1763,,.weir,.weir,Weir Group IP Limited,No,,requested,published-application,,,,,no,,no,,,,,,https://www.thedomains.com/2012/06/13/here-are-all-1930-applications-for-new-gtlds/,secondary-transcription-of-icann-reveal-table,complete-string-applicant-graph-plus-approved-string-changes,1784
2012,2012-1764,,.whoswho,.whoswho,21st Century Communications Limited (AND/OR) 二十一世纪通讯有限公司,No,,requested,published-application,,,,,no,,no,,,,,,https://www.thedomains.com/2012/06/13/here-are-all-1930-applications-for-new-gtlds/,secondary-transcription-of-icann-reveal-table,complete-string-applicant-graph-plus-approved-string-changes,1785
2012,2012-1765,,.wien,.wien,punkt.wien GmbH,No,,requested,published-application,,,,,no,,no,,,,,,https://www.thedomains.com/2012/06/13/here-are-all-1930-applications-for-new-gtlds/,secondary-transcription-of-icann-reveal-table,complete-string-applicant-graph-plus-approved-string-changes,1786
2012,2012-1766,,.wiki,.wiki,"Top Level Design, LLC",No,,requested,published-application,,,,,no,,no,,,,,,https://www.thedomains.com/2012/06/13/here-are-all-1930-applications-for-new-gtlds/,secondary-transcription-of-icann-reveal-table,complete-string-applicant-graph-plus-approved-string-changes,1787
2012,2012-1767,,.williamhill,.williamhill,William Hill Organization Limited,No,,requested,published-application,,,,,no,,no,,,,,,https://www.thedomains.com/2012/06/13/here-are-all-1930-applications-for-new-gtlds/,secondary-transcription-of-icann-reveal-table,complete-string-applicant-graph-plus-approved-string-changes,1788
2012,2012-1768,,.wilmar,.wilmar,Wilmar International Limited,No,,requested,published-application,,,,,no,,no,,,,,,https://www.thedomains.com/2012/06/13/here-are-all-1930-applications-for-new-gtlds/,secondary-transcription-of-icann-reveal-table,complete-string-applicant-graph-plus-approved-string-changes,1789
2012,2012-1769,,.win,.win,First Registry Limited,No,,requested,published-application,,,,,no,,no,,,,,,https://www.thedomains.com/2012/06/13/here-are-all-1930-applications-for-new-gtlds/,secondary-transcription-of-icann-reveal-table,complete-string-applicant-graph-plus-approved-string-changes,1790
2012,2012-1770,,.windows,.windows,Microsoft Corporation,No,,requested,published-application,,,,,no,,no,,,,,,https://www.thedomains.com/2012/06/13/here-are-all-1930-applications-for-new-gtlds/,secondary-transcription-of-icann-reveal-table,complete-string-applicant-graph-plus-approved-string-changes,1791
2012,2012-1771,,.wine,.wine,Afilias Limited,No,,requested,published-application,,,,,yes,2012-exact-wine,yes,winevin,,,,,https://www.thedomains.com/2012/06/13/here-are-all-1930-applications-for-new-gtlds/,secondary-transcription-of-icann-reveal-table,complete-string-applicant-graph-plus-approved-string-changes,1792
2012,2012-1772,,.wine,.wine,dot Wine Limited,No,,requested,published-application,,,,,yes,2012-exact-wine,yes,winevin,,,,,https://www.thedomains.com/2012/06/13/here-are-all-1930-applications-for-new-gtlds/,secondary-transcription-of-icann-reveal-table,complete-string-applicant-graph-plus-approved-string-changes,1793
2012,2012-1773,,.wine,.wine,"June Station, LLC",No,,requested,published-application,,,,,yes,2012-exact-wine,yes,winevin,,,,,https://www.thedomains.com/2012/06/13/here-are-all-1930-applications-for-new-gtlds/,secondary-transcription-of-icann-reveal-table,complete-string-applicant-graph-plus-approved-string-changes,1794
2012,2012-1774,,.winners,.winners,"The TJX Companies, Inc.",No,,requested,published-application,,,,,no,,no,,,,,,https://www.thedomains.com/2012/06/13/here-are-all-1930-applications-for-new-gtlds/,secondary-transcription-of-icann-reveal-table,complete-string-applicant-graph-plus-approved-string-changes,1795
2012,2012-1775,,.wme,.wme,"William Morris Endeavor Entertainment, LLC",No,,requested,published-application,,,,,no,,no,,,,,,https://www.thedomains.com/2012/06/13/here-are-all-1930-applications-for-new-gtlds/,secondary-transcription-of-icann-reveal-table,complete-string-applicant-graph-plus-approved-string-changes,1796
2012,2012-1776,,.wolterskluwer,.wolterskluwer,Wolters Kluwer N.V.,No,,requested,published-application,,,,,no,,no,,,,,,https://www.thedomains.com/2012/06/13/here-are-all-1930-applications-for-new-gtlds/,secondary-transcription-of-icann-reveal-table,complete-string-applicant-graph-plus-approved-string-changes,1797
2012,2012-1777,,.woodside,.woodside,Woodside Petroleum Limited,No,,requested,published-application,,,,,no,,no,,,,,,https://www.thedomains.com/2012/06/13/here-are-all-1930-applications-for-new-gtlds/,secondary-transcription-of-icann-reveal-table,complete-string-applicant-graph-plus-approved-string-changes,1798
2012,2012-1778,,.work,.work,Top Level Domain Holdings Limited,No,,requested,published-application,,,,,no,,no,,,,,,https://www.thedomains.com/2012/06/13/here-are-all-1930-applications-for-new-gtlds/,secondary-transcription-of-icann-reveal-table,complete-string-applicant-graph-plus-approved-string-changes,1799
2012,2012-1779,,.works,.works,"Little Dynamite, LLC",No,,requested,published-application,,,,,no,,no,,,,,,https://www.thedomains.com/2012/06/13/here-are-all-1930-applications-for-new-gtlds/,secondary-transcription-of-icann-reveal-table,complete-string-applicant-graph-plus-approved-string-changes,1800
2012,2012-1780,,.world,.world,DotWorld Inc.,No,,requested,published-application,,,,,yes,2012-exact-world,no,,,,,,https://www.thedomains.com/2012/06/13/here-are-all-1930-applications-for-new-gtlds/,secondary-transcription-of-icann-reveal-table,complete-string-applicant-graph-plus-approved-string-changes,1801
2012,2012-1781,,.world,.world,"Bitter Fields, LLC",No,,requested,published-application,,,,,yes,2012-exact-world,no,,,,,,https://www.thedomains.com/2012/06/13/here-are-all-1930-applications-for-new-gtlds/,secondary-transcription-of-icann-reveal-table,complete-string-applicant-graph-plus-approved-string-changes,1802
2012,2012-1782,,.wow,.wow,Charleston Road Registry Inc.,No,,requested,published-application,,,,,yes,2012-exact-wow,no,,,,,,https://www.thedomains.com/2012/06/13/here-are-all-1930-applications-for-new-gtlds/,secondary-transcription-of-icann-reveal-table,complete-string-applicant-graph-plus-approved-string-changes,1803
2012,2012-1783,,.wow,.wow,Amazon EU S.à r.l.,No,,requested,published-application,,,,,yes,2012-exact-wow,no,,,,,,https://www.thedomains.com/2012/06/13/here-are-all-1930-applications-for-new-gtlds/,secondary-transcription-of-icann-reveal-table,complete-string-applicant-graph-plus-approved-string-changes,1804
2012,2012-1784,,.wow,.wow,United TLD Holdco Ltd.,No,,requested,published-application,,,,,yes,2012-exact-wow,no,,,,,,https://www.thedomains.com/2012/06/13/here-are-all-1930-applications-for-new-gtlds/,secondary-transcription-of-icann-reveal-table,complete-string-applicant-graph-plus-approved-string-changes,1805
2012,2012-1785,,.wtc,.wtc,"World Trade Centers Association, Inc.",No,,requested,published-application,,,,,no,,no,,,,,,https://www.thedomains.com/2012/06/13/here-are-all-1930-applications-for-new-gtlds/,secondary-transcription-of-icann-reveal-table,complete-string-applicant-graph-plus-approved-string-changes,1806
2012,2012-1786,,.wtf,.wtf,"Hidden Way, LLC",No,,requested,published-application,,,,,no,,no,,,,,,https://www.thedomains.com/2012/06/13/here-are-all-1930-applications-for-new-gtlds/,secondary-transcription-of-icann-reveal-table,complete-string-applicant-graph-plus-approved-string-changes,1807
2012,2012-1787,,.xbox,.xbox,Microsoft Corporation,No,,requested,published-application,,,,,no,,no,,,,,,https://www.thedomains.com/2012/06/13/here-are-all-1930-applications-for-new-gtlds/,secondary-transcription-of-icann-reveal-table,complete-string-applicant-graph-plus-approved-string-changes,1808
2012,2012-1788,,.xerox,.xerox,Xerox DNHC LLC,No,,requested,published-application,,,,,no,,no,,,,,,https://www.thedomains.com/2012/06/13/here-are-all-1930-applications-for-new-gtlds/,secondary-transcription-of-icann-reveal-table,complete-string-applicant-graph-plus-approved-string-changes,1809
2012,2012-1789,,.xfinity,.xfinity,"Comcast IP Holdings I, LLC",No,,requested,published-application,,,,,no,,no,,,,,,https://www.thedomains.com/2012/06/13/here-are-all-1930-applications-for-new-gtlds/,secondary-transcription-of-icann-reveal-table,complete-string-applicant-graph-plus-approved-string-changes,1810
2012,2012-1790,,.xihuan,.xihuan,QIHOO 360 TECHNOLOGY CO. LTD.,No,,requested,published-application,,,,,no,,no,,,,,,https://www.thedomains.com/2012/06/13/here-are-all-1930-applications-for-new-gtlds/,secondary-transcription-of-icann-reveal-table,complete-string-applicant-graph-plus-approved-string-changes,1811
2012,2012-1791,,.xin,.xin,Elegant Leader Limited,No,,requested,published-application,,,,,no,,no,,,,,,https://www.thedomains.com/2012/06/13/here-are-all-1930-applications-for-new-gtlds/,secondary-transcription-of-icann-reveal-table,complete-string-applicant-graph-plus-approved-string-changes,1812
2012,2012-1792,,.xperia,.xperia,Sony Mobile Communications AB,No,,requested,published-application,,,,,no,,no,,,,,,https://www.thedomains.com/2012/06/13/here-are-all-1930-applications-for-new-gtlds/,secondary-transcription-of-icann-reveal-table,complete-string-applicant-graph-plus-approved-string-changes,1813
2012,2012-1793,,.xyz,.xyz,XYZ.COM LLC,No,,requested,published-application,,,,,no,,no,,,,,,https://www.thedomains.com/2012/06/13/here-are-all-1930-applications-for-new-gtlds/,secondary-transcription-of-icann-reveal-table,complete-string-applicant-graph-plus-approved-string-changes,1814
2012,2012-1794,,.yachts,.yachts,"DERYachts, LLC",No,,requested,published-application,,,,,no,,no,,,,,,https://www.thedomains.com/2012/06/13/here-are-all-1930-applications-for-new-gtlds/,secondary-transcription-of-icann-reveal-table,complete-string-applicant-graph-plus-approved-string-changes,1815
2012,2012-1795,,.yahoo,.yahoo,Yahoo! Domain Services Inc.,No,,requested,published-application,,,,,no,,no,,,,,,https://www.thedomains.com/2012/06/13/here-are-all-1930-applications-for-new-gtlds/,secondary-transcription-of-icann-reveal-table,complete-string-applicant-graph-plus-approved-string-changes,1816
2012,2012-1796,,.yamaxun,.yamaxun,Amazon EU S.à r.l.,No,,requested,published-application,,,,,no,,no,,,,,,https://www.thedomains.com/2012/06/13/here-are-all-1930-applications-for-new-gtlds/,secondary-transcription-of-icann-reveal-table,complete-string-applicant-graph-plus-approved-string-changes,1817
2012,2012-1797,,.yandex,.yandex,"YANDEX, LLC",No,,requested,published-application,,,,,no,,no,,,,,,https://www.thedomains.com/2012/06/13/here-are-all-1930-applications-for-new-gtlds/,secondary-transcription-of-icann-reveal-table,complete-string-applicant-graph-plus-approved-string-changes,1818
2012,2012-1798,,.yellowpages,.yellowpages,Telstra Corporation Limited,No,,requested,published-application,,,,,no,,no,,,,,,https://www.thedomains.com/2012/06/13/here-are-all-1930-applications-for-new-gtlds/,secondary-transcription-of-icann-reveal-table,complete-string-applicant-graph-plus-approved-string-changes,1819
2012,2012-1799,,.yodobashi,.yodobashi,"YODOBASHI CAMERA CO.,LTD.",No,,requested,published-application,,,,,no,,no,,,,,,https://www.thedomains.com/2012/06/13/here-are-all-1930-applications-for-new-gtlds/,secondary-transcription-of-icann-reveal-table,complete-string-applicant-graph-plus-approved-string-changes,1820
2012,2012-1800,,.yoga,.yoga,"Victor Falls, LLC",No,,requested,published-application,,,,,yes,2012-exact-yoga,no,,,,,,https://www.thedomains.com/2012/06/13/here-are-all-1930-applications-for-new-gtlds/,secondary-transcription-of-icann-reveal-table,complete-string-applicant-graph-plus-approved-string-changes,1821
2012,2012-1801,,.yoga,.yoga,Top Level Domain Holdings Limited,No,,requested,published-application,,,,,yes,2012-exact-yoga,no,,,,,,https://www.thedomains.com/2012/06/13/here-are-all-1930-applications-for-new-gtlds/,secondary-transcription-of-icann-reveal-table,complete-string-applicant-graph-plus-approved-string-changes,1822
2012,2012-1802,,.yoga,.yoga,"Uniregistry, Corp.",No,,requested,published-application,,,,,yes,2012-exact-yoga,no,,,,,,https://www.thedomains.com/2012/06/13/here-are-all-1930-applications-for-new-gtlds/,secondary-transcription-of-icann-reveal-table,complete-string-applicant-graph-plus-approved-string-changes,1823
2012,2012-1803,,.yokohama,.yokohama,"GMO Registry, Inc.",No,,requested,published-application,,,,,no,,no,,,,,,https://www.thedomains.com/2012/06/13/here-are-all-1930-applications-for-new-gtlds/,secondary-transcription-of-icann-reveal-table,complete-string-applicant-graph-plus-approved-string-changes,1824
2012,2012-1804,,.you,.you,Amazon EU S.à r.l.,No,,requested,published-application,,,,,yes,2012-exact-you,no,,,,,,https://www.thedomains.com/2012/06/13/here-are-all-1930-applications-for-new-gtlds/,secondary-transcription-of-icann-reveal-table,complete-string-applicant-graph-plus-approved-string-changes,1825
2012,2012-1805,,.you,.you,Charleston Road Registry Inc.,No,,requested,published-application,,,,,yes,2012-exact-you,no,,,,,,https://www.thedomains.com/2012/06/13/here-are-all-1930-applications-for-new-gtlds/,secondary-transcription-of-icann-reveal-table,complete-string-applicant-graph-plus-approved-string-changes,1826
2012,2012-1806,,.youtube,.youtube,Charleston Road Registry Inc.,No,,requested,published-application,,,,,no,,no,,,,,,https://www.thedomains.com/2012/06/13/here-are-all-1930-applications-for-new-gtlds/,secondary-transcription-of-icann-reveal-table,complete-string-applicant-graph-plus-approved-string-changes,1827
2012,2012-1807,,.yun,.yun,Amazon EU S.à r.l.,No,,requested,published-application,,,,,yes,2012-exact-yun,no,,,,,,https://www.thedomains.com/2012/06/13/here-are-all-1930-applications-for-new-gtlds/,secondary-transcription-of-icann-reveal-table,complete-string-applicant-graph-plus-approved-string-changes,1828
2012,2012-1808,,.yun,.yun,QIHOO 360 TECHNOLOGY CO. LTD.,No,,requested,published-application,,,,,yes,2012-exact-yun,no,,,,,,https://www.thedomains.com/2012/06/13/here-are-all-1930-applications-for-new-gtlds/,secondary-transcription-of-icann-reveal-table,complete-string-applicant-graph-plus-approved-string-changes,1829
2012,2012-1809,,.zappos,.zappos,Amazon EU S.à r.l.,No,,requested,published-application,,,,,no,,no,,,,,,https://www.thedomains.com/2012/06/13/here-are-all-1930-applications-for-new-gtlds/,secondary-transcription-of-icann-reveal-table,complete-string-applicant-graph-plus-approved-string-changes,1830
2012,2012-1810,,.zara,.zara,"Industria de Diseño Textil, S.A. (INDITEX, S.A.)",No,,requested,published-application,,,,,no,,no,,,,,,https://www.thedomains.com/2012/06/13/here-are-all-1930-applications-for-new-gtlds/,secondary-transcription-of-icann-reveal-table,complete-string-applicant-graph-plus-approved-string-changes,1831
2012,2012-1811,,.zero,.zero,Amazon EU S.à r.l.,No,,requested,published-application,,,,,no,,no,,,,,,https://www.thedomains.com/2012/06/13/here-are-all-1930-applications-for-new-gtlds/,secondary-transcription-of-icann-reveal-table,complete-string-applicant-graph-plus-approved-string-changes,1832
2012,2012-1812,,.zip,.zip,Charleston Road Registry Inc.,No,,requested,published-application,,,,,no,,no,,,,,,https://www.thedomains.com/2012/06/13/here-are-all-1930-applications-for-new-gtlds/,secondary-transcription-of-icann-reveal-table,complete-string-applicant-graph-plus-approved-string-changes,1833
2012,2012-1813,,.zippo,.zippo,Zadco Company,No,,requested,published-application,,,,,no,,no,,,,,,https://www.thedomains.com/2012/06/13/here-are-all-1930-applications-for-new-gtlds/,secondary-transcription-of-icann-reveal-table,complete-string-applicant-graph-plus-approved-string-changes,1834
2012,2012-1814,,.zone,.zone,"Outer Falls, LLC",No,,requested,published-application,,,,,no,,no,,,,,,https://www.thedomains.com/2012/06/13/here-are-all-1930-applications-for-new-gtlds/,secondary-transcription-of-icann-reveal-table,complete-string-applicant-graph-plus-approved-string-changes,1835
2012,2012-1815,,.zuerich,.zuerich,Kanton Zürich (Canton of Zurich),No,,requested,published-application,,,,,no,,no,,,,,,https://www.thedomains.com/2012/06/13/here-are-all-1930-applications-for-new-gtlds/,secondary-transcription-of-icann-reveal-table,complete-string-applicant-graph-plus-approved-string-changes,1836
2012,2012-1816,,.zulu,.zulu,Top Level Domain Holdings Limited,No,,requested,published-application,,,,,no,,no,,,,,,https://www.thedomains.com/2012/06/13/here-are-all-1930-applications-for-new-gtlds/,secondary-transcription-of-icann-reveal-table,complete-string-applicant-graph-plus-approved-string-changes,1837
2012,2012-1817,,.дети,.xn--d1acj3b,The Foundation for Network Initiatives “The Smart Internet”,Yes,xn--d1acj3b,requested,published-application,,,,,no,,no,,,,,,https://www.thedomains.com/2012/06/13/here-are-all-1930-applications-for-new-gtlds/,secondary-transcription-of-icann-reveal-table,complete-string-applicant-graph-plus-approved-string-changes,1838
2012,2012-1818,,.католик,.xn--80aqecdr1a,Pontificium Consilium de Comunicationibus Socialibus (PCCS) (Pontifical Council for Social Communication),Yes,xn--80aqecdr1a,requested,published-application,,,,,no,,no,,,,,,https://www.thedomains.com/2012/06/13/here-are-all-1930-applications-for-new-gtlds/,secondary-transcription-of-icann-reveal-table,complete-string-applicant-graph-plus-approved-string-changes,1839
2012,2012-1819,,.ком,.xn--j1aef,VeriSign Sarl,Yes,xn--j1aef,requested,published-application,,,,,no,,no,,,,,,https://www.thedomains.com/2012/06/13/here-are-all-1930-applications-for-new-gtlds/,secondary-transcription-of-icann-reveal-table,complete-string-applicant-graph-plus-approved-string-changes,1840
2012,2012-1820,,.москва,.xn--80adxhks,Foundation for Assistance for Internet Technologies and Infrastructure Development (FAITID),Yes,xn--80adxhks,requested,published-application,,,,,no,,no,,,,,,https://www.thedomains.com/2012/06/13/here-are-all-1930-applications-for-new-gtlds/,secondary-transcription-of-icann-reveal-table,complete-string-applicant-graph-plus-approved-string-changes,1841
2012,2012-1821,,.онлайн,.xn--80asehdb,CORE Association,Yes,xn--80asehdb,requested,published-application,,,,,no,,no,,,,,,https://www.thedomains.com/2012/06/13/here-are-all-1930-applications-for-new-gtlds/,secondary-transcription-of-icann-reveal-table,complete-string-applicant-graph-plus-approved-string-changes,1842
2012,2012-1822,,.орг,.xn--c1avg,Public Interest Registry,Yes,xn--c1avg,requested,published-application,,,,,no,,no,,,,,,https://www.thedomains.com/2012/06/13/here-are-all-1930-applications-for-new-gtlds/,secondary-transcription-of-icann-reveal-table,complete-string-applicant-graph-plus-approved-string-changes,1843
2012,2012-1823,,.рус,.xn--p1acf,Rusnames Limited,Yes,xn--p1acf,requested,published-application,,,,,no,,no,,,,,,https://www.thedomains.com/2012/06/13/here-are-all-1930-applications-for-new-gtlds/,secondary-transcription-of-icann-reveal-table,complete-string-applicant-graph-plus-approved-string-changes,1844
2012,2012-1824,,.сайт,.xn--80aswg,CORE Association,Yes,xn--80aswg,requested,published-application,,,,,no,,no,,,,,,https://www.thedomains.com/2012/06/13/here-are-all-1930-applications-for-new-gtlds/,secondary-transcription-of-icann-reveal-table,complete-string-applicant-graph-plus-approved-string-changes,1845
2012,2012-1825,1-1254-29622,.קוֹם,.xn--hdb9cza1b,VeriSign Sarl,Yes,xn--hdb9cza1b,requested,published-application,,,,,no,,no,,.קום,.xn--9dbq2a,approved Hebrew spelling correction,https://itp.cdn.icann.org/en/files/board-committee-meetings/briefing-materials/briefing-materials-4-18may13-en.pdf,https://www.thedomains.com/2012/06/13/here-are-all-1930-applications-for-new-gtlds/,secondary-transcription-of-icann-reveal-table,complete-string-applicant-graph-plus-approved-string-changes,1846
2012,2012-1826,,.ابوظبي,.xn--mgbca7dzdo,Abu Dhabi Systems and Information Centre,Yes,xn--mgbca7dzdo,requested,published-application,,,,,no,,no,,,,,,https://www.thedomains.com/2012/06/13/here-are-all-1930-applications-for-new-gtlds/,secondary-transcription-of-icann-reveal-table,complete-string-applicant-graph-plus-approved-string-changes,1847
2012,2012-1827,,.اتصالات,.xn--mgbaakc7dvf,Emirates Telecommunications Corporation (trading as Etisalat),Yes,xn--mgbaakc7dvf,requested,published-application,,,,,no,,no,,,,,,https://www.thedomains.com/2012/06/13/here-are-all-1930-applications-for-new-gtlds/,secondary-transcription-of-icann-reveal-table,complete-string-applicant-graph-plus-approved-string-changes,1848
2012,2012-1828,,.ارامكو,.xn--mgba3a3ejt,Aramco Services Company,Yes,xn--mgba3a3ejt,requested,published-application,,,,,no,,no,,,,,,https://www.thedomains.com/2012/06/13/here-are-all-1930-applications-for-new-gtlds/,secondary-transcription-of-icann-reveal-table,complete-string-applicant-graph-plus-approved-string-changes,1849
2012,2012-1829,,.العليان,.xn--mgba7c0bbn0a,Olayan Investments Company Establishment,Yes,xn--mgba7c0bbn0a,requested,published-application,,,,,no,,no,,,,,,https://www.thedomains.com/2012/06/13/here-are-all-1930-applications-for-new-gtlds/,secondary-transcription-of-icann-reveal-table,complete-string-applicant-graph-plus-approved-string-changes,1850
2012,2012-1830,,.بازار,.xn--mgbab2bd,CORE Association,Yes,xn--mgbab2bd,requested,published-application,,,,,no,,no,,,,,,https://www.thedomains.com/2012/06/13/here-are-all-1930-applications-for-new-gtlds/,secondary-transcription-of-icann-reveal-table,complete-string-applicant-graph-plus-approved-string-changes,1851
2012,2012-1831,,.بيتك,.xn--ngbe9e0a,Kuwait Finance House,Yes,xn--ngbe9e0a,requested,published-application,,,,,no,,no,,,,,,https://www.thedomains.com/2012/06/13/here-are-all-1930-applications-for-new-gtlds/,secondary-transcription-of-icann-reveal-table,complete-string-applicant-graph-plus-approved-string-changes,1852
2012,2012-1832,,.شبكة,.xn--ngbc5azd,International Domain Registry Pty. Ltd.,Yes,xn--ngbc5azd,requested,published-application,,,,,no,,no,,,,,,https://www.thedomains.com/2012/06/13/here-are-all-1930-applications-for-new-gtlds/,secondary-transcription-of-icann-reveal-table,complete-string-applicant-graph-plus-approved-string-changes,1853
2012,2012-1833,,.عرب,.xn--ngbrx,League of Arab States,Yes,xn--ngbrx,requested,published-application,,,,,no,,no,,,,,,https://www.thedomains.com/2012/06/13/here-are-all-1930-applications-for-new-gtlds/,secondary-transcription-of-icann-reveal-table,complete-string-applicant-graph-plus-approved-string-changes,1854
2012,2012-1834,,.كاثوليك,.xn--mgbi4ecexp,Pontificium Consilium de Comunicationibus Socialibus (PCCS) (Pontifical Council for Social Communication),Yes,xn--mgbi4ecexp,requested,published-application,,,,,no,,no,,,,,,https://www.thedomains.com/2012/06/13/here-are-all-1930-applications-for-new-gtlds/,secondary-transcription-of-icann-reveal-table,complete-string-applicant-graph-plus-approved-string-changes,1855
2012,2012-1835,,.كوم,.xn--fhbei,VeriSign Sarl,Yes,xn--fhbei,requested,published-application,,,,,no,,no,,,,,,https://www.thedomains.com/2012/06/13/here-are-all-1930-applications-for-new-gtlds/,secondary-transcription-of-icann-reveal-table,complete-string-applicant-graph-plus-approved-string-changes,1856
2012,2012-1836,,.كيوتل,.xn--pgb3ceoj,Qatar Telecom (Qtel),Yes,xn--pgb3ceoj,requested,published-application,,,,,no,,no,,,,,,https://www.thedomains.com/2012/06/13/here-are-all-1930-applications-for-new-gtlds/,secondary-transcription-of-icann-reveal-table,complete-string-applicant-graph-plus-approved-string-changes,1857
2012,2012-1837,,.موبايلي,.xn--mgbb9fbpob,GreenTech Consultancy Company W.L.L.,Yes,xn--mgbb9fbpob,requested,published-application,,,,,no,,no,,,,,,https://www.thedomains.com/2012/06/13/here-are-all-1930-applications-for-new-gtlds/,secondary-transcription-of-icann-reveal-table,complete-string-applicant-graph-plus-approved-string-changes,1858
2012,2012-1838,,.موزايك,.xn--mgbv6cfpo,Qatar Telecom (Qtel),Yes,xn--mgbv6cfpo,requested,published-application,,,,,no,,no,,,,,,https://www.thedomains.com/2012/06/13/here-are-all-1930-applications-for-new-gtlds/,secondary-transcription-of-icann-reveal-table,complete-string-applicant-graph-plus-approved-string-changes,1859
2012,2012-1839,,.موقع,.xn--4gbrim,Suhub Electronic Establishment,Yes,xn--4gbrim,requested,published-application,,,,,no,,no,,,,,,https://www.thedomains.com/2012/06/13/here-are-all-1930-applications-for-new-gtlds/,secondary-transcription-of-icann-reveal-table,complete-string-applicant-graph-plus-approved-string-changes,1860
2012,2012-1840,,.همراه,.xn--mgbt3dhd,Asia Green IT System Bilgisayar San. ve Tic. Ltd. Sti.,Yes,xn--mgbt3dhd,requested,published-application,,,,,no,,no,,,,,,https://www.thedomains.com/2012/06/13/here-are-all-1930-applications-for-new-gtlds/,secondary-transcription-of-icann-reveal-table,complete-string-applicant-graph-plus-approved-string-changes,1861
2012,2012-1841,,.कॉम,.xn--11b4c3d,VeriSign Sarl,Yes,xn--11b4c3d,requested,published-application,,,,,no,,no,,,,,,https://www.thedomains.com/2012/06/13/here-are-all-1930-applications-for-new-gtlds/,secondary-transcription-of-icann-reveal-table,complete-string-applicant-graph-plus-approved-string-changes,1862
2012,2012-1842,,.नेट,.xn--c2br7g,VeriSign Sarl,Yes,xn--c2br7g,requested,published-application,,,,,no,,no,,,,,,https://www.thedomains.com/2012/06/13/here-are-all-1930-applications-for-new-gtlds/,secondary-transcription-of-icann-reveal-table,complete-string-applicant-graph-plus-approved-string-changes,1863
2012,2012-1843,,.संगठन,.xn--i1b6b1a6a2e,Public Interest Registry,Yes,xn--i1b6b1a6a2e,requested,published-application,,,,,no,,no,,,,,,https://www.thedomains.com/2012/06/13/here-are-all-1930-applications-for-new-gtlds/,secondary-transcription-of-icann-reveal-table,complete-string-applicant-graph-plus-approved-string-changes,1864
2012,2012-1844,,.คอม,.xn--42c2d9a,VeriSign Sarl,Yes,xn--42c2d9a,requested,published-application,,,,,no,,no,,,,,,https://www.thedomains.com/2012/06/13/here-are-all-1930-applications-for-new-gtlds/,secondary-transcription-of-icann-reveal-table,complete-string-applicant-graph-plus-approved-string-changes,1865
2012,2012-1845,,.みんな,.xn--q9jyb4c,Charleston Road Registry Inc.,Yes,xn--q9jyb4c,requested,published-application,,,,,no,,no,,,,,,https://www.thedomains.com/2012/06/13/here-are-all-1930-applications-for-new-gtlds/,secondary-transcription-of-icann-reveal-table,complete-string-applicant-graph-plus-approved-string-changes,1866
2012,2012-1846,,.アマゾン,.xn--cckwcxetd,Amazon EU S.à r.l.,Yes,xn--cckwcxetd,requested,published-application,,,,,no,,yes,amazon,,,,,https://www.thedomains.com/2012/06/13/here-are-all-1930-applications-for-new-gtlds/,secondary-transcription-of-icann-reveal-table,complete-string-applicant-graph-plus-approved-string-changes,1867
2012,2012-1847,,.クラウド,.xn--gckr3f0f,Amazon EU S.à r.l.,Yes,xn--gckr3f0f,requested,published-application,,,,,no,,no,,,,,,https://www.thedomains.com/2012/06/13/here-are-all-1930-applications-for-new-gtlds/,secondary-transcription-of-icann-reveal-table,complete-string-applicant-graph-plus-approved-string-changes,1868
2012,2012-1848,,.グーグル,.xn--qcka1pmc,Charleston Road Registry Inc.,Yes,xn--qcka1pmc,requested,published-application,,,,,no,,no,,,,,,https://www.thedomains.com/2012/06/13/here-are-all-1930-applications-for-new-gtlds/,secondary-transcription-of-icann-reveal-table,complete-string-applicant-graph-plus-approved-string-changes,1869
2012,2012-1849,,.コム,.xn--tckwe,VeriSign Sarl,Yes,xn--tckwe,requested,published-application,,,,,no,,no,,,,,,https://www.thedomains.com/2012/06/13/here-are-all-1930-applications-for-new-gtlds/,secondary-transcription-of-icann-reveal-table,complete-string-applicant-graph-plus-approved-string-changes,1870
2012,2012-1850,,.ストア,.xn--cck2b3b,Amazon EU S.à r.l.,Yes,xn--cck2b3b,requested,published-application,,,,,no,,no,,,,,,https://www.thedomains.com/2012/06/13/here-are-all-1930-applications-for-new-gtlds/,secondary-transcription-of-icann-reveal-table,complete-string-applicant-graph-plus-approved-string-changes,1871
2012,2012-1851,,.セール,.xn--1ck2e1b,Amazon EU S.à r.l.,Yes,xn--1ck2e1b,requested,published-application,,,,,no,,no,,,,,,https://www.thedomains.com/2012/06/13/here-are-all-1930-applications-for-new-gtlds/,secondary-transcription-of-icann-reveal-table,complete-string-applicant-graph-plus-approved-string-changes,1872
2012,2012-1852,,.ファッション,.xn--bck1b9a5dre4c,Amazon EU S.à r.l.,Yes,xn--bck1b9a5dre4c,requested,published-application,,,,,no,,no,,,,,,https://www.thedomains.com/2012/06/13/here-are-all-1930-applications-for-new-gtlds/,secondary-transcription-of-icann-reveal-table,complete-string-applicant-graph-plus-approved-string-changes,1873
2012,2012-1853,,.ポイント,.xn--eckvdtc9d,Amazon EU S.à r.l.,Yes,xn--eckvdtc9d,requested,published-application,,,,,no,,no,,,,,,https://www.thedomains.com/2012/06/13/here-are-all-1930-applications-for-new-gtlds/,secondary-transcription-of-icann-reveal-table,complete-string-applicant-graph-plus-approved-string-changes,1874
2012,2012-1854,,.一号店,.xn--4gq48lf9j,"Wal-Mart Stores, Inc.",Yes,xn--4gq48lf9j,requested,published-application,,,,,no,,no,,,,,,https://www.thedomains.com/2012/06/13/here-are-all-1930-applications-for-new-gtlds/,secondary-transcription-of-icann-reveal-table,complete-string-applicant-graph-plus-approved-string-changes,1875
2012,2012-1855,,.世界,.xn--rhqv96g,Stable Tone Limited,Yes,xn--rhqv96g,requested,published-application,,,,,no,,no,,,,,,https://www.thedomains.com/2012/06/13/here-are-all-1930-applications-for-new-gtlds/,secondary-transcription-of-icann-reveal-table,complete-string-applicant-graph-plus-approved-string-changes,1876
2012,2012-1856,,.中信,.xn--fiq64b,CITIC Group Corporation,Yes,xn--fiq64b,requested,published-application,,,,,no,,no,,,,,,https://www.thedomains.com/2012/06/13/here-are-all-1930-applications-for-new-gtlds/,secondary-transcription-of-icann-reveal-table,complete-string-applicant-graph-plus-approved-string-changes,1877
2012,2012-1857,,.中文网,.xn--fiq228c5hs,TLD REGISTRY LIMITED,Yes,xn--fiq228c5hs,requested,published-application,,,,,no,,no,,,,,,https://www.thedomains.com/2012/06/13/here-are-all-1930-applications-for-new-gtlds/,secondary-transcription-of-icann-reveal-table,complete-string-applicant-graph-plus-approved-string-changes,1878
2012,2012-1858,,.亚马逊,.xn--jlq480n2rg,Amazon EU S.à r.l.,Yes,xn--jlq480n2rg,requested,published-application,,,,,no,,yes,amazon,,,,,https://www.thedomains.com/2012/06/13/here-are-all-1930-applications-for-new-gtlds/,secondary-transcription-of-icann-reveal-table,complete-string-applicant-graph-plus-approved-string-changes,1879
2012,2012-1859,,.企业,.xn--vhquv,"Dash McCook, LLC",Yes,xn--vhquv,requested,published-application,,,,,no,,no,,,,,,https://www.thedomains.com/2012/06/13/here-are-all-1930-applications-for-new-gtlds/,secondary-transcription-of-icann-reveal-table,complete-string-applicant-graph-plus-approved-string-changes,1880
2012,2012-1860,,.佛山,.xn--1qqw23a,"Guangzhou YU Wei Information Technology Co., Ltd.",Yes,xn--1qqw23a,requested,published-application,,,,,no,,no,,,,,,https://www.thedomains.com/2012/06/13/here-are-all-1930-applications-for-new-gtlds/,secondary-transcription-of-icann-reveal-table,complete-string-applicant-graph-plus-approved-string-changes,1881
2012,2012-1861,,.信息,.xn--vuq861b,Afilias Limited,Yes,xn--vuq861b,requested,published-application,,,,,yes,2012-exact-xn--vuq861b,no,,,,,,https://www.thedomains.com/2012/06/13/here-are-all-1930-applications-for-new-gtlds/,secondary-transcription-of-icann-reveal-table,complete-string-applicant-graph-plus-approved-string-changes,1882
2012,2012-1862,,.信息,.xn--vuq861b,"Beijing Tele-info Network Technology Co., Ltd.",Yes,xn--vuq861b,requested,published-application,,,,,yes,2012-exact-xn--vuq861b,no,,,,,,https://www.thedomains.com/2012/06/13/here-are-all-1930-applications-for-new-gtlds/,secondary-transcription-of-icann-reveal-table,complete-string-applicant-graph-plus-approved-string-changes,1883
2012,2012-1863,,.健康,.xn--nyqy26a,Stable Tone Limited,Yes,xn--nyqy26a,requested,published-application,,,,,no,,no,,,,,,https://www.thedomains.com/2012/06/13/here-are-all-1930-applications-for-new-gtlds/,secondary-transcription-of-icann-reveal-table,complete-string-applicant-graph-plus-approved-string-changes,1884
2012,2012-1864,,.八卦,.xn--45q11c,Zodiac Scorpio Limited,Yes,xn--45q11c,requested,published-application,,,,,no,,no,,,,,,https://www.thedomains.com/2012/06/13/here-are-all-1930-applications-for-new-gtlds/,secondary-transcription-of-icann-reveal-table,complete-string-applicant-graph-plus-approved-string-changes,1885
2012,2012-1865,,.公司,.xn--55qx5d,Computer Network Information Center of Chinese Academy of Sciences （China Internet Network Information Center）,Yes,xn--55qx5d,requested,published-application,,,,,no,,no,,,,,,https://www.thedomains.com/2012/06/13/here-are-all-1930-applications-for-new-gtlds/,secondary-transcription-of-icann-reveal-table,complete-string-applicant-graph-plus-approved-string-changes,1886
2012,2012-1866,,.公益,.xn--55qw42g,China Organizational Name Administration Center,Yes,xn--55qw42g,requested,published-application,,,,,no,,no,,,,,,https://www.thedomains.com/2012/06/13/here-are-all-1930-applications-for-new-gtlds/,secondary-transcription-of-icann-reveal-table,complete-string-applicant-graph-plus-approved-string-changes,1887
2012,2012-1867,,.商城,.xn--czru2d,Zodiac Capricorn Limited,Yes,xn--czru2d,requested,published-application,,,,,no,,no,,,,,,https://www.thedomains.com/2012/06/13/here-are-all-1930-applications-for-new-gtlds/,secondary-transcription-of-icann-reveal-table,complete-string-applicant-graph-plus-approved-string-changes,1888
2012,2012-1868,,.商店,.xn--czrs0t,"Wild Island, LLC",Yes,xn--czrs0t,requested,published-application,,,,,no,,no,,,,,,https://www.thedomains.com/2012/06/13/here-are-all-1930-applications-for-new-gtlds/,secondary-transcription-of-icann-reveal-table,complete-string-applicant-graph-plus-approved-string-changes,1889
2012,2012-1869,,.商标,.xn--czr694b,HU YI GLOBAL INFORMATION RESOURCES(HOLDING) COMPANY.HONGKONG LIMITED,Yes,xn--czr694b,requested,published-application,,,,,no,,no,,,,,,https://www.thedomains.com/2012/06/13/here-are-all-1930-applications-for-new-gtlds/,secondary-transcription-of-icann-reveal-table,complete-string-applicant-graph-plus-approved-string-changes,1890
2012,2012-1870,,.嘉里,.xn--w4rs40l,Kerry Trading Co. Limited,Yes,xn--w4rs40l,requested,published-application,,,,,no,,no,,,,,,https://www.thedomains.com/2012/06/13/here-are-all-1930-applications-for-new-gtlds/,secondary-transcription-of-icann-reveal-table,complete-string-applicant-graph-plus-approved-string-changes,1891
2012,2012-1871,,.嘉里大酒店,.xn--w4r85el8fhu5dnra,Kerry Trading Co. Limited,Yes,xn--w4r85el8fhu5dnra,requested,published-application,,,,,no,,no,,,,,,https://www.thedomains.com/2012/06/13/here-are-all-1930-applications-for-new-gtlds/,secondary-transcription-of-icann-reveal-table,complete-string-applicant-graph-plus-approved-string-changes,1892
2012,2012-1872,,.在线,.xn--3ds443g,TLD REGISTRY LIMITED,Yes,xn--3ds443g,requested,published-application,,,,,no,,no,,,,,,https://www.thedomains.com/2012/06/13/here-are-all-1930-applications-for-new-gtlds/,secondary-transcription-of-icann-reveal-table,complete-string-applicant-graph-plus-approved-string-changes,1893
2012,2012-1873,,.大众汽车,.xn--3oq18vl8pn36a,"Volkswagen (China) Investment Co., Ltd.",Yes,xn--3oq18vl8pn36a,requested,published-application,,,,,no,,no,,,,,,https://www.thedomains.com/2012/06/13/here-are-all-1930-applications-for-new-gtlds/,secondary-transcription-of-icann-reveal-table,complete-string-applicant-graph-plus-approved-string-changes,1894
2012,2012-1874,,.大拿,.xn--pssy2u,VeriSign Sarl,Yes,xn--pssy2u,requested,published-application,,,,,no,,no,,,,,,https://www.thedomains.com/2012/06/13/here-are-all-1930-applications-for-new-gtlds/,secondary-transcription-of-icann-reveal-table,complete-string-applicant-graph-plus-approved-string-changes,1895
2012,2012-1875,,.天主教,.xn--tiq49xqyj,Pontificium Consilium de Comunicationibus Socialibus (PCCS) (Pontifical Council for Social Communication),Yes,xn--tiq49xqyj,requested,published-application,,,,,no,,no,,,,,,https://www.thedomains.com/2012/06/13/here-are-all-1930-applications-for-new-gtlds/,secondary-transcription-of-icann-reveal-table,complete-string-applicant-graph-plus-approved-string-changes,1896
2012,2012-1876,,.娱乐,.xn--fjq720a,Morden Media Limited,Yes,xn--fjq720a,requested,published-application,,,,,yes,2012-exact-xn--fjq720a,no,,,,,,https://www.thedomains.com/2012/06/13/here-are-all-1930-applications-for-new-gtlds/,secondary-transcription-of-icann-reveal-table,complete-string-applicant-graph-plus-approved-string-changes,1897
2012,2012-1877,,.娱乐,.xn--fjq720a,"Will Bloom, LLC",Yes,xn--fjq720a,requested,published-application,,,,,yes,2012-exact-xn--fjq720a,no,,,,,,https://www.thedomains.com/2012/06/13/here-are-all-1930-applications-for-new-gtlds/,secondary-transcription-of-icann-reveal-table,complete-string-applicant-graph-plus-approved-string-changes,1898
2012,2012-1878,,.家電,.xn--fct429k,Amazon EU S.à r.l.,Yes,xn--fct429k,requested,published-application,,,,,no,,no,,,,,,https://www.thedomains.com/2012/06/13/here-are-all-1930-applications-for-new-gtlds/,secondary-transcription-of-icann-reveal-table,complete-string-applicant-graph-plus-approved-string-changes,1899
2012,2012-1879,,.工行,.xn--estv75g,Industrial and Commercial Bank of China Limited,Yes,xn--estv75g,requested,published-application,,,,,no,,no,,,,,,https://www.thedomains.com/2012/06/13/here-are-all-1930-applications-for-new-gtlds/,secondary-transcription-of-icann-reveal-table,complete-string-applicant-graph-plus-approved-string-changes,1900
2012,2012-1880,,.广东,.xn--xhq521b,Xinhua News Agency Guangdong Branch 新华通讯社广东分社,Yes,xn--xhq521b,requested,published-application,,,,,yes,2012-exact-xn--xhq521b,no,,,,,,https://www.thedomains.com/2012/06/13/here-are-all-1930-applications-for-new-gtlds/,secondary-transcription-of-icann-reveal-table,complete-string-applicant-graph-plus-approved-string-changes,1901
2012,2012-1881,,.广东,.xn--xhq521b,"Guangzhou YU Wei Information Technology Co., Ltd.",Yes,xn--xhq521b,requested,published-application,,,,,yes,2012-exact-xn--xhq521b,no,,,,,,https://www.thedomains.com/2012/06/13/here-are-all-1930-applications-for-new-gtlds/,secondary-transcription-of-icann-reveal-table,complete-string-applicant-graph-plus-approved-string-changes,1902
2012,2012-1882,,.广州,.xn--6rtwn,"Guangzhou YU Wei Information Technology Co., Ltd.",Yes,xn--6rtwn,requested,published-application,,,,,no,,no,,,,,,https://www.thedomains.com/2012/06/13/here-are-all-1930-applications-for-new-gtlds/,secondary-transcription-of-icann-reveal-table,complete-string-applicant-graph-plus-approved-string-changes,1903
2012,2012-1883,,.微博,.xn--9krt00a,Sina Corporation,Yes,xn--9krt00a,requested,published-application,,,,,yes,2012-exact-xn--9krt00a,no,,,,,,https://www.thedomains.com/2012/06/13/here-are-all-1930-applications-for-new-gtlds/,secondary-transcription-of-icann-reveal-table,complete-string-applicant-graph-plus-approved-string-changes,1904
2012,2012-1884,,.微博,.xn--9krt00a,Tencent Holdings Limited,Yes,xn--9krt00a,requested,published-application,,,,,yes,2012-exact-xn--9krt00a,no,,,,,,https://www.thedomains.com/2012/06/13/here-are-all-1930-applications-for-new-gtlds/,secondary-transcription-of-icann-reveal-table,complete-string-applicant-graph-plus-approved-string-changes,1905
2012,2012-1885,,.慈善,.xn--30rr7y,Excellent First Limited,Yes,xn--30rr7y,requested,published-application,,,,,no,,no,,,,,,https://www.thedomains.com/2012/06/13/here-are-all-1930-applications-for-new-gtlds/,secondary-transcription-of-icann-reveal-table,complete-string-applicant-graph-plus-approved-string-changes,1906
2012,2012-1886,,.我爱你,.xn--6qq986b3xl,Tycoon Treasure Limited,Yes,xn--6qq986b3xl,requested,published-application,,,,,no,,no,,,,,,https://www.thedomains.com/2012/06/13/here-are-all-1930-applications-for-new-gtlds/,secondary-transcription-of-icann-reveal-table,complete-string-applicant-graph-plus-approved-string-changes,1907
2012,2012-1887,,.手机,.xn--kput3i,"Beijing RITT-Net Technology Development Co., Ltd",Yes,xn--kput3i,requested,published-application,,,,,no,,no,,,,,,https://www.thedomains.com/2012/06/13/here-are-all-1930-applications-for-new-gtlds/,secondary-transcription-of-icann-reveal-table,complete-string-applicant-graph-plus-approved-string-changes,1908
2012,2012-1888,,.手表,.xn--kpu716f,Richemont DNS Inc.,Yes,xn--kpu716f,requested,published-application,,,,,no,,no,,,,,,https://www.thedomains.com/2012/06/13/here-are-all-1930-applications-for-new-gtlds/,secondary-transcription-of-icann-reveal-table,complete-string-applicant-graph-plus-approved-string-changes,1909
2012,2012-1889,,.招聘,.xn--otu796d,HU YI GLOBAL INFORMATION RESOURCES (HOLDING) COMPANY. HONGKONG LIMITED,Yes,xn--otu796d,requested,published-application,,,,,no,,no,,,,,,https://www.thedomains.com/2012/06/13/here-are-all-1930-applications-for-new-gtlds/,secondary-transcription-of-icann-reveal-table,complete-string-applicant-graph-plus-approved-string-changes,1910
2012,2012-1890,,.政务,.xn--zfr164b,China Organizational Name Administration Center,Yes,xn--zfr164b,requested,published-application,,,,,no,,no,,,,,,https://www.thedomains.com/2012/06/13/here-are-all-1930-applications-for-new-gtlds/,secondary-transcription-of-icann-reveal-table,complete-string-applicant-graph-plus-approved-string-changes,1911
2012,2012-1891,,.政府,.xn--mxtq1m,"Net-Chinese Co., Ltd.",Yes,xn--mxtq1m,requested,published-application,,,,,no,,no,,,,,,https://www.thedomains.com/2012/06/13/here-are-all-1930-applications-for-new-gtlds/,secondary-transcription-of-icann-reveal-table,complete-string-applicant-graph-plus-approved-string-changes,1912
2012,2012-1892,,.新闻,.xn--efvy88h,Xinhua News Agency Guangdong Branch 新华通讯社广东分社,Yes,xn--efvy88h,requested,published-application,,,,,no,,no,,,,,,https://www.thedomains.com/2012/06/13/here-are-all-1930-applications-for-new-gtlds/,secondary-transcription-of-icann-reveal-table,complete-string-applicant-graph-plus-approved-string-changes,1913
2012,2012-1893,,.时尚,.xn--9et52u,RISE VICTORY LIMITED,Yes,xn--9et52u,requested,published-application,,,,,no,,no,,,,,,https://www.thedomains.com/2012/06/13/here-are-all-1930-applications-for-new-gtlds/,secondary-transcription-of-icann-reveal-table,complete-string-applicant-graph-plus-approved-string-changes,1914
2012,2012-1894,,.普利司通,.xn--kcrx7bb75ajk3b,Bridgestone Corporation,Yes,xn--kcrx7bb75ajk3b,requested,published-application,,,,,no,,no,,,,,,https://www.thedomains.com/2012/06/13/here-are-all-1930-applications-for-new-gtlds/,secondary-transcription-of-icann-reveal-table,complete-string-applicant-graph-plus-approved-string-changes,1915
2012,2012-1895,,.書籍,.xn--rovu88b,Amazon EU S.à r.l.,Yes,xn--rovu88b,requested,published-application,,,,,no,,no,,,,,,https://www.thedomains.com/2012/06/13/here-are-all-1930-applications-for-new-gtlds/,secondary-transcription-of-icann-reveal-table,complete-string-applicant-graph-plus-approved-string-changes,1916
2012,2012-1896,,.机构,.xn--nqv7f,Public Interest Registry,Yes,xn--nqv7f,requested,published-application,,,,,no,,no,,,,,,https://www.thedomains.com/2012/06/13/here-are-all-1930-applications-for-new-gtlds/,secondary-transcription-of-icann-reveal-table,complete-string-applicant-graph-plus-approved-string-changes,1917
2012,2012-1897,1-910-25137,.机构体制,.xn--tqq33ed31aqia,Public Interest Registry,Yes,xn--tqq33ed31aqia,requested,published-application,,,,,no,,no,,.组织机构,.xn--nqv7fs00ema,approved IDN transliteration/form correction for ORG,https://itp.cdn.icann.org/en/files/board-committee-meetings/briefing-materials/briefing-materials-4-18may13-en.pdf,https://www.thedomains.com/2012/06/13/here-are-all-1930-applications-for-new-gtlds/,secondary-transcription-of-icann-reveal-table,complete-string-applicant-graph-plus-approved-string-changes,1918
2012,2012-1898,,.欧莱雅,.xn--dkwm73cwpn,L’Oréal,Yes,xn--dkwm73cwpn,requested,published-application,,,,,no,,no,,,,,,https://www.thedomains.com/2012/06/13/here-are-all-1930-applications-for-new-gtlds/,secondary-transcription-of-icann-reveal-table,complete-string-applicant-graph-plus-approved-string-changes,1919
2012,2012-1899,,.淡马锡,.xn--b4w605ferd,Temasek Holdings (Private) Limtied,Yes,xn--b4w605ferd,requested,published-application,,,,,no,,no,,,,,,https://www.thedomains.com/2012/06/13/here-are-all-1930-applications-for-new-gtlds/,secondary-transcription-of-icann-reveal-table,complete-string-applicant-graph-plus-approved-string-changes,1920
2012,2012-1900,,.深圳,.xn--fes124c,"Guangzhou YU Wei Information Technology Co., Ltd.",Yes,xn--fes124c,requested,published-application,,,,,no,,no,,,,,,https://www.thedomains.com/2012/06/13/here-are-all-1930-applications-for-new-gtlds/,secondary-transcription-of-icann-reveal-table,complete-string-applicant-graph-plus-approved-string-changes,1921
2012,2012-1901,,.游戏,.xn--unup4y,"Spring Fields, LLC",Yes,xn--unup4y,requested,published-application,,,,,no,,no,,,,,,https://www.thedomains.com/2012/06/13/here-are-all-1930-applications-for-new-gtlds/,secondary-transcription-of-icann-reveal-table,complete-string-applicant-graph-plus-approved-string-changes,1922
2012,2012-1902,,.点看,.xn--3pxu8k,VeriSign Sarl,Yes,xn--3pxu8k,requested,published-application,,,,,no,,no,,,,,,https://www.thedomains.com/2012/06/13/here-are-all-1930-applications-for-new-gtlds/,secondary-transcription-of-icann-reveal-table,complete-string-applicant-graph-plus-approved-string-changes,1923
2012,2012-1903,,.珠宝,.xn--pbt977c,Richemont DNS Inc.,Yes,xn--pbt977c,requested,published-application,,,,,no,,no,,,,,,https://www.thedomains.com/2012/06/13/here-are-all-1930-applications-for-new-gtlds/,secondary-transcription-of-icann-reveal-table,complete-string-applicant-graph-plus-approved-string-changes,1924
2012,2012-1904,,.盛貿飯店,.xn--hxt035cmppuel,Shangri‐La International Hotel Management Limited,Yes,xn--hxt035cmppuel,requested,published-application,,,,,no,,no,,,,,,https://www.thedomains.com/2012/06/13/here-are-all-1930-applications-for-new-gtlds/,secondary-transcription-of-icann-reveal-table,complete-string-applicant-graph-plus-approved-string-changes,1925
2012,2012-1905,,.盛贸饭店,.xn--hxt035czzpffl,Shangri‐La International Hotel Management Limited,Yes,xn--hxt035czzpffl,requested,published-application,,,,,no,,no,,,,,,https://www.thedomains.com/2012/06/13/here-are-all-1930-applications-for-new-gtlds/,secondary-transcription-of-icann-reveal-table,complete-string-applicant-graph-plus-approved-string-changes,1926
2012,2012-1906,,.移动,.xn--6frz82g,Afilias Limited,Yes,xn--6frz82g,requested,published-application,,,,,no,,no,,,,,,https://www.thedomains.com/2012/06/13/here-are-all-1930-applications-for-new-gtlds/,secondary-transcription-of-icann-reveal-table,complete-string-applicant-graph-plus-approved-string-changes,1927
2012,2012-1907,,.网址,.xn--ses554g,HU YI GLOBAL INFORMATION RESOURCES (HOLDING) COMPANY. HONGKONG LIMITED,Yes,xn--ses554g,requested,published-application,,,,,yes,2012-exact-xn--ses554g,no,,,,,,https://www.thedomains.com/2012/06/13/here-are-all-1930-applications-for-new-gtlds/,secondary-transcription-of-icann-reveal-table,complete-string-applicant-graph-plus-approved-string-changes,1928
2012,2012-1908,,.网址,.xn--ses554g,Top Level Domain Holdings Limited,Yes,xn--ses554g,requested,published-application,,,,,yes,2012-exact-xn--ses554g,no,,,,,,https://www.thedomains.com/2012/06/13/here-are-all-1930-applications-for-new-gtlds/,secondary-transcription-of-icann-reveal-table,complete-string-applicant-graph-plus-approved-string-changes,1929
2012,2012-1909,,.网店,.xn--hxt814e,Global eCommerce TLD Asia Limited,Yes,xn--hxt814e,requested,published-application,,,,,yes,2012-exact-xn--hxt814e,no,,,,,,https://www.thedomains.com/2012/06/13/here-are-all-1930-applications-for-new-gtlds/,secondary-transcription-of-icann-reveal-table,complete-string-applicant-graph-plus-approved-string-changes,1930
2012,2012-1910,,.网店,.xn--hxt814e,Zodiac Libra Limited,Yes,xn--hxt814e,requested,published-application,,,,,yes,2012-exact-xn--hxt814e,no,,,,,,https://www.thedomains.com/2012/06/13/here-are-all-1930-applications-for-new-gtlds/,secondary-transcription-of-icann-reveal-table,complete-string-applicant-graph-plus-approved-string-changes,1931
2012,2012-1911,,.网站,.xn--5tzm5g,RISE VICTORY LIMITED,Yes,xn--5tzm5g,requested,published-application,,,,,yes,2012-exact-xn--5tzm5g,no,,,,,,https://www.thedomains.com/2012/06/13/here-are-all-1930-applications-for-new-gtlds/,secondary-transcription-of-icann-reveal-table,complete-string-applicant-graph-plus-approved-string-changes,1932
2012,2012-1912,,.网站,.xn--5tzm5g,Global Website TLD Asia Limited,Yes,xn--5tzm5g,requested,published-application,,,,,yes,2012-exact-xn--5tzm5g,no,,,,,,https://www.thedomains.com/2012/06/13/here-are-all-1930-applications-for-new-gtlds/,secondary-transcription-of-icann-reveal-table,complete-string-applicant-graph-plus-approved-string-changes,1933
2012,2012-1913,,.网络,.xn--io0a7i,Computer Network Information Center of Chinese Academy of Sciences （China Internet Network Information Center）,Yes,xn--io0a7i,requested,published-application,,,,,no,,no,,,,,,https://www.thedomains.com/2012/06/13/here-are-all-1930-applications-for-new-gtlds/,secondary-transcription-of-icann-reveal-table,complete-string-applicant-graph-plus-approved-string-changes,1934
2012,2012-1914,,.联通,.xn--8y0a063a,China United Network Communications Corporation Limited,Yes,xn--8y0a063a,requested,published-application,,,,,no,,no,,,,,,https://www.thedomains.com/2012/06/13/here-are-all-1930-applications-for-new-gtlds/,secondary-transcription-of-icann-reveal-table,complete-string-applicant-graph-plus-approved-string-changes,1935
2012,2012-1915,,.诺基亚,.xn--jlq61u9w7b,Nokia Corporation,Yes,xn--jlq61u9w7b,requested,published-application,,,,,no,,no,,,,,,https://www.thedomains.com/2012/06/13/here-are-all-1930-applications-for-new-gtlds/,secondary-transcription-of-icann-reveal-table,complete-string-applicant-graph-plus-approved-string-changes,1936
2012,2012-1916,,.谷歌,.xn--flw351e,Charleston Road Registry Inc.,Yes,xn--flw351e,requested,published-application,,,,,no,,no,,,,,,https://www.thedomains.com/2012/06/13/here-are-all-1930-applications-for-new-gtlds/,secondary-transcription-of-icann-reveal-table,complete-string-applicant-graph-plus-approved-string-changes,1937
2012,2012-1917,,.购物,.xn--g2xx48c,Top Level Domain Holdings Limited,Yes,xn--g2xx48c,requested,published-application,,,,,no,,no,,,,,,https://www.thedomains.com/2012/06/13/here-are-all-1930-applications-for-new-gtlds/,secondary-transcription-of-icann-reveal-table,complete-string-applicant-graph-plus-approved-string-changes,1938
2012,2012-1918,,.通用电气公司,.xn--55qx5d8y0buji4b870u,GE GTLD Holdings LLC,Yes,xn--55qx5d8y0buji4b870u,requested,published-application,,,,,no,,no,,,,,,https://www.thedomains.com/2012/06/13/here-are-all-1930-applications-for-new-gtlds/,secondary-transcription-of-icann-reveal-table,complete-string-applicant-graph-plus-approved-string-changes,1939
2012,2012-1919,,.通販,.xn--gk3at1e,Amazon EU S.à r.l.,Yes,xn--gk3at1e,requested,published-application,,,,,no,,no,,,,,,https://www.thedomains.com/2012/06/13/here-are-all-1930-applications-for-new-gtlds/,secondary-transcription-of-icann-reveal-table,complete-string-applicant-graph-plus-approved-string-changes,1940
2012,2012-1920,,.集团,.xn--3bst00m,Eagle Horizon Limited,Yes,xn--3bst00m,requested,published-application,,,,,no,,no,,,,,,https://www.thedomains.com/2012/06/13/here-are-all-1930-applications-for-new-gtlds/,secondary-transcription-of-icann-reveal-table,complete-string-applicant-graph-plus-approved-string-changes,1941
2012,2012-1921,,.電訊盈科,.xn--fzys8d69uvgm,PCCW Enterprises Limited,Yes,xn--fzys8d69uvgm,requested,published-application,,,,,no,,no,,,,,,https://www.thedomains.com/2012/06/13/here-are-all-1930-applications-for-new-gtlds/,secondary-transcription-of-icann-reveal-table,complete-string-applicant-graph-plus-approved-string-changes,1942
2012,2012-1922,,.飞利浦,.xn--kcrx77d1x4a,Koninklijke Philips Electronics N.V.,Yes,xn--kcrx77d1x4a,requested,published-application,,,,,no,,no,,,,,,https://www.thedomains.com/2012/06/13/here-are-all-1930-applications-for-new-gtlds/,secondary-transcription-of-icann-reveal-table,complete-string-applicant-graph-plus-approved-string-changes,1943
2012,2012-1923,,.食品,.xn--jvr189m,Amazon EU S.à r.l.,Yes,xn--jvr189m,requested,published-application,,,,,no,,no,,,,,,https://www.thedomains.com/2012/06/13/here-are-all-1930-applications-for-new-gtlds/,secondary-transcription-of-icann-reveal-table,complete-string-applicant-graph-plus-approved-string-changes,1944
2012,2012-1924,,.餐厅,.xn--imr513n,HU YI GLOBAL INFORMATION RESOURCES (HOLDING) COMPANY. HONGKONG LIMITED,Yes,xn--imr513n,requested,published-application,,,,,no,,no,,,,,,https://www.thedomains.com/2012/06/13/here-are-all-1930-applications-for-new-gtlds/,secondary-transcription-of-icann-reveal-table,complete-string-applicant-graph-plus-approved-string-changes,1945
2012,2012-1925,,.香格里拉,.xn--5su34j936bgsg,Shangri‐La International Hotel Management Limited,Yes,xn--5su34j936bgsg,requested,published-application,,,,,no,,no,,,,,,https://www.thedomains.com/2012/06/13/here-are-all-1930-applications-for-new-gtlds/,secondary-transcription-of-icann-reveal-table,complete-string-applicant-graph-plus-approved-string-changes,1946
2012,2012-1926,,.香港電訊,.xn--j6w470d71issc,PCCW-HKT DataCom Services Limited,Yes,xn--j6w470d71issc,requested,published-application,,,,,no,,no,,,,,,https://www.thedomains.com/2012/06/13/here-are-all-1930-applications-for-new-gtlds/,secondary-transcription-of-icann-reveal-table,complete-string-applicant-graph-plus-approved-string-changes,1947
2012,2012-1927,,.點看,.xn--c1yn36f,VeriSign Sarl,Yes,xn--c1yn36f,requested,published-application,,,,,no,,no,,,,,,https://www.thedomains.com/2012/06/13/here-are-all-1930-applications-for-new-gtlds/,secondary-transcription-of-icann-reveal-table,complete-string-applicant-graph-plus-approved-string-changes,1948
2012,2012-1928,,.닷넷,.xn--t60b56a,VeriSign Sarl,Yes,xn--t60b56a,requested,published-application,,,,,no,,no,,,,,,https://www.thedomains.com/2012/06/13/here-are-all-1930-applications-for-new-gtlds/,secondary-transcription-of-icann-reveal-table,complete-string-applicant-graph-plus-approved-string-changes,1949
2012,2012-1929,,.닷컴,.xn--mk1bu44c,VeriSign Sarl,Yes,xn--mk1bu44c,requested,published-application,,,,,no,,no,,,,,,https://www.thedomains.com/2012/06/13/here-are-all-1930-applications-for-new-gtlds/,secondary-transcription-of-icann-reveal-table,complete-string-applicant-graph-plus-approved-string-changes,1950
2012,2012-1930,,.삼성,.xn--cg4bki,"SAMSUNG SDS CO., LTD",Yes,xn--cg4bki,requested,published-application,,,,,no,,no,,,,,,https://www.thedomains.com/2012/06/13/here-are-all-1930-applications-for-new-gtlds/,secondary-transcription-of-icann-reveal-table,complete-string-applicant-graph-plus-approved-string-changes,1951
