string,round,status,type,entity,group,geography,themes,contention_count,strange,city,placeholder,provenance,sources,current_root_status,current_as_of,formal_type,editorial_designation,origin_round,historical_rounds,registry_entity,registry_country,technical_contact_organization,technical_contact_country,represented_place,application_entity,registration_date,contention_year,origin_round_sources,ascii_string,record_level,root_listed
.aaa,,delegated,generic,"American Automobile Association, Inc.",,,,,no,no,no,,https://www.iana.org/domains/root/db/aaa.html | https://data.iana.org/TLD/tlds-alpha-by-domain.txt,delegated,2026-10-04,generic,,,,"American Automobile Association, Inc.",,,,,,,,,.aaa,basic,yes
.aarp,,delegated,generic,AARP,,,,,no,no,no,,https://www.iana.org/domains/root/db/aarp.html | https://data.iana.org/TLD/tlds-alpha-by-domain.txt,delegated,2026-10-04,generic,,,,AARP,,,,,,,,,.aarp,basic,yes
.abb,,delegated,generic,ABB Ltd,,,,,no,no,no,,https://www.iana.org/domains/root/db/abb.html | https://data.iana.org/TLD/tlds-alpha-by-domain.txt,delegated,2026-10-04,generic,,,,ABB Ltd,,,,,,,,,.abb,basic,yes
.abbott,,delegated,generic,"Abbott Laboratories, Inc.",,,,,no,no,no,,https://www.iana.org/domains/root/db/abbott.html | https://data.iana.org/TLD/tlds-alpha-by-domain.txt,delegated,2026-10-04,generic,,,,"Abbott Laboratories, Inc.",,,,,,,,,.abbott,basic,yes
.abbvie,,delegated,generic,AbbVie Inc.,,,,,no,no,no,,https://www.iana.org/domains/root/db/abbvie.html | https://data.iana.org/TLD/tlds-alpha-by-domain.txt,delegated,2026-10-04,generic,,,,AbbVie Inc.,,,,,,,,,.abbvie,basic,yes
.abc,,delegated,generic,"Disney Enterprises, Inc.",,,,,no,no,no,,https://www.iana.org/domains/root/db/abc.html | https://data.iana.org/TLD/tlds-alpha-by-domain.txt,delegated,2026-10-04,generic,,,,"Disney Enterprises, Inc.",,,,,,,,,.abc,basic,yes
.able,,delegated,generic,Able Inc.,,,,,no,no,no,,https://www.iana.org/domains/root/db/able.html | https://data.iana.org/TLD/tlds-alpha-by-domain.txt,delegated,2026-10-04,generic,,,,Able Inc.,,,,,,,,,.able,basic,yes
.abogado,,delegated,generic,"Registry Services, LLC",,,,,no,no,no,,https://www.iana.org/domains/root/db/abogado.html | https://data.iana.org/TLD/tlds-alpha-by-domain.txt,delegated,2026-10-04,generic,,,,"Registry Services, LLC",,,,,,,,,.abogado,basic,yes
.abudhabi,,delegated,generic,Abu Dhabi Systems and Information Centre,,,,,no,no,no,,https://www.iana.org/domains/root/db/abudhabi.html | https://data.iana.org/TLD/tlds-alpha-by-domain.txt,delegated,2026-10-04,generic,,,,Abu Dhabi Systems and Information Centre,,,,,,,,,.abudhabi,basic,yes
.ac,,delegated,country-code,Internet Computer Bureau Limited,,,,,no,no,no,,https://www.iana.org/domains/root/db/ac.html | https://data.iana.org/TLD/tlds-alpha-by-domain.txt,delegated,2026-10-04,country-code,,,,Internet Computer Bureau Limited,,,,,,,,,.ac,basic,yes
.academy,,delegated,generic,"Binky Moon, LLC",,,,,no,no,no,,https://www.iana.org/domains/root/db/academy.html | https://data.iana.org/TLD/tlds-alpha-by-domain.txt,delegated,2026-10-04,generic,,,,"Binky Moon, LLC",,,,,,,,,.academy,basic,yes
.accenture,,delegated,generic,Accenture plc,,,,,no,no,no,,https://www.iana.org/domains/root/db/accenture.html | https://data.iana.org/TLD/tlds-alpha-by-domain.txt,delegated,2026-10-04,generic,,,,Accenture plc,,,,,,,,,.accenture,basic,yes
.accountant,,delegated,generic,dot Accountant Limited,,,,,no,no,no,,https://www.iana.org/domains/root/db/accountant.html | https://data.iana.org/TLD/tlds-alpha-by-domain.txt,delegated,2026-10-04,generic,,,,dot Accountant Limited,,,,,,,,,.accountant,basic,yes
.accountants,,delegated,generic,"Binky Moon, LLC",,,,,no,no,no,,https://www.iana.org/domains/root/db/accountants.html | https://data.iana.org/TLD/tlds-alpha-by-domain.txt,delegated,2026-10-04,generic,,,,"Binky Moon, LLC",,,,,,,,,.accountants,basic,yes
.aco,,delegated,generic,ACO Severin Ahlmann GmbH & Co. KG,,,,,no,no,no,,https://www.iana.org/domains/root/db/aco.html | https://data.iana.org/TLD/tlds-alpha-by-domain.txt,delegated,2026-10-04,generic,,,,ACO Severin Ahlmann GmbH & Co. KG,,,,,,,,,.aco,basic,yes
.actor,,delegated,generic,"Dog Beach, LLC",,,,,no,no,no,,https://www.iana.org/domains/root/db/actor.html | https://data.iana.org/TLD/tlds-alpha-by-domain.txt,delegated,2026-10-04,generic,,,,"Dog Beach, LLC",,,,,,,,,.actor,basic,yes
.ad,,delegated,country-code,Andorra Telecom,,,,,no,no,no,,https://www.iana.org/domains/root/db/ad.html | https://data.iana.org/TLD/tlds-alpha-by-domain.txt,delegated,2026-10-04,country-code,,,,Andorra Telecom,,,,,,,,,.ad,basic,yes
.ads,,delegated,generic,Charleston Road Registry Inc.,,,,,no,no,no,,https://www.iana.org/domains/root/db/ads.html | https://data.iana.org/TLD/tlds-alpha-by-domain.txt,delegated,2026-10-04,generic,,,,Charleston Road Registry Inc.,,,,,,,,,.ads,basic,yes
.adult,,delegated,generic,ICM Registry AD LLC,,,,,no,no,no,,https://www.iana.org/domains/root/db/adult.html | https://data.iana.org/TLD/tlds-alpha-by-domain.txt,delegated,2026-10-04,generic,,,,ICM Registry AD LLC,,,,,,,,,.adult,basic,yes
.ae,,delegated,country-code,Telecommunications and Digital Government Regulatory Authority (TDRA),,,,,no,no,no,,https://www.iana.org/domains/root/db/ae.html | https://data.iana.org/TLD/tlds-alpha-by-domain.txt,delegated,2026-10-04,country-code,,,,Telecommunications and Digital Government Regulatory Authority (TDRA),,,,,,,,,.ae,basic,yes
.aeg,,delegated,generic,Aktiebolaget Electrolux,,,,,no,no,no,,https://www.iana.org/domains/root/db/aeg.html | https://data.iana.org/TLD/tlds-alpha-by-domain.txt,delegated,2026-10-04,generic,,,,Aktiebolaget Electrolux,,,,,,,,,.aeg,basic,yes
.aero,,delegated,sponsored,Societe Internationale de Telecommunications Aeronautique (SITA INC USA),,,,,no,no,no,,https://www.iana.org/domains/root/db/aero.html | https://data.iana.org/TLD/tlds-alpha-by-domain.txt,delegated,2026-10-04,sponsored,,,,Societe Internationale de Telecommunications Aeronautique (SITA INC USA),,,,,,,,,.aero,basic,yes
.aetna,,delegated,generic,Aetna Life Insurance Company,,,,,no,no,no,,https://www.iana.org/domains/root/db/aetna.html | https://data.iana.org/TLD/tlds-alpha-by-domain.txt,delegated,2026-10-04,generic,,,,Aetna Life Insurance Company,,,,,,,,,.aetna,basic,yes
.af,,delegated,country-code,Ministry of Communications and IT,,,,,no,no,no,,https://www.iana.org/domains/root/db/af.html | https://data.iana.org/TLD/tlds-alpha-by-domain.txt,delegated,2026-10-04,country-code,,,,Ministry of Communications and IT,,,,,,,,,.af,basic,yes
.afl,,delegated,generic,Australian Football League,,,,,no,no,no,,https://www.iana.org/domains/root/db/afl.html | https://data.iana.org/TLD/tlds-alpha-by-domain.txt,delegated,2026-10-04,generic,,,,Australian Football League,,,,,,,,,.afl,basic,yes
.africa,,delegated,generic,ZA Central Registry NPC trading as Registry.Africa,,,,,no,no,no,,https://www.iana.org/domains/root/db/africa.html | https://data.iana.org/TLD/tlds-alpha-by-domain.txt,delegated,2026-10-04,generic,,,,ZA Central Registry NPC trading as Registry.Africa,,,,,,,,,.africa,basic,yes
.ag,,delegated,country-code,UHSA School of Medicine,,,,,no,no,no,,https://www.iana.org/domains/root/db/ag.html | https://data.iana.org/TLD/tlds-alpha-by-domain.txt,delegated,2026-10-04,country-code,,,,UHSA School of Medicine,,,,,,,,,.ag,basic,yes
.agakhan,,delegated,generic,Fondation Aga Khan (Aga Khan Foundation),,,,,no,no,no,,https://www.iana.org/domains/root/db/agakhan.html | https://data.iana.org/TLD/tlds-alpha-by-domain.txt,delegated,2026-10-04,generic,,,,Fondation Aga Khan (Aga Khan Foundation),,,,,,,,,.agakhan,basic,yes
.agency,,delegated,generic,"Binky Moon, LLC",,,,,no,no,no,,https://www.iana.org/domains/root/db/agency.html | https://data.iana.org/TLD/tlds-alpha-by-domain.txt,delegated,2026-10-04,generic,,,,"Binky Moon, LLC",,,,,,,,,.agency,basic,yes
.ai,legacy,delegated,country-code,Government of Anguilla,,Anguilla,technology | semanticDrift,,yes,no,no,,https://www.iana.org/domains/root/db/ai.html | https://data.iana.org/TLD/tlds-alpha-by-domain.txt | https://registry.ai/,delegated,2026-10-04,country-code,,legacy,legacy,Government of Anguilla,Anguilla,Government of Anguilla,Anguilla,Anguilla,,1995-02-16,,,.ai,curated,yes
.aig,,delegated,generic,"American International Group, Inc.",,,,,no,no,no,,https://www.iana.org/domains/root/db/aig.html | https://data.iana.org/TLD/tlds-alpha-by-domain.txt,delegated,2026-10-04,generic,,,,"American International Group, Inc.",,,,,,,,,.aig,basic,yes
.airbus,,delegated,generic,Airbus S.A.S.,,,,,no,no,no,,https://www.iana.org/domains/root/db/airbus.html | https://data.iana.org/TLD/tlds-alpha-by-domain.txt,delegated,2026-10-04,generic,,,,Airbus S.A.S.,,,,,,,,,.airbus,basic,yes
.airforce,,delegated,generic,"Dog Beach, LLC",,,,,no,no,no,,https://www.iana.org/domains/root/db/airforce.html | https://data.iana.org/TLD/tlds-alpha-by-domain.txt,delegated,2026-10-04,generic,,,,"Dog Beach, LLC",,,,,,,,,.airforce,basic,yes
.airtel,,delegated,generic,Bharti Airtel Limited,,,,,no,no,no,,https://www.iana.org/domains/root/db/airtel.html | https://data.iana.org/TLD/tlds-alpha-by-domain.txt,delegated,2026-10-04,generic,,,,Bharti Airtel Limited,,,,,,,,,.airtel,basic,yes
.akdn,,delegated,generic,Fondation Aga Khan (Aga Khan Foundation),,,,,no,no,no,,https://www.iana.org/domains/root/db/akdn.html | https://data.iana.org/TLD/tlds-alpha-by-domain.txt,delegated,2026-10-04,generic,,,,Fondation Aga Khan (Aga Khan Foundation),,,,,,,,,.akdn,basic,yes
.al,,delegated,country-code,Electronic and Postal Communications Authority - AKEP,,,,,no,no,no,,https://www.iana.org/domains/root/db/al.html | https://data.iana.org/TLD/tlds-alpha-by-domain.txt,delegated,2026-10-04,country-code,,,,Electronic and Postal Communications Authority - AKEP,,,,,,,,,.al,basic,yes
.alibaba,,delegated,generic,Alibaba Group Holding Limited,,,,,no,no,no,,https://www.iana.org/domains/root/db/alibaba.html | https://data.iana.org/TLD/tlds-alpha-by-domain.txt,delegated,2026-10-04,generic,,,,Alibaba Group Holding Limited,,,,,,,,,.alibaba,basic,yes
.alipay,,delegated,generic,Alibaba Group Holding Limited,,,,,no,no,no,,https://www.iana.org/domains/root/db/alipay.html | https://data.iana.org/TLD/tlds-alpha-by-domain.txt,delegated,2026-10-04,generic,,,,Alibaba Group Holding Limited,,,,,,,,,.alipay,basic,yes
.allfinanz,,delegated,generic,Allfinanz Deutsche Vermögensberatung Aktiengesellschaft,,,,,no,no,no,,https://www.iana.org/domains/root/db/allfinanz.html | https://data.iana.org/TLD/tlds-alpha-by-domain.txt,delegated,2026-10-04,generic,,,,Allfinanz Deutsche Vermögensberatung Aktiengesellschaft,,,,,,,,,.allfinanz,basic,yes
.allstate,,delegated,generic,Allstate Fire and Casualty Insurance Company,,,,,no,no,no,,https://www.iana.org/domains/root/db/allstate.html | https://data.iana.org/TLD/tlds-alpha-by-domain.txt,delegated,2026-10-04,generic,,,,Allstate Fire and Casualty Insurance Company,,,,,,,,,.allstate,basic,yes
.ally,,delegated,generic,Ally Financial Inc.,,,,,no,no,no,,https://www.iana.org/domains/root/db/ally.html | https://data.iana.org/TLD/tlds-alpha-by-domain.txt,delegated,2026-10-04,generic,,,,Ally Financial Inc.,,,,,,,,,.ally,basic,yes
.alsace,,delegated,generic,REGION GRAND EST,,,,,no,no,no,,https://www.iana.org/domains/root/db/alsace.html | https://data.iana.org/TLD/tlds-alpha-by-domain.txt,delegated,2026-10-04,generic,,,,REGION GRAND EST,,,,,,,,,.alsace,basic,yes
.alstom,,delegated,generic,ALSTOM,,,,,no,no,no,,https://www.iana.org/domains/root/db/alstom.html | https://data.iana.org/TLD/tlds-alpha-by-domain.txt,delegated,2026-10-04,generic,,,,ALSTOM,,,,,,,,,.alstom,basic,yes
.am,,delegated,country-code,"""Internet Society"" Non-governmental Organization",,,,,no,no,no,,https://www.iana.org/domains/root/db/am.html | https://data.iana.org/TLD/tlds-alpha-by-domain.txt,delegated,2026-10-04,country-code,,,,"""Internet Society"" Non-governmental Organization",,,,,,,,,.am,basic,yes
.amazon,,delegated,generic,"Amazon Registry Services, Inc.",,,,,no,no,no,,https://www.iana.org/domains/root/db/amazon.html | https://data.iana.org/TLD/tlds-alpha-by-domain.txt,delegated,2026-10-04,generic,,,,"Amazon Registry Services, Inc.",,,,,,,,,.amazon,basic,yes
.americanexpress,,delegated,generic,"American Express Travel Related Services Company, Inc.",,,,,no,no,no,,https://www.iana.org/domains/root/db/americanexpress.html | https://data.iana.org/TLD/tlds-alpha-by-domain.txt,delegated,2026-10-04,generic,,,,"American Express Travel Related Services Company, Inc.",,,,,,,,,.americanexpress,basic,yes
.americanfamily,,delegated,generic,"AmFam, Inc.",,,,,no,no,no,,https://www.iana.org/domains/root/db/americanfamily.html | https://data.iana.org/TLD/tlds-alpha-by-domain.txt,delegated,2026-10-04,generic,,,,"AmFam, Inc.",,,,,,,,,.americanfamily,basic,yes
.amex,,delegated,generic,"American Express Travel Related Services Company, Inc.",,,,,no,no,no,,https://www.iana.org/domains/root/db/amex.html | https://data.iana.org/TLD/tlds-alpha-by-domain.txt,delegated,2026-10-04,generic,,,,"American Express Travel Related Services Company, Inc.",,,,,,,,,.amex,basic,yes
.amfam,,delegated,generic,"AmFam, Inc.",,,,,no,no,no,,https://www.iana.org/domains/root/db/amfam.html | https://data.iana.org/TLD/tlds-alpha-by-domain.txt,delegated,2026-10-04,generic,,,,"AmFam, Inc.",,,,,,,,,.amfam,basic,yes
.amica,,delegated,generic,Amica Mutual Insurance Company,,,,,no,no,no,,https://www.iana.org/domains/root/db/amica.html | https://data.iana.org/TLD/tlds-alpha-by-domain.txt,delegated,2026-10-04,generic,,,,Amica Mutual Insurance Company,,,,,,,,,.amica,basic,yes
.amsterdam,2012,delegated,generic,Gemeente Amsterdam,,Amsterdam,city,,no,yes,no,,https://www.iana.org/domains/root/db/amsterdam.html | https://data.iana.org/TLD/tlds-alpha-by-domain.txt | https://www.iana.org/domains/root/db,delegated,2026-10-04,generic,geographic,2012,2012,Gemeente Amsterdam,Netherlands (the),SIDN (Stichting Internet Domeinregistratie Nederland),Netherlands (the),Amsterdam,,2014-11-20,,,.amsterdam,curated,yes
.an,legacy,retired,country-code,,,Netherlands Antilles,geopolitics | history,,yes,no,no,,https://www.iana.org/domains/root/db/an.html | https://www.iana.org/reports/2011/cw-report-20111003.html,retired,2026-10-04,country-code,,,legacy,,,,,Netherlands Antilles,,1993-09-09,,,.an,curated,no
.analytics,,delegated,generic,Campus IP LLC,,,,,no,no,no,,https://www.iana.org/domains/root/db/analytics.html | https://data.iana.org/TLD/tlds-alpha-by-domain.txt,delegated,2026-10-04,generic,,,,Campus IP LLC,,,,,,,,,.analytics,basic,yes
.android,,delegated,generic,Charleston Road Registry Inc.,,,,,no,no,no,,https://www.iana.org/domains/root/db/android.html | https://data.iana.org/TLD/tlds-alpha-by-domain.txt,delegated,2026-10-04,generic,,,,Charleston Road Registry Inc.,,,,,,,,,.android,basic,yes
.anquan,,delegated,generic,"Beijing Qihu Keji Co., Ltd.",,,,,no,no,no,,https://www.iana.org/domains/root/db/anquan.html | https://data.iana.org/TLD/tlds-alpha-by-domain.txt,delegated,2026-10-04,generic,,,,"Beijing Qihu Keji Co., Ltd.",,,,,,,,,.anquan,basic,yes
.anz,,delegated,generic,Australia and New Zealand Banking Group Limited,,,,,no,no,no,,https://www.iana.org/domains/root/db/anz.html | https://data.iana.org/TLD/tlds-alpha-by-domain.txt,delegated,2026-10-04,generic,,,,Australia and New Zealand Banking Group Limited,,,,,,,,,.anz,basic,yes
.ao,,delegated,country-code,Ministry of Telecommunications and Information Technologies (MTTI),,,,,no,no,no,,https://www.iana.org/domains/root/db/ao.html | https://data.iana.org/TLD/tlds-alpha-by-domain.txt,delegated,2026-10-04,country-code,,,,Ministry of Telecommunications and Information Technologies (MTTI),,,,,,,,,.ao,basic,yes
.aol,,delegated,generic,AOL Media LLC,,,,,no,no,no,,https://www.iana.org/domains/root/db/aol.html | https://data.iana.org/TLD/tlds-alpha-by-domain.txt,delegated,2026-10-04,generic,,,,AOL Media LLC,,,,,,,,,.aol,basic,yes
.apartments,,delegated,generic,"Binky Moon, LLC",,,,,no,no,no,,https://www.iana.org/domains/root/db/apartments.html | https://data.iana.org/TLD/tlds-alpha-by-domain.txt,delegated,2026-10-04,generic,,,,"Binky Moon, LLC",,,,,,,,,.apartments,basic,yes
.app,2012,delegated,generic,Charleston Road Registry Inc.,,,,13,no,no,no,,https://www.iana.org/domains/root/db/app.html | https://data.iana.org/TLD/tlds-alpha-by-domain.txt | https://newgtlds.icann.org/en/program-status/statistics,delegated,2026-10-04,generic,,2012,2012,Charleston Road Registry Inc.,United States of America (the),Google Inc,United States of America (the),,,2015-06-25,2012,,.app,curated,yes
.apple,,delegated,generic,Apple Inc.,,,,,no,no,no,,https://www.iana.org/domains/root/db/apple.html | https://data.iana.org/TLD/tlds-alpha-by-domain.txt,delegated,2026-10-04,generic,,,,Apple Inc.,,,,,,,,,.apple,basic,yes
.aq,legacy,delegated,country-code,Antarctica Network Information Centre Limited,,Antarctica,territory,,yes,no,no,,https://www.iana.org/domains/root/db/aq.html | https://data.iana.org/TLD/tlds-alpha-by-domain.txt,delegated,2026-10-04,country-code,,legacy,legacy,Antarctica Network Information Centre Limited,New Zealand,InternetNZ,New Zealand,Antarctica,,1992-02-26,,,.aq,curated,yes
.aquarelle,,delegated,generic,Aquarelle.com,,,,,no,no,no,,https://www.iana.org/domains/root/db/aquarelle.html | https://data.iana.org/TLD/tlds-alpha-by-domain.txt,delegated,2026-10-04,generic,,,,Aquarelle.com,,,,,,,,,.aquarelle,basic,yes
.ar,,delegated,country-code,"Presidencia de la Nación , Secretaría Legal y Técnica",,,,,no,no,no,,https://www.iana.org/domains/root/db/ar.html | https://data.iana.org/TLD/tlds-alpha-by-domain.txt,delegated,2026-10-04,country-code,,,,"Presidencia de la Nación , Secretaría Legal y Técnica",,,,,,,,,.ar,basic,yes
.arab,,delegated,generic,League of Arab States,,,,,no,no,no,,https://www.iana.org/domains/root/db/arab.html | https://data.iana.org/TLD/tlds-alpha-by-domain.txt,delegated,2026-10-04,generic,,,,League of Arab States,,,,,,,,,.arab,basic,yes
.aramco,,delegated,generic,Aramco Services Company,,,,,no,no,no,,https://www.iana.org/domains/root/db/aramco.html | https://data.iana.org/TLD/tlds-alpha-by-domain.txt,delegated,2026-10-04,generic,,,,Aramco Services Company,,,,,,,,,.aramco,basic,yes
.archi,,delegated,generic,Identity Digital Limited,,,,,no,no,no,,https://www.iana.org/domains/root/db/archi.html | https://data.iana.org/TLD/tlds-alpha-by-domain.txt,delegated,2026-10-04,generic,,,,Identity Digital Limited,,,,,,,,,.archi,basic,yes
.army,,delegated,generic,"Dog Beach, LLC",,,,,no,no,no,,https://www.iana.org/domains/root/db/army.html | https://data.iana.org/TLD/tlds-alpha-by-domain.txt,delegated,2026-10-04,generic,,,,"Dog Beach, LLC",,,,,,,,,.army,basic,yes
.arpa,legacy,delegated,infrastructure,Internet Architecture Board (IAB),,United States,infrastructure | trust,,no,no,no,,https://www.iana.org/domains/root/db/arpa.html | https://data.iana.org/TLD/tlds-alpha-by-domain.txt | https://www.iana.org/domains/root/db,delegated,2026-10-04,infrastructure,,legacy,legacy,Internet Architecture Board (IAB),United States of America (the),Internet Corporation for Assigned Names and Numbers (ICANN),United States of America (the),United States,,1985-01-01,,,.arpa,curated,yes
.art,2012,delegated,generic,UK Creative Ideas Limited,,,,10,no,no,no,,https://www.iana.org/domains/root/db/art.html | https://data.iana.org/TLD/tlds-alpha-by-domain.txt | https://newgtlds.icann.org/en/program-status/statistics,delegated,2026-10-04,generic,,2012,2012,UK Creative Ideas Limited,United Kingdom of Great Britain and Northern Ireland (the),CentralNic,United Kingdom of Great Britain and Northern Ireland (the),,,2016-06-09,2012,,.art,curated,yes
.arte,,delegated,generic,Association Relative à la Télévision Européenne G.E.I.E.,,,,,no,no,no,,https://www.iana.org/domains/root/db/arte.html | https://data.iana.org/TLD/tlds-alpha-by-domain.txt,delegated,2026-10-04,generic,,,,Association Relative à la Télévision Européenne G.E.I.E.,,,,,,,,,.arte,basic,yes
.as,,delegated,country-code,AS Domain Registry,,,,,no,no,no,,https://www.iana.org/domains/root/db/as.html | https://data.iana.org/TLD/tlds-alpha-by-domain.txt,delegated,2026-10-04,country-code,,,,AS Domain Registry,,,,,,,,,.as,basic,yes
.asda,,delegated,generic,Asda Stores Limited,,,,,no,no,no,,https://www.iana.org/domains/root/db/asda.html | https://data.iana.org/TLD/tlds-alpha-by-domain.txt,delegated,2026-10-04,generic,,,,Asda Stores Limited,,,,,,,,,.asda,basic,yes
.asia,2004,delegated,sponsored,DotAsia Organisation Ltd.,,"Hong Kong, China",,,no,no,no,,https://www.iana.org/domains/root/db/asia.html | https://data.iana.org/TLD/tlds-alpha-by-domain.txt | https://www.icann.org/en/announcements/details/icann-progress-in-process-for-introducing-new-sponsored-top-level-domains-19-3-2004-en,delegated,2026-10-04,sponsored,,2004,2004,DotAsia Organisation Ltd.,Hong Kong,Identity Digital Limited c/o Identity Digital Inc.,United States of America (the),"Hong Kong, China",,2007-05-02,,,.asia,curated,yes
.associates,,delegated,generic,"Binky Moon, LLC",,,,,no,no,no,,https://www.iana.org/domains/root/db/associates.html | https://data.iana.org/TLD/tlds-alpha-by-domain.txt,delegated,2026-10-04,generic,,,,"Binky Moon, LLC",,,,,,,,,.associates,basic,yes
.at,,delegated,country-code,nic.at GmbH,,,,,no,no,no,,https://www.iana.org/domains/root/db/at.html | https://data.iana.org/TLD/tlds-alpha-by-domain.txt,delegated,2026-10-04,country-code,,,,nic.at GmbH,,,,,,,,,.at,basic,yes
.athleta,,delegated,generic,"The Gap, Inc.",,,,,no,no,no,,https://www.iana.org/domains/root/db/athleta.html | https://data.iana.org/TLD/tlds-alpha-by-domain.txt,delegated,2026-10-04,generic,,,,"The Gap, Inc.",,,,,,,,,.athleta,basic,yes
.attorney,,delegated,generic,"Dog Beach, LLC",,,,,no,no,no,,https://www.iana.org/domains/root/db/attorney.html | https://data.iana.org/TLD/tlds-alpha-by-domain.txt,delegated,2026-10-04,generic,,,,"Dog Beach, LLC",,,,,,,,,.attorney,basic,yes
.au,,delegated,country-code,.au Domain Administration (auDA),,,,,no,no,no,,https://www.iana.org/domains/root/db/au.html | https://data.iana.org/TLD/tlds-alpha-by-domain.txt,delegated,2026-10-04,country-code,,,,.au Domain Administration (auDA),,,,,,,,,.au,basic,yes
.auction,,delegated,generic,"Dog Beach, LLC",,,,,no,no,no,,https://www.iana.org/domains/root/db/auction.html | https://data.iana.org/TLD/tlds-alpha-by-domain.txt,delegated,2026-10-04,generic,,,,"Dog Beach, LLC",,,,,,,,,.auction,basic,yes
.audi,,delegated,generic,AUDI Aktiengesellschaft,,,,,no,no,no,,https://www.iana.org/domains/root/db/audi.html | https://data.iana.org/TLD/tlds-alpha-by-domain.txt,delegated,2026-10-04,generic,,,,AUDI Aktiengesellschaft,,,,,,,,,.audi,basic,yes
.audible,,delegated,generic,"Amazon Registry Services, Inc.",,,,,no,no,no,,https://www.iana.org/domains/root/db/audible.html | https://data.iana.org/TLD/tlds-alpha-by-domain.txt,delegated,2026-10-04,generic,,,,"Amazon Registry Services, Inc.",,,,,,,,,.audible,basic,yes
.audio,,delegated,generic,XYZ.COM LLC,,,,,no,no,no,,https://www.iana.org/domains/root/db/audio.html | https://data.iana.org/TLD/tlds-alpha-by-domain.txt,delegated,2026-10-04,generic,,,,XYZ.COM LLC,,,,,,,,,.audio,basic,yes
.auspost,,delegated,generic,Australian Postal Corporation,,,,,no,no,no,,https://www.iana.org/domains/root/db/auspost.html | https://data.iana.org/TLD/tlds-alpha-by-domain.txt,delegated,2026-10-04,generic,,,,Australian Postal Corporation,,,,,,,,,.auspost,basic,yes
.author,,delegated,generic,"Amazon Registry Services, Inc.",,,,,no,no,no,,https://www.iana.org/domains/root/db/author.html | https://data.iana.org/TLD/tlds-alpha-by-domain.txt,delegated,2026-10-04,generic,,,,"Amazon Registry Services, Inc.",,,,,,,,,.author,basic,yes
.auto,,delegated,generic,XYZ.COM LLC,,,,,no,no,no,,https://www.iana.org/domains/root/db/auto.html | https://data.iana.org/TLD/tlds-alpha-by-domain.txt,delegated,2026-10-04,generic,,,,XYZ.COM LLC,,,,,,,,,.auto,basic,yes
.autos,,delegated,generic,XYZ.COM LLC,,,,,no,no,no,,https://www.iana.org/domains/root/db/autos.html | https://data.iana.org/TLD/tlds-alpha-by-domain.txt,delegated,2026-10-04,generic,,,,XYZ.COM LLC,,,,,,,,,.autos,basic,yes
.aw,,delegated,country-code,SETAR,,,,,no,no,no,,https://www.iana.org/domains/root/db/aw.html | https://data.iana.org/TLD/tlds-alpha-by-domain.txt,delegated,2026-10-04,country-code,,,,SETAR,,,,,,,,,.aw,basic,yes
.aws,,delegated,generic,AWS Registry LLC,,,,,no,no,no,,https://www.iana.org/domains/root/db/aws.html | https://data.iana.org/TLD/tlds-alpha-by-domain.txt,delegated,2026-10-04,generic,,,,AWS Registry LLC,,,,,,,,,.aws,basic,yes
.ax,,delegated,country-code,Ålands landskapsregering,,,,,no,no,no,,https://www.iana.org/domains/root/db/ax.html | https://data.iana.org/TLD/tlds-alpha-by-domain.txt,delegated,2026-10-04,country-code,,,,Ålands landskapsregering,,,,,,,,,.ax,basic,yes
.axa,,delegated,generic,AXA Group Operations SAS,,,,,no,no,no,,https://www.iana.org/domains/root/db/axa.html | https://data.iana.org/TLD/tlds-alpha-by-domain.txt,delegated,2026-10-04,generic,,,,AXA Group Operations SAS,,,,,,,,,.axa,basic,yes
.az,,delegated,country-code,IntraNS,,,,,no,no,no,,https://www.iana.org/domains/root/db/az.html | https://data.iana.org/TLD/tlds-alpha-by-domain.txt,delegated,2026-10-04,country-code,,,,IntraNS,,,,,,,,,.az,basic,yes
.azure,,delegated,generic,Microsoft Corporation,,,,,no,no,no,,https://www.iana.org/domains/root/db/azure.html | https://data.iana.org/TLD/tlds-alpha-by-domain.txt,delegated,2026-10-04,generic,,,,Microsoft Corporation,,,,,,,,,.azure,basic,yes
.ba,,delegated,country-code,University Tele-Informatic Center (UTIC),,,,,no,no,no,,https://www.iana.org/domains/root/db/ba.html | https://data.iana.org/TLD/tlds-alpha-by-domain.txt,delegated,2026-10-04,country-code,,,,University Tele-Informatic Center (UTIC),,,,,,,,,.ba,basic,yes
.baby,,delegated,generic,XYZ.COM LLC,,,,,no,no,no,,https://www.iana.org/domains/root/db/baby.html | https://data.iana.org/TLD/tlds-alpha-by-domain.txt,delegated,2026-10-04,generic,,,,XYZ.COM LLC,,,,,,,,,.baby,basic,yes
.baidu,,delegated,generic,"Baidu, Inc.",,,,,no,no,no,,https://www.iana.org/domains/root/db/baidu.html | https://data.iana.org/TLD/tlds-alpha-by-domain.txt,delegated,2026-10-04,generic,,,,"Baidu, Inc.",,,,,,,,,.baidu,basic,yes
.banamex,,delegated,generic,Citigroup Inc.,,,,,no,no,no,,https://www.iana.org/domains/root/db/banamex.html | https://data.iana.org/TLD/tlds-alpha-by-domain.txt,delegated,2026-10-04,generic,,,,Citigroup Inc.,,,,,,,,,.banamex,basic,yes
.band,,delegated,generic,"Dog Beach, LLC",,,,,no,no,no,,https://www.iana.org/domains/root/db/band.html | https://data.iana.org/TLD/tlds-alpha-by-domain.txt,delegated,2026-10-04,generic,,,,"Dog Beach, LLC",,,,,,,,,.band,basic,yes
.bank,2012,delegated,generic,"fTLD Registry Services, LLC",,,trust,,no,no,no,,https://www.iana.org/domains/root/db/bank.html | https://data.iana.org/TLD/tlds-alpha-by-domain.txt | https://ftld.com/security/,delegated,2026-10-04,generic,,2012,2012,"fTLD Registry Services, LLC",United States of America (the),GoDaddy Registry,United States of America (the),,,2014-11-26,,,.bank,curated,yes
.bar,,delegated,generic,Punto 2012 Sociedad Anonima Promotora de Inversion de Capital Variable,,,,,no,no,no,,https://www.iana.org/domains/root/db/bar.html | https://data.iana.org/TLD/tlds-alpha-by-domain.txt,delegated,2026-10-04,generic,,,,Punto 2012 Sociedad Anonima Promotora de Inversion de Capital Variable,,,,,,,,,.bar,basic,yes
.barcelona,2012,delegated,generic,Municipi de Barcelona,,Barcelona,city,,no,yes,no,,https://www.iana.org/domains/root/db/barcelona.html | https://data.iana.org/TLD/tlds-alpha-by-domain.txt | https://www.iana.org/domains/root/db,delegated,2026-10-04,generic,geographic,2012,2012,Municipi de Barcelona,Spain,CORE Association,Switzerland,Barcelona,,2015-06-04,,,.barcelona,curated,yes
.barclaycard,,delegated,generic,Barclays Bank PLC,,,,,no,no,no,,https://www.iana.org/domains/root/db/barclaycard.html | https://data.iana.org/TLD/tlds-alpha-by-domain.txt,delegated,2026-10-04,generic,,,,Barclays Bank PLC,,,,,,,,,.barclaycard,basic,yes
.barclays,,delegated,generic,Barclays Bank PLC,,,,,no,no,no,,https://www.iana.org/domains/root/db/barclays.html | https://data.iana.org/TLD/tlds-alpha-by-domain.txt,delegated,2026-10-04,generic,,,,Barclays Bank PLC,,,,,,,,,.barclays,basic,yes
.barefoot,,delegated,generic,"Gallo Vineyards, Inc.",,,,,no,no,no,,https://www.iana.org/domains/root/db/barefoot.html | https://data.iana.org/TLD/tlds-alpha-by-domain.txt,delegated,2026-10-04,generic,,,,"Gallo Vineyards, Inc.",,,,,,,,,.barefoot,basic,yes
.bargains,,delegated,generic,"Binky Moon, LLC",,,,,no,no,no,,https://www.iana.org/domains/root/db/bargains.html | https://data.iana.org/TLD/tlds-alpha-by-domain.txt,delegated,2026-10-04,generic,,,,"Binky Moon, LLC",,,,,,,,,.bargains,basic,yes
.baseball,,delegated,generic,"MLB Advanced Media DH, LLC",,,,,no,no,no,,https://www.iana.org/domains/root/db/baseball.html | https://data.iana.org/TLD/tlds-alpha-by-domain.txt,delegated,2026-10-04,generic,,,,"MLB Advanced Media DH, LLC",,,,,,,,,.baseball,basic,yes
.basketball,,delegated,generic,Fédération Internationale de Basketball (FIBA),,,,,no,no,no,,https://www.iana.org/domains/root/db/basketball.html | https://data.iana.org/TLD/tlds-alpha-by-domain.txt,delegated,2026-10-04,generic,,,,Fédération Internationale de Basketball (FIBA),,,,,,,,,.basketball,basic,yes
.bauhaus,,delegated,generic,Werkhaus GmbH,,,,,no,no,no,,https://www.iana.org/domains/root/db/bauhaus.html | https://data.iana.org/TLD/tlds-alpha-by-domain.txt,delegated,2026-10-04,generic,,,,Werkhaus GmbH,,,,,,,,,.bauhaus,basic,yes
.bayern,,delegated,generic,Bayern Connect GmbH,,,,,no,no,no,,https://www.iana.org/domains/root/db/bayern.html | https://data.iana.org/TLD/tlds-alpha-by-domain.txt,delegated,2026-10-04,generic,,,,Bayern Connect GmbH,,,,,,,,,.bayern,basic,yes
.bb,,delegated,country-code,"Ministry of Innovation, Science and Smart Technology",,,,,no,no,no,,https://www.iana.org/domains/root/db/bb.html | https://data.iana.org/TLD/tlds-alpha-by-domain.txt,delegated,2026-10-04,country-code,,,,"Ministry of Innovation, Science and Smart Technology",,,,,,,,,.bb,basic,yes
.bbc,,delegated,generic,British Broadcasting Corporation,,,,,no,no,no,,https://www.iana.org/domains/root/db/bbc.html | https://data.iana.org/TLD/tlds-alpha-by-domain.txt,delegated,2026-10-04,generic,,,,British Broadcasting Corporation,,,,,,,,,.bbc,basic,yes
.bbt,,delegated,generic,BB&T Corporation,,,,,no,no,no,,https://www.iana.org/domains/root/db/bbt.html | https://data.iana.org/TLD/tlds-alpha-by-domain.txt,delegated,2026-10-04,generic,,,,BB&T Corporation,,,,,,,,,.bbt,basic,yes
.bbva,,delegated,generic,"BANCO BILBAO VIZCAYA ARGENTARIA, S.A.",,,,,no,no,no,,https://www.iana.org/domains/root/db/bbva.html | https://data.iana.org/TLD/tlds-alpha-by-domain.txt,delegated,2026-10-04,generic,,,,"BANCO BILBAO VIZCAYA ARGENTARIA, S.A.",,,,,,,,,.bbva,basic,yes
.bcg,,delegated,generic,"The Boston Consulting Group, Inc.",,,,,no,no,no,,https://www.iana.org/domains/root/db/bcg.html | https://data.iana.org/TLD/tlds-alpha-by-domain.txt,delegated,2026-10-04,generic,,,,"The Boston Consulting Group, Inc.",,,,,,,,,.bcg,basic,yes
.bcn,,delegated,generic,Municipi de Barcelona,,,,,no,no,no,,https://www.iana.org/domains/root/db/bcn.html | https://data.iana.org/TLD/tlds-alpha-by-domain.txt,delegated,2026-10-04,generic,,,,Municipi de Barcelona,,,,,,,,,.bcn,basic,yes
.bd,,delegated,country-code,Posts and Telecommunications Division,,,,,no,no,no,,https://www.iana.org/domains/root/db/bd.html | https://data.iana.org/TLD/tlds-alpha-by-domain.txt,delegated,2026-10-04,country-code,,,,Posts and Telecommunications Division,,,,,,,,,.bd,basic,yes
.be,,delegated,country-code,DNS Belgium vzw/asbl,,,,,no,no,no,,https://www.iana.org/domains/root/db/be.html | https://data.iana.org/TLD/tlds-alpha-by-domain.txt,delegated,2026-10-04,country-code,,,,DNS Belgium vzw/asbl,,,,,,,,,.be,basic,yes
.beats,,delegated,generic,"Beats Electronics, LLC",,,,,no,no,no,,https://www.iana.org/domains/root/db/beats.html | https://data.iana.org/TLD/tlds-alpha-by-domain.txt,delegated,2026-10-04,generic,,,,"Beats Electronics, LLC",,,,,,,,,.beats,basic,yes
.beauty,,delegated,generic,XYZ.COM LLC,,,,,no,no,no,,https://www.iana.org/domains/root/db/beauty.html | https://data.iana.org/TLD/tlds-alpha-by-domain.txt,delegated,2026-10-04,generic,,,,XYZ.COM LLC,,,,,,,,,.beauty,basic,yes
.beer,2012,delegated,generic,"Registry Services, LLC",,,lifestyle,,yes,no,no,,https://www.iana.org/domains/root/db/beer.html | https://data.iana.org/TLD/tlds-alpha-by-domain.txt,delegated,2026-10-04,generic,,2012,2012,"Registry Services, LLC",United States of America (the),GoDaddy Registry,United States of America (the),,,2014-03-13,,,.beer,curated,yes
.berlin,2012,delegated,generic,dotBERLIN GmbH & Co. KG,,Berlin,city,,no,yes,no,,https://www.iana.org/domains/root/db/berlin.html | https://data.iana.org/TLD/tlds-alpha-by-domain.txt | https://www.iana.org/domains/root/db | https://newgtlds.icann.org/en/announcements-and-media/case-studies/berlin-a4-13feb19-en.pdf | https://newgtlds.icann.org/en/program-status/statistics,delegated,2026-10-04,generic,geographic,2012,2012,dotBERLIN GmbH & Co. KG,Germany,TLD-BOX Registrydienstleistungen GmbH,Austria,Berlin,,2013-12-19,,,.berlin,curated,yes
.best,,delegated,generic,BestTLD Pty Ltd,,,,,no,no,no,,https://www.iana.org/domains/root/db/best.html | https://data.iana.org/TLD/tlds-alpha-by-domain.txt,delegated,2026-10-04,generic,,,,BestTLD Pty Ltd,,,,,,,,,.best,basic,yes
.bestbuy,,delegated,generic,"BBY Solutions, Inc.",,,,,no,no,no,,https://www.iana.org/domains/root/db/bestbuy.html | https://data.iana.org/TLD/tlds-alpha-by-domain.txt,delegated,2026-10-04,generic,,,,"BBY Solutions, Inc.",,,,,,,,,.bestbuy,basic,yes
.bet,,delegated,generic,Identity Digital Limited,,,,,no,no,no,,https://www.iana.org/domains/root/db/bet.html | https://data.iana.org/TLD/tlds-alpha-by-domain.txt,delegated,2026-10-04,generic,,,,Identity Digital Limited,,,,,,,,,.bet,basic,yes
.bf,,delegated,country-code,Autorité de Régulation des Communications Electroniques et des Postes (ARCEP),,,,,no,no,no,,https://www.iana.org/domains/root/db/bf.html | https://data.iana.org/TLD/tlds-alpha-by-domain.txt,delegated,2026-10-04,country-code,,,,Autorité de Régulation des Communications Electroniques et des Postes (ARCEP),,,,,,,,,.bf,basic,yes
.bg,,delegated,country-code,Register.BG,,,,,no,no,no,,https://www.iana.org/domains/root/db/bg.html | https://data.iana.org/TLD/tlds-alpha-by-domain.txt,delegated,2026-10-04,country-code,,,,Register.BG,,,,,,,,,.bg,basic,yes
.bh,,delegated,country-code,Telecommunications Regulatory Authority (TRA),,,,,no,no,no,,https://www.iana.org/domains/root/db/bh.html | https://data.iana.org/TLD/tlds-alpha-by-domain.txt,delegated,2026-10-04,country-code,,,,Telecommunications Regulatory Authority (TRA),,,,,,,,,.bh,basic,yes
.bharti,,delegated,generic,Bharti Enterprises (Holding) Private Limited,,,,,no,no,no,,https://www.iana.org/domains/root/db/bharti.html | https://data.iana.org/TLD/tlds-alpha-by-domain.txt,delegated,2026-10-04,generic,,,,Bharti Enterprises (Holding) Private Limited,,,,,,,,,.bharti,basic,yes
.bi,,delegated,country-code,Centre National de l'Informatique,,,,,no,no,no,,https://www.iana.org/domains/root/db/bi.html | https://data.iana.org/TLD/tlds-alpha-by-domain.txt,delegated,2026-10-04,country-code,,,,Centre National de l'Informatique,,,,,,,,,.bi,basic,yes
.bible,2012,delegated,generic,American Bible Society,,,faith,,yes,no,no,,https://www.iana.org/domains/root/db/bible.html | https://data.iana.org/TLD/tlds-alpha-by-domain.txt,delegated,2026-10-04,generic,,2012,2012,American Bible Society,United States of America (the),GoDaddy Registry,United States of America (the),,,2015-05-14,,,.bible,curated,yes
.bid,,delegated,generic,dot Bid Limited,,,,,no,no,no,,https://www.iana.org/domains/root/db/bid.html | https://data.iana.org/TLD/tlds-alpha-by-domain.txt,delegated,2026-10-04,generic,,,,dot Bid Limited,,,,,,,,,.bid,basic,yes
.bike,,delegated,generic,"Binky Moon, LLC",,,,,no,no,no,,https://www.iana.org/domains/root/db/bike.html | https://data.iana.org/TLD/tlds-alpha-by-domain.txt,delegated,2026-10-04,generic,,,,"Binky Moon, LLC",,,,,,,,,.bike,basic,yes
.bing,,delegated,generic,Microsoft Corporation,,,,,no,no,no,,https://www.iana.org/domains/root/db/bing.html | https://data.iana.org/TLD/tlds-alpha-by-domain.txt,delegated,2026-10-04,generic,,,,Microsoft Corporation,,,,,,,,,.bing,basic,yes
.bingo,,delegated,generic,"Binky Moon, LLC",,,,,no,no,no,,https://www.iana.org/domains/root/db/bingo.html | https://data.iana.org/TLD/tlds-alpha-by-domain.txt,delegated,2026-10-04,generic,,,,"Binky Moon, LLC",,,,,,,,,.bingo,basic,yes
.bio,,delegated,generic,Identity Digital Limited,,,,,no,no,no,,https://www.iana.org/domains/root/db/bio.html | https://data.iana.org/TLD/tlds-alpha-by-domain.txt,delegated,2026-10-04,generic,,,,Identity Digital Limited,,,,,,,,,.bio,basic,yes
.biz,,delegated,generic-restricted,"Registry Services, LLC",,,,,no,no,no,,https://www.iana.org/domains/root/db/biz.html | https://data.iana.org/TLD/tlds-alpha-by-domain.txt,delegated,2026-10-04,generic-restricted,,,,"Registry Services, LLC",,,,,,,,,.biz,basic,yes
.bj,,delegated,country-code,Autorité de Régulation des Communications Electroniques et de la Poste du Bénin (ARCEP BENIN),,,,,no,no,no,,https://www.iana.org/domains/root/db/bj.html | https://data.iana.org/TLD/tlds-alpha-by-domain.txt,delegated,2026-10-04,country-code,,,,Autorité de Régulation des Communications Electroniques et de la Poste du Bénin (ARCEP BENIN),,,,,,,,,.bj,basic,yes
.black,,delegated,generic,Identity Digital Limited,,,,,no,no,no,,https://www.iana.org/domains/root/db/black.html | https://data.iana.org/TLD/tlds-alpha-by-domain.txt,delegated,2026-10-04,generic,,,,Identity Digital Limited,,,,,,,,,.black,basic,yes
.blackfriday,,delegated,generic,"Registry Services, LLC",,,,,no,no,no,,https://www.iana.org/domains/root/db/blackfriday.html | https://data.iana.org/TLD/tlds-alpha-by-domain.txt,delegated,2026-10-04,generic,,,,"Registry Services, LLC",,,,,,,,,.blackfriday,basic,yes
.blockbuster,,delegated,generic,Dish DBS Corporation,,,,,no,no,no,,https://www.iana.org/domains/root/db/blockbuster.html | https://data.iana.org/TLD/tlds-alpha-by-domain.txt,delegated,2026-10-04,generic,,,,Dish DBS Corporation,,,,,,,,,.blockbuster,basic,yes
.blog,2012,delegated,generic,"Knock Knock WHOIS There, LLC",,,,9,no,no,no,,https://www.iana.org/domains/root/db/blog.html | https://data.iana.org/TLD/tlds-alpha-by-domain.txt | https://newgtlds.icann.org/en/program-status/statistics,delegated,2026-10-04,generic,,2012,2012,"Knock Knock WHOIS There, LLC",United States of America (the),Canadian Internet Registration Authority (CIRA),Canada,,,2016-05-12,2012,,.blog,curated,yes
.bloomberg,,delegated,generic,Bloomberg IP Holdings LLC,,,,,no,no,no,,https://www.iana.org/domains/root/db/bloomberg.html | https://data.iana.org/TLD/tlds-alpha-by-domain.txt,delegated,2026-10-04,generic,,,,Bloomberg IP Holdings LLC,,,,,,,,,.bloomberg,basic,yes
.blue,,delegated,generic,Identity Digital Limited,,,,,no,no,no,,https://www.iana.org/domains/root/db/blue.html | https://data.iana.org/TLD/tlds-alpha-by-domain.txt,delegated,2026-10-04,generic,,,,Identity Digital Limited,,,,,,,,,.blue,basic,yes
.bm,,delegated,country-code,"Registry General Department, Ministry of Home Affairs",,,,,no,no,no,,https://www.iana.org/domains/root/db/bm.html | https://data.iana.org/TLD/tlds-alpha-by-domain.txt,delegated,2026-10-04,country-code,,,,"Registry General Department, Ministry of Home Affairs",,,,,,,,,.bm,basic,yes
.bms,,delegated,generic,Bristol-Myers Squibb Company,,,,,no,no,no,,https://www.iana.org/domains/root/db/bms.html | https://data.iana.org/TLD/tlds-alpha-by-domain.txt,delegated,2026-10-04,generic,,,,Bristol-Myers Squibb Company,,,,,,,,,.bms,basic,yes
.bmw,,delegated,generic,Bayerische Motoren Werke Aktiengesellschaft,,,,,no,no,no,,https://www.iana.org/domains/root/db/bmw.html | https://data.iana.org/TLD/tlds-alpha-by-domain.txt,delegated,2026-10-04,generic,,,,Bayerische Motoren Werke Aktiengesellschaft,,,,,,,,,.bmw,basic,yes
.bn,,delegated,country-code,Authority for Info-communications Technology Industry of Brunei Darussalam (AITI),,,,,no,no,no,,https://www.iana.org/domains/root/db/bn.html | https://data.iana.org/TLD/tlds-alpha-by-domain.txt,delegated,2026-10-04,country-code,,,,Authority for Info-communications Technology Industry of Brunei Darussalam (AITI),,,,,,,,,.bn,basic,yes
.bnpparibas,,delegated,generic,BNP Paribas,,,,,no,no,no,,https://www.iana.org/domains/root/db/bnpparibas.html | https://data.iana.org/TLD/tlds-alpha-by-domain.txt,delegated,2026-10-04,generic,,,,BNP Paribas,,,,,,,,,.bnpparibas,basic,yes
.bo,,delegated,country-code,Agencia de Gobierno Electrónico y Tecnologías de Información y Comunicación,,,,,no,no,no,,https://www.iana.org/domains/root/db/bo.html | https://data.iana.org/TLD/tlds-alpha-by-domain.txt,delegated,2026-10-04,country-code,,,,Agencia de Gobierno Electrónico y Tecnologías de Información y Comunicación,,,,,,,,,.bo,basic,yes
.boats,,delegated,generic,XYZ.COM LLC,,,,,no,no,no,,https://www.iana.org/domains/root/db/boats.html | https://data.iana.org/TLD/tlds-alpha-by-domain.txt,delegated,2026-10-04,generic,,,,XYZ.COM LLC,,,,,,,,,.boats,basic,yes
.boehringer,,delegated,generic,Boehringer Ingelheim International GmbH,,,,,no,no,no,,https://www.iana.org/domains/root/db/boehringer.html | https://data.iana.org/TLD/tlds-alpha-by-domain.txt,delegated,2026-10-04,generic,,,,Boehringer Ingelheim International GmbH,,,,,,,,,.boehringer,basic,yes
.bofa,,delegated,generic,Bank of America Corporation,,,,,no,no,no,,https://www.iana.org/domains/root/db/bofa.html | https://data.iana.org/TLD/tlds-alpha-by-domain.txt,delegated,2026-10-04,generic,,,,Bank of America Corporation,,,,,,,,,.bofa,basic,yes
.bom,,delegated,generic,Núcleo de Informação e Coordenação do Ponto BR - NIC.br,,,,,no,no,no,,https://www.iana.org/domains/root/db/bom.html | https://data.iana.org/TLD/tlds-alpha-by-domain.txt,delegated,2026-10-04,generic,,,,Núcleo de Informação e Coordenação do Ponto BR - NIC.br,,,,,,,,,.bom,basic,yes
.bond,,delegated,generic,Shortdot SA,,,,,no,no,no,,https://www.iana.org/domains/root/db/bond.html | https://data.iana.org/TLD/tlds-alpha-by-domain.txt,delegated,2026-10-04,generic,,,,Shortdot SA,,,,,,,,,.bond,basic,yes
.boo,,delegated,generic,Charleston Road Registry Inc.,,,,,no,no,no,,https://www.iana.org/domains/root/db/boo.html | https://data.iana.org/TLD/tlds-alpha-by-domain.txt,delegated,2026-10-04,generic,,,,Charleston Road Registry Inc.,,,,,,,,,.boo,basic,yes
.book,2012,delegated,generic,"Amazon Registry Services, Inc.",,,,9,no,no,no,,https://www.iana.org/domains/root/db/book.html | https://data.iana.org/TLD/tlds-alpha-by-domain.txt | https://newgtlds.icann.org/en/program-status/statistics,delegated,2026-10-04,generic,,2012,2012,"Amazon Registry Services, Inc.",United States of America (the),Nominet,United Kingdom of Great Britain and Northern Ireland (the),,,2015-11-12,2012,,.book,curated,yes
.booking,,delegated,generic,Booking.com B.V.,,,,,no,no,no,,https://www.iana.org/domains/root/db/booking.html | https://data.iana.org/TLD/tlds-alpha-by-domain.txt,delegated,2026-10-04,generic,,,,Booking.com B.V.,,,,,,,,,.booking,basic,yes
.bosch,,delegated,generic,Robert Bosch GMBH,,,,,no,no,no,,https://www.iana.org/domains/root/db/bosch.html | https://data.iana.org/TLD/tlds-alpha-by-domain.txt,delegated,2026-10-04,generic,,,,Robert Bosch GMBH,,,,,,,,,.bosch,basic,yes
.bostik,,delegated,generic,Bostik SA,,,,,no,no,no,,https://www.iana.org/domains/root/db/bostik.html | https://data.iana.org/TLD/tlds-alpha-by-domain.txt,delegated,2026-10-04,generic,,,,Bostik SA,,,,,,,,,.bostik,basic,yes
.boston,,delegated,generic,"Registry Services, LLC",,,,,no,no,no,,https://www.iana.org/domains/root/db/boston.html | https://data.iana.org/TLD/tlds-alpha-by-domain.txt,delegated,2026-10-04,generic,,,,"Registry Services, LLC",,,,,,,,,.boston,basic,yes
.bot,,delegated,generic,"Amazon Registry Services, Inc.",,,,,no,no,no,,https://www.iana.org/domains/root/db/bot.html | https://data.iana.org/TLD/tlds-alpha-by-domain.txt,delegated,2026-10-04,generic,,,,"Amazon Registry Services, Inc.",,,,,,,,,.bot,basic,yes
.boutique,,delegated,generic,"Binky Moon, LLC",,,,,no,no,no,,https://www.iana.org/domains/root/db/boutique.html | https://data.iana.org/TLD/tlds-alpha-by-domain.txt,delegated,2026-10-04,generic,,,,"Binky Moon, LLC",,,,,,,,,.boutique,basic,yes
.box,,delegated,generic,Intercap Registry Inc.,,,,,no,no,no,,https://www.iana.org/domains/root/db/box.html | https://data.iana.org/TLD/tlds-alpha-by-domain.txt,delegated,2026-10-04,generic,,,,Intercap Registry Inc.,,,,,,,,,.box,basic,yes
.br,,delegated,country-code,Comite Gestor da Internet no Brasil,,,,,no,no,no,,https://www.iana.org/domains/root/db/br.html | https://data.iana.org/TLD/tlds-alpha-by-domain.txt,delegated,2026-10-04,country-code,,,,Comite Gestor da Internet no Brasil,,,,,,,,,.br,basic,yes
.bradesco,,delegated,generic,Banco Bradesco S.A.,,,,,no,no,no,,https://www.iana.org/domains/root/db/bradesco.html | https://data.iana.org/TLD/tlds-alpha-by-domain.txt,delegated,2026-10-04,generic,,,,Banco Bradesco S.A.,,,,,,,,,.bradesco,basic,yes
.bridgestone,,delegated,generic,Bridgestone Corporation,,,,,no,no,no,,https://www.iana.org/domains/root/db/bridgestone.html | https://data.iana.org/TLD/tlds-alpha-by-domain.txt,delegated,2026-10-04,generic,,,,Bridgestone Corporation,,,,,,,,,.bridgestone,basic,yes
.broadway,,delegated,generic,"Celebrate Broadway, Inc.",,,,,no,no,no,,https://www.iana.org/domains/root/db/broadway.html | https://data.iana.org/TLD/tlds-alpha-by-domain.txt,delegated,2026-10-04,generic,,,,"Celebrate Broadway, Inc.",,,,,,,,,.broadway,basic,yes
.broker,,delegated,generic,"Dog Beach, LLC",,,,,no,no,no,,https://www.iana.org/domains/root/db/broker.html | https://data.iana.org/TLD/tlds-alpha-by-domain.txt,delegated,2026-10-04,generic,,,,"Dog Beach, LLC",,,,,,,,,.broker,basic,yes
.brother,,delegated,generic,"Brother Industries, Ltd.",,,,,no,no,no,,https://www.iana.org/domains/root/db/brother.html | https://data.iana.org/TLD/tlds-alpha-by-domain.txt,delegated,2026-10-04,generic,,,,"Brother Industries, Ltd.",,,,,,,,,.brother,basic,yes
.brussels,,delegated,generic,DNS.be vzw,,,,,no,no,no,,https://www.iana.org/domains/root/db/brussels.html | https://data.iana.org/TLD/tlds-alpha-by-domain.txt,delegated,2026-10-04,generic,,,,DNS.be vzw,,,,,,,,,.brussels,basic,yes
.bs,,delegated,country-code,University of The Bahamas,,,,,no,no,no,,https://www.iana.org/domains/root/db/bs.html | https://data.iana.org/TLD/tlds-alpha-by-domain.txt,delegated,2026-10-04,country-code,,,,University of The Bahamas,,,,,,,,,.bs,basic,yes
.bt,,delegated,country-code,Ministry of Information and Communications,,,,,no,no,no,,https://www.iana.org/domains/root/db/bt.html | https://data.iana.org/TLD/tlds-alpha-by-domain.txt,delegated,2026-10-04,country-code,,,,Ministry of Information and Communications,,,,,,,,,.bt,basic,yes
.build,,delegated,generic,Plan Bee LLC,,,,,no,no,no,,https://www.iana.org/domains/root/db/build.html | https://data.iana.org/TLD/tlds-alpha-by-domain.txt,delegated,2026-10-04,generic,,,,Plan Bee LLC,,,,,,,,,.build,basic,yes
.builders,,delegated,generic,"Binky Moon, LLC",,,,,no,no,no,,https://www.iana.org/domains/root/db/builders.html | https://data.iana.org/TLD/tlds-alpha-by-domain.txt,delegated,2026-10-04,generic,,,,"Binky Moon, LLC",,,,,,,,,.builders,basic,yes
.business,,delegated,generic,"Binky Moon, LLC",,,,,no,no,no,,https://www.iana.org/domains/root/db/business.html | https://data.iana.org/TLD/tlds-alpha-by-domain.txt,delegated,2026-10-04,generic,,,,"Binky Moon, LLC",,,,,,,,,.business,basic,yes
.buy,,delegated,generic,"Amazon Registry Services, INC",,,,,no,no,no,,https://www.iana.org/domains/root/db/buy.html | https://data.iana.org/TLD/tlds-alpha-by-domain.txt,delegated,2026-10-04,generic,,,,"Amazon Registry Services, INC",,,,,,,,,.buy,basic,yes
.buzz,,delegated,generic,DOTSTRATEGY CO.,,,,,no,no,no,,https://www.iana.org/domains/root/db/buzz.html | https://data.iana.org/TLD/tlds-alpha-by-domain.txt,delegated,2026-10-04,generic,,,,DOTSTRATEGY CO.,,,,,,,,,.buzz,basic,yes
.bv,legacy,delegated,country-code,Norid A/S,,Bouvet Island,territory,,yes,no,no,,https://www.iana.org/domains/root/db/bv.html | https://data.iana.org/TLD/tlds-alpha-by-domain.txt | https://www.norid.no/en/omnorid/toppdomenet-bv/,delegated,2026-10-04,country-code,,legacy,legacy,Norid A/S,Norway,Norid A/S,Norway,Bouvet Island,,1997-08-21,,,.bv,curated,yes
.bw,,delegated,country-code,Botswana Communications Regulatory Authority (BOCRA),,,,,no,no,no,,https://www.iana.org/domains/root/db/bw.html | https://data.iana.org/TLD/tlds-alpha-by-domain.txt,delegated,2026-10-04,country-code,,,,Botswana Communications Regulatory Authority (BOCRA),,,,,,,,,.bw,basic,yes
.by,,delegated,country-code,Belarusian Cloud Technologies LLC,,,,,no,no,no,,https://www.iana.org/domains/root/db/by.html | https://data.iana.org/TLD/tlds-alpha-by-domain.txt,delegated,2026-10-04,country-code,,,,Belarusian Cloud Technologies LLC,,,,,,,,,.by,basic,yes
.bz,,delegated,country-code,University of Belize,,,,,no,no,no,,https://www.iana.org/domains/root/db/bz.html | https://data.iana.org/TLD/tlds-alpha-by-domain.txt,delegated,2026-10-04,country-code,,,,University of Belize,,,,,,,,,.bz,basic,yes
.bzh,,delegated,generic,Association www.bzh,,,,,no,no,no,,https://www.iana.org/domains/root/db/bzh.html | https://data.iana.org/TLD/tlds-alpha-by-domain.txt,delegated,2026-10-04,generic,,,,Association www.bzh,,,,,,,,,.bzh,basic,yes
.ca,,delegated,country-code,Canadian Internet Registration Authority (CIRA) Autorité Canadienne pour les enregistrements Internet (ACEI),,,,,no,no,no,,https://www.iana.org/domains/root/db/ca.html | https://data.iana.org/TLD/tlds-alpha-by-domain.txt,delegated,2026-10-04,country-code,,,,Canadian Internet Registration Authority (CIRA) Autorité Canadienne pour les enregistrements Internet (ACEI),,,,,,,,,.ca,basic,yes
.cab,,delegated,generic,"Binky Moon, LLC",,,,,no,no,no,,https://www.iana.org/domains/root/db/cab.html | https://data.iana.org/TLD/tlds-alpha-by-domain.txt,delegated,2026-10-04,generic,,,,"Binky Moon, LLC",,,,,,,,,.cab,basic,yes
.cafe,,delegated,generic,"Binky Moon, LLC",,,,,no,no,no,,https://www.iana.org/domains/root/db/cafe.html | https://data.iana.org/TLD/tlds-alpha-by-domain.txt,delegated,2026-10-04,generic,,,,"Binky Moon, LLC",,,,,,,,,.cafe,basic,yes
.cal,,delegated,generic,Charleston Road Registry Inc.,,,,,no,no,no,,https://www.iana.org/domains/root/db/cal.html | https://data.iana.org/TLD/tlds-alpha-by-domain.txt,delegated,2026-10-04,generic,,,,Charleston Road Registry Inc.,,,,,,,,,.cal,basic,yes
.call,,delegated,generic,"Amazon Registry Services, Inc.",,,,,no,no,no,,https://www.iana.org/domains/root/db/call.html | https://data.iana.org/TLD/tlds-alpha-by-domain.txt,delegated,2026-10-04,generic,,,,"Amazon Registry Services, Inc.",,,,,,,,,.call,basic,yes
.calvinklein,,delegated,generic,PVH gTLD Holdings LLC,,,,,no,no,no,,https://www.iana.org/domains/root/db/calvinklein.html | https://data.iana.org/TLD/tlds-alpha-by-domain.txt,delegated,2026-10-04,generic,,,,PVH gTLD Holdings LLC,,,,,,,,,.calvinklein,basic,yes
.cam,,delegated,generic,CAM Connecting SarL,,,,,no,no,no,,https://www.iana.org/domains/root/db/cam.html | https://data.iana.org/TLD/tlds-alpha-by-domain.txt,delegated,2026-10-04,generic,,,,CAM Connecting SarL,,,,,,,,,.cam,basic,yes
.camera,,delegated,generic,"Binky Moon, LLC",,,,,no,no,no,,https://www.iana.org/domains/root/db/camera.html | https://data.iana.org/TLD/tlds-alpha-by-domain.txt,delegated,2026-10-04,generic,,,,"Binky Moon, LLC",,,,,,,,,.camera,basic,yes
.camp,,delegated,generic,"Binky Moon, LLC",,,,,no,no,no,,https://www.iana.org/domains/root/db/camp.html | https://data.iana.org/TLD/tlds-alpha-by-domain.txt,delegated,2026-10-04,generic,,,,"Binky Moon, LLC",,,,,,,,,.camp,basic,yes
.canon,,delegated,generic,Canon Inc.,,,,,no,no,no,,https://www.iana.org/domains/root/db/canon.html | https://data.iana.org/TLD/tlds-alpha-by-domain.txt,delegated,2026-10-04,generic,,,,Canon Inc.,,,,,,,,,.canon,basic,yes
.capetown,,delegated,generic,ZA Central Registry NPC trading as ZA Central Registry,,,,,no,no,no,,https://www.iana.org/domains/root/db/capetown.html | https://data.iana.org/TLD/tlds-alpha-by-domain.txt,delegated,2026-10-04,generic,,,,ZA Central Registry NPC trading as ZA Central Registry,,,,,,,,,.capetown,basic,yes
.capital,,delegated,generic,"Binky Moon, LLC",,,,,no,no,no,,https://www.iana.org/domains/root/db/capital.html | https://data.iana.org/TLD/tlds-alpha-by-domain.txt,delegated,2026-10-04,generic,,,,"Binky Moon, LLC",,,,,,,,,.capital,basic,yes
.capitalone,,delegated,generic,Capital One Financial Corporation,,,,,no,no,no,,https://www.iana.org/domains/root/db/capitalone.html | https://data.iana.org/TLD/tlds-alpha-by-domain.txt,delegated,2026-10-04,generic,,,,Capital One Financial Corporation,,,,,,,,,.capitalone,basic,yes
.car,,delegated,generic,XYZ.COM LLC,,,,,no,no,no,,https://www.iana.org/domains/root/db/car.html | https://data.iana.org/TLD/tlds-alpha-by-domain.txt,delegated,2026-10-04,generic,,,,XYZ.COM LLC,,,,,,,,,.car,basic,yes
.caravan,,delegated,generic,"Caravan International, Inc.",,,,,no,no,no,,https://www.iana.org/domains/root/db/caravan.html | https://data.iana.org/TLD/tlds-alpha-by-domain.txt,delegated,2026-10-04,generic,,,,"Caravan International, Inc.",,,,,,,,,.caravan,basic,yes
.cards,,delegated,generic,"Binky Moon, LLC",,,,,no,no,no,,https://www.iana.org/domains/root/db/cards.html | https://data.iana.org/TLD/tlds-alpha-by-domain.txt,delegated,2026-10-04,generic,,,,"Binky Moon, LLC",,,,,,,,,.cards,basic,yes
.care,,delegated,generic,"Binky Moon, LLC",,,,,no,no,no,,https://www.iana.org/domains/root/db/care.html | https://data.iana.org/TLD/tlds-alpha-by-domain.txt,delegated,2026-10-04,generic,,,,"Binky Moon, LLC",,,,,,,,,.care,basic,yes
.career,,delegated,generic,dotCareer LLC,,,,,no,no,no,,https://www.iana.org/domains/root/db/career.html | https://data.iana.org/TLD/tlds-alpha-by-domain.txt,delegated,2026-10-04,generic,,,,dotCareer LLC,,,,,,,,,.career,basic,yes
.careers,,delegated,generic,"Binky Moon, LLC",,,,,no,no,no,,https://www.iana.org/domains/root/db/careers.html | https://data.iana.org/TLD/tlds-alpha-by-domain.txt,delegated,2026-10-04,generic,,,,"Binky Moon, LLC",,,,,,,,,.careers,basic,yes
.cars,,delegated,generic,XYZ.COM LLC,,,,,no,no,no,,https://www.iana.org/domains/root/db/cars.html | https://data.iana.org/TLD/tlds-alpha-by-domain.txt,delegated,2026-10-04,generic,,,,XYZ.COM LLC,,,,,,,,,.cars,basic,yes
.casa,,delegated,generic,"Registry Services, LLC",,,,,no,no,no,,https://www.iana.org/domains/root/db/casa.html | https://data.iana.org/TLD/tlds-alpha-by-domain.txt,delegated,2026-10-04,generic,,,,"Registry Services, LLC",,,,,,,,,.casa,basic,yes
.case,,delegated,generic,"Digity, LLC",,,,,no,no,no,,https://www.iana.org/domains/root/db/case.html | https://data.iana.org/TLD/tlds-alpha-by-domain.txt,delegated,2026-10-04,generic,,,,"Digity, LLC",,,,,,,,,.case,basic,yes
.cash,,delegated,generic,"Binky Moon, LLC",,,,,no,no,no,,https://www.iana.org/domains/root/db/cash.html | https://data.iana.org/TLD/tlds-alpha-by-domain.txt,delegated,2026-10-04,generic,,,,"Binky Moon, LLC",,,,,,,,,.cash,basic,yes
.casino,,delegated,generic,"Binky Moon, LLC",,,,,no,no,no,,https://www.iana.org/domains/root/db/casino.html | https://data.iana.org/TLD/tlds-alpha-by-domain.txt,delegated,2026-10-04,generic,,,,"Binky Moon, LLC",,,,,,,,,.casino,basic,yes
.cat,2004,delegated,sponsored,Fundacio puntCAT,,Spain / Catalan-speaking community,culture | trust,,yes,no,no,,https://www.iana.org/domains/root/db/cat.html | https://data.iana.org/TLD/tlds-alpha-by-domain.txt | https://www.iana.org/reports/2005/cat-report-18nov2005.html | https://www.icann.org/en/announcements/details/icann-progress-in-process-for-introducing-new-sponsored-top-level-domains-19-3-2004-en | https://domini.cat/en/about-us,delegated,2026-10-04,sponsored,,2004,2004,Fundacio puntCAT,Spain,CORE Association,Switzerland,Spain / Catalan-speaking community,,2005-12-19,,,.cat,curated,yes
.catering,,delegated,generic,"Binky Moon, LLC",,,,,no,no,no,,https://www.iana.org/domains/root/db/catering.html | https://data.iana.org/TLD/tlds-alpha-by-domain.txt,delegated,2026-10-04,generic,,,,"Binky Moon, LLC",,,,,,,,,.catering,basic,yes
.catholic,,delegated,generic,Pontificium Consilium de Comunicationibus Socialibus (PCCS) (Pontifical Council for Social Communication),,,,,no,no,no,,https://www.iana.org/domains/root/db/catholic.html | https://data.iana.org/TLD/tlds-alpha-by-domain.txt,delegated,2026-10-04,generic,,,,Pontificium Consilium de Comunicationibus Socialibus (PCCS) (Pontifical Council for Social Communication),,,,,,,,,.catholic,basic,yes
.cba,,delegated,generic,COMMONWEALTH BANK OF AUSTRALIA,,,,,no,no,no,,https://www.iana.org/domains/root/db/cba.html | https://data.iana.org/TLD/tlds-alpha-by-domain.txt,delegated,2026-10-04,generic,,,,COMMONWEALTH BANK OF AUSTRALIA,,,,,,,,,.cba,basic,yes
.cbn,,delegated,generic,"The Christian Broadcasting Network, Inc.",,,,,no,no,no,,https://www.iana.org/domains/root/db/cbn.html | https://data.iana.org/TLD/tlds-alpha-by-domain.txt,delegated,2026-10-04,generic,,,,"The Christian Broadcasting Network, Inc.",,,,,,,,,.cbn,basic,yes
.cbre,,delegated,generic,"CBRE, Inc.",,,,,no,no,no,,https://www.iana.org/domains/root/db/cbre.html | https://data.iana.org/TLD/tlds-alpha-by-domain.txt,delegated,2026-10-04,generic,,,,"CBRE, Inc.",,,,,,,,,.cbre,basic,yes
.cc,,delegated,country-code,eNIC Cocos (Keeling) Islands Pty. Ltd. d/b/a Island Internet Services,,,,,no,no,no,,https://www.iana.org/domains/root/db/cc.html | https://data.iana.org/TLD/tlds-alpha-by-domain.txt,delegated,2026-10-04,country-code,,,,eNIC Cocos (Keeling) Islands Pty. Ltd. d/b/a Island Internet Services,,,,,,,,,.cc,basic,yes
.cd,,delegated,country-code,Office Congolais des Postes et Télécommunications - OCPT,,,,,no,no,no,,https://www.iana.org/domains/root/db/cd.html | https://data.iana.org/TLD/tlds-alpha-by-domain.txt,delegated,2026-10-04,country-code,,,,Office Congolais des Postes et Télécommunications - OCPT,,,,,,,,,.cd,basic,yes
.center,,delegated,generic,"Binky Moon, LLC",,,,,no,no,no,,https://www.iana.org/domains/root/db/center.html | https://data.iana.org/TLD/tlds-alpha-by-domain.txt,delegated,2026-10-04,generic,,,,"Binky Moon, LLC",,,,,,,,,.center,basic,yes
.ceo,,delegated,generic,XYZ.COM LLC,,,,,no,no,no,,https://www.iana.org/domains/root/db/ceo.html | https://data.iana.org/TLD/tlds-alpha-by-domain.txt,delegated,2026-10-04,generic,,,,XYZ.COM LLC,,,,,,,,,.ceo,basic,yes
.cern,,delegated,generic,"European Organization for Nuclear Research (""CERN"")",,,,,no,no,no,,https://www.iana.org/domains/root/db/cern.html | https://data.iana.org/TLD/tlds-alpha-by-domain.txt,delegated,2026-10-04,generic,,,,"European Organization for Nuclear Research (""CERN"")",,,,,,,,,.cern,basic,yes
.cf,,delegated,country-code,Societe Centrafricaine de Telecommunications (SOCATEL),,,,,no,no,no,,https://www.iana.org/domains/root/db/cf.html | https://data.iana.org/TLD/tlds-alpha-by-domain.txt,delegated,2026-10-04,country-code,,,,Societe Centrafricaine de Telecommunications (SOCATEL),,,,,,,,,.cf,basic,yes
.cfa,,delegated,generic,CFA Institute,,,,,no,no,no,,https://www.iana.org/domains/root/db/cfa.html | https://data.iana.org/TLD/tlds-alpha-by-domain.txt,delegated,2026-10-04,generic,,,,CFA Institute,,,,,,,,,.cfa,basic,yes
.cfd,,delegated,generic,Shortdot SA,,,,,no,no,no,,https://www.iana.org/domains/root/db/cfd.html | https://data.iana.org/TLD/tlds-alpha-by-domain.txt,delegated,2026-10-04,generic,,,,Shortdot SA,,,,,,,,,.cfd,basic,yes
.cg,,delegated,country-code,Interpoint Switzerland,,,,,no,no,no,,https://www.iana.org/domains/root/db/cg.html | https://data.iana.org/TLD/tlds-alpha-by-domain.txt,delegated,2026-10-04,country-code,,,,Interpoint Switzerland,,,,,,,,,.cg,basic,yes
.ch,,delegated,country-code,SWITCH The Swiss Education & Research Network,,,,,no,no,no,,https://www.iana.org/domains/root/db/ch.html | https://data.iana.org/TLD/tlds-alpha-by-domain.txt,delegated,2026-10-04,country-code,,,,SWITCH The Swiss Education & Research Network,,,,,,,,,.ch,basic,yes
.chanel,,delegated,generic,Chanel International B.V.,,,,,no,no,no,,https://www.iana.org/domains/root/db/chanel.html | https://data.iana.org/TLD/tlds-alpha-by-domain.txt,delegated,2026-10-04,generic,,,,Chanel International B.V.,,,,,,,,,.chanel,basic,yes
.channel,,delegated,generic,Charleston Road Registry Inc.,,,,,no,no,no,,https://www.iana.org/domains/root/db/channel.html | https://data.iana.org/TLD/tlds-alpha-by-domain.txt,delegated,2026-10-04,generic,,,,Charleston Road Registry Inc.,,,,,,,,,.channel,basic,yes
.charity,,delegated,generic,Public Interest Registry (PIR),,,,,no,no,no,,https://www.iana.org/domains/root/db/charity.html | https://data.iana.org/TLD/tlds-alpha-by-domain.txt,delegated,2026-10-04,generic,,,,Public Interest Registry (PIR),,,,,,,,,.charity,basic,yes
.chase,,delegated,generic,"JPMorgan Chase Bank, National Association",,,,,no,no,no,,https://www.iana.org/domains/root/db/chase.html | https://data.iana.org/TLD/tlds-alpha-by-domain.txt,delegated,2026-10-04,generic,,,,"JPMorgan Chase Bank, National Association",,,,,,,,,.chase,basic,yes
.chat,,delegated,generic,"Binky Moon, LLC",,,,,no,no,no,,https://www.iana.org/domains/root/db/chat.html | https://data.iana.org/TLD/tlds-alpha-by-domain.txt,delegated,2026-10-04,generic,,,,"Binky Moon, LLC",,,,,,,,,.chat,basic,yes
.cheap,,delegated,generic,"Binky Moon, LLC",,,,,no,no,no,,https://www.iana.org/domains/root/db/cheap.html | https://data.iana.org/TLD/tlds-alpha-by-domain.txt,delegated,2026-10-04,generic,,,,"Binky Moon, LLC",,,,,,,,,.cheap,basic,yes
.chintai,,delegated,generic,CHINTAI Corporation,,,,,no,no,no,,https://www.iana.org/domains/root/db/chintai.html | https://data.iana.org/TLD/tlds-alpha-by-domain.txt,delegated,2026-10-04,generic,,,,CHINTAI Corporation,,,,,,,,,.chintai,basic,yes
.christmas,,delegated,generic,XYZ.COM LLC,,,,,no,no,no,,https://www.iana.org/domains/root/db/christmas.html | https://data.iana.org/TLD/tlds-alpha-by-domain.txt,delegated,2026-10-04,generic,,,,XYZ.COM LLC,,,,,,,,,.christmas,basic,yes
.chrome,,delegated,generic,Charleston Road Registry Inc.,,,,,no,no,no,,https://www.iana.org/domains/root/db/chrome.html | https://data.iana.org/TLD/tlds-alpha-by-domain.txt,delegated,2026-10-04,generic,,,,Charleston Road Registry Inc.,,,,,,,,,.chrome,basic,yes
.church,,delegated,generic,"Binky Moon, LLC",,,,,no,no,no,,https://www.iana.org/domains/root/db/church.html | https://data.iana.org/TLD/tlds-alpha-by-domain.txt,delegated,2026-10-04,generic,,,,"Binky Moon, LLC",,,,,,,,,.church,basic,yes
.ci,,delegated,country-code,Autorité de Régulation des Télécommunications/TIC de Côte d’lvoire (ARTCI),,,,,no,no,no,,https://www.iana.org/domains/root/db/ci.html | https://data.iana.org/TLD/tlds-alpha-by-domain.txt,delegated,2026-10-04,country-code,,,,Autorité de Régulation des Télécommunications/TIC de Côte d’lvoire (ARTCI),,,,,,,,,.ci,basic,yes
.cipriani,,delegated,generic,Hotel Cipriani Srl,,,,,no,no,no,,https://www.iana.org/domains/root/db/cipriani.html | https://data.iana.org/TLD/tlds-alpha-by-domain.txt,delegated,2026-10-04,generic,,,,Hotel Cipriani Srl,,,,,,,,,.cipriani,basic,yes
.circle,,delegated,generic,"Jolly Host, LLC",,,,,no,no,no,,https://www.iana.org/domains/root/db/circle.html | https://data.iana.org/TLD/tlds-alpha-by-domain.txt,delegated,2026-10-04,generic,,,,"Jolly Host, LLC",,,,,,,,,.circle,basic,yes
.cisco,,delegated,generic,"Cisco Technology, Inc.",,,,,no,no,no,,https://www.iana.org/domains/root/db/cisco.html | https://data.iana.org/TLD/tlds-alpha-by-domain.txt,delegated,2026-10-04,generic,,,,"Cisco Technology, Inc.",,,,,,,,,.cisco,basic,yes
.citadel,,delegated,generic,Citadel Domain LLC,,,,,no,no,no,,https://www.iana.org/domains/root/db/citadel.html | https://data.iana.org/TLD/tlds-alpha-by-domain.txt,delegated,2026-10-04,generic,,,,Citadel Domain LLC,,,,,,,,,.citadel,basic,yes
.citi,,delegated,generic,Citigroup Inc.,,,,,no,no,no,,https://www.iana.org/domains/root/db/citi.html | https://data.iana.org/TLD/tlds-alpha-by-domain.txt,delegated,2026-10-04,generic,,,,Citigroup Inc.,,,,,,,,,.citi,basic,yes
.citic,,delegated,generic,CITIC Group Corporation,,,,,no,no,no,,https://www.iana.org/domains/root/db/citic.html | https://data.iana.org/TLD/tlds-alpha-by-domain.txt,delegated,2026-10-04,generic,,,,CITIC Group Corporation,,,,,,,,,.citic,basic,yes
.city,,delegated,generic,"Binky Moon, LLC",,,,,no,no,no,,https://www.iana.org/domains/root/db/city.html | https://data.iana.org/TLD/tlds-alpha-by-domain.txt,delegated,2026-10-04,generic,,,,"Binky Moon, LLC",,,,,,,,,.city,basic,yes
.ck,,delegated,country-code,Telecom Cook Islands Ltd.,,,,,no,no,no,,https://www.iana.org/domains/root/db/ck.html | https://data.iana.org/TLD/tlds-alpha-by-domain.txt,delegated,2026-10-04,country-code,,,,Telecom Cook Islands Ltd.,,,,,,,,,.ck,basic,yes
.cl,,delegated,country-code,NIC Chile (University of Chile),,,,,no,no,no,,https://www.iana.org/domains/root/db/cl.html | https://data.iana.org/TLD/tlds-alpha-by-domain.txt,delegated,2026-10-04,country-code,,,,NIC Chile (University of Chile),,,,,,,,,.cl,basic,yes
.claims,,delegated,generic,"Binky Moon, LLC",,,,,no,no,no,,https://www.iana.org/domains/root/db/claims.html | https://data.iana.org/TLD/tlds-alpha-by-domain.txt,delegated,2026-10-04,generic,,,,"Binky Moon, LLC",,,,,,,,,.claims,basic,yes
.cleaning,,delegated,generic,"Binky Moon, LLC",,,,,no,no,no,,https://www.iana.org/domains/root/db/cleaning.html | https://data.iana.org/TLD/tlds-alpha-by-domain.txt,delegated,2026-10-04,generic,,,,"Binky Moon, LLC",,,,,,,,,.cleaning,basic,yes
.click,,delegated,generic,Internet Naming Co.,,,,,no,no,no,,https://www.iana.org/domains/root/db/click.html | https://data.iana.org/TLD/tlds-alpha-by-domain.txt,delegated,2026-10-04,generic,,,,Internet Naming Co.,,,,,,,,,.click,basic,yes
.clinic,,delegated,generic,"Binky Moon, LLC",,,,,no,no,no,,https://www.iana.org/domains/root/db/clinic.html | https://data.iana.org/TLD/tlds-alpha-by-domain.txt,delegated,2026-10-04,generic,,,,"Binky Moon, LLC",,,,,,,,,.clinic,basic,yes
.clinique,,delegated,generic,The Estée Lauder Companies Inc.,,,,,no,no,no,,https://www.iana.org/domains/root/db/clinique.html | https://data.iana.org/TLD/tlds-alpha-by-domain.txt,delegated,2026-10-04,generic,,,,The Estée Lauder Companies Inc.,,,,,,,,,.clinique,basic,yes
.clothing,,delegated,generic,"Binky Moon, LLC",,,,,no,no,no,,https://www.iana.org/domains/root/db/clothing.html | https://data.iana.org/TLD/tlds-alpha-by-domain.txt,delegated,2026-10-04,generic,,,,"Binky Moon, LLC",,,,,,,,,.clothing,basic,yes
.cloud,,delegated,generic,ARUBA PEC S.p.A.,,,,,no,no,no,,https://www.iana.org/domains/root/db/cloud.html | https://data.iana.org/TLD/tlds-alpha-by-domain.txt,delegated,2026-10-04,generic,,,,ARUBA PEC S.p.A.,,,,,,,,,.cloud,basic,yes
.club,,delegated,generic,"Registry Services, LLC",,,,,no,no,no,,https://www.iana.org/domains/root/db/club.html | https://data.iana.org/TLD/tlds-alpha-by-domain.txt,delegated,2026-10-04,generic,,,,"Registry Services, LLC",,,,,,,,,.club,basic,yes
.clubmed,,delegated,generic,Club Méditerranée S.A.,,,,,no,no,no,,https://www.iana.org/domains/root/db/clubmed.html | https://data.iana.org/TLD/tlds-alpha-by-domain.txt,delegated,2026-10-04,generic,,,,Club Méditerranée S.A.,,,,,,,,,.clubmed,basic,yes
.cm,,delegated,country-code,Agence Nationale des Technologies de l'Information et de la Communication (ANTIC),,,,,no,no,no,,https://www.iana.org/domains/root/db/cm.html | https://data.iana.org/TLD/tlds-alpha-by-domain.txt,delegated,2026-10-04,country-code,,,,Agence Nationale des Technologies de l'Information et de la Communication (ANTIC),,,,,,,,,.cm,basic,yes
.cn,,delegated,country-code,China Internet Network Information Center (CNNIC),,,,,no,no,no,,https://www.iana.org/domains/root/db/cn.html | https://data.iana.org/TLD/tlds-alpha-by-domain.txt,delegated,2026-10-04,country-code,,,,China Internet Network Information Center (CNNIC),,,,,,,,,.cn,basic,yes
.co,legacy,delegated,country-code,Ministry of Information and Communications Technologies (MinTIC),,Colombia,business | semanticDrift,,yes,no,no,,https://www.iana.org/domains/root/db/co.html | https://data.iana.org/TLD/tlds-alpha-by-domain.txt | https://www.iana.org/reports/2009/co-report-24nov2009.html,delegated,2026-10-04,country-code,,legacy,legacy,Ministry of Information and Communications Technologies (MinTIC),Colombia,CentralNic,United Kingdom of Great Britain and Northern Ireland (the),Colombia,,1991-12-24,,,.co,curated,yes
.coach,,delegated,generic,"Binky Moon, LLC",,,,,no,no,no,,https://www.iana.org/domains/root/db/coach.html | https://data.iana.org/TLD/tlds-alpha-by-domain.txt,delegated,2026-10-04,generic,,,,"Binky Moon, LLC",,,,,,,,,.coach,basic,yes
.codes,,delegated,generic,"Binky Moon, LLC",,,,,no,no,no,,https://www.iana.org/domains/root/db/codes.html | https://data.iana.org/TLD/tlds-alpha-by-domain.txt,delegated,2026-10-04,generic,,,,"Binky Moon, LLC",,,,,,,,,.codes,basic,yes
.coffee,,delegated,generic,"Binky Moon, LLC",,,,,no,no,no,,https://www.iana.org/domains/root/db/coffee.html | https://data.iana.org/TLD/tlds-alpha-by-domain.txt,delegated,2026-10-04,generic,,,,"Binky Moon, LLC",,,,,,,,,.coffee,basic,yes
.college,,delegated,generic,XYZ.COM LLC,,,,,no,no,no,,https://www.iana.org/domains/root/db/college.html | https://data.iana.org/TLD/tlds-alpha-by-domain.txt,delegated,2026-10-04,generic,,,,XYZ.COM LLC,,,,,,,,,.college,basic,yes
.cologne,,delegated,generic,dotKoeln GmbH,,,,,no,no,no,,https://www.iana.org/domains/root/db/cologne.html | https://data.iana.org/TLD/tlds-alpha-by-domain.txt,delegated,2026-10-04,generic,,,,dotKoeln GmbH,,,,,,,,,.cologne,basic,yes
.com,legacy,delegated,generic,VeriSign Global Registry Services,,United States,business,,no,no,no,,https://www.iana.org/domains/root/db/com.html | https://data.iana.org/TLD/tlds-alpha-by-domain.txt | https://www.iana.org/domains/root/db,delegated,2026-10-04,generic,,legacy,legacy,VeriSign Global Registry Services,United States of America (the),VeriSign Global Registry Services,United States of America (the),United States,,1985-01-01,,,.com,curated,yes
.commbank,,delegated,generic,COMMONWEALTH BANK OF AUSTRALIA,,,,,no,no,no,,https://www.iana.org/domains/root/db/commbank.html | https://data.iana.org/TLD/tlds-alpha-by-domain.txt,delegated,2026-10-04,generic,,,,COMMONWEALTH BANK OF AUSTRALIA,,,,,,,,,.commbank,basic,yes
.community,,delegated,generic,"Binky Moon, LLC",,,,,no,no,no,,https://www.iana.org/domains/root/db/community.html | https://data.iana.org/TLD/tlds-alpha-by-domain.txt,delegated,2026-10-04,generic,,,,"Binky Moon, LLC",,,,,,,,,.community,basic,yes
.company,,delegated,generic,"Binky Moon, LLC",,,,,no,no,no,,https://www.iana.org/domains/root/db/company.html | https://data.iana.org/TLD/tlds-alpha-by-domain.txt,delegated,2026-10-04,generic,,,,"Binky Moon, LLC",,,,,,,,,.company,basic,yes
.compare,,delegated,generic,"Registry Services, LLC",,,,,no,no,no,,https://www.iana.org/domains/root/db/compare.html | https://data.iana.org/TLD/tlds-alpha-by-domain.txt,delegated,2026-10-04,generic,,,,"Registry Services, LLC",,,,,,,,,.compare,basic,yes
.computer,,delegated,generic,"Binky Moon, LLC",,,,,no,no,no,,https://www.iana.org/domains/root/db/computer.html | https://data.iana.org/TLD/tlds-alpha-by-domain.txt,delegated,2026-10-04,generic,,,,"Binky Moon, LLC",,,,,,,,,.computer,basic,yes
.comsec,,delegated,generic,"VeriSign, Inc.",,,,,no,no,no,,https://www.iana.org/domains/root/db/comsec.html | https://data.iana.org/TLD/tlds-alpha-by-domain.txt,delegated,2026-10-04,generic,,,,"VeriSign, Inc.",,,,,,,,,.comsec,basic,yes
.condos,,delegated,generic,"Binky Moon, LLC",,,,,no,no,no,,https://www.iana.org/domains/root/db/condos.html | https://data.iana.org/TLD/tlds-alpha-by-domain.txt,delegated,2026-10-04,generic,,,,"Binky Moon, LLC",,,,,,,,,.condos,basic,yes
.construction,,delegated,generic,"Binky Moon, LLC",,,,,no,no,no,,https://www.iana.org/domains/root/db/construction.html | https://data.iana.org/TLD/tlds-alpha-by-domain.txt,delegated,2026-10-04,generic,,,,"Binky Moon, LLC",,,,,,,,,.construction,basic,yes
.consulting,,delegated,generic,"Dog Beach, LLC",,,,,no,no,no,,https://www.iana.org/domains/root/db/consulting.html | https://data.iana.org/TLD/tlds-alpha-by-domain.txt,delegated,2026-10-04,generic,,,,"Dog Beach, LLC",,,,,,,,,.consulting,basic,yes
.contact,,delegated,generic,"Dog Beach, LLC",,,,,no,no,no,,https://www.iana.org/domains/root/db/contact.html | https://data.iana.org/TLD/tlds-alpha-by-domain.txt,delegated,2026-10-04,generic,,,,"Dog Beach, LLC",,,,,,,,,.contact,basic,yes
.contractors,,delegated,generic,"Binky Moon, LLC",,,,,no,no,no,,https://www.iana.org/domains/root/db/contractors.html | https://data.iana.org/TLD/tlds-alpha-by-domain.txt,delegated,2026-10-04,generic,,,,"Binky Moon, LLC",,,,,,,,,.contractors,basic,yes
.cooking,,delegated,generic,"Registry Services, LLC",,,,,no,no,no,,https://www.iana.org/domains/root/db/cooking.html | https://data.iana.org/TLD/tlds-alpha-by-domain.txt,delegated,2026-10-04,generic,,,,"Registry Services, LLC",,,,,,,,,.cooking,basic,yes
.cool,,delegated,generic,"Binky Moon, LLC",,,,,no,no,no,,https://www.iana.org/domains/root/db/cool.html | https://data.iana.org/TLD/tlds-alpha-by-domain.txt,delegated,2026-10-04,generic,,,,"Binky Moon, LLC",,,,,,,,,.cool,basic,yes
.coop,,delegated,sponsored,DotCooperation LLC,,,,,no,no,no,,https://www.iana.org/domains/root/db/coop.html | https://data.iana.org/TLD/tlds-alpha-by-domain.txt,delegated,2026-10-04,sponsored,,,,DotCooperation LLC,,,,,,,,,.coop,basic,yes
.corsica,,delegated,generic,Collectivité de Corse,,,,,no,no,no,,https://www.iana.org/domains/root/db/corsica.html | https://data.iana.org/TLD/tlds-alpha-by-domain.txt,delegated,2026-10-04,generic,,,,Collectivité de Corse,,,,,,,,,.corsica,basic,yes
.country,,delegated,generic,Internet Naming Co.,,,,,no,no,no,,https://www.iana.org/domains/root/db/country.html | https://data.iana.org/TLD/tlds-alpha-by-domain.txt,delegated,2026-10-04,generic,,,,Internet Naming Co.,,,,,,,,,.country,basic,yes
.coupon,,delegated,generic,"Amazon Registry Services, Inc.",,,,,no,no,no,,https://www.iana.org/domains/root/db/coupon.html | https://data.iana.org/TLD/tlds-alpha-by-domain.txt,delegated,2026-10-04,generic,,,,"Amazon Registry Services, Inc.",,,,,,,,,.coupon,basic,yes
.coupons,,delegated,generic,"Binky Moon, LLC",,,,,no,no,no,,https://www.iana.org/domains/root/db/coupons.html | https://data.iana.org/TLD/tlds-alpha-by-domain.txt,delegated,2026-10-04,generic,,,,"Binky Moon, LLC",,,,,,,,,.coupons,basic,yes
.courses,,delegated,generic,"Registry Services, LLC",,,,,no,no,no,,https://www.iana.org/domains/root/db/courses.html | https://data.iana.org/TLD/tlds-alpha-by-domain.txt,delegated,2026-10-04,generic,,,,"Registry Services, LLC",,,,,,,,,.courses,basic,yes
.cpa,,delegated,generic,American Institute of Certified Public Accountants,,,,,no,no,no,,https://www.iana.org/domains/root/db/cpa.html | https://data.iana.org/TLD/tlds-alpha-by-domain.txt,delegated,2026-10-04,generic,,,,American Institute of Certified Public Accountants,,,,,,,,,.cpa,basic,yes
.cr,,delegated,country-code,National Academy of Sciences (Academia Nacional de Ciencias),,,,,no,no,no,,https://www.iana.org/domains/root/db/cr.html | https://data.iana.org/TLD/tlds-alpha-by-domain.txt,delegated,2026-10-04,country-code,,,,National Academy of Sciences (Academia Nacional de Ciencias),,,,,,,,,.cr,basic,yes
.credit,,delegated,generic,"Binky Moon, LLC",,,,,no,no,no,,https://www.iana.org/domains/root/db/credit.html | https://data.iana.org/TLD/tlds-alpha-by-domain.txt,delegated,2026-10-04,generic,,,,"Binky Moon, LLC",,,,,,,,,.credit,basic,yes
.creditcard,,delegated,generic,"Binky Moon, LLC",,,,,no,no,no,,https://www.iana.org/domains/root/db/creditcard.html | https://data.iana.org/TLD/tlds-alpha-by-domain.txt,delegated,2026-10-04,generic,,,,"Binky Moon, LLC",,,,,,,,,.creditcard,basic,yes
.creditunion,,delegated,generic,"DotCooperation, LLC",,,,,no,no,no,,https://www.iana.org/domains/root/db/creditunion.html | https://data.iana.org/TLD/tlds-alpha-by-domain.txt,delegated,2026-10-04,generic,,,,"DotCooperation, LLC",,,,,,,,,.creditunion,basic,yes
.cricket,,delegated,generic,dot Cricket Limited,,,,,no,no,no,,https://www.iana.org/domains/root/db/cricket.html | https://data.iana.org/TLD/tlds-alpha-by-domain.txt,delegated,2026-10-04,generic,,,,dot Cricket Limited,,,,,,,,,.cricket,basic,yes
.crown,,delegated,generic,Crown Equipment Corporation,,,,,no,no,no,,https://www.iana.org/domains/root/db/crown.html | https://data.iana.org/TLD/tlds-alpha-by-domain.txt,delegated,2026-10-04,generic,,,,Crown Equipment Corporation,,,,,,,,,.crown,basic,yes
.crs,,delegated,generic,Federated Co-operatives Limited,,,,,no,no,no,,https://www.iana.org/domains/root/db/crs.html | https://data.iana.org/TLD/tlds-alpha-by-domain.txt,delegated,2026-10-04,generic,,,,Federated Co-operatives Limited,,,,,,,,,.crs,basic,yes
.cruise,,delegated,generic,Viking River Cruises (Bermuda) Ltd.,,,,,no,no,no,,https://www.iana.org/domains/root/db/cruise.html | https://data.iana.org/TLD/tlds-alpha-by-domain.txt,delegated,2026-10-04,generic,,,,Viking River Cruises (Bermuda) Ltd.,,,,,,,,,.cruise,basic,yes
.cruises,,delegated,generic,"Binky Moon, LLC",,,,,no,no,no,,https://www.iana.org/domains/root/db/cruises.html | https://data.iana.org/TLD/tlds-alpha-by-domain.txt,delegated,2026-10-04,generic,,,,"Binky Moon, LLC",,,,,,,,,.cruises,basic,yes
.cs,legacy,retired,country-code,,,Czechoslovakia; Serbia and Montenegro (code reassignment),geopolitics | history,,yes,no,no,,https://www.icann.org/en/board-activities-and-meetings/materials/preliminary-report-special-meeting-of-the-board-13-10-2003-en | https://www.iana.org/reports/2007/me-report-11sep2007.html,retired,2026-10-04,country-code,,,legacy,,,,,Czechoslovakia; Serbia and Montenegro (code reassignment),,,,,.cs,curated,no
.cu,,delegated,country-code,CENIAInternet,,,,,no,no,no,,https://www.iana.org/domains/root/db/cu.html | https://data.iana.org/TLD/tlds-alpha-by-domain.txt,delegated,2026-10-04,country-code,,,,CENIAInternet,,,,,,,,,.cu,basic,yes
.cuisinella,,delegated,generic,SCHMIDT GROUPE S.A.S.,,,,,no,no,no,,https://www.iana.org/domains/root/db/cuisinella.html | https://data.iana.org/TLD/tlds-alpha-by-domain.txt,delegated,2026-10-04,generic,,,,SCHMIDT GROUPE S.A.S.,,,,,,,,,.cuisinella,basic,yes
.cv,,delegated,country-code,Agência Reguladora Multissectorial da Economia (ARME),,,,,no,no,no,,https://www.iana.org/domains/root/db/cv.html | https://data.iana.org/TLD/tlds-alpha-by-domain.txt,delegated,2026-10-04,country-code,,,,Agência Reguladora Multissectorial da Economia (ARME),,,,,,,,,.cv,basic,yes
.cw,,delegated,country-code,University of Curacao,,,,,no,no,no,,https://www.iana.org/domains/root/db/cw.html | https://data.iana.org/TLD/tlds-alpha-by-domain.txt,delegated,2026-10-04,country-code,,,,University of Curacao,,,,,,,,,.cw,basic,yes
.cx,,delegated,country-code,Christmas Island Domain Administration Limited,,,,,no,no,no,,https://www.iana.org/domains/root/db/cx.html | https://data.iana.org/TLD/tlds-alpha-by-domain.txt,delegated,2026-10-04,country-code,,,,Christmas Island Domain Administration Limited,,,,,,,,,.cx,basic,yes
.cy,,delegated,country-code,University of Cyprus,,,,,no,no,no,,https://www.iana.org/domains/root/db/cy.html | https://data.iana.org/TLD/tlds-alpha-by-domain.txt,delegated,2026-10-04,country-code,,,,University of Cyprus,,,,,,,,,.cy,basic,yes
.cymru,,delegated,generic,Nominet UK,,,,,no,no,no,,https://www.iana.org/domains/root/db/cymru.html | https://data.iana.org/TLD/tlds-alpha-by-domain.txt,delegated,2026-10-04,generic,,,,Nominet UK,,,,,,,,,.cymru,basic,yes
.cyou,,delegated,generic,Shortdot SA,,,,,no,no,no,,https://www.iana.org/domains/root/db/cyou.html | https://data.iana.org/TLD/tlds-alpha-by-domain.txt,delegated,2026-10-04,generic,,,,Shortdot SA,,,,,,,,,.cyou,basic,yes
.cz,,delegated,country-code,"CZ.NIC, z.s.p.o",,,,,no,no,no,,https://www.iana.org/domains/root/db/cz.html | https://data.iana.org/TLD/tlds-alpha-by-domain.txt,delegated,2026-10-04,country-code,,,,"CZ.NIC, z.s.p.o",,,,,,,,,.cz,basic,yes
.dad,,delegated,generic,Charleston Road Registry Inc.,,,,,no,no,no,,https://www.iana.org/domains/root/db/dad.html | https://data.iana.org/TLD/tlds-alpha-by-domain.txt,delegated,2026-10-04,generic,,,,Charleston Road Registry Inc.,,,,,,,,,.dad,basic,yes
.dance,,delegated,generic,"Dog Beach, LLC",,,,,no,no,no,,https://www.iana.org/domains/root/db/dance.html | https://data.iana.org/TLD/tlds-alpha-by-domain.txt,delegated,2026-10-04,generic,,,,"Dog Beach, LLC",,,,,,,,,.dance,basic,yes
.data,,delegated,generic,Dish DBS Corporation,,,,,no,no,no,,https://www.iana.org/domains/root/db/data.html | https://data.iana.org/TLD/tlds-alpha-by-domain.txt,delegated,2026-10-04,generic,,,,Dish DBS Corporation,,,,,,,,,.data,basic,yes
.date,,delegated,generic,dot Date Limited,,,,,no,no,no,,https://www.iana.org/domains/root/db/date.html | https://data.iana.org/TLD/tlds-alpha-by-domain.txt,delegated,2026-10-04,generic,,,,dot Date Limited,,,,,,,,,.date,basic,yes
.dating,2012,delegated,generic,"Binky Moon, LLC",,,intimacy,,yes,no,no,,https://www.iana.org/domains/root/db/dating.html | https://data.iana.org/TLD/tlds-alpha-by-domain.txt,delegated,2026-10-04,generic,,2012,2012,"Binky Moon, LLC",United States of America (the),Identity Digital Limited,United States of America (the),,,2014-01-23,,,.dating,curated,yes
.datsun,,delegated,generic,"NISSAN MOTOR CO., LTD.",,,,,no,no,no,,https://www.iana.org/domains/root/db/datsun.html | https://data.iana.org/TLD/tlds-alpha-by-domain.txt,delegated,2026-10-04,generic,,,,"NISSAN MOTOR CO., LTD.",,,,,,,,,.datsun,basic,yes
.day,,delegated,generic,Charleston Road Registry Inc.,,,,,no,no,no,,https://www.iana.org/domains/root/db/day.html | https://data.iana.org/TLD/tlds-alpha-by-domain.txt,delegated,2026-10-04,generic,,,,Charleston Road Registry Inc.,,,,,,,,,.day,basic,yes
.dclk,,delegated,generic,Charleston Road Registry Inc.,,,,,no,no,no,,https://www.iana.org/domains/root/db/dclk.html | https://data.iana.org/TLD/tlds-alpha-by-domain.txt,delegated,2026-10-04,generic,,,,Charleston Road Registry Inc.,,,,,,,,,.dclk,basic,yes
.dds,,delegated,generic,"Registry Services, LLC",,,,,no,no,no,,https://www.iana.org/domains/root/db/dds.html | https://data.iana.org/TLD/tlds-alpha-by-domain.txt,delegated,2026-10-04,generic,,,,"Registry Services, LLC",,,,,,,,,.dds,basic,yes
.de,,delegated,country-code,DENIC eG,,,,,no,no,no,,https://www.iana.org/domains/root/db/de.html | https://data.iana.org/TLD/tlds-alpha-by-domain.txt,delegated,2026-10-04,country-code,,,,DENIC eG,,,,,,,,,.de,basic,yes
.deal,,delegated,generic,"Amazon Registry Services, Inc.",,,,,no,no,no,,https://www.iana.org/domains/root/db/deal.html | https://data.iana.org/TLD/tlds-alpha-by-domain.txt,delegated,2026-10-04,generic,,,,"Amazon Registry Services, Inc.",,,,,,,,,.deal,basic,yes
.dealer,,delegated,generic,Intercap Registry Inc.,,,,,no,no,no,,https://www.iana.org/domains/root/db/dealer.html | https://data.iana.org/TLD/tlds-alpha-by-domain.txt,delegated,2026-10-04,generic,,,,Intercap Registry Inc.,,,,,,,,,.dealer,basic,yes
.deals,,delegated,generic,"Binky Moon, LLC",,,,,no,no,no,,https://www.iana.org/domains/root/db/deals.html | https://data.iana.org/TLD/tlds-alpha-by-domain.txt,delegated,2026-10-04,generic,,,,"Binky Moon, LLC",,,,,,,,,.deals,basic,yes
.degree,,delegated,generic,"Dog Beach, LLC",,,,,no,no,no,,https://www.iana.org/domains/root/db/degree.html | https://data.iana.org/TLD/tlds-alpha-by-domain.txt,delegated,2026-10-04,generic,,,,"Dog Beach, LLC",,,,,,,,,.degree,basic,yes
.delivery,,delegated,generic,"Binky Moon, LLC",,,,,no,no,no,,https://www.iana.org/domains/root/db/delivery.html | https://data.iana.org/TLD/tlds-alpha-by-domain.txt,delegated,2026-10-04,generic,,,,"Binky Moon, LLC",,,,,,,,,.delivery,basic,yes
.dell,,delegated,generic,Dell Inc.,,,,,no,no,no,,https://www.iana.org/domains/root/db/dell.html | https://data.iana.org/TLD/tlds-alpha-by-domain.txt,delegated,2026-10-04,generic,,,,Dell Inc.,,,,,,,,,.dell,basic,yes
.deloitte,,delegated,generic,Deloitte Touche Tohmatsu,,,,,no,no,no,,https://www.iana.org/domains/root/db/deloitte.html | https://data.iana.org/TLD/tlds-alpha-by-domain.txt,delegated,2026-10-04,generic,,,,Deloitte Touche Tohmatsu,,,,,,,,,.deloitte,basic,yes
.delta,,delegated,generic,"Delta Air Lines, Inc.",,,,,no,no,no,,https://www.iana.org/domains/root/db/delta.html | https://data.iana.org/TLD/tlds-alpha-by-domain.txt,delegated,2026-10-04,generic,,,,"Delta Air Lines, Inc.",,,,,,,,,.delta,basic,yes
.democrat,,delegated,generic,"Dog Beach, LLC",,,,,no,no,no,,https://www.iana.org/domains/root/db/democrat.html | https://data.iana.org/TLD/tlds-alpha-by-domain.txt,delegated,2026-10-04,generic,,,,"Dog Beach, LLC",,,,,,,,,.democrat,basic,yes
.dental,,delegated,generic,"Binky Moon, LLC",,,,,no,no,no,,https://www.iana.org/domains/root/db/dental.html | https://data.iana.org/TLD/tlds-alpha-by-domain.txt,delegated,2026-10-04,generic,,,,"Binky Moon, LLC",,,,,,,,,.dental,basic,yes
.dentist,,delegated,generic,"Dog Beach, LLC",,,,,no,no,no,,https://www.iana.org/domains/root/db/dentist.html | https://data.iana.org/TLD/tlds-alpha-by-domain.txt,delegated,2026-10-04,generic,,,,"Dog Beach, LLC",,,,,,,,,.dentist,basic,yes
.desi,,delegated,generic,Emergency Back-End Registry Operator Program - ICANN,,,,,no,no,no,,https://www.iana.org/domains/root/db/desi.html | https://data.iana.org/TLD/tlds-alpha-by-domain.txt,delegated,2026-10-04,generic,,,,Emergency Back-End Registry Operator Program - ICANN,,,,,,,,,.desi,basic,yes
.design,2012,delegated,generic,"Registry Services, LLC",,,,8,no,no,no,,https://www.iana.org/domains/root/db/design.html | https://data.iana.org/TLD/tlds-alpha-by-domain.txt | https://newgtlds.icann.org/en/program-status/statistics,delegated,2026-10-04,generic,,2012,2012,"Registry Services, LLC",United States of America (the),GoDaddy Registry,United States of America (the),,,2014-12-18,2012,,.design,curated,yes
.dev,,delegated,generic,Charleston Road Registry Inc.,,,,,no,no,no,,https://www.iana.org/domains/root/db/dev.html | https://data.iana.org/TLD/tlds-alpha-by-domain.txt,delegated,2026-10-04,generic,,,,Charleston Road Registry Inc.,,,,,,,,,.dev,basic,yes
.dhl,,delegated,generic,Deutsche Post AG,,,,,no,no,no,,https://www.iana.org/domains/root/db/dhl.html | https://data.iana.org/TLD/tlds-alpha-by-domain.txt,delegated,2026-10-04,generic,,,,Deutsche Post AG,,,,,,,,,.dhl,basic,yes
.diamonds,,delegated,generic,"Binky Moon, LLC",,,,,no,no,no,,https://www.iana.org/domains/root/db/diamonds.html | https://data.iana.org/TLD/tlds-alpha-by-domain.txt,delegated,2026-10-04,generic,,,,"Binky Moon, LLC",,,,,,,,,.diamonds,basic,yes
.diet,,delegated,generic,XYZ.COM LLC,,,,,no,no,no,,https://www.iana.org/domains/root/db/diet.html | https://data.iana.org/TLD/tlds-alpha-by-domain.txt,delegated,2026-10-04,generic,,,,XYZ.COM LLC,,,,,,,,,.diet,basic,yes
.digital,,delegated,generic,"Binky Moon, LLC",,,,,no,no,no,,https://www.iana.org/domains/root/db/digital.html | https://data.iana.org/TLD/tlds-alpha-by-domain.txt,delegated,2026-10-04,generic,,,,"Binky Moon, LLC",,,,,,,,,.digital,basic,yes
.direct,,delegated,generic,"Binky Moon, LLC",,,,,no,no,no,,https://www.iana.org/domains/root/db/direct.html | https://data.iana.org/TLD/tlds-alpha-by-domain.txt,delegated,2026-10-04,generic,,,,"Binky Moon, LLC",,,,,,,,,.direct,basic,yes
.directory,,delegated,generic,"Binky Moon, LLC",,,,,no,no,no,,https://www.iana.org/domains/root/db/directory.html | https://data.iana.org/TLD/tlds-alpha-by-domain.txt,delegated,2026-10-04,generic,,,,"Binky Moon, LLC",,,,,,,,,.directory,basic,yes
.discount,,delegated,generic,"Binky Moon, LLC",,,,,no,no,no,,https://www.iana.org/domains/root/db/discount.html | https://data.iana.org/TLD/tlds-alpha-by-domain.txt,delegated,2026-10-04,generic,,,,"Binky Moon, LLC",,,,,,,,,.discount,basic,yes
.discover,,delegated,generic,Discover Financial Services,,,,,no,no,no,,https://www.iana.org/domains/root/db/discover.html | https://data.iana.org/TLD/tlds-alpha-by-domain.txt,delegated,2026-10-04,generic,,,,Discover Financial Services,,,,,,,,,.discover,basic,yes
.dish,,delegated,generic,Dish DBS Corporation,,,,,no,no,no,,https://www.iana.org/domains/root/db/dish.html | https://data.iana.org/TLD/tlds-alpha-by-domain.txt,delegated,2026-10-04,generic,,,,Dish DBS Corporation,,,,,,,,,.dish,basic,yes
.diy,,delegated,generic,Internet Naming Co.,,,,,no,no,no,,https://www.iana.org/domains/root/db/diy.html | https://data.iana.org/TLD/tlds-alpha-by-domain.txt,delegated,2026-10-04,generic,,,,Internet Naming Co.,,,,,,,,,.diy,basic,yes
.dj,,delegated,country-code,Djibouti Telecom S.A,,,,,no,no,no,,https://www.iana.org/domains/root/db/dj.html | https://data.iana.org/TLD/tlds-alpha-by-domain.txt,delegated,2026-10-04,country-code,,,,Djibouti Telecom S.A,,,,,,,,,.dj,basic,yes
.dk,,delegated,country-code,Dansk Internet Forum,,,,,no,no,no,,https://www.iana.org/domains/root/db/dk.html | https://data.iana.org/TLD/tlds-alpha-by-domain.txt,delegated,2026-10-04,country-code,,,,Dansk Internet Forum,,,,,,,,,.dk,basic,yes
.dm,,delegated,country-code,DotDM Corporation,,,,,no,no,no,,https://www.iana.org/domains/root/db/dm.html | https://data.iana.org/TLD/tlds-alpha-by-domain.txt,delegated,2026-10-04,country-code,,,,DotDM Corporation,,,,,,,,,.dm,basic,yes
.dnp,,delegated,generic,"Dai Nippon Printing Co., Ltd.",,,,,no,no,no,,https://www.iana.org/domains/root/db/dnp.html | https://data.iana.org/TLD/tlds-alpha-by-domain.txt,delegated,2026-10-04,generic,,,,"Dai Nippon Printing Co., Ltd.",,,,,,,,,.dnp,basic,yes
.do,,delegated,country-code,"Pontificia Universidad Catolica Madre y Maestra, Recinto Santo Tomas de Aquino",,,,,no,no,no,,https://www.iana.org/domains/root/db/do.html | https://data.iana.org/TLD/tlds-alpha-by-domain.txt,delegated,2026-10-04,country-code,,,,"Pontificia Universidad Catolica Madre y Maestra, Recinto Santo Tomas de Aquino",,,,,,,,,.do,basic,yes
.docs,,delegated,generic,Charleston Road Registry Inc.,,,,,no,no,no,,https://www.iana.org/domains/root/db/docs.html | https://data.iana.org/TLD/tlds-alpha-by-domain.txt,delegated,2026-10-04,generic,,,,Charleston Road Registry Inc.,,,,,,,,,.docs,basic,yes
.doctor,,delegated,generic,"Binky Moon, LLC",,,,,no,no,no,,https://www.iana.org/domains/root/db/doctor.html | https://data.iana.org/TLD/tlds-alpha-by-domain.txt,delegated,2026-10-04,generic,,,,"Binky Moon, LLC",,,,,,,,,.doctor,basic,yes
.dog,,delegated,generic,"Binky Moon, LLC",,,,,no,no,no,,https://www.iana.org/domains/root/db/dog.html | https://data.iana.org/TLD/tlds-alpha-by-domain.txt,delegated,2026-10-04,generic,,,,"Binky Moon, LLC",,,,,,,,,.dog,basic,yes
.domains,,delegated,generic,"Binky Moon, LLC",,,,,no,no,no,,https://www.iana.org/domains/root/db/domains.html | https://data.iana.org/TLD/tlds-alpha-by-domain.txt,delegated,2026-10-04,generic,,,,"Binky Moon, LLC",,,,,,,,,.domains,basic,yes
.dot,,delegated,generic,Dish DBS Corporation,,,,,no,no,no,,https://www.iana.org/domains/root/db/dot.html | https://data.iana.org/TLD/tlds-alpha-by-domain.txt,delegated,2026-10-04,generic,,,,Dish DBS Corporation,,,,,,,,,.dot,basic,yes
.download,,delegated,generic,dot Support Limited,,,,,no,no,no,,https://www.iana.org/domains/root/db/download.html | https://data.iana.org/TLD/tlds-alpha-by-domain.txt,delegated,2026-10-04,generic,,,,dot Support Limited,,,,,,,,,.download,basic,yes
.drive,,delegated,generic,Charleston Road Registry Inc.,,,,,no,no,no,,https://www.iana.org/domains/root/db/drive.html | https://data.iana.org/TLD/tlds-alpha-by-domain.txt,delegated,2026-10-04,generic,,,,Charleston Road Registry Inc.,,,,,,,,,.drive,basic,yes
.dtv,,delegated,generic,Dish DBS Corporation,,,,,no,no,no,,https://www.iana.org/domains/root/db/dtv.html | https://data.iana.org/TLD/tlds-alpha-by-domain.txt,delegated,2026-10-04,generic,,,,Dish DBS Corporation,,,,,,,,,.dtv,basic,yes
.dubai,,delegated,generic,Dubai Smart Government Department,,,,,no,no,no,,https://www.iana.org/domains/root/db/dubai.html | https://data.iana.org/TLD/tlds-alpha-by-domain.txt,delegated,2026-10-04,generic,,,,Dubai Smart Government Department,,,,,,,,,.dubai,basic,yes
.dupont,,delegated,generic,"DuPont Specialty Products USA, LLC",,,,,no,no,no,,https://www.iana.org/domains/root/db/dupont.html | https://data.iana.org/TLD/tlds-alpha-by-domain.txt,delegated,2026-10-04,generic,,,,"DuPont Specialty Products USA, LLC",,,,,,,,,.dupont,basic,yes
.durban,,delegated,generic,ZA Central Registry NPC trading as ZA Central Registry,,,,,no,no,no,,https://www.iana.org/domains/root/db/durban.html | https://data.iana.org/TLD/tlds-alpha-by-domain.txt,delegated,2026-10-04,generic,,,,ZA Central Registry NPC trading as ZA Central Registry,,,,,,,,,.durban,basic,yes
.dvag,,delegated,generic,Deutsche Vermögensberatung Aktiengesellschaft DVAG,,,,,no,no,no,,https://www.iana.org/domains/root/db/dvag.html | https://data.iana.org/TLD/tlds-alpha-by-domain.txt,delegated,2026-10-04,generic,,,,Deutsche Vermögensberatung Aktiengesellschaft DVAG,,,,,,,,,.dvag,basic,yes
.dvr,,delegated,generic,DISH Technologies L.L.C.,,,,,no,no,no,,https://www.iana.org/domains/root/db/dvr.html | https://data.iana.org/TLD/tlds-alpha-by-domain.txt,delegated,2026-10-04,generic,,,,DISH Technologies L.L.C.,,,,,,,,,.dvr,basic,yes
.dz,,delegated,country-code,CERIST,,,,,no,no,no,,https://www.iana.org/domains/root/db/dz.html | https://data.iana.org/TLD/tlds-alpha-by-domain.txt,delegated,2026-10-04,country-code,,,,CERIST,,,,,,,,,.dz,basic,yes
.earth,,delegated,generic,Interlink Systems Innovation Institute K.K.,,,,,no,no,no,,https://www.iana.org/domains/root/db/earth.html | https://data.iana.org/TLD/tlds-alpha-by-domain.txt,delegated,2026-10-04,generic,,,,Interlink Systems Innovation Institute K.K.,,,,,,,,,.earth,basic,yes
.eat,,delegated,generic,Charleston Road Registry Inc.,,,,,no,no,no,,https://www.iana.org/domains/root/db/eat.html | https://data.iana.org/TLD/tlds-alpha-by-domain.txt,delegated,2026-10-04,generic,,,,Charleston Road Registry Inc.,,,,,,,,,.eat,basic,yes
.ec,,delegated,country-code,ECUADORDOMAIN S.A.,,,,,no,no,no,,https://www.iana.org/domains/root/db/ec.html | https://data.iana.org/TLD/tlds-alpha-by-domain.txt,delegated,2026-10-04,country-code,,,,ECUADORDOMAIN S.A.,,,,,,,,,.ec,basic,yes
.eco,2012,delegated,generic,Big Room Inc.,,,trust,,no,no,no,,https://www.iana.org/domains/root/db/eco.html | https://data.iana.org/TLD/tlds-alpha-by-domain.txt | https://go.eco/policies/eligibility/,delegated,2026-10-04,generic,,2012,2012,Big Room Inc.,Canada,Canadian Internet Registration Authority (CIRA),Canada,,,2016-08-18,,,.eco,curated,yes
.edeka,,delegated,generic,EDEKA Verband kaufmännischer Genossenschaften e.V.,,,,,no,no,no,,https://www.iana.org/domains/root/db/edeka.html | https://data.iana.org/TLD/tlds-alpha-by-domain.txt,delegated,2026-10-04,generic,,,,EDEKA Verband kaufmännischer Genossenschaften e.V.,,,,,,,,,.edeka,basic,yes
.edu,legacy,delegated,sponsored,EDUCAUSE,,United States,education,,no,no,no,,https://www.iana.org/domains/root/db/edu.html | https://data.iana.org/TLD/tlds-alpha-by-domain.txt | https://www.iana.org/domains/root/db,delegated,2026-10-04,sponsored,,legacy,legacy,EDUCAUSE,United States of America (the),VeriSign Global Registry,United States of America (the),United States,,1985-01-01,,,.edu,curated,yes
.education,,delegated,generic,"Binky Moon, LLC",,,,,no,no,no,,https://www.iana.org/domains/root/db/education.html | https://data.iana.org/TLD/tlds-alpha-by-domain.txt,delegated,2026-10-04,generic,,,,"Binky Moon, LLC",,,,,,,,,.education,basic,yes
.ee,,delegated,country-code,Eesti Interneti Sihtasutus (EIS),,,,,no,no,no,,https://www.iana.org/domains/root/db/ee.html | https://data.iana.org/TLD/tlds-alpha-by-domain.txt,delegated,2026-10-04,country-code,,,,Eesti Interneti Sihtasutus (EIS),,,,,,,,,.ee,basic,yes
.eg,,delegated,country-code,"Egyptian Universities Network (EUN), Supreme Council of Universities",,,,,no,no,no,,https://www.iana.org/domains/root/db/eg.html | https://data.iana.org/TLD/tlds-alpha-by-domain.txt,delegated,2026-10-04,country-code,,,,"Egyptian Universities Network (EUN), Supreme Council of Universities",,,,,,,,,.eg,basic,yes
.email,,delegated,generic,"Binky Moon, LLC",,,,,no,no,no,,https://www.iana.org/domains/root/db/email.html | https://data.iana.org/TLD/tlds-alpha-by-domain.txt,delegated,2026-10-04,generic,,,,"Binky Moon, LLC",,,,,,,,,.email,basic,yes
.emerck,,delegated,generic,Merck KGaA,,,,,no,no,no,,https://www.iana.org/domains/root/db/emerck.html | https://data.iana.org/TLD/tlds-alpha-by-domain.txt,delegated,2026-10-04,generic,,,,Merck KGaA,,,,,,,,,.emerck,basic,yes
.energy,,delegated,generic,"Binky Moon, LLC",,,,,no,no,no,,https://www.iana.org/domains/root/db/energy.html | https://data.iana.org/TLD/tlds-alpha-by-domain.txt,delegated,2026-10-04,generic,,,,"Binky Moon, LLC",,,,,,,,,.energy,basic,yes
.engineer,,delegated,generic,"Dog Beach, LLC",,,,,no,no,no,,https://www.iana.org/domains/root/db/engineer.html | https://data.iana.org/TLD/tlds-alpha-by-domain.txt,delegated,2026-10-04,generic,,,,"Dog Beach, LLC",,,,,,,,,.engineer,basic,yes
.engineering,,delegated,generic,"Binky Moon, LLC",,,,,no,no,no,,https://www.iana.org/domains/root/db/engineering.html | https://data.iana.org/TLD/tlds-alpha-by-domain.txt,delegated,2026-10-04,generic,,,,"Binky Moon, LLC",,,,,,,,,.engineering,basic,yes
.enterprises,,delegated,generic,"Binky Moon, LLC",,,,,no,no,no,,https://www.iana.org/domains/root/db/enterprises.html | https://data.iana.org/TLD/tlds-alpha-by-domain.txt,delegated,2026-10-04,generic,,,,"Binky Moon, LLC",,,,,,,,,.enterprises,basic,yes
.epson,,delegated,generic,Seiko Epson Corporation,,,,,no,no,no,,https://www.iana.org/domains/root/db/epson.html | https://data.iana.org/TLD/tlds-alpha-by-domain.txt,delegated,2026-10-04,generic,,,,Seiko Epson Corporation,,,,,,,,,.epson,basic,yes
.equipment,,delegated,generic,"Binky Moon, LLC",,,,,no,no,no,,https://www.iana.org/domains/root/db/equipment.html | https://data.iana.org/TLD/tlds-alpha-by-domain.txt,delegated,2026-10-04,generic,,,,"Binky Moon, LLC",,,,,,,,,.equipment,basic,yes
.er,,delegated,country-code,Eritrea Telecommunication Services Corporation (EriTel),,,,,no,no,no,,https://www.iana.org/domains/root/db/er.html | https://data.iana.org/TLD/tlds-alpha-by-domain.txt,delegated,2026-10-04,country-code,,,,Eritrea Telecommunication Services Corporation (EriTel),,,,,,,,,.er,basic,yes
.ericsson,,delegated,generic,Telefonaktiebolaget L M Ericsson,,,,,no,no,no,,https://www.iana.org/domains/root/db/ericsson.html | https://data.iana.org/TLD/tlds-alpha-by-domain.txt,delegated,2026-10-04,generic,,,,Telefonaktiebolaget L M Ericsson,,,,,,,,,.ericsson,basic,yes
.erni,,delegated,generic,ERNI Group Holding AG,,,,,no,no,no,,https://www.iana.org/domains/root/db/erni.html | https://data.iana.org/TLD/tlds-alpha-by-domain.txt,delegated,2026-10-04,generic,,,,ERNI Group Holding AG,,,,,,,,,.erni,basic,yes
.es,,delegated,country-code,Red.es,,,,,no,no,no,,https://www.iana.org/domains/root/db/es.html | https://data.iana.org/TLD/tlds-alpha-by-domain.txt,delegated,2026-10-04,country-code,,,,Red.es,,,,,,,,,.es,basic,yes
.esq,,delegated,generic,Charleston Road Registry Inc.,,,,,no,no,no,,https://www.iana.org/domains/root/db/esq.html | https://data.iana.org/TLD/tlds-alpha-by-domain.txt,delegated,2026-10-04,generic,,,,Charleston Road Registry Inc.,,,,,,,,,.esq,basic,yes
.estate,,delegated,generic,"Binky Moon, LLC",,,,,no,no,no,,https://www.iana.org/domains/root/db/estate.html | https://data.iana.org/TLD/tlds-alpha-by-domain.txt,delegated,2026-10-04,generic,,,,"Binky Moon, LLC",,,,,,,,,.estate,basic,yes
.et,,delegated,country-code,Ethio telecom,,,,,no,no,no,,https://www.iana.org/domains/root/db/et.html | https://data.iana.org/TLD/tlds-alpha-by-domain.txt,delegated,2026-10-04,country-code,,,,Ethio telecom,,,,,,,,,.et,basic,yes
.eu,legacy,delegated,country-code,EURid vzw,,European Union,supranational,,yes,no,no,,https://www.iana.org/domains/root/db/eu.html | https://data.iana.org/TLD/tlds-alpha-by-domain.txt | https://www.iana.org/help/eligible-tlds,delegated,2026-10-04,country-code,,legacy,legacy,EURid vzw,Belgium,EURid vzw,Belgium,European Union,,2005-04-28,,,.eu,curated,yes
.eurovision,,delegated,generic,European Broadcasting Union (EBU),,,,,no,no,no,,https://www.iana.org/domains/root/db/eurovision.html | https://data.iana.org/TLD/tlds-alpha-by-domain.txt,delegated,2026-10-04,generic,,,,European Broadcasting Union (EBU),,,,,,,,,.eurovision,basic,yes
.eus,,delegated,generic,Puntueus Fundazioa,,,,,no,no,no,,https://www.iana.org/domains/root/db/eus.html | https://data.iana.org/TLD/tlds-alpha-by-domain.txt,delegated,2026-10-04,generic,,,,Puntueus Fundazioa,,,,,,,,,.eus,basic,yes
.events,,delegated,generic,"Binky Moon, LLC",,,,,no,no,no,,https://www.iana.org/domains/root/db/events.html | https://data.iana.org/TLD/tlds-alpha-by-domain.txt,delegated,2026-10-04,generic,,,,"Binky Moon, LLC",,,,,,,,,.events,basic,yes
.exchange,,delegated,generic,"Binky Moon, LLC",,,,,no,no,no,,https://www.iana.org/domains/root/db/exchange.html | https://data.iana.org/TLD/tlds-alpha-by-domain.txt,delegated,2026-10-04,generic,,,,"Binky Moon, LLC",,,,,,,,,.exchange,basic,yes
.expert,,delegated,generic,"Binky Moon, LLC",,,,,no,no,no,,https://www.iana.org/domains/root/db/expert.html | https://data.iana.org/TLD/tlds-alpha-by-domain.txt,delegated,2026-10-04,generic,,,,"Binky Moon, LLC",,,,,,,,,.expert,basic,yes
.exposed,,delegated,generic,"Binky Moon, LLC",,,,,no,no,no,,https://www.iana.org/domains/root/db/exposed.html | https://data.iana.org/TLD/tlds-alpha-by-domain.txt,delegated,2026-10-04,generic,,,,"Binky Moon, LLC",,,,,,,,,.exposed,basic,yes
.express,,delegated,generic,"Binky Moon, LLC",,,,,no,no,no,,https://www.iana.org/domains/root/db/express.html | https://data.iana.org/TLD/tlds-alpha-by-domain.txt,delegated,2026-10-04,generic,,,,"Binky Moon, LLC",,,,,,,,,.express,basic,yes
.extraspace,,delegated,generic,Extra Space Storage LLC,,,,,no,no,no,,https://www.iana.org/domains/root/db/extraspace.html | https://data.iana.org/TLD/tlds-alpha-by-domain.txt,delegated,2026-10-04,generic,,,,Extra Space Storage LLC,,,,,,,,,.extraspace,basic,yes
.fage,,delegated,generic,Fage International S.A.,,,,,no,no,no,,https://www.iana.org/domains/root/db/fage.html | https://data.iana.org/TLD/tlds-alpha-by-domain.txt,delegated,2026-10-04,generic,,,,Fage International S.A.,,,,,,,,,.fage,basic,yes
.fail,2012,delegated,generic,"Binky Moon, LLC",,,oddity,,yes,no,no,,https://www.iana.org/domains/root/db/fail.html | https://data.iana.org/TLD/tlds-alpha-by-domain.txt,delegated,2026-10-04,generic,,2012,2012,"Binky Moon, LLC",United States of America (the),Identity Digital Limited,United States of America (the),,,2014-04-17,,,.fail,curated,yes
.fairwinds,,delegated,generic,"FairWinds Partners, LLC",,,,,no,no,no,,https://www.iana.org/domains/root/db/fairwinds.html | https://data.iana.org/TLD/tlds-alpha-by-domain.txt,delegated,2026-10-04,generic,,,,"FairWinds Partners, LLC",,,,,,,,,.fairwinds,basic,yes
.faith,,delegated,generic,dot Faith Limited,,,,,no,no,no,,https://www.iana.org/domains/root/db/faith.html | https://data.iana.org/TLD/tlds-alpha-by-domain.txt,delegated,2026-10-04,generic,,,,dot Faith Limited,,,,,,,,,.faith,basic,yes
.family,,delegated,generic,"Dog Beach, LLC",,,,,no,no,no,,https://www.iana.org/domains/root/db/family.html | https://data.iana.org/TLD/tlds-alpha-by-domain.txt,delegated,2026-10-04,generic,,,,"Dog Beach, LLC",,,,,,,,,.family,basic,yes
.fan,,delegated,generic,"Dog Beach, LLC",,,,,no,no,no,,https://www.iana.org/domains/root/db/fan.html | https://data.iana.org/TLD/tlds-alpha-by-domain.txt,delegated,2026-10-04,generic,,,,"Dog Beach, LLC",,,,,,,,,.fan,basic,yes
.fans,,delegated,generic,ZDNS International Limited,,,,,no,no,no,,https://www.iana.org/domains/root/db/fans.html | https://data.iana.org/TLD/tlds-alpha-by-domain.txt,delegated,2026-10-04,generic,,,,ZDNS International Limited,,,,,,,,,.fans,basic,yes
.farm,,delegated,generic,"Binky Moon, LLC",,,,,no,no,no,,https://www.iana.org/domains/root/db/farm.html | https://data.iana.org/TLD/tlds-alpha-by-domain.txt,delegated,2026-10-04,generic,,,,"Binky Moon, LLC",,,,,,,,,.farm,basic,yes
.farmers,,delegated,generic,Farmers Insurance Exchange,,,,,no,no,no,,https://www.iana.org/domains/root/db/farmers.html | https://data.iana.org/TLD/tlds-alpha-by-domain.txt,delegated,2026-10-04,generic,,,,Farmers Insurance Exchange,,,,,,,,,.farmers,basic,yes
.fashion,,delegated,generic,"Registry Services, LLC",,,,,no,no,no,,https://www.iana.org/domains/root/db/fashion.html | https://data.iana.org/TLD/tlds-alpha-by-domain.txt,delegated,2026-10-04,generic,,,,"Registry Services, LLC",,,,,,,,,.fashion,basic,yes
.fast,,delegated,generic,"Amazon Registry Services, Inc.",,,,,no,no,no,,https://www.iana.org/domains/root/db/fast.html | https://data.iana.org/TLD/tlds-alpha-by-domain.txt,delegated,2026-10-04,generic,,,,"Amazon Registry Services, Inc.",,,,,,,,,.fast,basic,yes
.fedex,,delegated,generic,Federal Express Corporation,,,,,no,no,no,,https://www.iana.org/domains/root/db/fedex.html | https://data.iana.org/TLD/tlds-alpha-by-domain.txt,delegated,2026-10-04,generic,,,,Federal Express Corporation,,,,,,,,,.fedex,basic,yes
.feedback,,delegated,generic,"Top Level Spectrum, Inc.",,,,,no,no,no,,https://www.iana.org/domains/root/db/feedback.html | https://data.iana.org/TLD/tlds-alpha-by-domain.txt,delegated,2026-10-04,generic,,,,"Top Level Spectrum, Inc.",,,,,,,,,.feedback,basic,yes
.ferrari,,delegated,generic,Fiat Chrysler Automobiles N.V.,,,,,no,no,no,,https://www.iana.org/domains/root/db/ferrari.html | https://data.iana.org/TLD/tlds-alpha-by-domain.txt,delegated,2026-10-04,generic,,,,Fiat Chrysler Automobiles N.V.,,,,,,,,,.ferrari,basic,yes
.ferrero,,delegated,generic,Ferrero Trading Lux S.A.,,,,,no,no,no,,https://www.iana.org/domains/root/db/ferrero.html | https://data.iana.org/TLD/tlds-alpha-by-domain.txt,delegated,2026-10-04,generic,,,,Ferrero Trading Lux S.A.,,,,,,,,,.ferrero,basic,yes
.fi,,delegated,country-code,Finnish Transport and Communications Agency Traficom,,,,,no,no,no,,https://www.iana.org/domains/root/db/fi.html | https://data.iana.org/TLD/tlds-alpha-by-domain.txt,delegated,2026-10-04,country-code,,,,Finnish Transport and Communications Agency Traficom,,,,,,,,,.fi,basic,yes
.fidelity,,delegated,generic,Fidelity Brokerage Services LLC,,,,,no,no,no,,https://www.iana.org/domains/root/db/fidelity.html | https://data.iana.org/TLD/tlds-alpha-by-domain.txt,delegated,2026-10-04,generic,,,,Fidelity Brokerage Services LLC,,,,,,,,,.fidelity,basic,yes
.fido,,delegated,generic,Rogers Communications Canada Inc.,,,,,no,no,no,,https://www.iana.org/domains/root/db/fido.html | https://data.iana.org/TLD/tlds-alpha-by-domain.txt,delegated,2026-10-04,generic,,,,Rogers Communications Canada Inc.,,,,,,,,,.fido,basic,yes
.film,,delegated,generic,Motion Picture Domain Registry Pty Ltd,,,,,no,no,no,,https://www.iana.org/domains/root/db/film.html | https://data.iana.org/TLD/tlds-alpha-by-domain.txt,delegated,2026-10-04,generic,,,,Motion Picture Domain Registry Pty Ltd,,,,,,,,,.film,basic,yes
.final,,delegated,generic,Núcleo de Informação e Coordenação do Ponto BR - NIC.br,,,,,no,no,no,,https://www.iana.org/domains/root/db/final.html | https://data.iana.org/TLD/tlds-alpha-by-domain.txt,delegated,2026-10-04,generic,,,,Núcleo de Informação e Coordenação do Ponto BR - NIC.br,,,,,,,,,.final,basic,yes
.finance,,delegated,generic,"Binky Moon, LLC",,,,,no,no,no,,https://www.iana.org/domains/root/db/finance.html | https://data.iana.org/TLD/tlds-alpha-by-domain.txt,delegated,2026-10-04,generic,,,,"Binky Moon, LLC",,,,,,,,,.finance,basic,yes
.financial,,delegated,generic,"Binky Moon, LLC",,,,,no,no,no,,https://www.iana.org/domains/root/db/financial.html | https://data.iana.org/TLD/tlds-alpha-by-domain.txt,delegated,2026-10-04,generic,,,,"Binky Moon, LLC",,,,,,,,,.financial,basic,yes
.fire,,delegated,generic,"Amazon Registry Services, Inc.",,,,,no,no,no,,https://www.iana.org/domains/root/db/fire.html | https://data.iana.org/TLD/tlds-alpha-by-domain.txt,delegated,2026-10-04,generic,,,,"Amazon Registry Services, Inc.",,,,,,,,,.fire,basic,yes
.firestone,,delegated,generic,"Bridgestone Licensing Services, Inc.",,,,,no,no,no,,https://www.iana.org/domains/root/db/firestone.html | https://data.iana.org/TLD/tlds-alpha-by-domain.txt,delegated,2026-10-04,generic,,,,"Bridgestone Licensing Services, Inc.",,,,,,,,,.firestone,basic,yes
.firmdale,,delegated,generic,Firmdale Holdings Limited,,,,,no,no,no,,https://www.iana.org/domains/root/db/firmdale.html | https://data.iana.org/TLD/tlds-alpha-by-domain.txt,delegated,2026-10-04,generic,,,,Firmdale Holdings Limited,,,,,,,,,.firmdale,basic,yes
.fish,,delegated,generic,"Binky Moon, LLC",,,,,no,no,no,,https://www.iana.org/domains/root/db/fish.html | https://data.iana.org/TLD/tlds-alpha-by-domain.txt,delegated,2026-10-04,generic,,,,"Binky Moon, LLC",,,,,,,,,.fish,basic,yes
.fishing,,delegated,generic,"Registry Services, LLC",,,,,no,no,no,,https://www.iana.org/domains/root/db/fishing.html | https://data.iana.org/TLD/tlds-alpha-by-domain.txt,delegated,2026-10-04,generic,,,,"Registry Services, LLC",,,,,,,,,.fishing,basic,yes
.fit,,delegated,generic,"Registry Services, LLC",,,,,no,no,no,,https://www.iana.org/domains/root/db/fit.html | https://data.iana.org/TLD/tlds-alpha-by-domain.txt,delegated,2026-10-04,generic,,,,"Registry Services, LLC",,,,,,,,,.fit,basic,yes
.fitness,,delegated,generic,"Binky Moon, LLC",,,,,no,no,no,,https://www.iana.org/domains/root/db/fitness.html | https://data.iana.org/TLD/tlds-alpha-by-domain.txt,delegated,2026-10-04,generic,,,,"Binky Moon, LLC",,,,,,,,,.fitness,basic,yes
.fj,,delegated,country-code,"The University of the South Pacific
IT Services",,,,,no,no,no,,https://www.iana.org/domains/root/db/fj.html | https://data.iana.org/TLD/tlds-alpha-by-domain.txt,delegated,2026-10-04,country-code,,,,"The University of the South Pacific
IT Services",,,,,,,,,.fj,basic,yes
.fk,,delegated,country-code,Falkland Islands Government,,,,,no,no,no,,https://www.iana.org/domains/root/db/fk.html | https://data.iana.org/TLD/tlds-alpha-by-domain.txt,delegated,2026-10-04,country-code,,,,Falkland Islands Government,,,,,,,,,.fk,basic,yes
.flickr,,delegated,generic,"Flickr, Inc.",,,,,no,no,no,,https://www.iana.org/domains/root/db/flickr.html | https://data.iana.org/TLD/tlds-alpha-by-domain.txt,delegated,2026-10-04,generic,,,,"Flickr, Inc.",,,,,,,,,.flickr,basic,yes
.flights,,delegated,generic,"Binky Moon, LLC",,,,,no,no,no,,https://www.iana.org/domains/root/db/flights.html | https://data.iana.org/TLD/tlds-alpha-by-domain.txt,delegated,2026-10-04,generic,,,,"Binky Moon, LLC",,,,,,,,,.flights,basic,yes
.flir,,delegated,generic,"FLIR Systems, Inc.",,,,,no,no,no,,https://www.iana.org/domains/root/db/flir.html | https://data.iana.org/TLD/tlds-alpha-by-domain.txt,delegated,2026-10-04,generic,,,,"FLIR Systems, Inc.",,,,,,,,,.flir,basic,yes
.florist,,delegated,generic,"Binky Moon, LLC",,,,,no,no,no,,https://www.iana.org/domains/root/db/florist.html | https://data.iana.org/TLD/tlds-alpha-by-domain.txt,delegated,2026-10-04,generic,,,,"Binky Moon, LLC",,,,,,,,,.florist,basic,yes
.flowers,,delegated,generic,XYZ.COM LLC,,,,,no,no,no,,https://www.iana.org/domains/root/db/flowers.html | https://data.iana.org/TLD/tlds-alpha-by-domain.txt,delegated,2026-10-04,generic,,,,XYZ.COM LLC,,,,,,,,,.flowers,basic,yes
.fly,,delegated,generic,Charleston Road Registry Inc.,,,,,no,no,no,,https://www.iana.org/domains/root/db/fly.html | https://data.iana.org/TLD/tlds-alpha-by-domain.txt,delegated,2026-10-04,generic,,,,Charleston Road Registry Inc.,,,,,,,,,.fly,basic,yes
.fm,legacy,delegated,country-code,FSM Telecommunications Corporation,,Micronesia (Federated States of),media | semanticDrift,,yes,no,no,,https://www.iana.org/domains/root/db/fm.html | https://data.iana.org/TLD/tlds-alpha-by-domain.txt | https://dot.fm/registrar/,delegated,2026-10-04,country-code,,legacy,legacy,FSM Telecommunications Corporation,Micronesia (Federated States of),FSM Telecommunications Corporation,Micronesia (Federated States of),Micronesia (Federated States of),,1995-04-19,,,.fm,curated,yes
.fo,,delegated,country-code,FO Council,,,,,no,no,no,,https://www.iana.org/domains/root/db/fo.html | https://data.iana.org/TLD/tlds-alpha-by-domain.txt,delegated,2026-10-04,country-code,,,,FO Council,,,,,,,,,.fo,basic,yes
.foo,,delegated,generic,Charleston Road Registry Inc.,,,,,no,no,no,,https://www.iana.org/domains/root/db/foo.html | https://data.iana.org/TLD/tlds-alpha-by-domain.txt,delegated,2026-10-04,generic,,,,Charleston Road Registry Inc.,,,,,,,,,.foo,basic,yes
.food,,delegated,generic,Internet Naming Co.,,,,,no,no,no,,https://www.iana.org/domains/root/db/food.html | https://data.iana.org/TLD/tlds-alpha-by-domain.txt,delegated,2026-10-04,generic,,,,Internet Naming Co.,,,,,,,,,.food,basic,yes
.football,,delegated,generic,"Binky Moon, LLC",,,,,no,no,no,,https://www.iana.org/domains/root/db/football.html | https://data.iana.org/TLD/tlds-alpha-by-domain.txt,delegated,2026-10-04,generic,,,,"Binky Moon, LLC",,,,,,,,,.football,basic,yes
.ford,,delegated,generic,Ford Motor Company,,,,,no,no,no,,https://www.iana.org/domains/root/db/ford.html | https://data.iana.org/TLD/tlds-alpha-by-domain.txt,delegated,2026-10-04,generic,,,,Ford Motor Company,,,,,,,,,.ford,basic,yes
.forex,,delegated,generic,"Dog Beach, LLC",,,,,no,no,no,,https://www.iana.org/domains/root/db/forex.html | https://data.iana.org/TLD/tlds-alpha-by-domain.txt,delegated,2026-10-04,generic,,,,"Dog Beach, LLC",,,,,,,,,.forex,basic,yes
.forsale,,delegated,generic,"Dog Beach, LLC",,,,,no,no,no,,https://www.iana.org/domains/root/db/forsale.html | https://data.iana.org/TLD/tlds-alpha-by-domain.txt,delegated,2026-10-04,generic,,,,"Dog Beach, LLC",,,,,,,,,.forsale,basic,yes
.forum,,delegated,generic,"Fegistry, LLC",,,,,no,no,no,,https://www.iana.org/domains/root/db/forum.html | https://data.iana.org/TLD/tlds-alpha-by-domain.txt,delegated,2026-10-04,generic,,,,"Fegistry, LLC",,,,,,,,,.forum,basic,yes
.foundation,,delegated,generic,Public Interest Registry (PIR),,,,,no,no,no,,https://www.iana.org/domains/root/db/foundation.html | https://data.iana.org/TLD/tlds-alpha-by-domain.txt,delegated,2026-10-04,generic,,,,Public Interest Registry (PIR),,,,,,,,,.foundation,basic,yes
.fox,,delegated,generic,"FOX Registry, LLC",,,,,no,no,no,,https://www.iana.org/domains/root/db/fox.html | https://data.iana.org/TLD/tlds-alpha-by-domain.txt,delegated,2026-10-04,generic,,,,"FOX Registry, LLC",,,,,,,,,.fox,basic,yes
.fr,,delegated,country-code,Association Française pour le Nommage Internet en Coopération (A.F.N.I.C.),,,,,no,no,no,,https://www.iana.org/domains/root/db/fr.html | https://data.iana.org/TLD/tlds-alpha-by-domain.txt,delegated,2026-10-04,country-code,,,,Association Française pour le Nommage Internet en Coopération (A.F.N.I.C.),,,,,,,,,.fr,basic,yes
.free,,delegated,generic,"Amazon Registry Services, Inc.",,,,,no,no,no,,https://www.iana.org/domains/root/db/free.html | https://data.iana.org/TLD/tlds-alpha-by-domain.txt,delegated,2026-10-04,generic,,,,"Amazon Registry Services, Inc.",,,,,,,,,.free,basic,yes
.fresenius,,delegated,generic,Fresenius Immobilien-Verwaltungs-GmbH,,,,,no,no,no,,https://www.iana.org/domains/root/db/fresenius.html | https://data.iana.org/TLD/tlds-alpha-by-domain.txt,delegated,2026-10-04,generic,,,,Fresenius Immobilien-Verwaltungs-GmbH,,,,,,,,,.fresenius,basic,yes
.frl,,delegated,generic,FRLregistry B.V.,,,,,no,no,no,,https://www.iana.org/domains/root/db/frl.html | https://data.iana.org/TLD/tlds-alpha-by-domain.txt,delegated,2026-10-04,generic,,,,FRLregistry B.V.,,,,,,,,,.frl,basic,yes
.frogans,,delegated,generic,OP3FT,,,,,no,no,no,,https://www.iana.org/domains/root/db/frogans.html | https://data.iana.org/TLD/tlds-alpha-by-domain.txt,delegated,2026-10-04,generic,,,,OP3FT,,,,,,,,,.frogans,basic,yes
.frontier,,delegated,generic,Frontier Communications Corporation,,,,,no,no,no,,https://www.iana.org/domains/root/db/frontier.html | https://data.iana.org/TLD/tlds-alpha-by-domain.txt,delegated,2026-10-04,generic,,,,Frontier Communications Corporation,,,,,,,,,.frontier,basic,yes
.ftr,,delegated,generic,Frontier Communications Corporation,,,,,no,no,no,,https://www.iana.org/domains/root/db/ftr.html | https://data.iana.org/TLD/tlds-alpha-by-domain.txt,delegated,2026-10-04,generic,,,,Frontier Communications Corporation,,,,,,,,,.ftr,basic,yes
.fujitsu,,delegated,generic,Fujitsu Limited,,,,,no,no,no,,https://www.iana.org/domains/root/db/fujitsu.html | https://data.iana.org/TLD/tlds-alpha-by-domain.txt,delegated,2026-10-04,generic,,,,Fujitsu Limited,,,,,,,,,.fujitsu,basic,yes
.fun,,delegated,generic,Radix Technologies Inc.,,,,,no,no,no,,https://www.iana.org/domains/root/db/fun.html | https://data.iana.org/TLD/tlds-alpha-by-domain.txt,delegated,2026-10-04,generic,,,,Radix Technologies Inc.,,,,,,,,,.fun,basic,yes
.fund,,delegated,generic,"Binky Moon, LLC",,,,,no,no,no,,https://www.iana.org/domains/root/db/fund.html | https://data.iana.org/TLD/tlds-alpha-by-domain.txt,delegated,2026-10-04,generic,,,,"Binky Moon, LLC",,,,,,,,,.fund,basic,yes
.furniture,,delegated,generic,"Binky Moon, LLC",,,,,no,no,no,,https://www.iana.org/domains/root/db/furniture.html | https://data.iana.org/TLD/tlds-alpha-by-domain.txt,delegated,2026-10-04,generic,,,,"Binky Moon, LLC",,,,,,,,,.furniture,basic,yes
.futbol,,delegated,generic,"Dog Beach, LLC",,,,,no,no,no,,https://www.iana.org/domains/root/db/futbol.html | https://data.iana.org/TLD/tlds-alpha-by-domain.txt,delegated,2026-10-04,generic,,,,"Dog Beach, LLC",,,,,,,,,.futbol,basic,yes
.fyi,,delegated,generic,"Binky Moon, LLC",,,,,no,no,no,,https://www.iana.org/domains/root/db/fyi.html | https://data.iana.org/TLD/tlds-alpha-by-domain.txt,delegated,2026-10-04,generic,,,,"Binky Moon, LLC",,,,,,,,,.fyi,basic,yes
.ga,,delegated,country-code,Agence Nationale des Infrastructures Numériques et des Fréquences (ANINF),,,,,no,no,no,,https://www.iana.org/domains/root/db/ga.html | https://data.iana.org/TLD/tlds-alpha-by-domain.txt,delegated,2026-10-04,country-code,,,,Agence Nationale des Infrastructures Numériques et des Fréquences (ANINF),,,,,,,,,.ga,basic,yes
.gal,,delegated,generic,Asociación puntoGAL,,,,,no,no,no,,https://www.iana.org/domains/root/db/gal.html | https://data.iana.org/TLD/tlds-alpha-by-domain.txt,delegated,2026-10-04,generic,,,,Asociación puntoGAL,,,,,,,,,.gal,basic,yes
.gallery,,delegated,generic,"Binky Moon, LLC",,,,,no,no,no,,https://www.iana.org/domains/root/db/gallery.html | https://data.iana.org/TLD/tlds-alpha-by-domain.txt,delegated,2026-10-04,generic,,,,"Binky Moon, LLC",,,,,,,,,.gallery,basic,yes
.gallo,,delegated,generic,"Gallo Vineyards, Inc.",,,,,no,no,no,,https://www.iana.org/domains/root/db/gallo.html | https://data.iana.org/TLD/tlds-alpha-by-domain.txt,delegated,2026-10-04,generic,,,,"Gallo Vineyards, Inc.",,,,,,,,,.gallo,basic,yes
.gallup,,delegated,generic,"Gallup, Inc.",,,,,no,no,no,,https://www.iana.org/domains/root/db/gallup.html | https://data.iana.org/TLD/tlds-alpha-by-domain.txt,delegated,2026-10-04,generic,,,,"Gallup, Inc.",,,,,,,,,.gallup,basic,yes
.game,,delegated,generic,XYZ.COM LLC,,,,,no,no,no,,https://www.iana.org/domains/root/db/game.html | https://data.iana.org/TLD/tlds-alpha-by-domain.txt,delegated,2026-10-04,generic,,,,XYZ.COM LLC,,,,,,,,,.game,basic,yes
.games,,delegated,generic,"Dog Beach, LLC",,,,,no,no,no,,https://www.iana.org/domains/root/db/games.html | https://data.iana.org/TLD/tlds-alpha-by-domain.txt,delegated,2026-10-04,generic,,,,"Dog Beach, LLC",,,,,,,,,.games,basic,yes
.gap,,delegated,generic,"The Gap, Inc.",,,,,no,no,no,,https://www.iana.org/domains/root/db/gap.html | https://data.iana.org/TLD/tlds-alpha-by-domain.txt,delegated,2026-10-04,generic,,,,"The Gap, Inc.",,,,,,,,,.gap,basic,yes
.garden,,delegated,generic,"Registry Services, LLC",,,,,no,no,no,,https://www.iana.org/domains/root/db/garden.html | https://data.iana.org/TLD/tlds-alpha-by-domain.txt,delegated,2026-10-04,generic,,,,"Registry Services, LLC",,,,,,,,,.garden,basic,yes
.gay,,delegated,generic,"Registry Services, LLC",,,,,no,no,no,,https://www.iana.org/domains/root/db/gay.html | https://data.iana.org/TLD/tlds-alpha-by-domain.txt,delegated,2026-10-04,generic,,,,"Registry Services, LLC",,,,,,,,,.gay,basic,yes
.gb,legacy,reserved,country-code,,,United Kingdom,history,,yes,no,no,,https://www.iana.org/domains/root/db/gb.html | https://data.iana.org/TLD/tlds-alpha-by-domain.txt | https://www.iana.org/help/eligible-tlds,reserved,2026-10-04,country-code,,,legacy,,,Jisc,United Kingdom of Great Britain and Northern Ireland (the),United Kingdom,,1985-07-24,,,.gb,curated,yes
.gbiz,,delegated,generic,Charleston Road Registry Inc.,,,,,no,no,no,,https://www.iana.org/domains/root/db/gbiz.html | https://data.iana.org/TLD/tlds-alpha-by-domain.txt,delegated,2026-10-04,generic,,,,Charleston Road Registry Inc.,,,,,,,,,.gbiz,basic,yes
.gd,,delegated,country-code,The National Telecommunications Regulatory Commission (NTRC),,,,,no,no,no,,https://www.iana.org/domains/root/db/gd.html | https://data.iana.org/TLD/tlds-alpha-by-domain.txt,delegated,2026-10-04,country-code,,,,The National Telecommunications Regulatory Commission (NTRC),,,,,,,,,.gd,basic,yes
.gdn,,delegated,generic,"Joint Stock Company ""Navigation-information systems""",,,,,no,no,no,,https://www.iana.org/domains/root/db/gdn.html | https://data.iana.org/TLD/tlds-alpha-by-domain.txt,delegated,2026-10-04,generic,,,,"Joint Stock Company ""Navigation-information systems""",,,,,,,,,.gdn,basic,yes
.ge,,delegated,country-code,Caucasus Online LLC,,,,,no,no,no,,https://www.iana.org/domains/root/db/ge.html | https://data.iana.org/TLD/tlds-alpha-by-domain.txt,delegated,2026-10-04,country-code,,,,Caucasus Online LLC,,,,,,,,,.ge,basic,yes
.gea,,delegated,generic,GEA Group Aktiengesellschaft,,,,,no,no,no,,https://www.iana.org/domains/root/db/gea.html | https://data.iana.org/TLD/tlds-alpha-by-domain.txt,delegated,2026-10-04,generic,,,,GEA Group Aktiengesellschaft,,,,,,,,,.gea,basic,yes
.gent,,delegated,generic,Easyhost bv,,,,,no,no,no,,https://www.iana.org/domains/root/db/gent.html | https://data.iana.org/TLD/tlds-alpha-by-domain.txt,delegated,2026-10-04,generic,,,,Easyhost bv,,,,,,,,,.gent,basic,yes
.genting,,delegated,generic,Resorts World Inc. Pte. Ltd.,,,,,no,no,no,,https://www.iana.org/domains/root/db/genting.html | https://data.iana.org/TLD/tlds-alpha-by-domain.txt,delegated,2026-10-04,generic,,,,Resorts World Inc. Pte. Ltd.,,,,,,,,,.genting,basic,yes
.geo,2000,evaluated,notApplicable,,,,geography,,no,no,no,,https://archive.icann.org/en/tlds/,notDelegated,2026-10-04,notApplicable,,,2000,,,,,,,,,,.geo,curated,no
.george,,delegated,generic,"Wal-Mart Stores, Inc.",,,,,no,no,no,,https://www.iana.org/domains/root/db/george.html | https://data.iana.org/TLD/tlds-alpha-by-domain.txt,delegated,2026-10-04,generic,,,,"Wal-Mart Stores, Inc.",,,,,,,,,.george,basic,yes
.gf,,delegated,country-code,CANAL+ TELECOM,,,,,no,no,no,,https://www.iana.org/domains/root/db/gf.html | https://data.iana.org/TLD/tlds-alpha-by-domain.txt,delegated,2026-10-04,country-code,,,,CANAL+ TELECOM,,,,,,,,,.gf,basic,yes
.gg,,delegated,country-code,Island Networks Ltd.,,,,,no,no,no,,https://www.iana.org/domains/root/db/gg.html | https://data.iana.org/TLD/tlds-alpha-by-domain.txt,delegated,2026-10-04,country-code,,,,Island Networks Ltd.,,,,,,,,,.gg,basic,yes
.ggee,,delegated,generic,"GMO Internet, Inc.",,,,,no,no,no,,https://www.iana.org/domains/root/db/ggee.html | https://data.iana.org/TLD/tlds-alpha-by-domain.txt,delegated,2026-10-04,generic,,,,"GMO Internet, Inc.",,,,,,,,,.ggee,basic,yes
.gh,,delegated,country-code,Network Computer Systems Limited,,,,,no,no,no,,https://www.iana.org/domains/root/db/gh.html | https://data.iana.org/TLD/tlds-alpha-by-domain.txt,delegated,2026-10-04,country-code,,,,Network Computer Systems Limited,,,,,,,,,.gh,basic,yes
.gi,,delegated,country-code,Sapphire Networks,,,,,no,no,no,,https://www.iana.org/domains/root/db/gi.html | https://data.iana.org/TLD/tlds-alpha-by-domain.txt,delegated,2026-10-04,country-code,,,,Sapphire Networks,,,,,,,,,.gi,basic,yes
.gift,,delegated,generic,"Uniregistry, Corp.",,,,,no,no,no,,https://www.iana.org/domains/root/db/gift.html | https://data.iana.org/TLD/tlds-alpha-by-domain.txt,delegated,2026-10-04,generic,,,,"Uniregistry, Corp.",,,,,,,,,.gift,basic,yes
.gifts,,delegated,generic,"Binky Moon, LLC",,,,,no,no,no,,https://www.iana.org/domains/root/db/gifts.html | https://data.iana.org/TLD/tlds-alpha-by-domain.txt,delegated,2026-10-04,generic,,,,"Binky Moon, LLC",,,,,,,,,.gifts,basic,yes
.gives,,delegated,generic,Public Interest Registry (PIR),,,,,no,no,no,,https://www.iana.org/domains/root/db/gives.html | https://data.iana.org/TLD/tlds-alpha-by-domain.txt,delegated,2026-10-04,generic,,,,Public Interest Registry (PIR),,,,,,,,,.gives,basic,yes
.giving,,delegated,generic,Public Interest Registry (PIR),,,,,no,no,no,,https://www.iana.org/domains/root/db/giving.html | https://data.iana.org/TLD/tlds-alpha-by-domain.txt,delegated,2026-10-04,generic,,,,Public Interest Registry (PIR),,,,,,,,,.giving,basic,yes
.gl,,delegated,country-code,TELE Greenland A/S,,,,,no,no,no,,https://www.iana.org/domains/root/db/gl.html | https://data.iana.org/TLD/tlds-alpha-by-domain.txt,delegated,2026-10-04,country-code,,,,TELE Greenland A/S,,,,,,,,,.gl,basic,yes
.glass,,delegated,generic,"Binky Moon, LLC",,,,,no,no,no,,https://www.iana.org/domains/root/db/glass.html | https://data.iana.org/TLD/tlds-alpha-by-domain.txt,delegated,2026-10-04,generic,,,,"Binky Moon, LLC",,,,,,,,,.glass,basic,yes
.gle,,delegated,generic,Charleston Road Registry Inc.,,,,,no,no,no,,https://www.iana.org/domains/root/db/gle.html | https://data.iana.org/TLD/tlds-alpha-by-domain.txt,delegated,2026-10-04,generic,,,,Charleston Road Registry Inc.,,,,,,,,,.gle,basic,yes
.global,,delegated,generic,Identity Digital Limited,,,,,no,no,no,,https://www.iana.org/domains/root/db/global.html | https://data.iana.org/TLD/tlds-alpha-by-domain.txt,delegated,2026-10-04,generic,,,,Identity Digital Limited,,,,,,,,,.global,basic,yes
.globo,,delegated,generic,Globo Comunicação e Participações S.A,,,,,no,no,no,,https://www.iana.org/domains/root/db/globo.html | https://data.iana.org/TLD/tlds-alpha-by-domain.txt,delegated,2026-10-04,generic,,,,Globo Comunicação e Participações S.A,,,,,,,,,.globo,basic,yes
.gm,,delegated,country-code,GM-NIC,,,,,no,no,no,,https://www.iana.org/domains/root/db/gm.html | https://data.iana.org/TLD/tlds-alpha-by-domain.txt,delegated,2026-10-04,country-code,,,,GM-NIC,,,,,,,,,.gm,basic,yes
.gmail,,delegated,generic,Charleston Road Registry Inc.,,,,,no,no,no,,https://www.iana.org/domains/root/db/gmail.html | https://data.iana.org/TLD/tlds-alpha-by-domain.txt,delegated,2026-10-04,generic,,,,Charleston Road Registry Inc.,,,,,,,,,.gmail,basic,yes
.gmbh,,delegated,generic,"Binky Moon, LLC",,,,,no,no,no,,https://www.iana.org/domains/root/db/gmbh.html | https://data.iana.org/TLD/tlds-alpha-by-domain.txt,delegated,2026-10-04,generic,,,,"Binky Moon, LLC",,,,,,,,,.gmbh,basic,yes
.gmo,,delegated,generic,"GMO Internet, Inc.",,,,,no,no,no,,https://www.iana.org/domains/root/db/gmo.html | https://data.iana.org/TLD/tlds-alpha-by-domain.txt,delegated,2026-10-04,generic,,,,"GMO Internet, Inc.",,,,,,,,,.gmo,basic,yes
.gmx,,delegated,generic,1&1 Mail & Media GmbH,,,,,no,no,no,,https://www.iana.org/domains/root/db/gmx.html | https://data.iana.org/TLD/tlds-alpha-by-domain.txt,delegated,2026-10-04,generic,,,,1&1 Mail & Media GmbH,,,,,,,,,.gmx,basic,yes
.gn,,delegated,country-code,Centre National des Sciences Halieutiques de Boussoura,,,,,no,no,no,,https://www.iana.org/domains/root/db/gn.html | https://data.iana.org/TLD/tlds-alpha-by-domain.txt,delegated,2026-10-04,country-code,,,,Centre National des Sciences Halieutiques de Boussoura,,,,,,,,,.gn,basic,yes
.godaddy,,delegated,generic,"Go Daddy East, LLC",,,,,no,no,no,,https://www.iana.org/domains/root/db/godaddy.html | https://data.iana.org/TLD/tlds-alpha-by-domain.txt,delegated,2026-10-04,generic,,,,"Go Daddy East, LLC",,,,,,,,,.godaddy,basic,yes
.gold,,delegated,generic,"Binky Moon, LLC",,,,,no,no,no,,https://www.iana.org/domains/root/db/gold.html | https://data.iana.org/TLD/tlds-alpha-by-domain.txt,delegated,2026-10-04,generic,,,,"Binky Moon, LLC",,,,,,,,,.gold,basic,yes
.goldpoint,,delegated,generic,"YODOBASHI CAMERA CO.,LTD.",,,,,no,no,no,,https://www.iana.org/domains/root/db/goldpoint.html | https://data.iana.org/TLD/tlds-alpha-by-domain.txt,delegated,2026-10-04,generic,,,,"YODOBASHI CAMERA CO.,LTD.",,,,,,,,,.goldpoint,basic,yes
.golf,,delegated,generic,"Binky Moon, LLC",,,,,no,no,no,,https://www.iana.org/domains/root/db/golf.html | https://data.iana.org/TLD/tlds-alpha-by-domain.txt,delegated,2026-10-04,generic,,,,"Binky Moon, LLC",,,,,,,,,.golf,basic,yes
.goodyear,,delegated,generic,The Goodyear Tire & Rubber Company,,,,,no,no,no,,https://www.iana.org/domains/root/db/goodyear.html | https://data.iana.org/TLD/tlds-alpha-by-domain.txt,delegated,2026-10-04,generic,,,,The Goodyear Tire & Rubber Company,,,,,,,,,.goodyear,basic,yes
.goog,,delegated,generic,Charleston Road Registry Inc.,,,,,no,no,no,,https://www.iana.org/domains/root/db/goog.html | https://data.iana.org/TLD/tlds-alpha-by-domain.txt,delegated,2026-10-04,generic,,,,Charleston Road Registry Inc.,,,,,,,,,.goog,basic,yes
.google,,delegated,generic,Charleston Road Registry Inc.,,,,,no,no,no,,https://www.iana.org/domains/root/db/google.html | https://data.iana.org/TLD/tlds-alpha-by-domain.txt,delegated,2026-10-04,generic,,,,Charleston Road Registry Inc.,,,,,,,,,.google,basic,yes
.gop,2012,delegated,generic,"Republican State Leadership Committee, Inc.",,,politics,,yes,no,no,,https://www.iana.org/domains/root/db/gop.html | https://data.iana.org/TLD/tlds-alpha-by-domain.txt,delegated,2026-10-04,generic,,2012,2012,"Republican State Leadership Committee, Inc.",United States of America (the),Nominet,United Kingdom of Great Britain and Northern Ireland (the),,,2014-03-06,,,.gop,curated,yes
.got,,delegated,generic,"Jolly Host, LLC",,,,,no,no,no,,https://www.iana.org/domains/root/db/got.html | https://data.iana.org/TLD/tlds-alpha-by-domain.txt,delegated,2026-10-04,generic,,,,"Jolly Host, LLC",,,,,,,,,.got,basic,yes
.gov,legacy,delegated,sponsored,Cybersecurity and Infrastructure Security Agency,,United States,government | trust,,no,no,no,,https://www.iana.org/domains/root/db/gov.html | https://data.iana.org/TLD/tlds-alpha-by-domain.txt | https://www.iana.org/domains/root/db | https://get.gov/domains/eligibility/,delegated,2026-10-04,sponsored,,legacy,legacy,Cybersecurity and Infrastructure Security Agency,United States of America (the),"Cloudflare, Inc.",United States of America (the),United States,,1985-01-01,,,.gov,curated,yes
.gp,,delegated,country-code,Networking Technologies Group,,,,,no,no,no,,https://www.iana.org/domains/root/db/gp.html | https://data.iana.org/TLD/tlds-alpha-by-domain.txt,delegated,2026-10-04,country-code,,,,Networking Technologies Group,,,,,,,,,.gp,basic,yes
.gq,,delegated,country-code,GETESA,,,,,no,no,no,,https://www.iana.org/domains/root/db/gq.html | https://data.iana.org/TLD/tlds-alpha-by-domain.txt,delegated,2026-10-04,country-code,,,,GETESA,,,,,,,,,.gq,basic,yes
.gr,,delegated,country-code,ICS-FORTH GR,,,,,no,no,no,,https://www.iana.org/domains/root/db/gr.html | https://data.iana.org/TLD/tlds-alpha-by-domain.txt,delegated,2026-10-04,country-code,,,,ICS-FORTH GR,,,,,,,,,.gr,basic,yes
.grainger,,delegated,generic,"Grainger Registry Services, LLC",,,,,no,no,no,,https://www.iana.org/domains/root/db/grainger.html | https://data.iana.org/TLD/tlds-alpha-by-domain.txt,delegated,2026-10-04,generic,,,,"Grainger Registry Services, LLC",,,,,,,,,.grainger,basic,yes
.graphics,,delegated,generic,"Binky Moon, LLC",,,,,no,no,no,,https://www.iana.org/domains/root/db/graphics.html | https://data.iana.org/TLD/tlds-alpha-by-domain.txt,delegated,2026-10-04,generic,,,,"Binky Moon, LLC",,,,,,,,,.graphics,basic,yes
.gratis,,delegated,generic,"Binky Moon, LLC",,,,,no,no,no,,https://www.iana.org/domains/root/db/gratis.html | https://data.iana.org/TLD/tlds-alpha-by-domain.txt,delegated,2026-10-04,generic,,,,"Binky Moon, LLC",,,,,,,,,.gratis,basic,yes
.green,,delegated,generic,Identity Digital Limited,,,,,no,no,no,,https://www.iana.org/domains/root/db/green.html | https://data.iana.org/TLD/tlds-alpha-by-domain.txt,delegated,2026-10-04,generic,,,,Identity Digital Limited,,,,,,,,,.green,basic,yes
.gripe,,delegated,generic,"Binky Moon, LLC",,,,,no,no,no,,https://www.iana.org/domains/root/db/gripe.html | https://data.iana.org/TLD/tlds-alpha-by-domain.txt,delegated,2026-10-04,generic,,,,"Binky Moon, LLC",,,,,,,,,.gripe,basic,yes
.grocery,,delegated,generic,"Wal-Mart Stores, Inc.",,,,,no,no,no,,https://www.iana.org/domains/root/db/grocery.html | https://data.iana.org/TLD/tlds-alpha-by-domain.txt,delegated,2026-10-04,generic,,,,"Wal-Mart Stores, Inc.",,,,,,,,,.grocery,basic,yes
.group,,delegated,generic,"Binky Moon, LLC",,,,,no,no,no,,https://www.iana.org/domains/root/db/group.html | https://data.iana.org/TLD/tlds-alpha-by-domain.txt,delegated,2026-10-04,generic,,,,"Binky Moon, LLC",,,,,,,,,.group,basic,yes
.gs,,delegated,country-code,Government of South Georgia and South Sandwich Islands (GSGSSI),,,,,no,no,no,,https://www.iana.org/domains/root/db/gs.html | https://data.iana.org/TLD/tlds-alpha-by-domain.txt,delegated,2026-10-04,country-code,,,,Government of South Georgia and South Sandwich Islands (GSGSSI),,,,,,,,,.gs,basic,yes
.gt,,delegated,country-code,Universidad del Valle de Guatemala,,,,,no,no,no,,https://www.iana.org/domains/root/db/gt.html | https://data.iana.org/TLD/tlds-alpha-by-domain.txt,delegated,2026-10-04,country-code,,,,Universidad del Valle de Guatemala,,,,,,,,,.gt,basic,yes
.gu,,delegated,country-code,University of Guam,,,,,no,no,no,,https://www.iana.org/domains/root/db/gu.html | https://data.iana.org/TLD/tlds-alpha-by-domain.txt,delegated,2026-10-04,country-code,,,,University of Guam,,,,,,,,,.gu,basic,yes
.gucci,,delegated,generic,Guccio Gucci S.p.a.,,,,,no,no,no,,https://www.iana.org/domains/root/db/gucci.html | https://data.iana.org/TLD/tlds-alpha-by-domain.txt,delegated,2026-10-04,generic,,,,Guccio Gucci S.p.a.,,,,,,,,,.gucci,basic,yes
.guge,,delegated,generic,Charleston Road Registry Inc.,,,,,no,no,no,,https://www.iana.org/domains/root/db/guge.html | https://data.iana.org/TLD/tlds-alpha-by-domain.txt,delegated,2026-10-04,generic,,,,Charleston Road Registry Inc.,,,,,,,,,.guge,basic,yes
.guide,,delegated,generic,"Binky Moon, LLC",,,,,no,no,no,,https://www.iana.org/domains/root/db/guide.html | https://data.iana.org/TLD/tlds-alpha-by-domain.txt,delegated,2026-10-04,generic,,,,"Binky Moon, LLC",,,,,,,,,.guide,basic,yes
.guitars,,delegated,generic,XYZ.COM LLC,,,,,no,no,no,,https://www.iana.org/domains/root/db/guitars.html | https://data.iana.org/TLD/tlds-alpha-by-domain.txt,delegated,2026-10-04,generic,,,,XYZ.COM LLC,,,,,,,,,.guitars,basic,yes
.guru,2012,delegated,generic,"Binky Moon, LLC",,,personalBrand,,yes,no,no,,https://www.iana.org/domains/root/db/guru.html | https://data.iana.org/TLD/tlds-alpha-by-domain.txt,delegated,2026-10-04,generic,,2012,2012,"Binky Moon, LLC",United States of America (the),Identity Digital Limited,United States of America (the),,,2013-10-31,,,.guru,curated,yes
.gw,,delegated,country-code,Autoridade Reguladora Nacional - Tecnologias de Informação e Comunicação da Guiné-Bissau,,,,,no,no,no,,https://www.iana.org/domains/root/db/gw.html | https://data.iana.org/TLD/tlds-alpha-by-domain.txt,delegated,2026-10-04,country-code,,,,Autoridade Reguladora Nacional - Tecnologias de Informação e Comunicação da Guiné-Bissau,,,,,,,,,.gw,basic,yes
.gy,,delegated,country-code,University of Guyana,,,,,no,no,no,,https://www.iana.org/domains/root/db/gy.html | https://data.iana.org/TLD/tlds-alpha-by-domain.txt,delegated,2026-10-04,country-code,,,,University of Guyana,,,,,,,,,.gy,basic,yes
.hair,,delegated,generic,XYZ.COM LLC,,,,,no,no,no,,https://www.iana.org/domains/root/db/hair.html | https://data.iana.org/TLD/tlds-alpha-by-domain.txt,delegated,2026-10-04,generic,,,,XYZ.COM LLC,,,,,,,,,.hair,basic,yes
.hamburg,2012,delegated,generic,Hamburg Top-Level-Domain GmbH,,Hamburg,city,,no,yes,no,,https://www.iana.org/domains/root/db/hamburg.html | https://data.iana.org/TLD/tlds-alpha-by-domain.txt | https://www.iana.org/domains/root/db,delegated,2026-10-04,generic,geographic,2012,2012,Hamburg Top-Level-Domain GmbH,Germany,TLD-BOX Registrydienstleistungen GmbH,Austria,Hamburg,,2014-05-22,,,.hamburg,curated,yes
.hangout,,delegated,generic,Charleston Road Registry Inc.,,,,,no,no,no,,https://www.iana.org/domains/root/db/hangout.html | https://data.iana.org/TLD/tlds-alpha-by-domain.txt,delegated,2026-10-04,generic,,,,Charleston Road Registry Inc.,,,,,,,,,.hangout,basic,yes
.haus,,delegated,generic,"Dog Beach, LLC",,,,,no,no,no,,https://www.iana.org/domains/root/db/haus.html | https://data.iana.org/TLD/tlds-alpha-by-domain.txt,delegated,2026-10-04,generic,,,,"Dog Beach, LLC",,,,,,,,,.haus,basic,yes
.hbo,,delegated,generic,"HBO Registry Services, Inc.",,,,,no,no,no,,https://www.iana.org/domains/root/db/hbo.html | https://data.iana.org/TLD/tlds-alpha-by-domain.txt,delegated,2026-10-04,generic,,,,"HBO Registry Services, Inc.",,,,,,,,,.hbo,basic,yes
.hdfc,,delegated,generic,HOUSING DEVELOPMENT FINANCE CORPORATION LIMITED,,,,,no,no,no,,https://www.iana.org/domains/root/db/hdfc.html | https://data.iana.org/TLD/tlds-alpha-by-domain.txt,delegated,2026-10-04,generic,,,,HOUSING DEVELOPMENT FINANCE CORPORATION LIMITED,,,,,,,,,.hdfc,basic,yes
.hdfcbank,,delegated,generic,HDFC Bank Limited,,,,,no,no,no,,https://www.iana.org/domains/root/db/hdfcbank.html | https://data.iana.org/TLD/tlds-alpha-by-domain.txt,delegated,2026-10-04,generic,,,,HDFC Bank Limited,,,,,,,,,.hdfcbank,basic,yes
.health,2000,delegated,generic,"Registry Services, LLC",,,health | publicInterest,,yes,no,no,,https://www.iana.org/domains/root/db/health.html | https://data.iana.org/TLD/tlds-alpha-by-domain.txt | https://archive.icann.org/en/tlds/health1/icann-index.htm | https://archive.icann.org/en/tlds/ | https://gtldresult.icann.org/applicationstatus/applicationdetails/495 | https://www.iana.org/reports/tld-transfer/20230626-health,delegated,2026-10-04,generic,,2012,2000 | 2012,"Registry Services, LLC",United States of America (the),GoDaddy Registry,United States of America (the),,,2015-09-17,,https://gtldresult.icann.org/applicationstatus/applicationdetails/495,.health,curated,yes
.healthcare,,delegated,generic,"Binky Moon, LLC",,,,,no,no,no,,https://www.iana.org/domains/root/db/healthcare.html | https://data.iana.org/TLD/tlds-alpha-by-domain.txt,delegated,2026-10-04,generic,,,,"Binky Moon, LLC",,,,,,,,,.healthcare,basic,yes
.help,,delegated,generic,Innovation Service Ltd,,,,,no,no,no,,https://www.iana.org/domains/root/db/help.html | https://data.iana.org/TLD/tlds-alpha-by-domain.txt,delegated,2026-10-04,generic,,,,Innovation Service Ltd,,,,,,,,,.help,basic,yes
.helsinki,,delegated,generic,City of Helsinki,,,,,no,no,no,,https://www.iana.org/domains/root/db/helsinki.html | https://data.iana.org/TLD/tlds-alpha-by-domain.txt,delegated,2026-10-04,generic,,,,City of Helsinki,,,,,,,,,.helsinki,basic,yes
.here,,delegated,generic,Charleston Road Registry Inc.,,,,,no,no,no,,https://www.iana.org/domains/root/db/here.html | https://data.iana.org/TLD/tlds-alpha-by-domain.txt,delegated,2026-10-04,generic,,,,Charleston Road Registry Inc.,,,,,,,,,.here,basic,yes
.hermes,,delegated,generic,Hermes International,,,,,no,no,no,,https://www.iana.org/domains/root/db/hermes.html | https://data.iana.org/TLD/tlds-alpha-by-domain.txt,delegated,2026-10-04,generic,,,,Hermes International,,,,,,,,,.hermes,basic,yes
.hiphop,,delegated,generic,"Dot Hip Hop, LLC",,,,,no,no,no,,https://www.iana.org/domains/root/db/hiphop.html | https://data.iana.org/TLD/tlds-alpha-by-domain.txt,delegated,2026-10-04,generic,,,,"Dot Hip Hop, LLC",,,,,,,,,.hiphop,basic,yes
.hisamitsu,,delegated,generic,"Hisamitsu Pharmaceutical Co.,Inc.",,,,,no,no,no,,https://www.iana.org/domains/root/db/hisamitsu.html | https://data.iana.org/TLD/tlds-alpha-by-domain.txt,delegated,2026-10-04,generic,,,,"Hisamitsu Pharmaceutical Co.,Inc.",,,,,,,,,.hisamitsu,basic,yes
.hitachi,,delegated,generic,"Hitachi, Ltd.",,,,,no,no,no,,https://www.iana.org/domains/root/db/hitachi.html | https://data.iana.org/TLD/tlds-alpha-by-domain.txt,delegated,2026-10-04,generic,,,,"Hitachi, Ltd.",,,,,,,,,.hitachi,basic,yes
.hiv,,delegated,generic,Internet Naming Co.,,,,,no,no,no,,https://www.iana.org/domains/root/db/hiv.html | https://data.iana.org/TLD/tlds-alpha-by-domain.txt,delegated,2026-10-04,generic,,,,Internet Naming Co.,,,,,,,,,.hiv,basic,yes
.hk,,delegated,country-code,Hong Kong Internet Registration Corporation Ltd.,,,,,no,no,no,,https://www.iana.org/domains/root/db/hk.html | https://data.iana.org/TLD/tlds-alpha-by-domain.txt,delegated,2026-10-04,country-code,,,,Hong Kong Internet Registration Corporation Ltd.,,,,,,,,,.hk,basic,yes
.hkt,,delegated,generic,PCCW-HKT DataCom Services Limited,,,,,no,no,no,,https://www.iana.org/domains/root/db/hkt.html | https://data.iana.org/TLD/tlds-alpha-by-domain.txt,delegated,2026-10-04,generic,,,,PCCW-HKT DataCom Services Limited,,,,,,,,,.hkt,basic,yes
.hm,,delegated,country-code,HM Domain Registry,,,,,no,no,no,,https://www.iana.org/domains/root/db/hm.html | https://data.iana.org/TLD/tlds-alpha-by-domain.txt,delegated,2026-10-04,country-code,,,,HM Domain Registry,,,,,,,,,.hm,basic,yes
.hn,,delegated,country-code,Red de Desarrollo Sostenible Honduras,,,,,no,no,no,,https://www.iana.org/domains/root/db/hn.html | https://data.iana.org/TLD/tlds-alpha-by-domain.txt,delegated,2026-10-04,country-code,,,,Red de Desarrollo Sostenible Honduras,,,,,,,,,.hn,basic,yes
.hockey,,delegated,generic,"Binky Moon, LLC",,,,,no,no,no,,https://www.iana.org/domains/root/db/hockey.html | https://data.iana.org/TLD/tlds-alpha-by-domain.txt,delegated,2026-10-04,generic,,,,"Binky Moon, LLC",,,,,,,,,.hockey,basic,yes
.holdings,,delegated,generic,"Binky Moon, LLC",,,,,no,no,no,,https://www.iana.org/domains/root/db/holdings.html | https://data.iana.org/TLD/tlds-alpha-by-domain.txt,delegated,2026-10-04,generic,,,,"Binky Moon, LLC",,,,,,,,,.holdings,basic,yes
.holiday,,delegated,generic,"Binky Moon, LLC",,,,,no,no,no,,https://www.iana.org/domains/root/db/holiday.html | https://data.iana.org/TLD/tlds-alpha-by-domain.txt,delegated,2026-10-04,generic,,,,"Binky Moon, LLC",,,,,,,,,.holiday,basic,yes
.home,2012,application,notApplicable,,,,,11,no,no,no,,https://newgtlds.icann.org/en/program-status/statistics,notDelegated,2026-10-04,notApplicable,,,2012,,,,,,,,2012,,.home,curated,no
.homedepot,,delegated,generic,"Home Depot Product Authority, LLC",,,,,no,no,no,,https://www.iana.org/domains/root/db/homedepot.html | https://data.iana.org/TLD/tlds-alpha-by-domain.txt,delegated,2026-10-04,generic,,,,"Home Depot Product Authority, LLC",,,,,,,,,.homedepot,basic,yes
.homegoods,,delegated,generic,"The TJX Companies, Inc.",,,,,no,no,no,,https://www.iana.org/domains/root/db/homegoods.html | https://data.iana.org/TLD/tlds-alpha-by-domain.txt,delegated,2026-10-04,generic,,,,"The TJX Companies, Inc.",,,,,,,,,.homegoods,basic,yes
.homes,,delegated,generic,XYZ.COM LLC,,,,,no,no,no,,https://www.iana.org/domains/root/db/homes.html | https://data.iana.org/TLD/tlds-alpha-by-domain.txt,delegated,2026-10-04,generic,,,,XYZ.COM LLC,,,,,,,,,.homes,basic,yes
.homesense,,delegated,generic,"The TJX Companies, Inc.",,,,,no,no,no,,https://www.iana.org/domains/root/db/homesense.html | https://data.iana.org/TLD/tlds-alpha-by-domain.txt,delegated,2026-10-04,generic,,,,"The TJX Companies, Inc.",,,,,,,,,.homesense,basic,yes
.honda,,delegated,generic,"Honda Motor Co., Ltd.",,,,,no,no,no,,https://www.iana.org/domains/root/db/honda.html | https://data.iana.org/TLD/tlds-alpha-by-domain.txt,delegated,2026-10-04,generic,,,,"Honda Motor Co., Ltd.",,,,,,,,,.honda,basic,yes
.horse,,delegated,generic,"Registry Services, LLC",,,,,no,no,no,,https://www.iana.org/domains/root/db/horse.html | https://data.iana.org/TLD/tlds-alpha-by-domain.txt,delegated,2026-10-04,generic,,,,"Registry Services, LLC",,,,,,,,,.horse,basic,yes
.hospital,,delegated,generic,"Binky Moon, LLC",,,,,no,no,no,,https://www.iana.org/domains/root/db/hospital.html | https://data.iana.org/TLD/tlds-alpha-by-domain.txt,delegated,2026-10-04,generic,,,,"Binky Moon, LLC",,,,,,,,,.hospital,basic,yes
.host,,delegated,generic,Radix Technologies Inc.,,,,,no,no,no,,https://www.iana.org/domains/root/db/host.html | https://data.iana.org/TLD/tlds-alpha-by-domain.txt,delegated,2026-10-04,generic,,,,Radix Technologies Inc.,,,,,,,,,.host,basic,yes
.hosting,,delegated,generic,XYZ.COM LLC,,,,,no,no,no,,https://www.iana.org/domains/root/db/hosting.html | https://data.iana.org/TLD/tlds-alpha-by-domain.txt,delegated,2026-10-04,generic,,,,XYZ.COM LLC,,,,,,,,,.hosting,basic,yes
.hot,,delegated,generic,"Amazon Registry Services, Inc.",,,,,no,no,no,,https://www.iana.org/domains/root/db/hot.html | https://data.iana.org/TLD/tlds-alpha-by-domain.txt,delegated,2026-10-04,generic,,,,"Amazon Registry Services, Inc.",,,,,,,,,.hot,basic,yes
.hotels,,delegated,generic,Booking.com B.V.,,,,,no,no,no,,https://www.iana.org/domains/root/db/hotels.html | https://data.iana.org/TLD/tlds-alpha-by-domain.txt,delegated,2026-10-04,generic,,,,Booking.com B.V.,,,,,,,,,.hotels,basic,yes
.hotmail,,delegated,generic,Microsoft Corporation,,,,,no,no,no,,https://www.iana.org/domains/root/db/hotmail.html | https://data.iana.org/TLD/tlds-alpha-by-domain.txt,delegated,2026-10-04,generic,,,,Microsoft Corporation,,,,,,,,,.hotmail,basic,yes
.house,,delegated,generic,"Binky Moon, LLC",,,,,no,no,no,,https://www.iana.org/domains/root/db/house.html | https://data.iana.org/TLD/tlds-alpha-by-domain.txt,delegated,2026-10-04,generic,,,,"Binky Moon, LLC",,,,,,,,,.house,basic,yes
.how,,delegated,generic,Charleston Road Registry Inc.,,,,,no,no,no,,https://www.iana.org/domains/root/db/how.html | https://data.iana.org/TLD/tlds-alpha-by-domain.txt,delegated,2026-10-04,generic,,,,Charleston Road Registry Inc.,,,,,,,,,.how,basic,yes
.hr,,delegated,country-code,CARNet - Croatian Academic and Research Network,,,,,no,no,no,,https://www.iana.org/domains/root/db/hr.html | https://data.iana.org/TLD/tlds-alpha-by-domain.txt,delegated,2026-10-04,country-code,,,,CARNet - Croatian Academic and Research Network,,,,,,,,,.hr,basic,yes
.hsbc,,delegated,generic,HSBC Global Services (UK) Limited,,,,,no,no,no,,https://www.iana.org/domains/root/db/hsbc.html | https://data.iana.org/TLD/tlds-alpha-by-domain.txt,delegated,2026-10-04,generic,,,,HSBC Global Services (UK) Limited,,,,,,,,,.hsbc,basic,yes
.ht,,delegated,country-code,Consortium FDS/RDDH,,,,,no,no,no,,https://www.iana.org/domains/root/db/ht.html | https://data.iana.org/TLD/tlds-alpha-by-domain.txt,delegated,2026-10-04,country-code,,,,Consortium FDS/RDDH,,,,,,,,,.ht,basic,yes
.hu,,delegated,country-code,Council of Hungarian Internet Providers (CHIP),,,,,no,no,no,,https://www.iana.org/domains/root/db/hu.html | https://data.iana.org/TLD/tlds-alpha-by-domain.txt,delegated,2026-10-04,country-code,,,,Council of Hungarian Internet Providers (CHIP),,,,,,,,,.hu,basic,yes
.hughes,,delegated,generic,Hughes Satellite Systems Corporation,,,,,no,no,no,,https://www.iana.org/domains/root/db/hughes.html | https://data.iana.org/TLD/tlds-alpha-by-domain.txt,delegated,2026-10-04,generic,,,,Hughes Satellite Systems Corporation,,,,,,,,,.hughes,basic,yes
.hyatt,,delegated,generic,"Hyatt GTLD, L.L.C.",,,,,no,no,no,,https://www.iana.org/domains/root/db/hyatt.html | https://data.iana.org/TLD/tlds-alpha-by-domain.txt,delegated,2026-10-04,generic,,,,"Hyatt GTLD, L.L.C.",,,,,,,,,.hyatt,basic,yes
.hyundai,,delegated,generic,Hyundai Motor Company,,,,,no,no,no,,https://www.iana.org/domains/root/db/hyundai.html | https://data.iana.org/TLD/tlds-alpha-by-domain.txt,delegated,2026-10-04,generic,,,,Hyundai Motor Company,,,,,,,,,.hyundai,basic,yes
.ibm,,delegated,generic,International Business Machines Corporation,,,,,no,no,no,,https://www.iana.org/domains/root/db/ibm.html | https://data.iana.org/TLD/tlds-alpha-by-domain.txt,delegated,2026-10-04,generic,,,,International Business Machines Corporation,,,,,,,,,.ibm,basic,yes
.icbc,,delegated,generic,Industrial and Commercial Bank of China Limited,,,,,no,no,no,,https://www.iana.org/domains/root/db/icbc.html | https://data.iana.org/TLD/tlds-alpha-by-domain.txt,delegated,2026-10-04,generic,,,,Industrial and Commercial Bank of China Limited,,,,,,,,,.icbc,basic,yes
.ice,,delegated,generic,"IntercontinentalExchange, Inc.",,,,,no,no,no,,https://www.iana.org/domains/root/db/ice.html | https://data.iana.org/TLD/tlds-alpha-by-domain.txt,delegated,2026-10-04,generic,,,,"IntercontinentalExchange, Inc.",,,,,,,,,.ice,basic,yes
.icu,,delegated,generic,Shortdot SA,,,,,no,no,no,,https://www.iana.org/domains/root/db/icu.html | https://data.iana.org/TLD/tlds-alpha-by-domain.txt,delegated,2026-10-04,generic,,,,Shortdot SA,,,,,,,,,.icu,basic,yes
.id,,delegated,country-code,Perkumpulan Pengelola Nama Domain Internet Indonesia (PANDI),,,,,no,no,no,,https://www.iana.org/domains/root/db/id.html | https://data.iana.org/TLD/tlds-alpha-by-domain.txt,delegated,2026-10-04,country-code,,,,Perkumpulan Pengelola Nama Domain Internet Indonesia (PANDI),,,,,,,,,.id,basic,yes
.ie,,delegated,country-code,IE Domain Registry CLG,,,,,no,no,no,,https://www.iana.org/domains/root/db/ie.html | https://data.iana.org/TLD/tlds-alpha-by-domain.txt,delegated,2026-10-04,country-code,,,,IE Domain Registry CLG,,,,,,,,,.ie,basic,yes
.ieee,,delegated,generic,IEEE Global LLC,,,,,no,no,no,,https://www.iana.org/domains/root/db/ieee.html | https://data.iana.org/TLD/tlds-alpha-by-domain.txt,delegated,2026-10-04,generic,,,,IEEE Global LLC,,,,,,,,,.ieee,basic,yes
.ifm,,delegated,generic,ifm electronic gmbh,,,,,no,no,no,,https://www.iana.org/domains/root/db/ifm.html | https://data.iana.org/TLD/tlds-alpha-by-domain.txt,delegated,2026-10-04,generic,,,,ifm electronic gmbh,,,,,,,,,.ifm,basic,yes
.ikano,,delegated,generic,Ikano S.A.,,,,,no,no,no,,https://www.iana.org/domains/root/db/ikano.html | https://data.iana.org/TLD/tlds-alpha-by-domain.txt,delegated,2026-10-04,generic,,,,Ikano S.A.,,,,,,,,,.ikano,basic,yes
.il,,delegated,country-code,The Israel Internet Association (RA),,,,,no,no,no,,https://www.iana.org/domains/root/db/il.html | https://data.iana.org/TLD/tlds-alpha-by-domain.txt,delegated,2026-10-04,country-code,,,,The Israel Internet Association (RA),,,,,,,,,.il,basic,yes
.im,,delegated,country-code,Isle of Man Government,,,,,no,no,no,,https://www.iana.org/domains/root/db/im.html | https://data.iana.org/TLD/tlds-alpha-by-domain.txt,delegated,2026-10-04,country-code,,,,Isle of Man Government,,,,,,,,,.im,basic,yes
.imamat,,delegated,generic,Fondation Aga Khan (Aga Khan Foundation),,,,,no,no,no,,https://www.iana.org/domains/root/db/imamat.html | https://data.iana.org/TLD/tlds-alpha-by-domain.txt,delegated,2026-10-04,generic,,,,Fondation Aga Khan (Aga Khan Foundation),,,,,,,,,.imamat,basic,yes
.imdb,,delegated,generic,"Amazon Registry Services, Inc.",,,,,no,no,no,,https://www.iana.org/domains/root/db/imdb.html | https://data.iana.org/TLD/tlds-alpha-by-domain.txt,delegated,2026-10-04,generic,,,,"Amazon Registry Services, Inc.",,,,,,,,,.imdb,basic,yes
.immo,,delegated,generic,"Binky Moon, LLC",,,,,no,no,no,,https://www.iana.org/domains/root/db/immo.html | https://data.iana.org/TLD/tlds-alpha-by-domain.txt,delegated,2026-10-04,generic,,,,"Binky Moon, LLC",,,,,,,,,.immo,basic,yes
.immobilien,,delegated,generic,"Dog Beach, LLC",,,,,no,no,no,,https://www.iana.org/domains/root/db/immobilien.html | https://data.iana.org/TLD/tlds-alpha-by-domain.txt,delegated,2026-10-04,generic,,,,"Dog Beach, LLC",,,,,,,,,.immobilien,basic,yes
.in,,delegated,country-code,National Internet Exchange of India,,,,,no,no,no,,https://www.iana.org/domains/root/db/in.html | https://data.iana.org/TLD/tlds-alpha-by-domain.txt,delegated,2026-10-04,country-code,,,,National Internet Exchange of India,,,,,,,,,.in,basic,yes
.inc,2012,delegated,generic,Intercap Registry Inc.,,,,11,no,no,no,,https://www.iana.org/domains/root/db/inc.html | https://data.iana.org/TLD/tlds-alpha-by-domain.txt | https://newgtlds.icann.org/en/program-status/statistics,delegated,2026-10-04,generic,,2012,2012,Intercap Registry Inc.,Cayman Islands (the),CentralNic,United Kingdom of Great Britain and Northern Ireland (the),,,2018-07-03,2012,,.inc,curated,yes
.industries,,delegated,generic,"Binky Moon, LLC",,,,,no,no,no,,https://www.iana.org/domains/root/db/industries.html | https://data.iana.org/TLD/tlds-alpha-by-domain.txt,delegated,2026-10-04,generic,,,,"Binky Moon, LLC",,,,,,,,,.industries,basic,yes
.infiniti,,delegated,generic,"NISSAN MOTOR CO., LTD.",,,,,no,no,no,,https://www.iana.org/domains/root/db/infiniti.html | https://data.iana.org/TLD/tlds-alpha-by-domain.txt,delegated,2026-10-04,generic,,,,"NISSAN MOTOR CO., LTD.",,,,,,,,,.infiniti,basic,yes
.info,,delegated,generic,Identity Digital Limited,,,,,no,no,no,,https://www.iana.org/domains/root/db/info.html | https://data.iana.org/TLD/tlds-alpha-by-domain.txt,delegated,2026-10-04,generic,,,,Identity Digital Limited,,,,,,,,,.info,basic,yes
.ing,,delegated,generic,Charleston Road Registry Inc.,,,,,no,no,no,,https://www.iana.org/domains/root/db/ing.html | https://data.iana.org/TLD/tlds-alpha-by-domain.txt,delegated,2026-10-04,generic,,,,Charleston Road Registry Inc.,,,,,,,,,.ing,basic,yes
.ink,,delegated,generic,"Registry Services, LLC",,,,,no,no,no,,https://www.iana.org/domains/root/db/ink.html | https://data.iana.org/TLD/tlds-alpha-by-domain.txt,delegated,2026-10-04,generic,,,,"Registry Services, LLC",,,,,,,,,.ink,basic,yes
.institute,,delegated,generic,"Binky Moon, LLC",,,,,no,no,no,,https://www.iana.org/domains/root/db/institute.html | https://data.iana.org/TLD/tlds-alpha-by-domain.txt,delegated,2026-10-04,generic,,,,"Binky Moon, LLC",,,,,,,,,.institute,basic,yes
.insurance,2012,delegated,generic,fTLD Registry Services LLC,,,trust,,no,no,no,,https://www.iana.org/domains/root/db/insurance.html | https://data.iana.org/TLD/tlds-alpha-by-domain.txt | https://ftld.com/security/,delegated,2026-10-04,generic,,2012,2012,fTLD Registry Services LLC,United States of America (the),GoDaddy Registry,United States of America (the),,,2015-11-06,,,.insurance,curated,yes
.insure,,delegated,generic,"Binky Moon, LLC",,,,,no,no,no,,https://www.iana.org/domains/root/db/insure.html | https://data.iana.org/TLD/tlds-alpha-by-domain.txt,delegated,2026-10-04,generic,,,,"Binky Moon, LLC",,,,,,,,,.insure,basic,yes
.int,legacy,delegated,sponsored,Internet Assigned Numbers Authority,,,publicInfrastructure,,no,no,no,,https://www.iana.org/domains/root/db/int.html | https://data.iana.org/TLD/tlds-alpha-by-domain.txt | https://www.iana.org/domains/root/db,delegated,2026-10-04,sponsored,,legacy,legacy,Internet Assigned Numbers Authority,United States of America (the),ICANN,United States of America (the),,,1988-11-03,,,.int,curated,yes
.international,,delegated,generic,"Binky Moon, LLC",,,,,no,no,no,,https://www.iana.org/domains/root/db/international.html | https://data.iana.org/TLD/tlds-alpha-by-domain.txt,delegated,2026-10-04,generic,,,,"Binky Moon, LLC",,,,,,,,,.international,basic,yes
.intuit,,delegated,generic,"Intuit Administrative Services, Inc.",,,,,no,no,no,,https://www.iana.org/domains/root/db/intuit.html | https://data.iana.org/TLD/tlds-alpha-by-domain.txt,delegated,2026-10-04,generic,,,,"Intuit Administrative Services, Inc.",,,,,,,,,.intuit,basic,yes
.investments,,delegated,generic,"Binky Moon, LLC",,,,,no,no,no,,https://www.iana.org/domains/root/db/investments.html | https://data.iana.org/TLD/tlds-alpha-by-domain.txt,delegated,2026-10-04,generic,,,,"Binky Moon, LLC",,,,,,,,,.investments,basic,yes
.io,legacy,delegated,country-code,Internet Computer Bureau Limited,,British Indian Ocean Territory,technology | semanticDrift,,yes,no,no,,https://www.iana.org/domains/root/db/io.html | https://data.iana.org/TLD/tlds-alpha-by-domain.txt | https://www.nic.io/,delegated,2026-10-04,country-code,,legacy,legacy,Internet Computer Bureau Limited,British Indian Ocean Territory (the),Internet Computer Bureau Ltd,United Kingdom of Great Britain and Northern Ireland (the),British Indian Ocean Territory,,1997-09-16,,,.io,curated,yes
.ipiranga,,delegated,generic,Ipiranga Produtos de Petroleo S.A.,,,,,no,no,no,,https://www.iana.org/domains/root/db/ipiranga.html | https://data.iana.org/TLD/tlds-alpha-by-domain.txt,delegated,2026-10-04,generic,,,,Ipiranga Produtos de Petroleo S.A.,,,,,,,,,.ipiranga,basic,yes
.iq,,delegated,country-code,Communications and Media Commission (CMC),,,,,no,no,no,,https://www.iana.org/domains/root/db/iq.html | https://data.iana.org/TLD/tlds-alpha-by-domain.txt,delegated,2026-10-04,country-code,,,,Communications and Media Commission (CMC),,,,,,,,,.iq,basic,yes
.ir,,delegated,country-code,Institute for Research in Fundamental Sciences,,,,,no,no,no,,https://www.iana.org/domains/root/db/ir.html | https://data.iana.org/TLD/tlds-alpha-by-domain.txt,delegated,2026-10-04,country-code,,,,Institute for Research in Fundamental Sciences,,,,,,,,,.ir,basic,yes
.irish,,delegated,generic,"Binky Moon, LLC",,,,,no,no,no,,https://www.iana.org/domains/root/db/irish.html | https://data.iana.org/TLD/tlds-alpha-by-domain.txt,delegated,2026-10-04,generic,,,,"Binky Moon, LLC",,,,,,,,,.irish,basic,yes
.is,,delegated,country-code,ISNIC - Internet á Íslandi hf.,,,,,no,no,no,,https://www.iana.org/domains/root/db/is.html | https://data.iana.org/TLD/tlds-alpha-by-domain.txt,delegated,2026-10-04,country-code,,,,ISNIC - Internet á Íslandi hf.,,,,,,,,,.is,basic,yes
.ismaili,,delegated,generic,Fondation Aga Khan (Aga Khan Foundation),,,,,no,no,no,,https://www.iana.org/domains/root/db/ismaili.html | https://data.iana.org/TLD/tlds-alpha-by-domain.txt,delegated,2026-10-04,generic,,,,Fondation Aga Khan (Aga Khan Foundation),,,,,,,,,.ismaili,basic,yes
.ist,,delegated,generic,Istanbul Metropolitan Municipality,,,,,no,no,no,,https://www.iana.org/domains/root/db/ist.html | https://data.iana.org/TLD/tlds-alpha-by-domain.txt,delegated,2026-10-04,generic,,,,Istanbul Metropolitan Municipality,,,,,,,,,.ist,basic,yes
.istanbul,,delegated,generic,Istanbul Metropolitan Municipality,,,,,no,no,no,,https://www.iana.org/domains/root/db/istanbul.html | https://data.iana.org/TLD/tlds-alpha-by-domain.txt,delegated,2026-10-04,generic,,,,Istanbul Metropolitan Municipality,,,,,,,,,.istanbul,basic,yes
.it,,delegated,country-code,IIT - CNR,,,,,no,no,no,,https://www.iana.org/domains/root/db/it.html | https://data.iana.org/TLD/tlds-alpha-by-domain.txt,delegated,2026-10-04,country-code,,,,IIT - CNR,,,,,,,,,.it,basic,yes
.itau,,delegated,generic,Itau Unibanco Holding S.A.,,,,,no,no,no,,https://www.iana.org/domains/root/db/itau.html | https://data.iana.org/TLD/tlds-alpha-by-domain.txt,delegated,2026-10-04,generic,,,,Itau Unibanco Holding S.A.,,,,,,,,,.itau,basic,yes
.itv,,delegated,generic,ITV Services Limited,,,,,no,no,no,,https://www.iana.org/domains/root/db/itv.html | https://data.iana.org/TLD/tlds-alpha-by-domain.txt,delegated,2026-10-04,generic,,,,ITV Services Limited,,,,,,,,,.itv,basic,yes
.jaguar,,delegated,generic,Jaguar Land Rover Ltd,,,,,no,no,no,,https://www.iana.org/domains/root/db/jaguar.html | https://data.iana.org/TLD/tlds-alpha-by-domain.txt,delegated,2026-10-04,generic,,,,Jaguar Land Rover Ltd,,,,,,,,,.jaguar,basic,yes
.java,,delegated,generic,Oracle Corporation,,,,,no,no,no,,https://www.iana.org/domains/root/db/java.html | https://data.iana.org/TLD/tlds-alpha-by-domain.txt,delegated,2026-10-04,generic,,,,Oracle Corporation,,,,,,,,,.java,basic,yes
.jcb,,delegated,generic,"JCB Co., Ltd.",,,,,no,no,no,,https://www.iana.org/domains/root/db/jcb.html | https://data.iana.org/TLD/tlds-alpha-by-domain.txt,delegated,2026-10-04,generic,,,,"JCB Co., Ltd.",,,,,,,,,.jcb,basic,yes
.je,,delegated,country-code,Island Networks (Jersey) Ltd.,,,,,no,no,no,,https://www.iana.org/domains/root/db/je.html | https://data.iana.org/TLD/tlds-alpha-by-domain.txt,delegated,2026-10-04,country-code,,,,Island Networks (Jersey) Ltd.,,,,,,,,,.je,basic,yes
.jeep,,delegated,generic,FCA US LLC.,,,,,no,no,no,,https://www.iana.org/domains/root/db/jeep.html | https://data.iana.org/TLD/tlds-alpha-by-domain.txt,delegated,2026-10-04,generic,,,,FCA US LLC.,,,,,,,,,.jeep,basic,yes
.jetzt,,delegated,generic,"Binky Moon, LLC",,,,,no,no,no,,https://www.iana.org/domains/root/db/jetzt.html | https://data.iana.org/TLD/tlds-alpha-by-domain.txt,delegated,2026-10-04,generic,,,,"Binky Moon, LLC",,,,,,,,,.jetzt,basic,yes
.jewelry,,delegated,generic,"Binky Moon, LLC",,,,,no,no,no,,https://www.iana.org/domains/root/db/jewelry.html | https://data.iana.org/TLD/tlds-alpha-by-domain.txt,delegated,2026-10-04,generic,,,,"Binky Moon, LLC",,,,,,,,,.jewelry,basic,yes
.jio,,delegated,generic,Reliance Industries Limited,,,,,no,no,no,,https://www.iana.org/domains/root/db/jio.html | https://data.iana.org/TLD/tlds-alpha-by-domain.txt,delegated,2026-10-04,generic,,,,Reliance Industries Limited,,,,,,,,,.jio,basic,yes
.jll,,delegated,generic,Jones Lang LaSalle Incorporated,,,,,no,no,no,,https://www.iana.org/domains/root/db/jll.html | https://data.iana.org/TLD/tlds-alpha-by-domain.txt,delegated,2026-10-04,generic,,,,Jones Lang LaSalle Incorporated,,,,,,,,,.jll,basic,yes
.jm,,delegated,country-code,University of West Indies,,,,,no,no,no,,https://www.iana.org/domains/root/db/jm.html | https://data.iana.org/TLD/tlds-alpha-by-domain.txt,delegated,2026-10-04,country-code,,,,University of West Indies,,,,,,,,,.jm,basic,yes
.jmp,,delegated,generic,Matrix IP LLC,,,,,no,no,no,,https://www.iana.org/domains/root/db/jmp.html | https://data.iana.org/TLD/tlds-alpha-by-domain.txt,delegated,2026-10-04,generic,,,,Matrix IP LLC,,,,,,,,,.jmp,basic,yes
.jnj,,delegated,generic,"Johnson & Johnson Services, Inc.",,,,,no,no,no,,https://www.iana.org/domains/root/db/jnj.html | https://data.iana.org/TLD/tlds-alpha-by-domain.txt,delegated,2026-10-04,generic,,,,"Johnson & Johnson Services, Inc.",,,,,,,,,.jnj,basic,yes
.jo,,delegated,country-code,Ministry of Digital Economy and Entrepreneurship (MoDEE),,,,,no,no,no,,https://www.iana.org/domains/root/db/jo.html | https://data.iana.org/TLD/tlds-alpha-by-domain.txt,delegated,2026-10-04,country-code,,,,Ministry of Digital Economy and Entrepreneurship (MoDEE),,,,,,,,,.jo,basic,yes
.jobs,2004,delegated,sponsored,Employ Media LLC,,United States,,,no,no,no,,https://www.iana.org/domains/root/db/jobs.html | https://data.iana.org/TLD/tlds-alpha-by-domain.txt | https://www.icann.org/en/announcements/details/icann-progress-in-process-for-introducing-new-sponsored-top-level-domains-19-3-2004-en,delegated,2026-10-04,sponsored,,2004,2004,Employ Media LLC,United States of America (the),Nominet,United Kingdom of Great Britain and Northern Ireland (the),United States,,2005-09-08,,,.jobs,curated,yes
.joburg,,delegated,generic,ZA Central Registry NPC trading as ZA Central Registry,,,,,no,no,no,,https://www.iana.org/domains/root/db/joburg.html | https://data.iana.org/TLD/tlds-alpha-by-domain.txt,delegated,2026-10-04,generic,,,,ZA Central Registry NPC trading as ZA Central Registry,,,,,,,,,.joburg,basic,yes
.jot,,delegated,generic,"Jolly Host, LLC",,,,,no,no,no,,https://www.iana.org/domains/root/db/jot.html | https://data.iana.org/TLD/tlds-alpha-by-domain.txt,delegated,2026-10-04,generic,,,,"Jolly Host, LLC",,,,,,,,,.jot,basic,yes
.joy,,delegated,generic,"Amazon Registry Services, Inc.",,,,,no,no,no,,https://www.iana.org/domains/root/db/joy.html | https://data.iana.org/TLD/tlds-alpha-by-domain.txt,delegated,2026-10-04,generic,,,,"Amazon Registry Services, Inc.",,,,,,,,,.joy,basic,yes
.jp,,delegated,country-code,"Japan Registry Services Co., Ltd.",,,,,no,no,no,,https://www.iana.org/domains/root/db/jp.html | https://data.iana.org/TLD/tlds-alpha-by-domain.txt,delegated,2026-10-04,country-code,,,,"Japan Registry Services Co., Ltd.",,,,,,,,,.jp,basic,yes
.jpmorgan,,delegated,generic,"JPMorgan Chase Bank, National Association",,,,,no,no,no,,https://www.iana.org/domains/root/db/jpmorgan.html | https://data.iana.org/TLD/tlds-alpha-by-domain.txt,delegated,2026-10-04,generic,,,,"JPMorgan Chase Bank, National Association",,,,,,,,,.jpmorgan,basic,yes
.jprs,,delegated,generic,"Japan Registry Services Co., Ltd.",,,,,no,no,no,,https://www.iana.org/domains/root/db/jprs.html | https://data.iana.org/TLD/tlds-alpha-by-domain.txt,delegated,2026-10-04,generic,,,,"Japan Registry Services Co., Ltd.",,,,,,,,,.jprs,basic,yes
.juegos,,delegated,generic,"Dog Beach, LLC",,,,,no,no,no,,https://www.iana.org/domains/root/db/juegos.html | https://data.iana.org/TLD/tlds-alpha-by-domain.txt,delegated,2026-10-04,generic,,,,"Dog Beach, LLC",,,,,,,,,.juegos,basic,yes
.kaufen,,delegated,generic,"Dog Beach, LLC",,,,,no,no,no,,https://www.iana.org/domains/root/db/kaufen.html | https://data.iana.org/TLD/tlds-alpha-by-domain.txt,delegated,2026-10-04,generic,,,,"Dog Beach, LLC",,,,,,,,,.kaufen,basic,yes
.kddi,,delegated,generic,KDDI CORPORATION,,,,,no,no,no,,https://www.iana.org/domains/root/db/kddi.html | https://data.iana.org/TLD/tlds-alpha-by-domain.txt,delegated,2026-10-04,generic,,,,KDDI CORPORATION,,,,,,,,,.kddi,basic,yes
.ke,,delegated,country-code,Kenya Network Information Center (KeNIC),,,,,no,no,no,,https://www.iana.org/domains/root/db/ke.html | https://data.iana.org/TLD/tlds-alpha-by-domain.txt,delegated,2026-10-04,country-code,,,,Kenya Network Information Center (KeNIC),,,,,,,,,.ke,basic,yes
.kerryhotels,,delegated,generic,Kerry Trading Co. Limited,,,,,no,no,no,,https://www.iana.org/domains/root/db/kerryhotels.html | https://data.iana.org/TLD/tlds-alpha-by-domain.txt,delegated,2026-10-04,generic,,,,Kerry Trading Co. Limited,,,,,,,,,.kerryhotels,basic,yes
.kerryproperties,,delegated,generic,Kerry Trading Co. Limited,,,,,no,no,no,,https://www.iana.org/domains/root/db/kerryproperties.html | https://data.iana.org/TLD/tlds-alpha-by-domain.txt,delegated,2026-10-04,generic,,,,Kerry Trading Co. Limited,,,,,,,,,.kerryproperties,basic,yes
.kfh,,delegated,generic,Kuwait Finance House,,,,,no,no,no,,https://www.iana.org/domains/root/db/kfh.html | https://data.iana.org/TLD/tlds-alpha-by-domain.txt,delegated,2026-10-04,generic,,,,Kuwait Finance House,,,,,,,,,.kfh,basic,yes
.kg,,delegated,country-code,AsiaInfo Telecommunication Enterprise,,,,,no,no,no,,https://www.iana.org/domains/root/db/kg.html | https://data.iana.org/TLD/tlds-alpha-by-domain.txt,delegated,2026-10-04,country-code,,,,AsiaInfo Telecommunication Enterprise,,,,,,,,,.kg,basic,yes
.kh,,delegated,country-code,Telecommunication Regulator of Cambodia (TRC),,,,,no,no,no,,https://www.iana.org/domains/root/db/kh.html | https://data.iana.org/TLD/tlds-alpha-by-domain.txt,delegated,2026-10-04,country-code,,,,Telecommunication Regulator of Cambodia (TRC),,,,,,,,,.kh,basic,yes
.ki,,delegated,country-code,"Ministry of Information, Communications and Transport (MICT)",,,,,no,no,no,,https://www.iana.org/domains/root/db/ki.html | https://data.iana.org/TLD/tlds-alpha-by-domain.txt,delegated,2026-10-04,country-code,,,,"Ministry of Information, Communications and Transport (MICT)",,,,,,,,,.ki,basic,yes
.kia,,delegated,generic,KIA MOTORS CORPORATION,,,,,no,no,no,,https://www.iana.org/domains/root/db/kia.html | https://data.iana.org/TLD/tlds-alpha-by-domain.txt,delegated,2026-10-04,generic,,,,KIA MOTORS CORPORATION,,,,,,,,,.kia,basic,yes
.kids,2000,delegated,generic,DotKids Foundation Limited,,,children,,yes,no,no,,https://www.iana.org/domains/root/db/kids.html | https://data.iana.org/TLD/tlds-alpha-by-domain.txt | https://archive.icann.org/en/tlds/kids1/ | https://archive.icann.org/en/tlds/kids2/ | https://archive.icann.org/en/tlds/kids3/ | https://archive.icann.org/en/tlds/kids4/ | https://archive.icann.org/en/tlds/ | https://gtldresult.icann.org/applicationstatus/applicationdetails/161,delegated,2026-10-04,generic,,2012,2000 | 2012,DotKids Foundation Limited,Hong Kong,Identity Digital Limited,United States of America (the),,,2022-03-05,,https://gtldresult.icann.org/applicationstatus/applicationdetails/161,.kids,curated,yes
.kim,,delegated,generic,Identity Digital Limited,,,,,no,no,no,,https://www.iana.org/domains/root/db/kim.html | https://data.iana.org/TLD/tlds-alpha-by-domain.txt,delegated,2026-10-04,generic,,,,Identity Digital Limited,,,,,,,,,.kim,basic,yes
.kindle,,delegated,generic,"Amazon Registry Services, Inc.",,,,,no,no,no,,https://www.iana.org/domains/root/db/kindle.html | https://data.iana.org/TLD/tlds-alpha-by-domain.txt,delegated,2026-10-04,generic,,,,"Amazon Registry Services, Inc.",,,,,,,,,.kindle,basic,yes
.kitchen,,delegated,generic,"Binky Moon, LLC",,,,,no,no,no,,https://www.iana.org/domains/root/db/kitchen.html | https://data.iana.org/TLD/tlds-alpha-by-domain.txt,delegated,2026-10-04,generic,,,,"Binky Moon, LLC",,,,,,,,,.kitchen,basic,yes
.kiwi,,delegated,generic,DOT KIWI LIMITED,,,,,no,no,no,,https://www.iana.org/domains/root/db/kiwi.html | https://data.iana.org/TLD/tlds-alpha-by-domain.txt,delegated,2026-10-04,generic,,,,DOT KIWI LIMITED,,,,,,,,,.kiwi,basic,yes
.km,,delegated,country-code,Comores Telecom,,,,,no,no,no,,https://www.iana.org/domains/root/db/km.html | https://data.iana.org/TLD/tlds-alpha-by-domain.txt,delegated,2026-10-04,country-code,,,,Comores Telecom,,,,,,,,,.km,basic,yes
.kn,,delegated,country-code,"Ministry of Finance, Sustainable Development Information & Technology",,,,,no,no,no,,https://www.iana.org/domains/root/db/kn.html | https://data.iana.org/TLD/tlds-alpha-by-domain.txt,delegated,2026-10-04,country-code,,,,"Ministry of Finance, Sustainable Development Information & Technology",,,,,,,,,.kn,basic,yes
.koeln,2012,delegated,generic,dotKoeln GmbH,,Cologne,city,,no,yes,no,,https://www.iana.org/domains/root/db/koeln.html | https://data.iana.org/TLD/tlds-alpha-by-domain.txt | https://www.iana.org/domains/root/db,delegated,2026-10-04,generic,geographic,2012,2012,dotKoeln GmbH,Austria,RyCE GmbH,Austria,Cologne,,2014-02-20,,,.koeln,curated,yes
.komatsu,,delegated,generic,Komatsu Ltd.,,,,,no,no,no,,https://www.iana.org/domains/root/db/komatsu.html | https://data.iana.org/TLD/tlds-alpha-by-domain.txt,delegated,2026-10-04,generic,,,,Komatsu Ltd.,,,,,,,,,.komatsu,basic,yes
.kosher,,delegated,generic,Kosher Marketing Assets LLC,,,,,no,no,no,,https://www.iana.org/domains/root/db/kosher.html | https://data.iana.org/TLD/tlds-alpha-by-domain.txt,delegated,2026-10-04,generic,,,,Kosher Marketing Assets LLC,,,,,,,,,.kosher,basic,yes
.kp,,delegated,country-code,Star Joint Venture Company,,,,,no,no,no,,https://www.iana.org/domains/root/db/kp.html | https://data.iana.org/TLD/tlds-alpha-by-domain.txt,delegated,2026-10-04,country-code,,,,Star Joint Venture Company,,,,,,,,,.kp,basic,yes
.kpmg,,delegated,generic,KPMG International Cooperative (KPMG International Genossenschaft),,,,,no,no,no,,https://www.iana.org/domains/root/db/kpmg.html | https://data.iana.org/TLD/tlds-alpha-by-domain.txt,delegated,2026-10-04,generic,,,,KPMG International Cooperative (KPMG International Genossenschaft),,,,,,,,,.kpmg,basic,yes
.kpn,,delegated,generic,Koninklijke KPN N.V.,,,,,no,no,no,,https://www.iana.org/domains/root/db/kpn.html | https://data.iana.org/TLD/tlds-alpha-by-domain.txt,delegated,2026-10-04,generic,,,,Koninklijke KPN N.V.,,,,,,,,,.kpn,basic,yes
.kr,,delegated,country-code,Korea Internet & Security Agency (KISA),,,,,no,no,no,,https://www.iana.org/domains/root/db/kr.html | https://data.iana.org/TLD/tlds-alpha-by-domain.txt,delegated,2026-10-04,country-code,,,,Korea Internet & Security Agency (KISA),,,,,,,,,.kr,basic,yes
.krd,,delegated,generic,KRG Department of Information Technology,,,,,no,no,no,,https://www.iana.org/domains/root/db/krd.html | https://data.iana.org/TLD/tlds-alpha-by-domain.txt,delegated,2026-10-04,generic,,,,KRG Department of Information Technology,,,,,,,,,.krd,basic,yes
.kred,,delegated,generic,KredTLD Pty Ltd,,,,,no,no,no,,https://www.iana.org/domains/root/db/kred.html | https://data.iana.org/TLD/tlds-alpha-by-domain.txt,delegated,2026-10-04,generic,,,,KredTLD Pty Ltd,,,,,,,,,.kred,basic,yes
.kuokgroup,,delegated,generic,Kerry Trading Co. Limited,,,,,no,no,no,,https://www.iana.org/domains/root/db/kuokgroup.html | https://data.iana.org/TLD/tlds-alpha-by-domain.txt,delegated,2026-10-04,generic,,,,Kerry Trading Co. Limited,,,,,,,,,.kuokgroup,basic,yes
.kw,,delegated,country-code,Communications and Information Technology Regulatory Authority,,,,,no,no,no,,https://www.iana.org/domains/root/db/kw.html | https://data.iana.org/TLD/tlds-alpha-by-domain.txt,delegated,2026-10-04,country-code,,,,Communications and Information Technology Regulatory Authority,,,,,,,,,.kw,basic,yes
.ky,,delegated,country-code,Utility Regulation and Competition Office (OfReg),,,,,no,no,no,,https://www.iana.org/domains/root/db/ky.html | https://data.iana.org/TLD/tlds-alpha-by-domain.txt,delegated,2026-10-04,country-code,,,,Utility Regulation and Competition Office (OfReg),,,,,,,,,.ky,basic,yes
.kyoto,,delegated,generic,Academic Institution: Kyoto Jyoho Gakuen,,,,,no,no,no,,https://www.iana.org/domains/root/db/kyoto.html | https://data.iana.org/TLD/tlds-alpha-by-domain.txt,delegated,2026-10-04,generic,,,,Academic Institution: Kyoto Jyoho Gakuen,,,,,,,,,.kyoto,basic,yes
.kz,,delegated,country-code,Association of IT Companies of Kazakhstan,,,,,no,no,no,,https://www.iana.org/domains/root/db/kz.html | https://data.iana.org/TLD/tlds-alpha-by-domain.txt,delegated,2026-10-04,country-code,,,,Association of IT Companies of Kazakhstan,,,,,,,,,.kz,basic,yes
.la,,delegated,country-code,"Lao National Internet Center (LANIC), Ministry of Technology and Communications",,,,,no,no,no,,https://www.iana.org/domains/root/db/la.html | https://data.iana.org/TLD/tlds-alpha-by-domain.txt,delegated,2026-10-04,country-code,,,,"Lao National Internet Center (LANIC), Ministry of Technology and Communications",,,,,,,,,.la,basic,yes
.lacaixa,,delegated,generic,"Fundación Bancaria Caixa d'Estalvis i Pensions de Barcelona, ""la Caixa""",,,,,no,no,no,,https://www.iana.org/domains/root/db/lacaixa.html | https://data.iana.org/TLD/tlds-alpha-by-domain.txt,delegated,2026-10-04,generic,,,,"Fundación Bancaria Caixa d'Estalvis i Pensions de Barcelona, ""la Caixa""",,,,,,,,,.lacaixa,basic,yes
.lamborghini,,delegated,generic,Automobili Lamborghini S.p.A.,,,,,no,no,no,,https://www.iana.org/domains/root/db/lamborghini.html | https://data.iana.org/TLD/tlds-alpha-by-domain.txt,delegated,2026-10-04,generic,,,,Automobili Lamborghini S.p.A.,,,,,,,,,.lamborghini,basic,yes
.lamer,,delegated,generic,The Estée Lauder Companies Inc.,,,,,no,no,no,,https://www.iana.org/domains/root/db/lamer.html | https://data.iana.org/TLD/tlds-alpha-by-domain.txt,delegated,2026-10-04,generic,,,,The Estée Lauder Companies Inc.,,,,,,,,,.lamer,basic,yes
.land,,delegated,generic,"Binky Moon, LLC",,,,,no,no,no,,https://www.iana.org/domains/root/db/land.html | https://data.iana.org/TLD/tlds-alpha-by-domain.txt,delegated,2026-10-04,generic,,,,"Binky Moon, LLC",,,,,,,,,.land,basic,yes
.landrover,,delegated,generic,Jaguar Land Rover Ltd,,,,,no,no,no,,https://www.iana.org/domains/root/db/landrover.html | https://data.iana.org/TLD/tlds-alpha-by-domain.txt,delegated,2026-10-04,generic,,,,Jaguar Land Rover Ltd,,,,,,,,,.landrover,basic,yes
.lanxess,,delegated,generic,LANXESS Corporation,,,,,no,no,no,,https://www.iana.org/domains/root/db/lanxess.html | https://data.iana.org/TLD/tlds-alpha-by-domain.txt,delegated,2026-10-04,generic,,,,LANXESS Corporation,,,,,,,,,.lanxess,basic,yes
.lasalle,,delegated,generic,Jones Lang LaSalle Incorporated,,,,,no,no,no,,https://www.iana.org/domains/root/db/lasalle.html | https://data.iana.org/TLD/tlds-alpha-by-domain.txt,delegated,2026-10-04,generic,,,,Jones Lang LaSalle Incorporated,,,,,,,,,.lasalle,basic,yes
.lat,,delegated,generic,XYZ.COM LLC,,,,,no,no,no,,https://www.iana.org/domains/root/db/lat.html | https://data.iana.org/TLD/tlds-alpha-by-domain.txt,delegated,2026-10-04,generic,,,,XYZ.COM LLC,,,,,,,,,.lat,basic,yes
.latino,,delegated,generic,Dish DBS Corporation,,,,,no,no,no,,https://www.iana.org/domains/root/db/latino.html | https://data.iana.org/TLD/tlds-alpha-by-domain.txt,delegated,2026-10-04,generic,,,,Dish DBS Corporation,,,,,,,,,.latino,basic,yes
.latrobe,,delegated,generic,La Trobe University,,,,,no,no,no,,https://www.iana.org/domains/root/db/latrobe.html | https://data.iana.org/TLD/tlds-alpha-by-domain.txt,delegated,2026-10-04,generic,,,,La Trobe University,,,,,,,,,.latrobe,basic,yes
.law,,delegated,generic,"Registry Services, LLC",,,,,no,no,no,,https://www.iana.org/domains/root/db/law.html | https://data.iana.org/TLD/tlds-alpha-by-domain.txt,delegated,2026-10-04,generic,,,,"Registry Services, LLC",,,,,,,,,.law,basic,yes
.lawyer,,delegated,generic,"Dog Beach, LLC",,,,,no,no,no,,https://www.iana.org/domains/root/db/lawyer.html | https://data.iana.org/TLD/tlds-alpha-by-domain.txt,delegated,2026-10-04,generic,,,,"Dog Beach, LLC",,,,,,,,,.lawyer,basic,yes
.lb,,delegated,country-code,Internet Society Lebanon,,,,,no,no,no,,https://www.iana.org/domains/root/db/lb.html | https://data.iana.org/TLD/tlds-alpha-by-domain.txt,delegated,2026-10-04,country-code,,,,Internet Society Lebanon,,,,,,,,,.lb,basic,yes
.lc,,delegated,country-code,University of Puerto Rico,,,,,no,no,no,,https://www.iana.org/domains/root/db/lc.html | https://data.iana.org/TLD/tlds-alpha-by-domain.txt,delegated,2026-10-04,country-code,,,,University of Puerto Rico,,,,,,,,,.lc,basic,yes
.lds,,delegated,generic,"IRI Domain Management, LLC",,,,,no,no,no,,https://www.iana.org/domains/root/db/lds.html | https://data.iana.org/TLD/tlds-alpha-by-domain.txt,delegated,2026-10-04,generic,,,,"IRI Domain Management, LLC",,,,,,,,,.lds,basic,yes
.lease,,delegated,generic,"Binky Moon, LLC",,,,,no,no,no,,https://www.iana.org/domains/root/db/lease.html | https://data.iana.org/TLD/tlds-alpha-by-domain.txt,delegated,2026-10-04,generic,,,,"Binky Moon, LLC",,,,,,,,,.lease,basic,yes
.leclerc,,delegated,generic,A.C.D. LEC Association des Centres Distributeurs Edouard Leclerc,,,,,no,no,no,,https://www.iana.org/domains/root/db/leclerc.html | https://data.iana.org/TLD/tlds-alpha-by-domain.txt,delegated,2026-10-04,generic,,,,A.C.D. LEC Association des Centres Distributeurs Edouard Leclerc,,,,,,,,,.leclerc,basic,yes
.lefrak,,delegated,generic,"LeFrak Organization, Inc.",,,,,no,no,no,,https://www.iana.org/domains/root/db/lefrak.html | https://data.iana.org/TLD/tlds-alpha-by-domain.txt,delegated,2026-10-04,generic,,,,"LeFrak Organization, Inc.",,,,,,,,,.lefrak,basic,yes
.legal,,delegated,generic,"Binky Moon, LLC",,,,,no,no,no,,https://www.iana.org/domains/root/db/legal.html | https://data.iana.org/TLD/tlds-alpha-by-domain.txt,delegated,2026-10-04,generic,,,,"Binky Moon, LLC",,,,,,,,,.legal,basic,yes
.lego,,delegated,generic,LEGO Juris A/S,,,,,no,no,no,,https://www.iana.org/domains/root/db/lego.html | https://data.iana.org/TLD/tlds-alpha-by-domain.txt,delegated,2026-10-04,generic,,,,LEGO Juris A/S,,,,,,,,,.lego,basic,yes
.lexus,,delegated,generic,TOYOTA MOTOR CORPORATION,,,,,no,no,no,,https://www.iana.org/domains/root/db/lexus.html | https://data.iana.org/TLD/tlds-alpha-by-domain.txt,delegated,2026-10-04,generic,,,,TOYOTA MOTOR CORPORATION,,,,,,,,,.lexus,basic,yes
.lgbt,2012,delegated,generic,Identity Digital Limited,,,identity,,yes,no,no,,https://www.iana.org/domains/root/db/lgbt.html | https://data.iana.org/TLD/tlds-alpha-by-domain.txt,delegated,2026-10-04,generic,,2012,2012,Identity Digital Limited,United States of America (the),Identity Digital Limited,United States of America (the),,,2014-06-26,,,.lgbt,curated,yes
.li,,delegated,country-code,SWITCH The Swiss Education & Research Network,,,,,no,no,no,,https://www.iana.org/domains/root/db/li.html | https://data.iana.org/TLD/tlds-alpha-by-domain.txt,delegated,2026-10-04,country-code,,,,SWITCH The Swiss Education & Research Network,,,,,,,,,.li,basic,yes
.lidl,,delegated,generic,Schwarz Domains und Services GmbH & Co. KG,,,,,no,no,no,,https://www.iana.org/domains/root/db/lidl.html | https://data.iana.org/TLD/tlds-alpha-by-domain.txt,delegated,2026-10-04,generic,,,,Schwarz Domains und Services GmbH & Co. KG,,,,,,,,,.lidl,basic,yes
.life,,delegated,generic,"Binky Moon, LLC",,,,,no,no,no,,https://www.iana.org/domains/root/db/life.html | https://data.iana.org/TLD/tlds-alpha-by-domain.txt,delegated,2026-10-04,generic,,,,"Binky Moon, LLC",,,,,,,,,.life,basic,yes
.lifeinsurance,,delegated,generic,American Council of Life Insurers,,,,,no,no,no,,https://www.iana.org/domains/root/db/lifeinsurance.html | https://data.iana.org/TLD/tlds-alpha-by-domain.txt,delegated,2026-10-04,generic,,,,American Council of Life Insurers,,,,,,,,,.lifeinsurance,basic,yes
.lifestyle,,delegated,generic,Internet Naming Co.,,,,,no,no,no,,https://www.iana.org/domains/root/db/lifestyle.html | https://data.iana.org/TLD/tlds-alpha-by-domain.txt,delegated,2026-10-04,generic,,,,Internet Naming Co.,,,,,,,,,.lifestyle,basic,yes
.lighting,,delegated,generic,"Binky Moon, LLC",,,,,no,no,no,,https://www.iana.org/domains/root/db/lighting.html | https://data.iana.org/TLD/tlds-alpha-by-domain.txt,delegated,2026-10-04,generic,,,,"Binky Moon, LLC",,,,,,,,,.lighting,basic,yes
.like,,delegated,generic,"Amazon Registry Services, Inc.",,,,,no,no,no,,https://www.iana.org/domains/root/db/like.html | https://data.iana.org/TLD/tlds-alpha-by-domain.txt,delegated,2026-10-04,generic,,,,"Amazon Registry Services, Inc.",,,,,,,,,.like,basic,yes
.lilly,,delegated,generic,Eli Lilly and Company,,,,,no,no,no,,https://www.iana.org/domains/root/db/lilly.html | https://data.iana.org/TLD/tlds-alpha-by-domain.txt,delegated,2026-10-04,generic,,,,Eli Lilly and Company,,,,,,,,,.lilly,basic,yes
.limited,,delegated,generic,"Binky Moon, LLC",,,,,no,no,no,,https://www.iana.org/domains/root/db/limited.html | https://data.iana.org/TLD/tlds-alpha-by-domain.txt,delegated,2026-10-04,generic,,,,"Binky Moon, LLC",,,,,,,,,.limited,basic,yes
.limo,,delegated,generic,"Binky Moon, LLC",,,,,no,no,no,,https://www.iana.org/domains/root/db/limo.html | https://data.iana.org/TLD/tlds-alpha-by-domain.txt,delegated,2026-10-04,generic,,,,"Binky Moon, LLC",,,,,,,,,.limo,basic,yes
.lincoln,,delegated,generic,Ford Motor Company,,,,,no,no,no,,https://www.iana.org/domains/root/db/lincoln.html | https://data.iana.org/TLD/tlds-alpha-by-domain.txt,delegated,2026-10-04,generic,,,,Ford Motor Company,,,,,,,,,.lincoln,basic,yes
.link,,delegated,generic,Nova Registry Ltd.,,,,,no,no,no,,https://www.iana.org/domains/root/db/link.html | https://data.iana.org/TLD/tlds-alpha-by-domain.txt,delegated,2026-10-04,generic,,,,Nova Registry Ltd.,,,,,,,,,.link,basic,yes
.live,,delegated,generic,"Dog Beach, LLC",,,,,no,no,no,,https://www.iana.org/domains/root/db/live.html | https://data.iana.org/TLD/tlds-alpha-by-domain.txt,delegated,2026-10-04,generic,,,,"Dog Beach, LLC",,,,,,,,,.live,basic,yes
.living,,delegated,generic,Internet Naming Co.,,,,,no,no,no,,https://www.iana.org/domains/root/db/living.html | https://data.iana.org/TLD/tlds-alpha-by-domain.txt,delegated,2026-10-04,generic,,,,Internet Naming Co.,,,,,,,,,.living,basic,yes
.lk,,delegated,country-code,"Council for Information Technology
LK Domain Registrar",,,,,no,no,no,,https://www.iana.org/domains/root/db/lk.html | https://data.iana.org/TLD/tlds-alpha-by-domain.txt,delegated,2026-10-04,country-code,,,,"Council for Information Technology
LK Domain Registrar",,,,,,,,,.lk,basic,yes
.llc,2012,delegated,generic,Identity Digital Limited,,,,9,no,no,no,,https://www.iana.org/domains/root/db/llc.html | https://data.iana.org/TLD/tlds-alpha-by-domain.txt | https://newgtlds.icann.org/en/program-status/statistics,delegated,2026-10-04,generic,,2012,2012,Identity Digital Limited,United States of America (the),Identity Digital Limited,United States of America (the),,,2018-02-16,2012,,.llc,curated,yes
.llp,,delegated,generic,Intercap Registry Inc.,,,,,no,no,no,,https://www.iana.org/domains/root/db/llp.html | https://data.iana.org/TLD/tlds-alpha-by-domain.txt,delegated,2026-10-04,generic,,,,Intercap Registry Inc.,,,,,,,,,.llp,basic,yes
.loan,,delegated,generic,dot Loan Limited,,,,,no,no,no,,https://www.iana.org/domains/root/db/loan.html | https://data.iana.org/TLD/tlds-alpha-by-domain.txt,delegated,2026-10-04,generic,,,,dot Loan Limited,,,,,,,,,.loan,basic,yes
.loans,,delegated,generic,"Binky Moon, LLC",,,,,no,no,no,,https://www.iana.org/domains/root/db/loans.html | https://data.iana.org/TLD/tlds-alpha-by-domain.txt,delegated,2026-10-04,generic,,,,"Binky Moon, LLC",,,,,,,,,.loans,basic,yes
.locker,,delegated,generic,Orange Domains LLC,,,,,no,no,no,,https://www.iana.org/domains/root/db/locker.html | https://data.iana.org/TLD/tlds-alpha-by-domain.txt,delegated,2026-10-04,generic,,,,Orange Domains LLC,,,,,,,,,.locker,basic,yes
.locus,,delegated,generic,Locus Analytics LLC,,,,,no,no,no,,https://www.iana.org/domains/root/db/locus.html | https://data.iana.org/TLD/tlds-alpha-by-domain.txt,delegated,2026-10-04,generic,,,,Locus Analytics LLC,,,,,,,,,.locus,basic,yes
.lol,,delegated,generic,XYZ.COM LLC,,,,,no,no,no,,https://www.iana.org/domains/root/db/lol.html | https://data.iana.org/TLD/tlds-alpha-by-domain.txt,delegated,2026-10-04,generic,,,,XYZ.COM LLC,,,,,,,,,.lol,basic,yes
.london,2012,delegated,generic,Dot London Domains Limited,,London,city,,no,yes,no,,https://www.iana.org/domains/root/db/london.html | https://data.iana.org/TLD/tlds-alpha-by-domain.txt | https://www.iana.org/domains/root/db,delegated,2026-10-04,generic,geographic,2012,2012,Dot London Domains Limited,United Kingdom of Great Britain and Northern Ireland (the),CentralNic,United Kingdom of Great Britain and Northern Ireland (the),London,,2014-02-13,,,.london,curated,yes
.lotte,,delegated,generic,"Lotte Holdings Co., Ltd.",,,,,no,no,no,,https://www.iana.org/domains/root/db/lotte.html | https://data.iana.org/TLD/tlds-alpha-by-domain.txt,delegated,2026-10-04,generic,,,,"Lotte Holdings Co., Ltd.",,,,,,,,,.lotte,basic,yes
.lotto,,delegated,generic,Identity Digital Limited,,,,,no,no,no,,https://www.iana.org/domains/root/db/lotto.html | https://data.iana.org/TLD/tlds-alpha-by-domain.txt,delegated,2026-10-04,generic,,,,Identity Digital Limited,,,,,,,,,.lotto,basic,yes
.love,,delegated,generic,Waterford Limited,,,,,no,no,no,,https://www.iana.org/domains/root/db/love.html | https://data.iana.org/TLD/tlds-alpha-by-domain.txt,delegated,2026-10-04,generic,,,,Waterford Limited,,,,,,,,,.love,basic,yes
.lpl,,delegated,generic,"LPL Holdings, Inc.",,,,,no,no,no,,https://www.iana.org/domains/root/db/lpl.html | https://data.iana.org/TLD/tlds-alpha-by-domain.txt,delegated,2026-10-04,generic,,,,"LPL Holdings, Inc.",,,,,,,,,.lpl,basic,yes
.lplfinancial,,delegated,generic,"LPL Holdings, Inc.",,,,,no,no,no,,https://www.iana.org/domains/root/db/lplfinancial.html | https://data.iana.org/TLD/tlds-alpha-by-domain.txt,delegated,2026-10-04,generic,,,,"LPL Holdings, Inc.",,,,,,,,,.lplfinancial,basic,yes
.lr,,delegated,country-code,"Data Technology Solutions, Inc.",,,,,no,no,no,,https://www.iana.org/domains/root/db/lr.html | https://data.iana.org/TLD/tlds-alpha-by-domain.txt,delegated,2026-10-04,country-code,,,,"Data Technology Solutions, Inc.",,,,,,,,,.lr,basic,yes
.ls,,delegated,country-code,Lesotho Network Information Centre Proprietary (LSNIC),,,,,no,no,no,,https://www.iana.org/domains/root/db/ls.html | https://data.iana.org/TLD/tlds-alpha-by-domain.txt,delegated,2026-10-04,country-code,,,,Lesotho Network Information Centre Proprietary (LSNIC),,,,,,,,,.ls,basic,yes
.lt,,delegated,country-code,Kaunas University of Technology,,,,,no,no,no,,https://www.iana.org/domains/root/db/lt.html | https://data.iana.org/TLD/tlds-alpha-by-domain.txt,delegated,2026-10-04,country-code,,,,Kaunas University of Technology,,,,,,,,,.lt,basic,yes
.ltd,,delegated,generic,"Binky Moon, LLC",,,,,no,no,no,,https://www.iana.org/domains/root/db/ltd.html | https://data.iana.org/TLD/tlds-alpha-by-domain.txt,delegated,2026-10-04,generic,,,,"Binky Moon, LLC",,,,,,,,,.ltd,basic,yes
.ltda,,delegated,generic,InterNetX Corp.,,,,,no,no,no,,https://www.iana.org/domains/root/db/ltda.html | https://data.iana.org/TLD/tlds-alpha-by-domain.txt,delegated,2026-10-04,generic,,,,InterNetX Corp.,,,,,,,,,.ltda,basic,yes
.lu,,delegated,country-code,RESTENA,,,,,no,no,no,,https://www.iana.org/domains/root/db/lu.html | https://data.iana.org/TLD/tlds-alpha-by-domain.txt,delegated,2026-10-04,country-code,,,,RESTENA,,,,,,,,,.lu,basic,yes
.lugano,2026,application,notApplicable,,,Switzerland,city | trust,,no,yes,yes,applicantDisclosure · 2026-10-02,,notDelegated,2026-10-04,notApplicable,geographic,,2026,,,,,"Lugano, Switzerland",,,,,.lugano,curated,no
.lundbeck,,delegated,generic,H. Lundbeck A/S,,,,,no,no,no,,https://www.iana.org/domains/root/db/lundbeck.html | https://data.iana.org/TLD/tlds-alpha-by-domain.txt,delegated,2026-10-04,generic,,,,H. Lundbeck A/S,,,,,,,,,.lundbeck,basic,yes
.luxe,,delegated,generic,"Registry Services, LLC",,,,,no,no,no,,https://www.iana.org/domains/root/db/luxe.html | https://data.iana.org/TLD/tlds-alpha-by-domain.txt,delegated,2026-10-04,generic,,,,"Registry Services, LLC",,,,,,,,,.luxe,basic,yes
.luxury,,delegated,generic,Luxury Partners LLC,,,,,no,no,no,,https://www.iana.org/domains/root/db/luxury.html | https://data.iana.org/TLD/tlds-alpha-by-domain.txt,delegated,2026-10-04,generic,,,,Luxury Partners LLC,,,,,,,,,.luxury,basic,yes
.lv,,delegated,country-code,"University of Latvia, Institute of Mathematics and Computer Science, Department of Network Solutions (DNS)",,,,,no,no,no,,https://www.iana.org/domains/root/db/lv.html | https://data.iana.org/TLD/tlds-alpha-by-domain.txt,delegated,2026-10-04,country-code,,,,"University of Latvia, Institute of Mathematics and Computer Science, Department of Network Solutions (DNS)",,,,,,,,,.lv,basic,yes
.ly,,delegated,country-code,General Authority of Communications and Informatics (GACI),,,,,no,no,no,,https://www.iana.org/domains/root/db/ly.html | https://data.iana.org/TLD/tlds-alpha-by-domain.txt,delegated,2026-10-04,country-code,,,,General Authority of Communications and Informatics (GACI),,,,,,,,,.ly,basic,yes
.ma,,delegated,country-code,Agence Nationale de Réglementation des Télécommunications (ANRT),,,,,no,no,no,,https://www.iana.org/domains/root/db/ma.html | https://data.iana.org/TLD/tlds-alpha-by-domain.txt,delegated,2026-10-04,country-code,,,,Agence Nationale de Réglementation des Télécommunications (ANRT),,,,,,,,,.ma,basic,yes
.madrid,,delegated,generic,Comunidad de Madrid,,,,,no,no,no,,https://www.iana.org/domains/root/db/madrid.html | https://data.iana.org/TLD/tlds-alpha-by-domain.txt,delegated,2026-10-04,generic,,,,Comunidad de Madrid,,,,,,,,,.madrid,basic,yes
.magic,2000,proposed,notApplicable,,,,optimism,,yes,no,no,,https://archive.icann.org/en/tlds/ads1/,notDelegated,2026-10-04,notApplicable,,,2000,,,,,,,,,,.magic,curated,no
.maif,,delegated,generic,Mutuelle Assurance Instituteur France (MAIF),,,,,no,no,no,,https://www.iana.org/domains/root/db/maif.html | https://data.iana.org/TLD/tlds-alpha-by-domain.txt,delegated,2026-10-04,generic,,,,Mutuelle Assurance Instituteur France (MAIF),,,,,,,,,.maif,basic,yes
.mail,2004,notDelegated,notApplicable,Anti-Spam Community Registry,,United Kingdom,trust,,yes,no,no,,https://www.icann.org/en/announcements/details/icann-progress-in-process-for-introducing-new-sponsored-top-level-domains-19-3-2004-en,notDelegated,2026-10-04,notApplicable,,,2004,,,,,United Kingdom,Anti-Spam Community Registry,,,,.mail,curated,no
.maison,,delegated,generic,"Binky Moon, LLC",,,,,no,no,no,,https://www.iana.org/domains/root/db/maison.html | https://data.iana.org/TLD/tlds-alpha-by-domain.txt,delegated,2026-10-04,generic,,,,"Binky Moon, LLC",,,,,,,,,.maison,basic,yes
.makeup,,delegated,generic,XYZ.COM LLC,,,,,no,no,no,,https://www.iana.org/domains/root/db/makeup.html | https://data.iana.org/TLD/tlds-alpha-by-domain.txt,delegated,2026-10-04,generic,,,,XYZ.COM LLC,,,,,,,,,.makeup,basic,yes
.man,,delegated,generic,MAN Truck & Bus SE,,,,,no,no,no,,https://www.iana.org/domains/root/db/man.html | https://data.iana.org/TLD/tlds-alpha-by-domain.txt,delegated,2026-10-04,generic,,,,MAN Truck & Bus SE,,,,,,,,,.man,basic,yes
.management,,delegated,generic,"Binky Moon, LLC",,,,,no,no,no,,https://www.iana.org/domains/root/db/management.html | https://data.iana.org/TLD/tlds-alpha-by-domain.txt,delegated,2026-10-04,generic,,,,"Binky Moon, LLC",,,,,,,,,.management,basic,yes
.mango,,delegated,generic,PUNTO FA S.L.,,,,,no,no,no,,https://www.iana.org/domains/root/db/mango.html | https://data.iana.org/TLD/tlds-alpha-by-domain.txt,delegated,2026-10-04,generic,,,,PUNTO FA S.L.,,,,,,,,,.mango,basic,yes
.map,,delegated,generic,Charleston Road Registry Inc.,,,,,no,no,no,,https://www.iana.org/domains/root/db/map.html | https://data.iana.org/TLD/tlds-alpha-by-domain.txt,delegated,2026-10-04,generic,,,,Charleston Road Registry Inc.,,,,,,,,,.map,basic,yes
.market,,delegated,generic,"Dog Beach, LLC",,,,,no,no,no,,https://www.iana.org/domains/root/db/market.html | https://data.iana.org/TLD/tlds-alpha-by-domain.txt,delegated,2026-10-04,generic,,,,"Dog Beach, LLC",,,,,,,,,.market,basic,yes
.marketing,,delegated,generic,"Binky Moon, LLC",,,,,no,no,no,,https://www.iana.org/domains/root/db/marketing.html | https://data.iana.org/TLD/tlds-alpha-by-domain.txt,delegated,2026-10-04,generic,,,,"Binky Moon, LLC",,,,,,,,,.marketing,basic,yes
.markets,,delegated,generic,"Dog Beach, LLC",,,,,no,no,no,,https://www.iana.org/domains/root/db/markets.html | https://data.iana.org/TLD/tlds-alpha-by-domain.txt,delegated,2026-10-04,generic,,,,"Dog Beach, LLC",,,,,,,,,.markets,basic,yes
.marriott,,delegated,generic,Marriott Worldwide Corporation,,,,,no,no,no,,https://www.iana.org/domains/root/db/marriott.html | https://data.iana.org/TLD/tlds-alpha-by-domain.txt,delegated,2026-10-04,generic,,,,Marriott Worldwide Corporation,,,,,,,,,.marriott,basic,yes
.marshalls,,delegated,generic,"The TJX Companies, Inc.",,,,,no,no,no,,https://www.iana.org/domains/root/db/marshalls.html | https://data.iana.org/TLD/tlds-alpha-by-domain.txt,delegated,2026-10-04,generic,,,,"The TJX Companies, Inc.",,,,,,,,,.marshalls,basic,yes
.mattel,,delegated,generic,"Mattel IT Services, Inc.",,,,,no,no,no,,https://www.iana.org/domains/root/db/mattel.html | https://data.iana.org/TLD/tlds-alpha-by-domain.txt,delegated,2026-10-04,generic,,,,"Mattel IT Services, Inc.",,,,,,,,,.mattel,basic,yes
.mba,,delegated,generic,"Binky Moon, LLC",,,,,no,no,no,,https://www.iana.org/domains/root/db/mba.html | https://data.iana.org/TLD/tlds-alpha-by-domain.txt,delegated,2026-10-04,generic,,,,"Binky Moon, LLC",,,,,,,,,.mba,basic,yes
.mc,,delegated,country-code,Direction des Plateformes et des Ressources Numériques,,,,,no,no,no,,https://www.iana.org/domains/root/db/mc.html | https://data.iana.org/TLD/tlds-alpha-by-domain.txt,delegated,2026-10-04,country-code,,,,Direction des Plateformes et des Ressources Numériques,,,,,,,,,.mc,basic,yes
.mckinsey,,delegated,generic,"McKinsey Holdings, Inc.",,,,,no,no,no,,https://www.iana.org/domains/root/db/mckinsey.html | https://data.iana.org/TLD/tlds-alpha-by-domain.txt,delegated,2026-10-04,generic,,,,"McKinsey Holdings, Inc.",,,,,,,,,.mckinsey,basic,yes
.md,,delegated,country-code,IP Serviciul Tehnologia Informatiei si Securitate Cibernetica,,,,,no,no,no,,https://www.iana.org/domains/root/db/md.html | https://data.iana.org/TLD/tlds-alpha-by-domain.txt,delegated,2026-10-04,country-code,,,,IP Serviciul Tehnologia Informatiei si Securitate Cibernetica,,,,,,,,,.md,basic,yes
.me,legacy,delegated,country-code,Government of Montenegro,,Montenegro,identity | semanticDrift,,yes,no,no,,https://www.iana.org/domains/root/db/me.html | https://data.iana.org/TLD/tlds-alpha-by-domain.txt | https://domain.me/about-me/,delegated,2026-10-04,country-code,,legacy,legacy,Government of Montenegro,Montenegro,Center of Information System (CIS),Montenegro,Montenegro,,2007-09-24,,,.me,curated,yes
.med,,delegated,generic,Medistry LLC,,,,,no,no,no,,https://www.iana.org/domains/root/db/med.html | https://data.iana.org/TLD/tlds-alpha-by-domain.txt,delegated,2026-10-04,generic,,,,Medistry LLC,,,,,,,,,.med,basic,yes
.media,,delegated,generic,"Binky Moon, LLC",,,,,no,no,no,,https://www.iana.org/domains/root/db/media.html | https://data.iana.org/TLD/tlds-alpha-by-domain.txt,delegated,2026-10-04,generic,,,,"Binky Moon, LLC",,,,,,,,,.media,basic,yes
.meet,,delegated,generic,Charleston Road Registry Inc.,,,,,no,no,no,,https://www.iana.org/domains/root/db/meet.html | https://data.iana.org/TLD/tlds-alpha-by-domain.txt,delegated,2026-10-04,generic,,,,Charleston Road Registry Inc.,,,,,,,,,.meet,basic,yes
.melbourne,,delegated,generic,"The Crown in right of the State of Victoria, represented by its Department of State Development, Business and Innovation",,,,,no,no,no,,https://www.iana.org/domains/root/db/melbourne.html | https://data.iana.org/TLD/tlds-alpha-by-domain.txt,delegated,2026-10-04,generic,,,,"The Crown in right of the State of Victoria, represented by its Department of State Development, Business and Innovation",,,,,,,,,.melbourne,basic,yes
.meme,,delegated,generic,Charleston Road Registry Inc.,,,,,no,no,no,,https://www.iana.org/domains/root/db/meme.html | https://data.iana.org/TLD/tlds-alpha-by-domain.txt,delegated,2026-10-04,generic,,,,Charleston Road Registry Inc.,,,,,,,,,.meme,basic,yes
.memorial,,delegated,generic,"Dog Beach, LLC",,,,,no,no,no,,https://www.iana.org/domains/root/db/memorial.html | https://data.iana.org/TLD/tlds-alpha-by-domain.txt,delegated,2026-10-04,generic,,,,"Dog Beach, LLC",,,,,,,,,.memorial,basic,yes
.men,,delegated,generic,Exclusive Registry Limited,,,,,no,no,no,,https://www.iana.org/domains/root/db/men.html | https://data.iana.org/TLD/tlds-alpha-by-domain.txt,delegated,2026-10-04,generic,,,,Exclusive Registry Limited,,,,,,,,,.men,basic,yes
.menu,,delegated,generic,Dot Menu Registry LLC,,,,,no,no,no,,https://www.iana.org/domains/root/db/menu.html | https://data.iana.org/TLD/tlds-alpha-by-domain.txt,delegated,2026-10-04,generic,,,,Dot Menu Registry LLC,,,,,,,,,.menu,basic,yes
.merck,,delegated,generic,"Merck Registry Holdings, Inc.",,,,,no,no,no,,https://www.iana.org/domains/root/db/merck.html | https://data.iana.org/TLD/tlds-alpha-by-domain.txt,delegated,2026-10-04,generic,,,,"Merck Registry Holdings, Inc.",,,,,,,,,.merck,basic,yes
.merckmsd,,delegated,generic,"MSD Registry Holdings, Inc.",,,,,no,no,no,,https://www.iana.org/domains/root/db/merckmsd.html | https://data.iana.org/TLD/tlds-alpha-by-domain.txt,delegated,2026-10-04,generic,,,,"MSD Registry Holdings, Inc.",,,,,,,,,.merckmsd,basic,yes
.mg,,delegated,country-code,NIC-MG (Network Information Center Madagascar),,,,,no,no,no,,https://www.iana.org/domains/root/db/mg.html | https://data.iana.org/TLD/tlds-alpha-by-domain.txt,delegated,2026-10-04,country-code,,,,NIC-MG (Network Information Center Madagascar),,,,,,,,,.mg,basic,yes
.mh,,delegated,country-code,Office of the Cabinet,,,,,no,no,no,,https://www.iana.org/domains/root/db/mh.html | https://data.iana.org/TLD/tlds-alpha-by-domain.txt,delegated,2026-10-04,country-code,,,,Office of the Cabinet,,,,,,,,,.mh,basic,yes
.miami,,delegated,generic,"Registry Services, LLC",,,,,no,no,no,,https://www.iana.org/domains/root/db/miami.html | https://data.iana.org/TLD/tlds-alpha-by-domain.txt,delegated,2026-10-04,generic,,,,"Registry Services, LLC",,,,,,,,,.miami,basic,yes
.microsoft,,delegated,generic,Microsoft Corporation,,,,,no,no,no,,https://www.iana.org/domains/root/db/microsoft.html | https://data.iana.org/TLD/tlds-alpha-by-domain.txt,delegated,2026-10-04,generic,,,,Microsoft Corporation,,,,,,,,,.microsoft,basic,yes
.mil,legacy,delegated,sponsored,DoD Network Information Center,,United States,government,,no,no,no,,https://www.iana.org/domains/root/db/mil.html | https://data.iana.org/TLD/tlds-alpha-by-domain.txt | https://www.iana.org/domains/root/db,delegated,2026-10-04,sponsored,,legacy,legacy,DoD Network Information Center,United States of America (the),DoD Network Information Center,United States of America (the),United States,,1985-01-01,,,.mil,curated,yes
.mini,,delegated,generic,Bayerische Motoren Werke Aktiengesellschaft,,,,,no,no,no,,https://www.iana.org/domains/root/db/mini.html | https://data.iana.org/TLD/tlds-alpha-by-domain.txt,delegated,2026-10-04,generic,,,,Bayerische Motoren Werke Aktiengesellschaft,,,,,,,,,.mini,basic,yes
.mint,,delegated,generic,"Intuit Administrative Services, Inc.",,,,,no,no,no,,https://www.iana.org/domains/root/db/mint.html | https://data.iana.org/TLD/tlds-alpha-by-domain.txt,delegated,2026-10-04,generic,,,,"Intuit Administrative Services, Inc.",,,,,,,,,.mint,basic,yes
.mit,,delegated,generic,Massachusetts Institute of Technology,,,,,no,no,no,,https://www.iana.org/domains/root/db/mit.html | https://data.iana.org/TLD/tlds-alpha-by-domain.txt,delegated,2026-10-04,generic,,,,Massachusetts Institute of Technology,,,,,,,,,.mit,basic,yes
.mitsubishi,,delegated,generic,Mitsubishi Corporation,,,,,no,no,no,,https://www.iana.org/domains/root/db/mitsubishi.html | https://data.iana.org/TLD/tlds-alpha-by-domain.txt,delegated,2026-10-04,generic,,,,Mitsubishi Corporation,,,,,,,,,.mitsubishi,basic,yes
.mk,,delegated,country-code,Macedonian Academic Research Network Skopje,,,,,no,no,no,,https://www.iana.org/domains/root/db/mk.html | https://data.iana.org/TLD/tlds-alpha-by-domain.txt,delegated,2026-10-04,country-code,,,,Macedonian Academic Research Network Skopje,,,,,,,,,.mk,basic,yes
.ml,,delegated,country-code,Agence des Technologies de l’Information et de la Communication,,,,,no,no,no,,https://www.iana.org/domains/root/db/ml.html | https://data.iana.org/TLD/tlds-alpha-by-domain.txt,delegated,2026-10-04,country-code,,,,Agence des Technologies de l’Information et de la Communication,,,,,,,,,.ml,basic,yes
.mlb,,delegated,generic,"MLB Advanced Media DH, LLC",,,,,no,no,no,,https://www.iana.org/domains/root/db/mlb.html | https://data.iana.org/TLD/tlds-alpha-by-domain.txt,delegated,2026-10-04,generic,,,,"MLB Advanced Media DH, LLC",,,,,,,,,.mlb,basic,yes
.mls,,delegated,generic,The Canadian Real Estate Association,,,,,no,no,no,,https://www.iana.org/domains/root/db/mls.html | https://data.iana.org/TLD/tlds-alpha-by-domain.txt,delegated,2026-10-04,generic,,,,The Canadian Real Estate Association,,,,,,,,,.mls,basic,yes
.mm,,delegated,country-code,Ministry of Transport and Communications,,,,,no,no,no,,https://www.iana.org/domains/root/db/mm.html | https://data.iana.org/TLD/tlds-alpha-by-domain.txt,delegated,2026-10-04,country-code,,,,Ministry of Transport and Communications,,,,,,,,,.mm,basic,yes
.mma,,delegated,generic,MMA IARD,,,,,no,no,no,,https://www.iana.org/domains/root/db/mma.html | https://data.iana.org/TLD/tlds-alpha-by-domain.txt,delegated,2026-10-04,generic,,,,MMA IARD,,,,,,,,,.mma,basic,yes
.mn,,delegated,country-code,"Datacom Co., Ltd.",,,,,no,no,no,,https://www.iana.org/domains/root/db/mn.html | https://data.iana.org/TLD/tlds-alpha-by-domain.txt,delegated,2026-10-04,country-code,,,,"Datacom Co., Ltd.",,,,,,,,,.mn,basic,yes
.mo,,delegated,country-code,Macao Post and Telecommunications Bureau (CTT),,,,,no,no,no,,https://www.iana.org/domains/root/db/mo.html | https://data.iana.org/TLD/tlds-alpha-by-domain.txt,delegated,2026-10-04,country-code,,,,Macao Post and Telecommunications Bureau (CTT),,,,,,,,,.mo,basic,yes
.mobi,2004,delegated,generic,Identity Digital Limited,,Finland,techFossil,,yes,no,no,,https://www.iana.org/domains/root/db/mobi.html | https://data.iana.org/TLD/tlds-alpha-by-domain.txt | https://www.icann.org/en/announcements/details/icann-progress-in-process-for-introducing-new-sponsored-top-level-domains-19-3-2004-en,delegated,2026-10-04,generic,,2004,2004,Identity Digital Limited,United States of America (the),Identity Digital Limited,United States of America (the),Finland,,2005-10-17,,,.mobi,curated,yes
.mobile,,delegated,generic,Dish DBS Corporation,,,,,no,no,no,,https://www.iana.org/domains/root/db/mobile.html | https://data.iana.org/TLD/tlds-alpha-by-domain.txt,delegated,2026-10-04,generic,,,,Dish DBS Corporation,,,,,,,,,.mobile,basic,yes
.moda,,delegated,generic,"Dog Beach, LLC",,,,,no,no,no,,https://www.iana.org/domains/root/db/moda.html | https://data.iana.org/TLD/tlds-alpha-by-domain.txt,delegated,2026-10-04,generic,,,,"Dog Beach, LLC",,,,,,,,,.moda,basic,yes
.moe,,delegated,generic,Interlink Systems Innovation Institute K.K.,,,,,no,no,no,,https://www.iana.org/domains/root/db/moe.html | https://data.iana.org/TLD/tlds-alpha-by-domain.txt,delegated,2026-10-04,generic,,,,Interlink Systems Innovation Institute K.K.,,,,,,,,,.moe,basic,yes
.moi,,delegated,generic,"Amazon Registry Services, Inc.",,,,,no,no,no,,https://www.iana.org/domains/root/db/moi.html | https://data.iana.org/TLD/tlds-alpha-by-domain.txt,delegated,2026-10-04,generic,,,,"Amazon Registry Services, Inc.",,,,,,,,,.moi,basic,yes
.mom,,delegated,generic,XYZ.COM LLC,,,,,no,no,no,,https://www.iana.org/domains/root/db/mom.html | https://data.iana.org/TLD/tlds-alpha-by-domain.txt,delegated,2026-10-04,generic,,,,XYZ.COM LLC,,,,,,,,,.mom,basic,yes
.monash,,delegated,generic,Monash University,,,,,no,no,no,,https://www.iana.org/domains/root/db/monash.html | https://data.iana.org/TLD/tlds-alpha-by-domain.txt,delegated,2026-10-04,generic,,,,Monash University,,,,,,,,,.monash,basic,yes
.money,,delegated,generic,"Binky Moon, LLC",,,,,no,no,no,,https://www.iana.org/domains/root/db/money.html | https://data.iana.org/TLD/tlds-alpha-by-domain.txt,delegated,2026-10-04,generic,,,,"Binky Moon, LLC",,,,,,,,,.money,basic,yes
.monster,,delegated,generic,XYZ.COM LLC,,,,,no,no,no,,https://www.iana.org/domains/root/db/monster.html | https://data.iana.org/TLD/tlds-alpha-by-domain.txt,delegated,2026-10-04,generic,,,,XYZ.COM LLC,,,,,,,,,.monster,basic,yes
.mormon,,delegated,generic,"IRI Domain Management, LLC (""Applicant"")",,,,,no,no,no,,https://www.iana.org/domains/root/db/mormon.html | https://data.iana.org/TLD/tlds-alpha-by-domain.txt,delegated,2026-10-04,generic,,,,"IRI Domain Management, LLC (""Applicant"")",,,,,,,,,.mormon,basic,yes
.mortgage,,delegated,generic,"Dog Beach, LLC",,,,,no,no,no,,https://www.iana.org/domains/root/db/mortgage.html | https://data.iana.org/TLD/tlds-alpha-by-domain.txt,delegated,2026-10-04,generic,,,,"Dog Beach, LLC",,,,,,,,,.mortgage,basic,yes
.moscow,,delegated,generic,Foundation for Assistance for Internet Technologies and Infrastructure Development (FAITID),,,,,no,no,no,,https://www.iana.org/domains/root/db/moscow.html | https://data.iana.org/TLD/tlds-alpha-by-domain.txt,delegated,2026-10-04,generic,,,,Foundation for Assistance for Internet Technologies and Infrastructure Development (FAITID),,,,,,,,,.moscow,basic,yes
.moto,,delegated,generic,"Motorola Trademark Holdings, LLC",,,,,no,no,no,,https://www.iana.org/domains/root/db/moto.html | https://data.iana.org/TLD/tlds-alpha-by-domain.txt,delegated,2026-10-04,generic,,,,"Motorola Trademark Holdings, LLC",,,,,,,,,.moto,basic,yes
.motorcycles,,delegated,generic,XYZ.COM LLC,,,,,no,no,no,,https://www.iana.org/domains/root/db/motorcycles.html | https://data.iana.org/TLD/tlds-alpha-by-domain.txt,delegated,2026-10-04,generic,,,,XYZ.COM LLC,,,,,,,,,.motorcycles,basic,yes
.mov,,delegated,generic,Charleston Road Registry Inc.,,,,,no,no,no,,https://www.iana.org/domains/root/db/mov.html | https://data.iana.org/TLD/tlds-alpha-by-domain.txt,delegated,2026-10-04,generic,,,,Charleston Road Registry Inc.,,,,,,,,,.mov,basic,yes
.movie,2012,delegated,generic,"Binky Moon, LLC",,,,8,no,no,no,,https://www.iana.org/domains/root/db/movie.html | https://data.iana.org/TLD/tlds-alpha-by-domain.txt | https://newgtlds.icann.org/en/program-status/statistics,delegated,2026-10-04,generic,,2012,2012,"Binky Moon, LLC",United States of America (the),Identity Digital Limited,United States of America (the),,,2015-03-12,2012,,.movie,curated,yes
.mp,,delegated,country-code,"Saipan Datacom, Inc.",,,,,no,no,no,,https://www.iana.org/domains/root/db/mp.html | https://data.iana.org/TLD/tlds-alpha-by-domain.txt,delegated,2026-10-04,country-code,,,,"Saipan Datacom, Inc.",,,,,,,,,.mp,basic,yes
.mq,,delegated,country-code,CANAL+ TELECOM,,,,,no,no,no,,https://www.iana.org/domains/root/db/mq.html | https://data.iana.org/TLD/tlds-alpha-by-domain.txt,delegated,2026-10-04,country-code,,,,CANAL+ TELECOM,,,,,,,,,.mq,basic,yes
.mr,,delegated,country-code,Université de Nouakchott Al Aasriya,,,,,no,no,no,,https://www.iana.org/domains/root/db/mr.html | https://data.iana.org/TLD/tlds-alpha-by-domain.txt,delegated,2026-10-04,country-code,,,,Université de Nouakchott Al Aasriya,,,,,,,,,.mr,basic,yes
.ms,,delegated,country-code,MNI Networks Ltd.,,,,,no,no,no,,https://www.iana.org/domains/root/db/ms.html | https://data.iana.org/TLD/tlds-alpha-by-domain.txt,delegated,2026-10-04,country-code,,,,MNI Networks Ltd.,,,,,,,,,.ms,basic,yes
.msd,,delegated,generic,"MSD Registry Holdings, Inc.",,,,,no,no,no,,https://www.iana.org/domains/root/db/msd.html | https://data.iana.org/TLD/tlds-alpha-by-domain.txt,delegated,2026-10-04,generic,,,,"MSD Registry Holdings, Inc.",,,,,,,,,.msd,basic,yes
.mt,,delegated,country-code,NIC (Malta),,,,,no,no,no,,https://www.iana.org/domains/root/db/mt.html | https://data.iana.org/TLD/tlds-alpha-by-domain.txt,delegated,2026-10-04,country-code,,,,NIC (Malta),,,,,,,,,.mt,basic,yes
.mtn,,delegated,generic,MTN Dubai Limited,,,,,no,no,no,,https://www.iana.org/domains/root/db/mtn.html | https://data.iana.org/TLD/tlds-alpha-by-domain.txt,delegated,2026-10-04,generic,,,,MTN Dubai Limited,,,,,,,,,.mtn,basic,yes
.mtr,,delegated,generic,MTR Corporation Limited,,,,,no,no,no,,https://www.iana.org/domains/root/db/mtr.html | https://data.iana.org/TLD/tlds-alpha-by-domain.txt,delegated,2026-10-04,generic,,,,MTR Corporation Limited,,,,,,,,,.mtr,basic,yes
.mu,,delegated,country-code,Internet Direct Ltd,,,,,no,no,no,,https://www.iana.org/domains/root/db/mu.html | https://data.iana.org/TLD/tlds-alpha-by-domain.txt,delegated,2026-10-04,country-code,,,,Internet Direct Ltd,,,,,,,,,.mu,basic,yes
.museum,2000,delegated,sponsored,Museum Domain Management Association,,,culture,,no,no,no,,https://www.iana.org/domains/root/db/museum.html | https://data.iana.org/TLD/tlds-alpha-by-domain.txt | https://archive.icann.org/en/tlds/,delegated,2026-10-04,sponsored,,2000,2000,Museum Domain Management Association,France,Association Française pour le Nommage Internet en Coopération (A.F.N.I.C.),France,,,2001-10-20,,,.museum,curated,yes
.music,2012,delegated,generic,DotMusic Limited,,,,8,no,no,no,,https://www.iana.org/domains/root/db/music.html | https://data.iana.org/TLD/tlds-alpha-by-domain.txt | https://newgtlds.icann.org/en/program-status/statistics,delegated,2026-10-04,generic,,2012,2012,DotMusic Limited,Cyprus,"Tucows.com, Co.",Canada,,,2021-10-14,2012,,.music,curated,yes
.mv,,delegated,country-code,Dhivehi Raajjeyge Gulhun PLC,,,,,no,no,no,,https://www.iana.org/domains/root/db/mv.html | https://data.iana.org/TLD/tlds-alpha-by-domain.txt,delegated,2026-10-04,country-code,,,,Dhivehi Raajjeyge Gulhun PLC,,,,,,,,,.mv,basic,yes
.mw,,delegated,country-code,Malawi Sustainable Development Network Programme (Malawi SDNP),,,,,no,no,no,,https://www.iana.org/domains/root/db/mw.html | https://data.iana.org/TLD/tlds-alpha-by-domain.txt,delegated,2026-10-04,country-code,,,,Malawi Sustainable Development Network Programme (Malawi SDNP),,,,,,,,,.mw,basic,yes
.mx,,delegated,country-code,"NIC-Mexico
ITESM - Campus Monterrey",,,,,no,no,no,,https://www.iana.org/domains/root/db/mx.html | https://data.iana.org/TLD/tlds-alpha-by-domain.txt,delegated,2026-10-04,country-code,,,,"NIC-Mexico
ITESM - Campus Monterrey",,,,,,,,,.mx,basic,yes
.my,,delegated,country-code,MYNIC Berhad,,,,,no,no,no,,https://www.iana.org/domains/root/db/my.html | https://data.iana.org/TLD/tlds-alpha-by-domain.txt,delegated,2026-10-04,country-code,,,,MYNIC Berhad,,,,,,,,,.my,basic,yes
.mz,,delegated,country-code,Centro de Informatica de Universidade Eduardo Mondlane,,,,,no,no,no,,https://www.iana.org/domains/root/db/mz.html | https://data.iana.org/TLD/tlds-alpha-by-domain.txt,delegated,2026-10-04,country-code,,,,Centro de Informatica de Universidade Eduardo Mondlane,,,,,,,,,.mz,basic,yes
.na,,delegated,country-code,Namibian Network Information Center,,,,,no,no,no,,https://www.iana.org/domains/root/db/na.html | https://data.iana.org/TLD/tlds-alpha-by-domain.txt,delegated,2026-10-04,country-code,,,,Namibian Network Information Center,,,,,,,,,.na,basic,yes
.nab,,delegated,generic,National Australia Bank Limited,,,,,no,no,no,,https://www.iana.org/domains/root/db/nab.html | https://data.iana.org/TLD/tlds-alpha-by-domain.txt,delegated,2026-10-04,generic,,,,National Australia Bank Limited,,,,,,,,,.nab,basic,yes
.nagoya,,delegated,generic,"GMO Registry, Inc.",,,,,no,no,no,,https://www.iana.org/domains/root/db/nagoya.html | https://data.iana.org/TLD/tlds-alpha-by-domain.txt,delegated,2026-10-04,generic,,,,"GMO Registry, Inc.",,,,,,,,,.nagoya,basic,yes
.name,2000,delegated,generic-restricted,"VeriSign Information Services, Inc.",,,identity,,no,no,no,,https://www.iana.org/domains/root/db/name.html | https://data.iana.org/TLD/tlds-alpha-by-domain.txt | https://archive.icann.org/en/tlds/,delegated,2026-10-04,generic-restricted,,2000,2000,"VeriSign Information Services, Inc.",United States of America (the),"VeriSign Information Services, Inc.",United States of America (the),,,2001-08-17,,,.name,curated,yes
.navy,,delegated,generic,"Dog Beach, LLC",,,,,no,no,no,,https://www.iana.org/domains/root/db/navy.html | https://data.iana.org/TLD/tlds-alpha-by-domain.txt,delegated,2026-10-04,generic,,,,"Dog Beach, LLC",,,,,,,,,.navy,basic,yes
.nba,,delegated,generic,"NBA REGISTRY, LLC",,,,,no,no,no,,https://www.iana.org/domains/root/db/nba.html | https://data.iana.org/TLD/tlds-alpha-by-domain.txt,delegated,2026-10-04,generic,,,,"NBA REGISTRY, LLC",,,,,,,,,.nba,basic,yes
.nc,,delegated,country-code,Office des Postes et Telecommunications,,,,,no,no,no,,https://www.iana.org/domains/root/db/nc.html | https://data.iana.org/TLD/tlds-alpha-by-domain.txt,delegated,2026-10-04,country-code,,,,Office des Postes et Telecommunications,,,,,,,,,.nc,basic,yes
.ne,,delegated,country-code,Niger Télécoms SA (NIGERTELECOMS),,,,,no,no,no,,https://www.iana.org/domains/root/db/ne.html | https://data.iana.org/TLD/tlds-alpha-by-domain.txt,delegated,2026-10-04,country-code,,,,Niger Télécoms SA (NIGERTELECOMS),,,,,,,,,.ne,basic,yes
.nec,,delegated,generic,NEC Corporation,,,,,no,no,no,,https://www.iana.org/domains/root/db/nec.html | https://data.iana.org/TLD/tlds-alpha-by-domain.txt,delegated,2026-10-04,generic,,,,NEC Corporation,,,,,,,,,.nec,basic,yes
.net,legacy,delegated,generic,VeriSign Global Registry Services,,United States,technology,,no,no,no,,https://www.iana.org/domains/root/db/net.html | https://data.iana.org/TLD/tlds-alpha-by-domain.txt | https://www.iana.org/domains/root/db,delegated,2026-10-04,generic,,legacy,legacy,VeriSign Global Registry Services,United States of America (the),VeriSign Global Registry Services,United States of America (the),United States,,1985-01-01,,,.net,curated,yes
.netbank,,delegated,generic,COMMONWEALTH BANK OF AUSTRALIA,,,,,no,no,no,,https://www.iana.org/domains/root/db/netbank.html | https://data.iana.org/TLD/tlds-alpha-by-domain.txt,delegated,2026-10-04,generic,,,,COMMONWEALTH BANK OF AUSTRALIA,,,,,,,,,.netbank,basic,yes
.netflix,,delegated,generic,"Netflix, Inc.",,,,,no,no,no,,https://www.iana.org/domains/root/db/netflix.html | https://data.iana.org/TLD/tlds-alpha-by-domain.txt,delegated,2026-10-04,generic,,,,"Netflix, Inc.",,,,,,,,,.netflix,basic,yes
.network,,delegated,generic,"Binky Moon, LLC",,,,,no,no,no,,https://www.iana.org/domains/root/db/network.html | https://data.iana.org/TLD/tlds-alpha-by-domain.txt,delegated,2026-10-04,generic,,,,"Binky Moon, LLC",,,,,,,,,.network,basic,yes
.neustar,,delegated,generic,"NeuStar, Inc.",,,,,no,no,no,,https://www.iana.org/domains/root/db/neustar.html | https://data.iana.org/TLD/tlds-alpha-by-domain.txt,delegated,2026-10-04,generic,,,,"NeuStar, Inc.",,,,,,,,,.neustar,basic,yes
.new,,delegated,generic,Charleston Road Registry Inc.,,,,,no,no,no,,https://www.iana.org/domains/root/db/new.html | https://data.iana.org/TLD/tlds-alpha-by-domain.txt,delegated,2026-10-04,generic,,,,Charleston Road Registry Inc.,,,,,,,,,.new,basic,yes
.news,,delegated,generic,"Dog Beach, LLC",,,,,no,no,no,,https://www.iana.org/domains/root/db/news.html | https://data.iana.org/TLD/tlds-alpha-by-domain.txt,delegated,2026-10-04,generic,,,,"Dog Beach, LLC",,,,,,,,,.news,basic,yes
.next,,delegated,generic,Next plc,,,,,no,no,no,,https://www.iana.org/domains/root/db/next.html | https://data.iana.org/TLD/tlds-alpha-by-domain.txt,delegated,2026-10-04,generic,,,,Next plc,,,,,,,,,.next,basic,yes
.nextdirect,,delegated,generic,Next plc,,,,,no,no,no,,https://www.iana.org/domains/root/db/nextdirect.html | https://data.iana.org/TLD/tlds-alpha-by-domain.txt,delegated,2026-10-04,generic,,,,Next plc,,,,,,,,,.nextdirect,basic,yes
.nexus,,delegated,generic,Charleston Road Registry Inc.,,,,,no,no,no,,https://www.iana.org/domains/root/db/nexus.html | https://data.iana.org/TLD/tlds-alpha-by-domain.txt,delegated,2026-10-04,generic,,,,Charleston Road Registry Inc.,,,,,,,,,.nexus,basic,yes
.nf,,delegated,country-code,Norfolk Island Data Services,,,,,no,no,no,,https://www.iana.org/domains/root/db/nf.html | https://data.iana.org/TLD/tlds-alpha-by-domain.txt,delegated,2026-10-04,country-code,,,,Norfolk Island Data Services,,,,,,,,,.nf,basic,yes
.nfl,,delegated,generic,NFL Reg Ops LLC,,,,,no,no,no,,https://www.iana.org/domains/root/db/nfl.html | https://data.iana.org/TLD/tlds-alpha-by-domain.txt,delegated,2026-10-04,generic,,,,NFL Reg Ops LLC,,,,,,,,,.nfl,basic,yes
.ng,,delegated,country-code,Nigeria Internet Registration Association,,,,,no,no,no,,https://www.iana.org/domains/root/db/ng.html | https://data.iana.org/TLD/tlds-alpha-by-domain.txt,delegated,2026-10-04,country-code,,,,Nigeria Internet Registration Association,,,,,,,,,.ng,basic,yes
.ngo,,delegated,generic,Public Interest Registry,,,,,no,no,no,,https://www.iana.org/domains/root/db/ngo.html | https://data.iana.org/TLD/tlds-alpha-by-domain.txt,delegated,2026-10-04,generic,,,,Public Interest Registry,,,,,,,,,.ngo,basic,yes
.nhk,,delegated,generic,Japan Broadcasting Corporation (NHK),,,,,no,no,no,,https://www.iana.org/domains/root/db/nhk.html | https://data.iana.org/TLD/tlds-alpha-by-domain.txt,delegated,2026-10-04,generic,,,,Japan Broadcasting Corporation (NHK),,,,,,,,,.nhk,basic,yes
.ni,,delegated,country-code,Universidad Nacional del Ingernieria. Division de Tecnologias de la Informacion.,,,,,no,no,no,,https://www.iana.org/domains/root/db/ni.html | https://data.iana.org/TLD/tlds-alpha-by-domain.txt,delegated,2026-10-04,country-code,,,,Universidad Nacional del Ingernieria. Division de Tecnologias de la Informacion.,,,,,,,,,.ni,basic,yes
.nico,,delegated,generic,"DWANGO Co., Ltd.",,,,,no,no,no,,https://www.iana.org/domains/root/db/nico.html | https://data.iana.org/TLD/tlds-alpha-by-domain.txt,delegated,2026-10-04,generic,,,,"DWANGO Co., Ltd.",,,,,,,,,.nico,basic,yes
.nike,,delegated,generic,"NIKE, Inc.",,,,,no,no,no,,https://www.iana.org/domains/root/db/nike.html | https://data.iana.org/TLD/tlds-alpha-by-domain.txt,delegated,2026-10-04,generic,,,,"NIKE, Inc.",,,,,,,,,.nike,basic,yes
.nikon,,delegated,generic,NIKON CORPORATION,,,,,no,no,no,,https://www.iana.org/domains/root/db/nikon.html | https://data.iana.org/TLD/tlds-alpha-by-domain.txt,delegated,2026-10-04,generic,,,,NIKON CORPORATION,,,,,,,,,.nikon,basic,yes
.ninja,2012,delegated,generic,"Dog Beach, LLC",,,personalBrand,,yes,no,no,,https://www.iana.org/domains/root/db/ninja.html | https://data.iana.org/TLD/tlds-alpha-by-domain.txt,delegated,2026-10-04,generic,,2012,2012,"Dog Beach, LLC",United States of America (the),Identity Digital Limited,United States of America (the),,,2013-12-19,,,.ninja,curated,yes
.nissan,,delegated,generic,"NISSAN MOTOR CO., LTD.",,,,,no,no,no,,https://www.iana.org/domains/root/db/nissan.html | https://data.iana.org/TLD/tlds-alpha-by-domain.txt,delegated,2026-10-04,generic,,,,"NISSAN MOTOR CO., LTD.",,,,,,,,,.nissan,basic,yes
.nissay,,delegated,generic,Nippon Life Insurance Company,,,,,no,no,no,,https://www.iana.org/domains/root/db/nissay.html | https://data.iana.org/TLD/tlds-alpha-by-domain.txt,delegated,2026-10-04,generic,,,,Nippon Life Insurance Company,,,,,,,,,.nissay,basic,yes
.nl,,delegated,country-code,SIDN (Stichting Internet Domeinregistratie Nederland),,,,,no,no,no,,https://www.iana.org/domains/root/db/nl.html | https://data.iana.org/TLD/tlds-alpha-by-domain.txt,delegated,2026-10-04,country-code,,,,SIDN (Stichting Internet Domeinregistratie Nederland),,,,,,,,,.nl,basic,yes
.no,,delegated,country-code,Norid A/S,,,,,no,no,no,,https://www.iana.org/domains/root/db/no.html | https://data.iana.org/TLD/tlds-alpha-by-domain.txt,delegated,2026-10-04,country-code,,,,Norid A/S,,,,,,,,,.no,basic,yes
.nokia,,delegated,generic,Nokia Corporation,,,,,no,no,no,,https://www.iana.org/domains/root/db/nokia.html | https://data.iana.org/TLD/tlds-alpha-by-domain.txt,delegated,2026-10-04,generic,,,,Nokia Corporation,,,,,,,,,.nokia,basic,yes
.norton,,delegated,generic,Gen Digital Inc.,,,,,no,no,no,,https://www.iana.org/domains/root/db/norton.html | https://data.iana.org/TLD/tlds-alpha-by-domain.txt,delegated,2026-10-04,generic,,,,Gen Digital Inc.,,,,,,,,,.norton,basic,yes
.now,,delegated,generic,"Amazon Registry Services, Inc.",,,,,no,no,no,,https://www.iana.org/domains/root/db/now.html | https://data.iana.org/TLD/tlds-alpha-by-domain.txt,delegated,2026-10-04,generic,,,,"Amazon Registry Services, Inc.",,,,,,,,,.now,basic,yes
.nowruz,,delegated,generic,Emergency Back-End Registry Operator Program - ICANN,,,,,no,no,no,,https://www.iana.org/domains/root/db/nowruz.html | https://data.iana.org/TLD/tlds-alpha-by-domain.txt,delegated,2026-10-04,generic,,,,Emergency Back-End Registry Operator Program - ICANN,,,,,,,,,.nowruz,basic,yes
.nowtv,,delegated,generic,Starbucks (HK) Limited,,,,,no,no,no,,https://www.iana.org/domains/root/db/nowtv.html | https://data.iana.org/TLD/tlds-alpha-by-domain.txt,delegated,2026-10-04,generic,,,,Starbucks (HK) Limited,,,,,,,,,.nowtv,basic,yes
.np,,delegated,country-code,Mercantile Communications Pvt. Ltd.,,,,,no,no,no,,https://www.iana.org/domains/root/db/np.html | https://data.iana.org/TLD/tlds-alpha-by-domain.txt,delegated,2026-10-04,country-code,,,,Mercantile Communications Pvt. Ltd.,,,,,,,,,.np,basic,yes
.nr,,delegated,country-code,CENPAC NET,,,,,no,no,no,,https://www.iana.org/domains/root/db/nr.html | https://data.iana.org/TLD/tlds-alpha-by-domain.txt,delegated,2026-10-04,country-code,,,,CENPAC NET,,,,,,,,,.nr,basic,yes
.nra,,delegated,generic,National Rifle Association of America,,,,,no,no,no,,https://www.iana.org/domains/root/db/nra.html | https://data.iana.org/TLD/tlds-alpha-by-domain.txt,delegated,2026-10-04,generic,,,,National Rifle Association of America,,,,,,,,,.nra,basic,yes
.nrw,,delegated,generic,Minds + Machines GmbH,,,,,no,no,no,,https://www.iana.org/domains/root/db/nrw.html | https://data.iana.org/TLD/tlds-alpha-by-domain.txt,delegated,2026-10-04,generic,,,,Minds + Machines GmbH,,,,,,,,,.nrw,basic,yes
.ntt,,delegated,generic,NIPPON TELEGRAPH AND TELEPHONE CORPORATION,,,,,no,no,no,,https://www.iana.org/domains/root/db/ntt.html | https://data.iana.org/TLD/tlds-alpha-by-domain.txt,delegated,2026-10-04,generic,,,,NIPPON TELEGRAPH AND TELEPHONE CORPORATION,,,,,,,,,.ntt,basic,yes
.nu,,delegated,country-code,The IUSN Foundation,,,,,no,no,no,,https://www.iana.org/domains/root/db/nu.html | https://data.iana.org/TLD/tlds-alpha-by-domain.txt,delegated,2026-10-04,country-code,,,,The IUSN Foundation,,,,,,,,,.nu,basic,yes
.nyc,2012,delegated,generic,The City of New York by and through the New York City Department of Information Technology & Telecommunications,,New York,city,,yes,yes,no,,https://www.iana.org/domains/root/db/nyc.html | https://data.iana.org/TLD/tlds-alpha-by-domain.txt | https://archive.icann.org/en/tlds/tld-review-update-23oct00.htm | https://archive.icann.org/en/tlds/ | https://www.iana.org/domains/root/db | https://www.icann.org/en/announcements/details/tld-application-review-update-23-10-2000-en | https://newgtlds.icann.org/en/program-status/statistics,delegated,2026-10-04,generic,geographic,2012,2000 | 2012,The City of New York by and through the New York City Department of Information Technology & Telecommunications,United States of America (the),GoDaddy Registry,United States of America (the),New York,,2014-03-13,,,.nyc,curated,yes
.nz,,delegated,country-code,InternetNZ,,,,,no,no,no,,https://www.iana.org/domains/root/db/nz.html | https://data.iana.org/TLD/tlds-alpha-by-domain.txt,delegated,2026-10-04,country-code,,,,InternetNZ,,,,,,,,,.nz,basic,yes
.obi,,delegated,generic,OBI Group Holding SE & Co. KGaA,,,,,no,no,no,,https://www.iana.org/domains/root/db/obi.html | https://data.iana.org/TLD/tlds-alpha-by-domain.txt,delegated,2026-10-04,generic,,,,OBI Group Holding SE & Co. KGaA,,,,,,,,,.obi,basic,yes
.observer,,delegated,generic,"Fegistry, LLC",,,,,no,no,no,,https://www.iana.org/domains/root/db/observer.html | https://data.iana.org/TLD/tlds-alpha-by-domain.txt,delegated,2026-10-04,generic,,,,"Fegistry, LLC",,,,,,,,,.observer,basic,yes
.office,,delegated,generic,Microsoft Corporation,,,,,no,no,no,,https://www.iana.org/domains/root/db/office.html | https://data.iana.org/TLD/tlds-alpha-by-domain.txt,delegated,2026-10-04,generic,,,,Microsoft Corporation,,,,,,,,,.office,basic,yes
.okinawa,,delegated,generic,"BRregistry, Inc.",,,,,no,no,no,,https://www.iana.org/domains/root/db/okinawa.html | https://data.iana.org/TLD/tlds-alpha-by-domain.txt,delegated,2026-10-04,generic,,,,"BRregistry, Inc.",,,,,,,,,.okinawa,basic,yes
.olayan,,delegated,generic,Competrol (Luxembourg) Sarl,,,,,no,no,no,,https://www.iana.org/domains/root/db/olayan.html | https://data.iana.org/TLD/tlds-alpha-by-domain.txt,delegated,2026-10-04,generic,,,,Competrol (Luxembourg) Sarl,,,,,,,,,.olayan,basic,yes
.olayangroup,,delegated,generic,Competrol (Luxembourg) Sarl,,,,,no,no,no,,https://www.iana.org/domains/root/db/olayangroup.html | https://data.iana.org/TLD/tlds-alpha-by-domain.txt,delegated,2026-10-04,generic,,,,Competrol (Luxembourg) Sarl,,,,,,,,,.olayangroup,basic,yes
.ollo,,delegated,generic,Dish DBS Corporation,,,,,no,no,no,,https://www.iana.org/domains/root/db/ollo.html | https://data.iana.org/TLD/tlds-alpha-by-domain.txt,delegated,2026-10-04,generic,,,,Dish DBS Corporation,,,,,,,,,.ollo,basic,yes
.om,,delegated,country-code,Telecommunications Regulatory Authority (TRA),,,,,no,no,no,,https://www.iana.org/domains/root/db/om.html | https://data.iana.org/TLD/tlds-alpha-by-domain.txt,delegated,2026-10-04,country-code,,,,Telecommunications Regulatory Authority (TRA),,,,,,,,,.om,basic,yes
.omega,,delegated,generic,The Swatch Group Ltd,,,,,no,no,no,,https://www.iana.org/domains/root/db/omega.html | https://data.iana.org/TLD/tlds-alpha-by-domain.txt,delegated,2026-10-04,generic,,,,The Swatch Group Ltd,,,,,,,,,.omega,basic,yes
.one,,delegated,generic,One.com A/S,,,,,no,no,no,,https://www.iana.org/domains/root/db/one.html | https://data.iana.org/TLD/tlds-alpha-by-domain.txt,delegated,2026-10-04,generic,,,,One.com A/S,,,,,,,,,.one,basic,yes
.ong,,delegated,generic,Public Interest Registry,,,,,no,no,no,,https://www.iana.org/domains/root/db/ong.html | https://data.iana.org/TLD/tlds-alpha-by-domain.txt,delegated,2026-10-04,generic,,,,Public Interest Registry,,,,,,,,,.ong,basic,yes
.onl,,delegated,generic,"Jolly Host, LLC",,,,,no,no,no,,https://www.iana.org/domains/root/db/onl.html | https://data.iana.org/TLD/tlds-alpha-by-domain.txt,delegated,2026-10-04,generic,,,,"Jolly Host, LLC",,,,,,,,,.onl,basic,yes
.online,,delegated,generic,Radix Technologies Inc. SEZC,,,,,no,no,no,,https://www.iana.org/domains/root/db/online.html | https://data.iana.org/TLD/tlds-alpha-by-domain.txt,delegated,2026-10-04,generic,,,,Radix Technologies Inc. SEZC,,,,,,,,,.online,basic,yes
.ooo,,delegated,generic,INFIBEAM AVENUES LIMITED,,,,,no,no,no,,https://www.iana.org/domains/root/db/ooo.html | https://data.iana.org/TLD/tlds-alpha-by-domain.txt,delegated,2026-10-04,generic,,,,INFIBEAM AVENUES LIMITED,,,,,,,,,.ooo,basic,yes
.open,,delegated,generic,"American Express Travel Related Services Company, Inc.",,,,,no,no,no,,https://www.iana.org/domains/root/db/open.html | https://data.iana.org/TLD/tlds-alpha-by-domain.txt,delegated,2026-10-04,generic,,,,"American Express Travel Related Services Company, Inc.",,,,,,,,,.open,basic,yes
.oracle,,delegated,generic,Oracle Corporation,,,,,no,no,no,,https://www.iana.org/domains/root/db/oracle.html | https://data.iana.org/TLD/tlds-alpha-by-domain.txt,delegated,2026-10-04,generic,,,,Oracle Corporation,,,,,,,,,.oracle,basic,yes
.orange,,delegated,generic,Orange Brand Services Limited,,,,,no,no,no,,https://www.iana.org/domains/root/db/orange.html | https://data.iana.org/TLD/tlds-alpha-by-domain.txt,delegated,2026-10-04,generic,,,,Orange Brand Services Limited,,,,,,,,,.orange,basic,yes
.org,legacy,delegated,generic,Public Interest Registry (PIR),,,community,,no,no,no,,https://www.iana.org/domains/root/db/org.html | https://data.iana.org/TLD/tlds-alpha-by-domain.txt | https://www.iana.org/domains/root/db | https://www.icann.org/en/announcements/details/advisory-concerning-org-transition-7-1-2003-en,delegated,2026-10-04,generic,,legacy,legacy,Public Interest Registry (PIR),United States of America (the),Identity Digital Limited,United States of America (the),,,1985-01-01,,,.org,curated,yes
.organic,,delegated,generic,Identity Digital Limited,,,,,no,no,no,,https://www.iana.org/domains/root/db/organic.html | https://data.iana.org/TLD/tlds-alpha-by-domain.txt,delegated,2026-10-04,generic,,,,Identity Digital Limited,,,,,,,,,.organic,basic,yes
.origins,,delegated,generic,The Estée Lauder Companies Inc.,,,,,no,no,no,,https://www.iana.org/domains/root/db/origins.html | https://data.iana.org/TLD/tlds-alpha-by-domain.txt,delegated,2026-10-04,generic,,,,The Estée Lauder Companies Inc.,,,,,,,,,.origins,basic,yes
.osaka,,delegated,generic,"Osaka Registry Co., Ltd.",,,,,no,no,no,,https://www.iana.org/domains/root/db/osaka.html | https://data.iana.org/TLD/tlds-alpha-by-domain.txt,delegated,2026-10-04,generic,,,,"Osaka Registry Co., Ltd.",,,,,,,,,.osaka,basic,yes
.otsuka,,delegated,generic,"Otsuka Holdings Co., Ltd.",,,,,no,no,no,,https://www.iana.org/domains/root/db/otsuka.html | https://data.iana.org/TLD/tlds-alpha-by-domain.txt,delegated,2026-10-04,generic,,,,"Otsuka Holdings Co., Ltd.",,,,,,,,,.otsuka,basic,yes
.ott,,delegated,generic,Dish DBS Corporation,,,,,no,no,no,,https://www.iana.org/domains/root/db/ott.html | https://data.iana.org/TLD/tlds-alpha-by-domain.txt,delegated,2026-10-04,generic,,,,Dish DBS Corporation,,,,,,,,,.ott,basic,yes
.ovh,,delegated,generic,OVH SAS,,,,,no,no,no,,https://www.iana.org/domains/root/db/ovh.html | https://data.iana.org/TLD/tlds-alpha-by-domain.txt,delegated,2026-10-04,generic,,,,OVH SAS,,,,,,,,,.ovh,basic,yes
.pa,,delegated,country-code,Universidad Tecnologica de Panama,,,,,no,no,no,,https://www.iana.org/domains/root/db/pa.html | https://data.iana.org/TLD/tlds-alpha-by-domain.txt,delegated,2026-10-04,country-code,,,,Universidad Tecnologica de Panama,,,,,,,,,.pa,basic,yes
.page,,delegated,generic,Charleston Road Registry Inc.,,,,,no,no,no,,https://www.iana.org/domains/root/db/page.html | https://data.iana.org/TLD/tlds-alpha-by-domain.txt,delegated,2026-10-04,generic,,,,Charleston Road Registry Inc.,,,,,,,,,.page,basic,yes
.panasonic,,delegated,generic,Panasonic Corporation,,,,,no,no,no,,https://www.iana.org/domains/root/db/panasonic.html | https://data.iana.org/TLD/tlds-alpha-by-domain.txt,delegated,2026-10-04,generic,,,,Panasonic Corporation,,,,,,,,,.panasonic,basic,yes
.paris,2012,delegated,generic,City of Paris,,Paris,city,,no,yes,no,,https://www.iana.org/domains/root/db/paris.html | https://data.iana.org/TLD/tlds-alpha-by-domain.txt | https://www.iana.org/domains/root/db,delegated,2026-10-04,generic,geographic,2012,2012,City of Paris,France,Association Française pour le Nommage Internet en Coopération (A.F.N.I.C.),France,Paris,,2014-03-27,,,.paris,curated,yes
.pars,,delegated,generic,Emergency Back-End Registry Operator Program - ICANN,,,,,no,no,no,,https://www.iana.org/domains/root/db/pars.html | https://data.iana.org/TLD/tlds-alpha-by-domain.txt,delegated,2026-10-04,generic,,,,Emergency Back-End Registry Operator Program - ICANN,,,,,,,,,.pars,basic,yes
.partners,,delegated,generic,"Binky Moon, LLC",,,,,no,no,no,,https://www.iana.org/domains/root/db/partners.html | https://data.iana.org/TLD/tlds-alpha-by-domain.txt,delegated,2026-10-04,generic,,,,"Binky Moon, LLC",,,,,,,,,.partners,basic,yes
.parts,,delegated,generic,"Binky Moon, LLC",,,,,no,no,no,,https://www.iana.org/domains/root/db/parts.html | https://data.iana.org/TLD/tlds-alpha-by-domain.txt,delegated,2026-10-04,generic,,,,"Binky Moon, LLC",,,,,,,,,.parts,basic,yes
.party,,delegated,generic,Blue Sky Registry Limited,,,,,no,no,no,,https://www.iana.org/domains/root/db/party.html | https://data.iana.org/TLD/tlds-alpha-by-domain.txt,delegated,2026-10-04,generic,,,,Blue Sky Registry Limited,,,,,,,,,.party,basic,yes
.pay,,delegated,generic,"Amazon Registry Services, Inc.",,,,,no,no,no,,https://www.iana.org/domains/root/db/pay.html | https://data.iana.org/TLD/tlds-alpha-by-domain.txt,delegated,2026-10-04,generic,,,,"Amazon Registry Services, Inc.",,,,,,,,,.pay,basic,yes
.pccw,,delegated,generic,PCCW Enterprises Limited,,,,,no,no,no,,https://www.iana.org/domains/root/db/pccw.html | https://data.iana.org/TLD/tlds-alpha-by-domain.txt,delegated,2026-10-04,generic,,,,PCCW Enterprises Limited,,,,,,,,,.pccw,basic,yes
.pe,,delegated,country-code,Red Cientifica Peruana,,,,,no,no,no,,https://www.iana.org/domains/root/db/pe.html | https://data.iana.org/TLD/tlds-alpha-by-domain.txt,delegated,2026-10-04,country-code,,,,Red Cientifica Peruana,,,,,,,,,.pe,basic,yes
.pet,,delegated,generic,Identity Digital Limited,,,,,no,no,no,,https://www.iana.org/domains/root/db/pet.html | https://data.iana.org/TLD/tlds-alpha-by-domain.txt,delegated,2026-10-04,generic,,,,Identity Digital Limited,,,,,,,,,.pet,basic,yes
.pf,,delegated,country-code,Gouvernement de la Polynésie française,,,,,no,no,no,,https://www.iana.org/domains/root/db/pf.html | https://data.iana.org/TLD/tlds-alpha-by-domain.txt,delegated,2026-10-04,country-code,,,,Gouvernement de la Polynésie française,,,,,,,,,.pf,basic,yes
.pfizer,,delegated,generic,Pfizer Inc.,,,,,no,no,no,,https://www.iana.org/domains/root/db/pfizer.html | https://data.iana.org/TLD/tlds-alpha-by-domain.txt,delegated,2026-10-04,generic,,,,Pfizer Inc.,,,,,,,,,.pfizer,basic,yes
.pg,,delegated,country-code,"PNG DNS Administration, Vice Chancellors Office, The Papua New Guinea University of Technology",,,,,no,no,no,,https://www.iana.org/domains/root/db/pg.html | https://data.iana.org/TLD/tlds-alpha-by-domain.txt,delegated,2026-10-04,country-code,,,,"PNG DNS Administration, Vice Chancellors Office, The Papua New Guinea University of Technology",,,,,,,,,.pg,basic,yes
.ph,,delegated,country-code,PH Domain Foundation,,,,,no,no,no,,https://www.iana.org/domains/root/db/ph.html | https://data.iana.org/TLD/tlds-alpha-by-domain.txt,delegated,2026-10-04,country-code,,,,PH Domain Foundation,,,,,,,,,.ph,basic,yes
.pharmacy,2012,delegated,generic,National Association of Boards of Pharmacy,,,trust,,no,no,no,,https://www.iana.org/domains/root/db/pharmacy.html | https://data.iana.org/TLD/tlds-alpha-by-domain.txt | https://nabp.pharmacy/help/is-domain-name-registration-in-the-pharmacy-tld-restricted/,delegated,2026-10-04,generic,,2012,2012,National Association of Boards of Pharmacy,United States of America (the),Nominet,United Kingdom of Great Britain and Northern Ireland (the),,,2014-08-28,,,.pharmacy,curated,yes
.phd,,delegated,generic,Charleston Road Registry Inc.,,,,,no,no,no,,https://www.iana.org/domains/root/db/phd.html | https://data.iana.org/TLD/tlds-alpha-by-domain.txt,delegated,2026-10-04,generic,,,,Charleston Road Registry Inc.,,,,,,,,,.phd,basic,yes
.philips,,delegated,generic,Koninklijke Philips N.V.,,,,,no,no,no,,https://www.iana.org/domains/root/db/philips.html | https://data.iana.org/TLD/tlds-alpha-by-domain.txt,delegated,2026-10-04,generic,,,,Koninklijke Philips N.V.,,,,,,,,,.philips,basic,yes
.phone,,delegated,generic,Dish DBS Corporation,,,,,no,no,no,,https://www.iana.org/domains/root/db/phone.html | https://data.iana.org/TLD/tlds-alpha-by-domain.txt,delegated,2026-10-04,generic,,,,Dish DBS Corporation,,,,,,,,,.phone,basic,yes
.photo,,delegated,generic,"Registry Services, LLC",,,,,no,no,no,,https://www.iana.org/domains/root/db/photo.html | https://data.iana.org/TLD/tlds-alpha-by-domain.txt,delegated,2026-10-04,generic,,,,"Registry Services, LLC",,,,,,,,,.photo,basic,yes
.photography,,delegated,generic,"Binky Moon, LLC",,,,,no,no,no,,https://www.iana.org/domains/root/db/photography.html | https://data.iana.org/TLD/tlds-alpha-by-domain.txt,delegated,2026-10-04,generic,,,,"Binky Moon, LLC",,,,,,,,,.photography,basic,yes
.photos,,delegated,generic,"Binky Moon, LLC",,,,,no,no,no,,https://www.iana.org/domains/root/db/photos.html | https://data.iana.org/TLD/tlds-alpha-by-domain.txt,delegated,2026-10-04,generic,,,,"Binky Moon, LLC",,,,,,,,,.photos,basic,yes
.physio,,delegated,generic,PhysBiz Pty Ltd,,,,,no,no,no,,https://www.iana.org/domains/root/db/physio.html | https://data.iana.org/TLD/tlds-alpha-by-domain.txt,delegated,2026-10-04,generic,,,,PhysBiz Pty Ltd,,,,,,,,,.physio,basic,yes
.pics,,delegated,generic,XYZ.COM LLC,,,,,no,no,no,,https://www.iana.org/domains/root/db/pics.html | https://data.iana.org/TLD/tlds-alpha-by-domain.txt,delegated,2026-10-04,generic,,,,XYZ.COM LLC,,,,,,,,,.pics,basic,yes
.pictet,,delegated,generic,Banque Pictet & Cie SA,,,,,no,no,no,,https://www.iana.org/domains/root/db/pictet.html | https://data.iana.org/TLD/tlds-alpha-by-domain.txt,delegated,2026-10-04,generic,,,,Banque Pictet & Cie SA,,,,,,,,,.pictet,basic,yes
.pictures,,delegated,generic,"Binky Moon, LLC",,,,,no,no,no,,https://www.iana.org/domains/root/db/pictures.html | https://data.iana.org/TLD/tlds-alpha-by-domain.txt,delegated,2026-10-04,generic,,,,"Binky Moon, LLC",,,,,,,,,.pictures,basic,yes
.pid,,delegated,generic,"Top Level Spectrum, Inc.",,,,,no,no,no,,https://www.iana.org/domains/root/db/pid.html | https://data.iana.org/TLD/tlds-alpha-by-domain.txt,delegated,2026-10-04,generic,,,,"Top Level Spectrum, Inc.",,,,,,,,,.pid,basic,yes
.pin,,delegated,generic,"Amazon Registry Services, Inc.",,,,,no,no,no,,https://www.iana.org/domains/root/db/pin.html | https://data.iana.org/TLD/tlds-alpha-by-domain.txt,delegated,2026-10-04,generic,,,,"Amazon Registry Services, Inc.",,,,,,,,,.pin,basic,yes
.ping,,delegated,generic,"Ping Registry Provider, Inc.",,,,,no,no,no,,https://www.iana.org/domains/root/db/ping.html | https://data.iana.org/TLD/tlds-alpha-by-domain.txt,delegated,2026-10-04,generic,,,,"Ping Registry Provider, Inc.",,,,,,,,,.ping,basic,yes
.pink,,delegated,generic,Identity Digital Limited,,,,,no,no,no,,https://www.iana.org/domains/root/db/pink.html | https://data.iana.org/TLD/tlds-alpha-by-domain.txt,delegated,2026-10-04,generic,,,,Identity Digital Limited,,,,,,,,,.pink,basic,yes
.pioneer,,delegated,generic,Pioneer Corporation,,,,,no,no,no,,https://www.iana.org/domains/root/db/pioneer.html | https://data.iana.org/TLD/tlds-alpha-by-domain.txt,delegated,2026-10-04,generic,,,,Pioneer Corporation,,,,,,,,,.pioneer,basic,yes
.pizza,2012,delegated,generic,"Binky Moon, LLC",,,lifestyle,,yes,no,no,,https://www.iana.org/domains/root/db/pizza.html | https://data.iana.org/TLD/tlds-alpha-by-domain.txt,delegated,2026-10-04,generic,,2012,2012,"Binky Moon, LLC",United States of America (the),Identity Digital Limited,United States of America (the),,,2014-08-22,,,.pizza,curated,yes
.pk,,delegated,country-code,PKNIC,,,,,no,no,no,,https://www.iana.org/domains/root/db/pk.html | https://data.iana.org/TLD/tlds-alpha-by-domain.txt,delegated,2026-10-04,country-code,,,,PKNIC,,,,,,,,,.pk,basic,yes
.pl,,delegated,country-code,Research and Academic Computer Network,,,,,no,no,no,,https://www.iana.org/domains/root/db/pl.html | https://data.iana.org/TLD/tlds-alpha-by-domain.txt,delegated,2026-10-04,country-code,,,,Research and Academic Computer Network,,,,,,,,,.pl,basic,yes
.place,,delegated,generic,"Binky Moon, LLC",,,,,no,no,no,,https://www.iana.org/domains/root/db/place.html | https://data.iana.org/TLD/tlds-alpha-by-domain.txt,delegated,2026-10-04,generic,,,,"Binky Moon, LLC",,,,,,,,,.place,basic,yes
.play,,delegated,generic,Charleston Road Registry Inc.,,,,,no,no,no,,https://www.iana.org/domains/root/db/play.html | https://data.iana.org/TLD/tlds-alpha-by-domain.txt,delegated,2026-10-04,generic,,,,Charleston Road Registry Inc.,,,,,,,,,.play,basic,yes
.playstation,,delegated,generic,Sony Computer Entertainment Inc.,,,,,no,no,no,,https://www.iana.org/domains/root/db/playstation.html | https://data.iana.org/TLD/tlds-alpha-by-domain.txt,delegated,2026-10-04,generic,,,,Sony Computer Entertainment Inc.,,,,,,,,,.playstation,basic,yes
.plumbing,,delegated,generic,"Binky Moon, LLC",,,,,no,no,no,,https://www.iana.org/domains/root/db/plumbing.html | https://data.iana.org/TLD/tlds-alpha-by-domain.txt,delegated,2026-10-04,generic,,,,"Binky Moon, LLC",,,,,,,,,.plumbing,basic,yes
.plus,,delegated,generic,"Binky Moon, LLC",,,,,no,no,no,,https://www.iana.org/domains/root/db/plus.html | https://data.iana.org/TLD/tlds-alpha-by-domain.txt,delegated,2026-10-04,generic,,,,"Binky Moon, LLC",,,,,,,,,.plus,basic,yes
.pm,,delegated,country-code,Association Française pour le Nommage Internet en Coopération (A.F.N.I.C.),,,,,no,no,no,,https://www.iana.org/domains/root/db/pm.html | https://data.iana.org/TLD/tlds-alpha-by-domain.txt,delegated,2026-10-04,country-code,,,,Association Française pour le Nommage Internet en Coopération (A.F.N.I.C.),,,,,,,,,.pm,basic,yes
.pn,,delegated,country-code,Pitcairn Island Administration,,,,,no,no,no,,https://www.iana.org/domains/root/db/pn.html | https://data.iana.org/TLD/tlds-alpha-by-domain.txt,delegated,2026-10-04,country-code,,,,Pitcairn Island Administration,,,,,,,,,.pn,basic,yes
.pnc,,delegated,generic,"PNC Domain Co., LLC",,,,,no,no,no,,https://www.iana.org/domains/root/db/pnc.html | https://data.iana.org/TLD/tlds-alpha-by-domain.txt,delegated,2026-10-04,generic,,,,"PNC Domain Co., LLC",,,,,,,,,.pnc,basic,yes
.pohl,,delegated,generic,Deutsche Vermögensberatung Aktiengesellschaft DVAG,,,,,no,no,no,,https://www.iana.org/domains/root/db/pohl.html | https://data.iana.org/TLD/tlds-alpha-by-domain.txt,delegated,2026-10-04,generic,,,,Deutsche Vermögensberatung Aktiengesellschaft DVAG,,,,,,,,,.pohl,basic,yes
.poker,,delegated,generic,Identity Digital Limited,,,,,no,no,no,,https://www.iana.org/domains/root/db/poker.html | https://data.iana.org/TLD/tlds-alpha-by-domain.txt,delegated,2026-10-04,generic,,,,Identity Digital Limited,,,,,,,,,.poker,basic,yes
.politie,,delegated,generic,Politie Nederland,,,,,no,no,no,,https://www.iana.org/domains/root/db/politie.html | https://data.iana.org/TLD/tlds-alpha-by-domain.txt,delegated,2026-10-04,generic,,,,Politie Nederland,,,,,,,,,.politie,basic,yes
.porn,,delegated,generic,ICM Registry PN LLC,,,,,no,no,no,,https://www.iana.org/domains/root/db/porn.html | https://data.iana.org/TLD/tlds-alpha-by-domain.txt,delegated,2026-10-04,generic,,,,ICM Registry PN LLC,,,,,,,,,.porn,basic,yes
.post,2004,delegated,sponsored,Universal Postal Union,,Switzerland,publicInfrastructure | trust,,yes,no,no,,https://www.iana.org/domains/root/db/post.html | https://data.iana.org/TLD/tlds-alpha-by-domain.txt | https://www.iana.org/reports/2012/post-report-20120802.html | https://archive.icann.org/en/tlds/ | https://www.icann.org/en/announcements/details/icann-progress-in-process-for-introducing-new-sponsored-top-level-domains-19-3-2004-en | https://www.upu.int/en/universal-postal-union/activities/digital-services/post-domain,delegated,2026-10-04,sponsored,,2004,2004,Universal Postal Union,Switzerland,Identity Digital Inc.,United States of America (the),Switzerland,,2012-08-07,,https://www.iana.org/reports/2012/post-report-20120802.html,.post,curated,yes
.pr,,delegated,country-code,Gauss Research Laboratory Inc.,,,,,no,no,no,,https://www.iana.org/domains/root/db/pr.html | https://data.iana.org/TLD/tlds-alpha-by-domain.txt,delegated,2026-10-04,country-code,,,,Gauss Research Laboratory Inc.,,,,,,,,,.pr,basic,yes
.praxi,,delegated,generic,Praxi S.p.A.,,,,,no,no,no,,https://www.iana.org/domains/root/db/praxi.html | https://data.iana.org/TLD/tlds-alpha-by-domain.txt,delegated,2026-10-04,generic,,,,Praxi S.p.A.,,,,,,,,,.praxi,basic,yes
.press,,delegated,generic,Radix Technologies Inc.,,,,,no,no,no,,https://www.iana.org/domains/root/db/press.html | https://data.iana.org/TLD/tlds-alpha-by-domain.txt,delegated,2026-10-04,generic,,,,Radix Technologies Inc.,,,,,,,,,.press,basic,yes
.prime,,delegated,generic,"Amazon Registry Services, Inc.",,,,,no,no,no,,https://www.iana.org/domains/root/db/prime.html | https://data.iana.org/TLD/tlds-alpha-by-domain.txt,delegated,2026-10-04,generic,,,,"Amazon Registry Services, Inc.",,,,,,,,,.prime,basic,yes
.pro,,delegated,generic-restricted,Identity Digital Limited,,,,,no,no,no,,https://www.iana.org/domains/root/db/pro.html | https://data.iana.org/TLD/tlds-alpha-by-domain.txt,delegated,2026-10-04,generic-restricted,,,,Identity Digital Limited,,,,,,,,,.pro,basic,yes
.prod,,delegated,generic,Charleston Road Registry Inc.,,,,,no,no,no,,https://www.iana.org/domains/root/db/prod.html | https://data.iana.org/TLD/tlds-alpha-by-domain.txt,delegated,2026-10-04,generic,,,,Charleston Road Registry Inc.,,,,,,,,,.prod,basic,yes
.productions,,delegated,generic,"Binky Moon, LLC",,,,,no,no,no,,https://www.iana.org/domains/root/db/productions.html | https://data.iana.org/TLD/tlds-alpha-by-domain.txt,delegated,2026-10-04,generic,,,,"Binky Moon, LLC",,,,,,,,,.productions,basic,yes
.prof,,delegated,generic,Charleston Road Registry Inc.,,,,,no,no,no,,https://www.iana.org/domains/root/db/prof.html | https://data.iana.org/TLD/tlds-alpha-by-domain.txt,delegated,2026-10-04,generic,,,,Charleston Road Registry Inc.,,,,,,,,,.prof,basic,yes
.progressive,,delegated,generic,Progressive Casualty Insurance Company,,,,,no,no,no,,https://www.iana.org/domains/root/db/progressive.html | https://data.iana.org/TLD/tlds-alpha-by-domain.txt,delegated,2026-10-04,generic,,,,Progressive Casualty Insurance Company,,,,,,,,,.progressive,basic,yes
.promo,,delegated,generic,Identity Digital Limited,,,,,no,no,no,,https://www.iana.org/domains/root/db/promo.html | https://data.iana.org/TLD/tlds-alpha-by-domain.txt,delegated,2026-10-04,generic,,,,Identity Digital Limited,,,,,,,,,.promo,basic,yes
.properties,,delegated,generic,"Binky Moon, LLC",,,,,no,no,no,,https://www.iana.org/domains/root/db/properties.html | https://data.iana.org/TLD/tlds-alpha-by-domain.txt,delegated,2026-10-04,generic,,,,"Binky Moon, LLC",,,,,,,,,.properties,basic,yes
.property,,delegated,generic,Digital Property Infrastructure Limited,,,,,no,no,no,,https://www.iana.org/domains/root/db/property.html | https://data.iana.org/TLD/tlds-alpha-by-domain.txt,delegated,2026-10-04,generic,,,,Digital Property Infrastructure Limited,,,,,,,,,.property,basic,yes
.protection,,delegated,generic,XYZ.COM LLC,,,,,no,no,no,,https://www.iana.org/domains/root/db/protection.html | https://data.iana.org/TLD/tlds-alpha-by-domain.txt,delegated,2026-10-04,generic,,,,XYZ.COM LLC,,,,,,,,,.protection,basic,yes
.pru,,delegated,generic,"Prudential Financial, Inc.",,,,,no,no,no,,https://www.iana.org/domains/root/db/pru.html | https://data.iana.org/TLD/tlds-alpha-by-domain.txt,delegated,2026-10-04,generic,,,,"Prudential Financial, Inc.",,,,,,,,,.pru,basic,yes
.prudential,,delegated,generic,"Prudential Financial, Inc.",,,,,no,no,no,,https://www.iana.org/domains/root/db/prudential.html | https://data.iana.org/TLD/tlds-alpha-by-domain.txt,delegated,2026-10-04,generic,,,,"Prudential Financial, Inc.",,,,,,,,,.prudential,basic,yes
.ps,,delegated,country-code,"Ministry of Telecommunications & Information Technology, Government Computer Center",,,,,no,no,no,,https://www.iana.org/domains/root/db/ps.html | https://data.iana.org/TLD/tlds-alpha-by-domain.txt,delegated,2026-10-04,country-code,,,,"Ministry of Telecommunications & Information Technology, Government Computer Center",,,,,,,,,.ps,basic,yes
.pt,,delegated,country-code,Associação DNS.PT,,,,,no,no,no,,https://www.iana.org/domains/root/db/pt.html | https://data.iana.org/TLD/tlds-alpha-by-domain.txt,delegated,2026-10-04,country-code,,,,Associação DNS.PT,,,,,,,,,.pt,basic,yes
.pub,,delegated,generic,"Dog Beach, LLC",,,,,no,no,no,,https://www.iana.org/domains/root/db/pub.html | https://data.iana.org/TLD/tlds-alpha-by-domain.txt,delegated,2026-10-04,generic,,,,"Dog Beach, LLC",,,,,,,,,.pub,basic,yes
.pw,,delegated,country-code,Micronesia Investment and Development Corporation,,,,,no,no,no,,https://www.iana.org/domains/root/db/pw.html | https://data.iana.org/TLD/tlds-alpha-by-domain.txt,delegated,2026-10-04,country-code,,,,Micronesia Investment and Development Corporation,,,,,,,,,.pw,basic,yes
.pwc,,delegated,generic,PricewaterhouseCoopers LLP,,,,,no,no,no,,https://www.iana.org/domains/root/db/pwc.html | https://data.iana.org/TLD/tlds-alpha-by-domain.txt,delegated,2026-10-04,generic,,,,PricewaterhouseCoopers LLP,,,,,,,,,.pwc,basic,yes
.py,,delegated,country-code,NIC-PY,,,,,no,no,no,,https://www.iana.org/domains/root/db/py.html | https://data.iana.org/TLD/tlds-alpha-by-domain.txt,delegated,2026-10-04,country-code,,,,NIC-PY,,,,,,,,,.py,basic,yes
.qa,,delegated,country-code,Communications Regulatory Authority,,,,,no,no,no,,https://www.iana.org/domains/root/db/qa.html | https://data.iana.org/TLD/tlds-alpha-by-domain.txt,delegated,2026-10-04,country-code,,,,Communications Regulatory Authority,,,,,,,,,.qa,basic,yes
.qpon,,delegated,generic,DOTQPON LLC.,,,,,no,no,no,,https://www.iana.org/domains/root/db/qpon.html | https://data.iana.org/TLD/tlds-alpha-by-domain.txt,delegated,2026-10-04,generic,,,,DOTQPON LLC.,,,,,,,,,.qpon,basic,yes
.quebec,2012,delegated,generic,PointQuébec Inc,,Quebec,city,,no,yes,no,,https://www.iana.org/domains/root/db/quebec.html | https://data.iana.org/TLD/tlds-alpha-by-domain.txt | https://www.iana.org/domains/root/db,delegated,2026-10-04,generic,geographic,2012,2012,PointQuébec Inc,Canada,CORE Association,Switzerland,Quebec,,2014-03-13,,,.quebec,curated,yes
.quest,,delegated,generic,XYZ.COM LLC,,,,,no,no,no,,https://www.iana.org/domains/root/db/quest.html | https://data.iana.org/TLD/tlds-alpha-by-domain.txt,delegated,2026-10-04,generic,,,,XYZ.COM LLC,,,,,,,,,.quest,basic,yes
.racing,,delegated,generic,Premier Registry Limited,,,,,no,no,no,,https://www.iana.org/domains/root/db/racing.html | https://data.iana.org/TLD/tlds-alpha-by-domain.txt,delegated,2026-10-04,generic,,,,Premier Registry Limited,,,,,,,,,.racing,basic,yes
.radio,,delegated,generic,"Digity, LLC",,,,,no,no,no,,https://www.iana.org/domains/root/db/radio.html | https://data.iana.org/TLD/tlds-alpha-by-domain.txt,delegated,2026-10-04,generic,,,,"Digity, LLC",,,,,,,,,.radio,basic,yes
.re,,delegated,country-code,Association Française pour le Nommage Internet en Coopération (A.F.N.I.C.),,,,,no,no,no,,https://www.iana.org/domains/root/db/re.html | https://data.iana.org/TLD/tlds-alpha-by-domain.txt,delegated,2026-10-04,country-code,,,,Association Française pour le Nommage Internet en Coopération (A.F.N.I.C.),,,,,,,,,.re,basic,yes
.read,,delegated,generic,"Amazon Registry Services, Inc.",,,,,no,no,no,,https://www.iana.org/domains/root/db/read.html | https://data.iana.org/TLD/tlds-alpha-by-domain.txt,delegated,2026-10-04,generic,,,,"Amazon Registry Services, Inc.",,,,,,,,,.read,basic,yes
.realestate,,delegated,generic,dotRealEstate LLC,,,,,no,no,no,,https://www.iana.org/domains/root/db/realestate.html | https://data.iana.org/TLD/tlds-alpha-by-domain.txt,delegated,2026-10-04,generic,,,,dotRealEstate LLC,,,,,,,,,.realestate,basic,yes
.realtor,,delegated,generic,Real Estate Domains LLC,,,,,no,no,no,,https://www.iana.org/domains/root/db/realtor.html | https://data.iana.org/TLD/tlds-alpha-by-domain.txt,delegated,2026-10-04,generic,,,,Real Estate Domains LLC,,,,,,,,,.realtor,basic,yes
.realty,,delegated,generic,Internet Naming Co.,,,,,no,no,no,,https://www.iana.org/domains/root/db/realty.html | https://data.iana.org/TLD/tlds-alpha-by-domain.txt,delegated,2026-10-04,generic,,,,Internet Naming Co.,,,,,,,,,.realty,basic,yes
.recipes,,delegated,generic,"Binky Moon, LLC",,,,,no,no,no,,https://www.iana.org/domains/root/db/recipes.html | https://data.iana.org/TLD/tlds-alpha-by-domain.txt,delegated,2026-10-04,generic,,,,"Binky Moon, LLC",,,,,,,,,.recipes,basic,yes
.red,,delegated,generic,Identity Digital Limited,,,,,no,no,no,,https://www.iana.org/domains/root/db/red.html | https://data.iana.org/TLD/tlds-alpha-by-domain.txt,delegated,2026-10-04,generic,,,,Identity Digital Limited,,,,,,,,,.red,basic,yes
.redumbrella,,delegated,generic,"Travelers TLD, LLC",,,,,no,no,no,,https://www.iana.org/domains/root/db/redumbrella.html | https://data.iana.org/TLD/tlds-alpha-by-domain.txt,delegated,2026-10-04,generic,,,,"Travelers TLD, LLC",,,,,,,,,.redumbrella,basic,yes
.rehab,,delegated,generic,"Dog Beach, LLC",,,,,no,no,no,,https://www.iana.org/domains/root/db/rehab.html | https://data.iana.org/TLD/tlds-alpha-by-domain.txt,delegated,2026-10-04,generic,,,,"Dog Beach, LLC",,,,,,,,,.rehab,basic,yes
.reise,,delegated,generic,"Binky Moon, LLC",,,,,no,no,no,,https://www.iana.org/domains/root/db/reise.html | https://data.iana.org/TLD/tlds-alpha-by-domain.txt,delegated,2026-10-04,generic,,,,"Binky Moon, LLC",,,,,,,,,.reise,basic,yes
.reisen,,delegated,generic,"Binky Moon, LLC",,,,,no,no,no,,https://www.iana.org/domains/root/db/reisen.html | https://data.iana.org/TLD/tlds-alpha-by-domain.txt,delegated,2026-10-04,generic,,,,"Binky Moon, LLC",,,,,,,,,.reisen,basic,yes
.reit,,delegated,generic,"National Association of Real Estate Investment Trusts, Inc.",,,,,no,no,no,,https://www.iana.org/domains/root/db/reit.html | https://data.iana.org/TLD/tlds-alpha-by-domain.txt,delegated,2026-10-04,generic,,,,"National Association of Real Estate Investment Trusts, Inc.",,,,,,,,,.reit,basic,yes
.reliance,,delegated,generic,Reliance Industries Limited,,,,,no,no,no,,https://www.iana.org/domains/root/db/reliance.html | https://data.iana.org/TLD/tlds-alpha-by-domain.txt,delegated,2026-10-04,generic,,,,Reliance Industries Limited,,,,,,,,,.reliance,basic,yes
.ren,,delegated,generic,ZDNS International Limited,,,,,no,no,no,,https://www.iana.org/domains/root/db/ren.html | https://data.iana.org/TLD/tlds-alpha-by-domain.txt,delegated,2026-10-04,generic,,,,ZDNS International Limited,,,,,,,,,.ren,basic,yes
.rent,,delegated,generic,XYZ.COM LLC,,,,,no,no,no,,https://www.iana.org/domains/root/db/rent.html | https://data.iana.org/TLD/tlds-alpha-by-domain.txt,delegated,2026-10-04,generic,,,,XYZ.COM LLC,,,,,,,,,.rent,basic,yes
.rentals,,delegated,generic,"Binky Moon, LLC",,,,,no,no,no,,https://www.iana.org/domains/root/db/rentals.html | https://data.iana.org/TLD/tlds-alpha-by-domain.txt,delegated,2026-10-04,generic,,,,"Binky Moon, LLC",,,,,,,,,.rentals,basic,yes
.repair,,delegated,generic,"Binky Moon, LLC",,,,,no,no,no,,https://www.iana.org/domains/root/db/repair.html | https://data.iana.org/TLD/tlds-alpha-by-domain.txt,delegated,2026-10-04,generic,,,,"Binky Moon, LLC",,,,,,,,,.repair,basic,yes
.report,,delegated,generic,"Binky Moon, LLC",,,,,no,no,no,,https://www.iana.org/domains/root/db/report.html | https://data.iana.org/TLD/tlds-alpha-by-domain.txt,delegated,2026-10-04,generic,,,,"Binky Moon, LLC",,,,,,,,,.report,basic,yes
.republican,,delegated,generic,"Dog Beach, LLC",,,,,no,no,no,,https://www.iana.org/domains/root/db/republican.html | https://data.iana.org/TLD/tlds-alpha-by-domain.txt,delegated,2026-10-04,generic,,,,"Dog Beach, LLC",,,,,,,,,.republican,basic,yes
.rest,,delegated,generic,Punto 2012 Sociedad Anonima Promotora de Inversion de Capital Variable,,,,,no,no,no,,https://www.iana.org/domains/root/db/rest.html | https://data.iana.org/TLD/tlds-alpha-by-domain.txt,delegated,2026-10-04,generic,,,,Punto 2012 Sociedad Anonima Promotora de Inversion de Capital Variable,,,,,,,,,.rest,basic,yes
.restaurant,,delegated,generic,"Binky Moon, LLC",,,,,no,no,no,,https://www.iana.org/domains/root/db/restaurant.html | https://data.iana.org/TLD/tlds-alpha-by-domain.txt,delegated,2026-10-04,generic,,,,"Binky Moon, LLC",,,,,,,,,.restaurant,basic,yes
.review,,delegated,generic,dot Review Limited,,,,,no,no,no,,https://www.iana.org/domains/root/db/review.html | https://data.iana.org/TLD/tlds-alpha-by-domain.txt,delegated,2026-10-04,generic,,,,dot Review Limited,,,,,,,,,.review,basic,yes
.reviews,,delegated,generic,"Dog Beach, LLC",,,,,no,no,no,,https://www.iana.org/domains/root/db/reviews.html | https://data.iana.org/TLD/tlds-alpha-by-domain.txt,delegated,2026-10-04,generic,,,,"Dog Beach, LLC",,,,,,,,,.reviews,basic,yes
.rexroth,,delegated,generic,Robert Bosch GMBH,,,,,no,no,no,,https://www.iana.org/domains/root/db/rexroth.html | https://data.iana.org/TLD/tlds-alpha-by-domain.txt,delegated,2026-10-04,generic,,,,Robert Bosch GMBH,,,,,,,,,.rexroth,basic,yes
.rich,2012,delegated,generic,iRegistry GmbH,,,statusCulture,,yes,no,no,,https://www.iana.org/domains/root/db/rich.html | https://data.iana.org/TLD/tlds-alpha-by-domain.txt,delegated,2026-10-04,generic,,2012,2012,iRegistry GmbH,Germany,Identity Digital Inc.,United States of America (the),,,2014-01-16,,,.rich,curated,yes
.richardli,,delegated,generic,Pacific Century Asset Management (HK) Limited,,,,,no,no,no,,https://www.iana.org/domains/root/db/richardli.html | https://data.iana.org/TLD/tlds-alpha-by-domain.txt,delegated,2026-10-04,generic,,,,Pacific Century Asset Management (HK) Limited,,,,,,,,,.richardli,basic,yes
.ricoh,,delegated,generic,"Ricoh Company, Ltd.",,,,,no,no,no,,https://www.iana.org/domains/root/db/ricoh.html | https://data.iana.org/TLD/tlds-alpha-by-domain.txt,delegated,2026-10-04,generic,,,,"Ricoh Company, Ltd.",,,,,,,,,.ricoh,basic,yes
.ril,,delegated,generic,Reliance Industries Limited,,,,,no,no,no,,https://www.iana.org/domains/root/db/ril.html | https://data.iana.org/TLD/tlds-alpha-by-domain.txt,delegated,2026-10-04,generic,,,,Reliance Industries Limited,,,,,,,,,.ril,basic,yes
.rio,,delegated,generic,Empresa Municipal de Informática SA - IPLANRIO,,,,,no,no,no,,https://www.iana.org/domains/root/db/rio.html | https://data.iana.org/TLD/tlds-alpha-by-domain.txt,delegated,2026-10-04,generic,,,,Empresa Municipal de Informática SA - IPLANRIO,,,,,,,,,.rio,basic,yes
.rip,,delegated,generic,"Dog Beach, LLC",,,,,no,no,no,,https://www.iana.org/domains/root/db/rip.html | https://data.iana.org/TLD/tlds-alpha-by-domain.txt,delegated,2026-10-04,generic,,,,"Dog Beach, LLC",,,,,,,,,.rip,basic,yes
.ro,,delegated,country-code,National Institute for R&D in Informatics,,,,,no,no,no,,https://www.iana.org/domains/root/db/ro.html | https://data.iana.org/TLD/tlds-alpha-by-domain.txt,delegated,2026-10-04,country-code,,,,National Institute for R&D in Informatics,,,,,,,,,.ro,basic,yes
.rocks,,delegated,generic,"Dog Beach, LLC",,,,,no,no,no,,https://www.iana.org/domains/root/db/rocks.html | https://data.iana.org/TLD/tlds-alpha-by-domain.txt,delegated,2026-10-04,generic,,,,"Dog Beach, LLC",,,,,,,,,.rocks,basic,yes
.rodeo,,delegated,generic,"Registry Services, LLC",,,,,no,no,no,,https://www.iana.org/domains/root/db/rodeo.html | https://data.iana.org/TLD/tlds-alpha-by-domain.txt,delegated,2026-10-04,generic,,,,"Registry Services, LLC",,,,,,,,,.rodeo,basic,yes
.rogers,,delegated,generic,Rogers Communications Canada Inc.,,,,,no,no,no,,https://www.iana.org/domains/root/db/rogers.html | https://data.iana.org/TLD/tlds-alpha-by-domain.txt,delegated,2026-10-04,generic,,,,Rogers Communications Canada Inc.,,,,,,,,,.rogers,basic,yes
.room,,delegated,generic,"Amazon Registry Services, Inc.",,,,,no,no,no,,https://www.iana.org/domains/root/db/room.html | https://data.iana.org/TLD/tlds-alpha-by-domain.txt,delegated,2026-10-04,generic,,,,"Amazon Registry Services, Inc.",,,,,,,,,.room,basic,yes
.rs,,delegated,country-code,Serbian National Internet Domain Registry (RNIDS),,,,,no,no,no,,https://www.iana.org/domains/root/db/rs.html | https://data.iana.org/TLD/tlds-alpha-by-domain.txt,delegated,2026-10-04,country-code,,,,Serbian National Internet Domain Registry (RNIDS),,,,,,,,,.rs,basic,yes
.rsvp,,delegated,generic,Charleston Road Registry Inc.,,,,,no,no,no,,https://www.iana.org/domains/root/db/rsvp.html | https://data.iana.org/TLD/tlds-alpha-by-domain.txt,delegated,2026-10-04,generic,,,,Charleston Road Registry Inc.,,,,,,,,,.rsvp,basic,yes
.ru,,delegated,country-code,Coordination Center for TLD RU,,,,,no,no,no,,https://www.iana.org/domains/root/db/ru.html | https://data.iana.org/TLD/tlds-alpha-by-domain.txt,delegated,2026-10-04,country-code,,,,Coordination Center for TLD RU,,,,,,,,,.ru,basic,yes
.rugby,,delegated,generic,World Rugby Strategic Developments Limited,,,,,no,no,no,,https://www.iana.org/domains/root/db/rugby.html | https://data.iana.org/TLD/tlds-alpha-by-domain.txt,delegated,2026-10-04,generic,,,,World Rugby Strategic Developments Limited,,,,,,,,,.rugby,basic,yes
.ruhr,,delegated,generic,dotSaarland GmbH,,,,,no,no,no,,https://www.iana.org/domains/root/db/ruhr.html | https://data.iana.org/TLD/tlds-alpha-by-domain.txt,delegated,2026-10-04,generic,,,,dotSaarland GmbH,,,,,,,,,.ruhr,basic,yes
.run,,delegated,generic,"Binky Moon, LLC",,,,,no,no,no,,https://www.iana.org/domains/root/db/run.html | https://data.iana.org/TLD/tlds-alpha-by-domain.txt,delegated,2026-10-04,generic,,,,"Binky Moon, LLC",,,,,,,,,.run,basic,yes
.rw,,delegated,country-code,Rwanda Internet Community and Technology  Alliance (RICTA) Ltd,,,,,no,no,no,,https://www.iana.org/domains/root/db/rw.html | https://data.iana.org/TLD/tlds-alpha-by-domain.txt,delegated,2026-10-04,country-code,,,,Rwanda Internet Community and Technology  Alliance (RICTA) Ltd,,,,,,,,,.rw,basic,yes
.rwe,,delegated,generic,RWE AG,,,,,no,no,no,,https://www.iana.org/domains/root/db/rwe.html | https://data.iana.org/TLD/tlds-alpha-by-domain.txt,delegated,2026-10-04,generic,,,,RWE AG,,,,,,,,,.rwe,basic,yes
.ryukyu,,delegated,generic,"BRregistry, Inc.",,,,,no,no,no,,https://www.iana.org/domains/root/db/ryukyu.html | https://data.iana.org/TLD/tlds-alpha-by-domain.txt,delegated,2026-10-04,generic,,,,"BRregistry, Inc.",,,,,,,,,.ryukyu,basic,yes
.sa,,delegated,country-code,"Communications, Space and Technology Commission",,,,,no,no,no,,https://www.iana.org/domains/root/db/sa.html | https://data.iana.org/TLD/tlds-alpha-by-domain.txt,delegated,2026-10-04,country-code,,,,"Communications, Space and Technology Commission",,,,,,,,,.sa,basic,yes
.saarland,,delegated,generic,dotSaarland GmbH,,,,,no,no,no,,https://www.iana.org/domains/root/db/saarland.html | https://data.iana.org/TLD/tlds-alpha-by-domain.txt,delegated,2026-10-04,generic,,,,dotSaarland GmbH,,,,,,,,,.saarland,basic,yes
.safe,,delegated,generic,"Amazon Registry Services, Inc.",,,,,no,no,no,,https://www.iana.org/domains/root/db/safe.html | https://data.iana.org/TLD/tlds-alpha-by-domain.txt,delegated,2026-10-04,generic,,,,"Amazon Registry Services, Inc.",,,,,,,,,.safe,basic,yes
.safety,,delegated,generic,"Jolly Host, LLC",,,,,no,no,no,,https://www.iana.org/domains/root/db/safety.html | https://data.iana.org/TLD/tlds-alpha-by-domain.txt,delegated,2026-10-04,generic,,,,"Jolly Host, LLC",,,,,,,,,.safety,basic,yes
.sakura,,delegated,generic,SAKURA internet Inc.,,,,,no,no,no,,https://www.iana.org/domains/root/db/sakura.html | https://data.iana.org/TLD/tlds-alpha-by-domain.txt,delegated,2026-10-04,generic,,,,SAKURA internet Inc.,,,,,,,,,.sakura,basic,yes
.sale,,delegated,generic,"Dog Beach, LLC",,,,,no,no,no,,https://www.iana.org/domains/root/db/sale.html | https://data.iana.org/TLD/tlds-alpha-by-domain.txt,delegated,2026-10-04,generic,,,,"Dog Beach, LLC",,,,,,,,,.sale,basic,yes
.salon,,delegated,generic,"Binky Moon, LLC",,,,,no,no,no,,https://www.iana.org/domains/root/db/salon.html | https://data.iana.org/TLD/tlds-alpha-by-domain.txt,delegated,2026-10-04,generic,,,,"Binky Moon, LLC",,,,,,,,,.salon,basic,yes
.samsclub,,delegated,generic,"Wal-Mart Stores, Inc.",,,,,no,no,no,,https://www.iana.org/domains/root/db/samsclub.html | https://data.iana.org/TLD/tlds-alpha-by-domain.txt,delegated,2026-10-04,generic,,,,"Wal-Mart Stores, Inc.",,,,,,,,,.samsclub,basic,yes
.samsung,,delegated,generic,"SAMSUNG SDS CO., LTD",,,,,no,no,no,,https://www.iana.org/domains/root/db/samsung.html | https://data.iana.org/TLD/tlds-alpha-by-domain.txt,delegated,2026-10-04,generic,,,,"SAMSUNG SDS CO., LTD",,,,,,,,,.samsung,basic,yes
.sandvik,,delegated,generic,Sandvik AB,,,,,no,no,no,,https://www.iana.org/domains/root/db/sandvik.html | https://data.iana.org/TLD/tlds-alpha-by-domain.txt,delegated,2026-10-04,generic,,,,Sandvik AB,,,,,,,,,.sandvik,basic,yes
.sandvikcoromant,,delegated,generic,Sandvik AB,,,,,no,no,no,,https://www.iana.org/domains/root/db/sandvikcoromant.html | https://data.iana.org/TLD/tlds-alpha-by-domain.txt,delegated,2026-10-04,generic,,,,Sandvik AB,,,,,,,,,.sandvikcoromant,basic,yes
.sanofi,,delegated,generic,Sanofi,,,,,no,no,no,,https://www.iana.org/domains/root/db/sanofi.html | https://data.iana.org/TLD/tlds-alpha-by-domain.txt,delegated,2026-10-04,generic,,,,Sanofi,,,,,,,,,.sanofi,basic,yes
.sap,,delegated,generic,SAP AG,,,,,no,no,no,,https://www.iana.org/domains/root/db/sap.html | https://data.iana.org/TLD/tlds-alpha-by-domain.txt,delegated,2026-10-04,generic,,,,SAP AG,,,,,,,,,.sap,basic,yes
.sarl,,delegated,generic,"Binky Moon, LLC",,,,,no,no,no,,https://www.iana.org/domains/root/db/sarl.html | https://data.iana.org/TLD/tlds-alpha-by-domain.txt,delegated,2026-10-04,generic,,,,"Binky Moon, LLC",,,,,,,,,.sarl,basic,yes
.sas,,delegated,generic,Research IP LLC,,,,,no,no,no,,https://www.iana.org/domains/root/db/sas.html | https://data.iana.org/TLD/tlds-alpha-by-domain.txt,delegated,2026-10-04,generic,,,,Research IP LLC,,,,,,,,,.sas,basic,yes
.save,,delegated,generic,"Amazon Registry Services, Inc.",,,,,no,no,no,,https://www.iana.org/domains/root/db/save.html | https://data.iana.org/TLD/tlds-alpha-by-domain.txt,delegated,2026-10-04,generic,,,,"Amazon Registry Services, Inc.",,,,,,,,,.save,basic,yes
.saxo,,delegated,generic,Saxo Bank A/S,,,,,no,no,no,,https://www.iana.org/domains/root/db/saxo.html | https://data.iana.org/TLD/tlds-alpha-by-domain.txt,delegated,2026-10-04,generic,,,,Saxo Bank A/S,,,,,,,,,.saxo,basic,yes
.sb,,delegated,country-code,Solomon Telekom Company Limited,,,,,no,no,no,,https://www.iana.org/domains/root/db/sb.html | https://data.iana.org/TLD/tlds-alpha-by-domain.txt,delegated,2026-10-04,country-code,,,,Solomon Telekom Company Limited,,,,,,,,,.sb,basic,yes
.sbi,,delegated,generic,STATE BANK OF INDIA,,,,,no,no,no,,https://www.iana.org/domains/root/db/sbi.html | https://data.iana.org/TLD/tlds-alpha-by-domain.txt,delegated,2026-10-04,generic,,,,STATE BANK OF INDIA,,,,,,,,,.sbi,basic,yes
.sbs,,delegated,generic,Shortdot SA,,,,,no,no,no,,https://www.iana.org/domains/root/db/sbs.html | https://data.iana.org/TLD/tlds-alpha-by-domain.txt,delegated,2026-10-04,generic,,,,Shortdot SA,,,,,,,,,.sbs,basic,yes
.sc,,delegated,country-code,VCS Pty Ltd,,,,,no,no,no,,https://www.iana.org/domains/root/db/sc.html | https://data.iana.org/TLD/tlds-alpha-by-domain.txt,delegated,2026-10-04,country-code,,,,VCS Pty Ltd,,,,,,,,,.sc,basic,yes
.scb,,delegated,generic,"The Siam Commercial Bank Public Company Limited (""SCB"")",,,,,no,no,no,,https://www.iana.org/domains/root/db/scb.html | https://data.iana.org/TLD/tlds-alpha-by-domain.txt,delegated,2026-10-04,generic,,,,"The Siam Commercial Bank Public Company Limited (""SCB"")",,,,,,,,,.scb,basic,yes
.schaeffler,,delegated,generic,Schaeffler Technologies AG & Co. KG,,,,,no,no,no,,https://www.iana.org/domains/root/db/schaeffler.html | https://data.iana.org/TLD/tlds-alpha-by-domain.txt,delegated,2026-10-04,generic,,,,Schaeffler Technologies AG & Co. KG,,,,,,,,,.schaeffler,basic,yes
.schmidt,,delegated,generic,SCHMIDT GROUPE S.A.S.,,,,,no,no,no,,https://www.iana.org/domains/root/db/schmidt.html | https://data.iana.org/TLD/tlds-alpha-by-domain.txt,delegated,2026-10-04,generic,,,,SCHMIDT GROUPE S.A.S.,,,,,,,,,.schmidt,basic,yes
.scholarships,,delegated,generic,"Scholarships.com, LLC",,,,,no,no,no,,https://www.iana.org/domains/root/db/scholarships.html | https://data.iana.org/TLD/tlds-alpha-by-domain.txt,delegated,2026-10-04,generic,,,,"Scholarships.com, LLC",,,,,,,,,.scholarships,basic,yes
.school,,delegated,generic,"Binky Moon, LLC",,,,,no,no,no,,https://www.iana.org/domains/root/db/school.html | https://data.iana.org/TLD/tlds-alpha-by-domain.txt,delegated,2026-10-04,generic,,,,"Binky Moon, LLC",,,,,,,,,.school,basic,yes
.schule,,delegated,generic,"Binky Moon, LLC",,,,,no,no,no,,https://www.iana.org/domains/root/db/schule.html | https://data.iana.org/TLD/tlds-alpha-by-domain.txt,delegated,2026-10-04,generic,,,,"Binky Moon, LLC",,,,,,,,,.schule,basic,yes
.schwarz,,delegated,generic,Schwarz Domains und Services GmbH & Co. KG,,,,,no,no,no,,https://www.iana.org/domains/root/db/schwarz.html | https://data.iana.org/TLD/tlds-alpha-by-domain.txt,delegated,2026-10-04,generic,,,,Schwarz Domains und Services GmbH & Co. KG,,,,,,,,,.schwarz,basic,yes
.science,,delegated,generic,dot Science Limited,,,,,no,no,no,,https://www.iana.org/domains/root/db/science.html | https://data.iana.org/TLD/tlds-alpha-by-domain.txt,delegated,2026-10-04,generic,,,,dot Science Limited,,,,,,,,,.science,basic,yes
.scot,,delegated,generic,Dot Scot Registry Limited,,,,,no,no,no,,https://www.iana.org/domains/root/db/scot.html | https://data.iana.org/TLD/tlds-alpha-by-domain.txt,delegated,2026-10-04,generic,,,,Dot Scot Registry Limited,,,,,,,,,.scot,basic,yes
.sd,,delegated,country-code,Sudan Internet Society,,,,,no,no,no,,https://www.iana.org/domains/root/db/sd.html | https://data.iana.org/TLD/tlds-alpha-by-domain.txt,delegated,2026-10-04,country-code,,,,Sudan Internet Society,,,,,,,,,.sd,basic,yes
.se,,delegated,country-code,The Internet Infrastructure Foundation,,,,,no,no,no,,https://www.iana.org/domains/root/db/se.html | https://data.iana.org/TLD/tlds-alpha-by-domain.txt,delegated,2026-10-04,country-code,,,,The Internet Infrastructure Foundation,,,,,,,,,.se,basic,yes
.search,,delegated,generic,Charleston Road Registry Inc.,,,,,no,no,no,,https://www.iana.org/domains/root/db/search.html | https://data.iana.org/TLD/tlds-alpha-by-domain.txt,delegated,2026-10-04,generic,,,,Charleston Road Registry Inc.,,,,,,,,,.search,basic,yes
.seat,,delegated,generic,"SEAT, S.A. (Sociedad Unipersonal)",,,,,no,no,no,,https://www.iana.org/domains/root/db/seat.html | https://data.iana.org/TLD/tlds-alpha-by-domain.txt,delegated,2026-10-04,generic,,,,"SEAT, S.A. (Sociedad Unipersonal)",,,,,,,,,.seat,basic,yes
.secure,,delegated,generic,"Amazon Registry Services, Inc.",,,,,no,no,no,,https://www.iana.org/domains/root/db/secure.html | https://data.iana.org/TLD/tlds-alpha-by-domain.txt,delegated,2026-10-04,generic,,,,"Amazon Registry Services, Inc.",,,,,,,,,.secure,basic,yes
.security,,delegated,generic,XYZ.COM LLC,,,,,no,no,no,,https://www.iana.org/domains/root/db/security.html | https://data.iana.org/TLD/tlds-alpha-by-domain.txt,delegated,2026-10-04,generic,,,,XYZ.COM LLC,,,,,,,,,.security,basic,yes
.seek,,delegated,generic,Seek Limited,,,,,no,no,no,,https://www.iana.org/domains/root/db/seek.html | https://data.iana.org/TLD/tlds-alpha-by-domain.txt,delegated,2026-10-04,generic,,,,Seek Limited,,,,,,,,,.seek,basic,yes
.select,,delegated,generic,"Registry Services, LLC",,,,,no,no,no,,https://www.iana.org/domains/root/db/select.html | https://data.iana.org/TLD/tlds-alpha-by-domain.txt,delegated,2026-10-04,generic,,,,"Registry Services, LLC",,,,,,,,,.select,basic,yes
.sener,,delegated,generic,"Sener Ingeniería y Sistemas, S.A.",,,,,no,no,no,,https://www.iana.org/domains/root/db/sener.html | https://data.iana.org/TLD/tlds-alpha-by-domain.txt,delegated,2026-10-04,generic,,,,"Sener Ingeniería y Sistemas, S.A.",,,,,,,,,.sener,basic,yes
.services,,delegated,generic,"Binky Moon, LLC",,,,,no,no,no,,https://www.iana.org/domains/root/db/services.html | https://data.iana.org/TLD/tlds-alpha-by-domain.txt,delegated,2026-10-04,generic,,,,"Binky Moon, LLC",,,,,,,,,.services,basic,yes
.seven,,delegated,generic,Seven West Media Ltd,,,,,no,no,no,,https://www.iana.org/domains/root/db/seven.html | https://data.iana.org/TLD/tlds-alpha-by-domain.txt,delegated,2026-10-04,generic,,,,Seven West Media Ltd,,,,,,,,,.seven,basic,yes
.sew,,delegated,generic,SEW-EURODRIVE GmbH & Co KG,,,,,no,no,no,,https://www.iana.org/domains/root/db/sew.html | https://data.iana.org/TLD/tlds-alpha-by-domain.txt,delegated,2026-10-04,generic,,,,SEW-EURODRIVE GmbH & Co KG,,,,,,,,,.sew,basic,yes
.sex,,delegated,generic,ICM Registry SX LLC,,,,,no,no,no,,https://www.iana.org/domains/root/db/sex.html | https://data.iana.org/TLD/tlds-alpha-by-domain.txt,delegated,2026-10-04,generic,,,,ICM Registry SX LLC,,,,,,,,,.sex,basic,yes
.sexy,,delegated,generic,Internet Naming Co.,,,,,no,no,no,,https://www.iana.org/domains/root/db/sexy.html | https://data.iana.org/TLD/tlds-alpha-by-domain.txt,delegated,2026-10-04,generic,,,,Internet Naming Co.,,,,,,,,,.sexy,basic,yes
.sfr,,delegated,generic,Societe Francaise du Radiotelephone - SFR,,,,,no,no,no,,https://www.iana.org/domains/root/db/sfr.html | https://data.iana.org/TLD/tlds-alpha-by-domain.txt,delegated,2026-10-04,generic,,,,Societe Francaise du Radiotelephone - SFR,,,,,,,,,.sfr,basic,yes
.sg,,delegated,country-code,Singapore Network Information Centre (SGNIC) Pte Ltd,,,,,no,no,no,,https://www.iana.org/domains/root/db/sg.html | https://data.iana.org/TLD/tlds-alpha-by-domain.txt,delegated,2026-10-04,country-code,,,,Singapore Network Information Centre (SGNIC) Pte Ltd,,,,,,,,,.sg,basic,yes
.sh,,delegated,country-code,Government of St. Helena,,,,,no,no,no,,https://www.iana.org/domains/root/db/sh.html | https://data.iana.org/TLD/tlds-alpha-by-domain.txt,delegated,2026-10-04,country-code,,,,Government of St. Helena,,,,,,,,,.sh,basic,yes
.shangrila,,delegated,generic,Shangri-La International Hotel Management Limited,,,,,no,no,no,,https://www.iana.org/domains/root/db/shangrila.html | https://data.iana.org/TLD/tlds-alpha-by-domain.txt,delegated,2026-10-04,generic,,,,Shangri-La International Hotel Management Limited,,,,,,,,,.shangrila,basic,yes
.sharp,,delegated,generic,Sharp Corporation,,,,,no,no,no,,https://www.iana.org/domains/root/db/sharp.html | https://data.iana.org/TLD/tlds-alpha-by-domain.txt,delegated,2026-10-04,generic,,,,Sharp Corporation,,,,,,,,,.sharp,basic,yes
.shell,,delegated,generic,Shell Information Technology International Inc,,,,,no,no,no,,https://www.iana.org/domains/root/db/shell.html | https://data.iana.org/TLD/tlds-alpha-by-domain.txt,delegated,2026-10-04,generic,,,,Shell Information Technology International Inc,,,,,,,,,.shell,basic,yes
.shia,,delegated,generic,Emergency Back-End Registry Operator Program - ICANN,,,,,no,no,no,,https://www.iana.org/domains/root/db/shia.html | https://data.iana.org/TLD/tlds-alpha-by-domain.txt,delegated,2026-10-04,generic,,,,Emergency Back-End Registry Operator Program - ICANN,,,,,,,,,.shia,basic,yes
.shiksha,,delegated,generic,Identity Digital Limited,,,,,no,no,no,,https://www.iana.org/domains/root/db/shiksha.html | https://data.iana.org/TLD/tlds-alpha-by-domain.txt,delegated,2026-10-04,generic,,,,Identity Digital Limited,,,,,,,,,.shiksha,basic,yes
.shoes,,delegated,generic,"Binky Moon, LLC",,,,,no,no,no,,https://www.iana.org/domains/root/db/shoes.html | https://data.iana.org/TLD/tlds-alpha-by-domain.txt,delegated,2026-10-04,generic,,,,"Binky Moon, LLC",,,,,,,,,.shoes,basic,yes
.shop,2012,delegated,generic,"GMO Registry, Inc.",,,,9,no,no,no,,https://www.iana.org/domains/root/db/shop.html | https://data.iana.org/TLD/tlds-alpha-by-domain.txt | https://newgtlds.icann.org/en/program-status/statistics,delegated,2026-10-04,generic,,2012,2012,"GMO Registry, Inc.",Japan,"GMO Registry, Inc.",Japan,,,2016-05-05,2012,,.shop,curated,yes
.shopping,,delegated,generic,"Binky Moon, LLC",,,,,no,no,no,,https://www.iana.org/domains/root/db/shopping.html | https://data.iana.org/TLD/tlds-alpha-by-domain.txt,delegated,2026-10-04,generic,,,,"Binky Moon, LLC",,,,,,,,,.shopping,basic,yes
.shouji,,delegated,generic,"Beijing Qihu Keji Co., Ltd.",,,,,no,no,no,,https://www.iana.org/domains/root/db/shouji.html | https://data.iana.org/TLD/tlds-alpha-by-domain.txt,delegated,2026-10-04,generic,,,,"Beijing Qihu Keji Co., Ltd.",,,,,,,,,.shouji,basic,yes
.show,,delegated,generic,"Binky Moon, LLC",,,,,no,no,no,,https://www.iana.org/domains/root/db/show.html | https://data.iana.org/TLD/tlds-alpha-by-domain.txt,delegated,2026-10-04,generic,,,,"Binky Moon, LLC",,,,,,,,,.show,basic,yes
.si,,delegated,country-code,Academic and Research Network of Slovenia (ARNES),,,,,no,no,no,,https://www.iana.org/domains/root/db/si.html | https://data.iana.org/TLD/tlds-alpha-by-domain.txt,delegated,2026-10-04,country-code,,,,Academic and Research Network of Slovenia (ARNES),,,,,,,,,.si,basic,yes
.silk,,delegated,generic,"Amazon Registry Services, Inc.",,,,,no,no,no,,https://www.iana.org/domains/root/db/silk.html | https://data.iana.org/TLD/tlds-alpha-by-domain.txt,delegated,2026-10-04,generic,,,,"Amazon Registry Services, Inc.",,,,,,,,,.silk,basic,yes
.sina,,delegated,generic,Sina Corporation,,,,,no,no,no,,https://www.iana.org/domains/root/db/sina.html | https://data.iana.org/TLD/tlds-alpha-by-domain.txt,delegated,2026-10-04,generic,,,,Sina Corporation,,,,,,,,,.sina,basic,yes
.singles,,delegated,generic,"Binky Moon, LLC",,,,,no,no,no,,https://www.iana.org/domains/root/db/singles.html | https://data.iana.org/TLD/tlds-alpha-by-domain.txt,delegated,2026-10-04,generic,,,,"Binky Moon, LLC",,,,,,,,,.singles,basic,yes
.site,,delegated,generic,Radix Technologies Inc. SEZC,,,,,no,no,no,,https://www.iana.org/domains/root/db/site.html | https://data.iana.org/TLD/tlds-alpha-by-domain.txt,delegated,2026-10-04,generic,,,,Radix Technologies Inc. SEZC,,,,,,,,,.site,basic,yes
.sj,legacy,delegated,country-code,Norid A/S,,Svalbard and Jan Mayen,territory,,yes,no,no,,https://www.iana.org/domains/root/db/sj.html | https://data.iana.org/TLD/tlds-alpha-by-domain.txt | https://www.norid.no/en/omnorid/toppdomenet-sj/,delegated,2026-10-04,country-code,,legacy,legacy,Norid A/S,Norway,Norid A/S,Norway,Svalbard and Jan Mayen,,1997-08-21,,,.sj,curated,yes
.sk,,delegated,country-code,"SK-NIC, a.s.",,,,,no,no,no,,https://www.iana.org/domains/root/db/sk.html | https://data.iana.org/TLD/tlds-alpha-by-domain.txt,delegated,2026-10-04,country-code,,,,"SK-NIC, a.s.",,,,,,,,,.sk,basic,yes
.ski,,delegated,generic,Identity Digital Limited,,,,,no,no,no,,https://www.iana.org/domains/root/db/ski.html | https://data.iana.org/TLD/tlds-alpha-by-domain.txt,delegated,2026-10-04,generic,,,,Identity Digital Limited,,,,,,,,,.ski,basic,yes
.skin,,delegated,generic,XYZ.COM LLC,,,,,no,no,no,,https://www.iana.org/domains/root/db/skin.html | https://data.iana.org/TLD/tlds-alpha-by-domain.txt,delegated,2026-10-04,generic,,,,XYZ.COM LLC,,,,,,,,,.skin,basic,yes
.sky,,delegated,generic,Sky UK Limited,,,,,no,no,no,,https://www.iana.org/domains/root/db/sky.html | https://data.iana.org/TLD/tlds-alpha-by-domain.txt,delegated,2026-10-04,generic,,,,Sky UK Limited,,,,,,,,,.sky,basic,yes
.skype,,delegated,generic,Microsoft Corporation,,,,,no,no,no,,https://www.iana.org/domains/root/db/skype.html | https://data.iana.org/TLD/tlds-alpha-by-domain.txt,delegated,2026-10-04,generic,,,,Microsoft Corporation,,,,,,,,,.skype,basic,yes
.sl,,delegated,country-code,Sierratel,,,,,no,no,no,,https://www.iana.org/domains/root/db/sl.html | https://data.iana.org/TLD/tlds-alpha-by-domain.txt,delegated,2026-10-04,country-code,,,,Sierratel,,,,,,,,,.sl,basic,yes
.sling,,delegated,generic,DISH Technologies L.L.C.,,,,,no,no,no,,https://www.iana.org/domains/root/db/sling.html | https://data.iana.org/TLD/tlds-alpha-by-domain.txt,delegated,2026-10-04,generic,,,,DISH Technologies L.L.C.,,,,,,,,,.sling,basic,yes
.sm,,delegated,country-code,Telecom Italia San Marino S.p.A.,,,,,no,no,no,,https://www.iana.org/domains/root/db/sm.html | https://data.iana.org/TLD/tlds-alpha-by-domain.txt,delegated,2026-10-04,country-code,,,,Telecom Italia San Marino S.p.A.,,,,,,,,,.sm,basic,yes
.smart,,delegated,generic,"Smart Communications, Inc. (SMART)",,,,,no,no,no,,https://www.iana.org/domains/root/db/smart.html | https://data.iana.org/TLD/tlds-alpha-by-domain.txt,delegated,2026-10-04,generic,,,,"Smart Communications, Inc. (SMART)",,,,,,,,,.smart,basic,yes
.smile,,delegated,generic,"Amazon Registry Services, Inc.",,,,,no,no,no,,https://www.iana.org/domains/root/db/smile.html | https://data.iana.org/TLD/tlds-alpha-by-domain.txt,delegated,2026-10-04,generic,,,,"Amazon Registry Services, Inc.",,,,,,,,,.smile,basic,yes
.sn,,delegated,country-code,Universite Cheikh Anta Diop,,,,,no,no,no,,https://www.iana.org/domains/root/db/sn.html | https://data.iana.org/TLD/tlds-alpha-by-domain.txt,delegated,2026-10-04,country-code,,,,Universite Cheikh Anta Diop,,,,,,,,,.sn,basic,yes
.sncf,,delegated,generic,Société Nationale SNCF,,,,,no,no,no,,https://www.iana.org/domains/root/db/sncf.html | https://data.iana.org/TLD/tlds-alpha-by-domain.txt,delegated,2026-10-04,generic,,,,Société Nationale SNCF,,,,,,,,,.sncf,basic,yes
.so,,delegated,country-code,Ministry of Post and Telecommunications,,,,,no,no,no,,https://www.iana.org/domains/root/db/so.html | https://data.iana.org/TLD/tlds-alpha-by-domain.txt,delegated,2026-10-04,country-code,,,,Ministry of Post and Telecommunications,,,,,,,,,.so,basic,yes
.soccer,,delegated,generic,"Binky Moon, LLC",,,,,no,no,no,,https://www.iana.org/domains/root/db/soccer.html | https://data.iana.org/TLD/tlds-alpha-by-domain.txt,delegated,2026-10-04,generic,,,,"Binky Moon, LLC",,,,,,,,,.soccer,basic,yes
.social,,delegated,generic,"Dog Beach, LLC",,,,,no,no,no,,https://www.iana.org/domains/root/db/social.html | https://data.iana.org/TLD/tlds-alpha-by-domain.txt,delegated,2026-10-04,generic,,,,"Dog Beach, LLC",,,,,,,,,.social,basic,yes
.softbank,,delegated,generic,SoftBank Group Corp.,,,,,no,no,no,,https://www.iana.org/domains/root/db/softbank.html | https://data.iana.org/TLD/tlds-alpha-by-domain.txt,delegated,2026-10-04,generic,,,,SoftBank Group Corp.,,,,,,,,,.softbank,basic,yes
.software,,delegated,generic,"Dog Beach, LLC",,,,,no,no,no,,https://www.iana.org/domains/root/db/software.html | https://data.iana.org/TLD/tlds-alpha-by-domain.txt,delegated,2026-10-04,generic,,,,"Dog Beach, LLC",,,,,,,,,.software,basic,yes
.sohu,,delegated,generic,Sohu.com Limited,,,,,no,no,no,,https://www.iana.org/domains/root/db/sohu.html | https://data.iana.org/TLD/tlds-alpha-by-domain.txt,delegated,2026-10-04,generic,,,,Sohu.com Limited,,,,,,,,,.sohu,basic,yes
.solar,,delegated,generic,"Binky Moon, LLC",,,,,no,no,no,,https://www.iana.org/domains/root/db/solar.html | https://data.iana.org/TLD/tlds-alpha-by-domain.txt,delegated,2026-10-04,generic,,,,"Binky Moon, LLC",,,,,,,,,.solar,basic,yes
.solutions,,delegated,generic,"Binky Moon, LLC",,,,,no,no,no,,https://www.iana.org/domains/root/db/solutions.html | https://data.iana.org/TLD/tlds-alpha-by-domain.txt,delegated,2026-10-04,generic,,,,"Binky Moon, LLC",,,,,,,,,.solutions,basic,yes
.song,,delegated,generic,"Amazon Registry Services, Inc.",,,,,no,no,no,,https://www.iana.org/domains/root/db/song.html | https://data.iana.org/TLD/tlds-alpha-by-domain.txt,delegated,2026-10-04,generic,,,,"Amazon Registry Services, Inc.",,,,,,,,,.song,basic,yes
.sony,,delegated,generic,Sony Corporation,,,,,no,no,no,,https://www.iana.org/domains/root/db/sony.html | https://data.iana.org/TLD/tlds-alpha-by-domain.txt,delegated,2026-10-04,generic,,,,Sony Corporation,,,,,,,,,.sony,basic,yes
.soup,2000,proposed,notApplicable,,,,oddity,,yes,no,no,,https://archive.icann.org/en/tlds/ads1/,notDelegated,2026-10-04,notApplicable,,,2000,,,,,,,,,,.soup,curated,no
.soy,,delegated,generic,Charleston Road Registry Inc.,,,,,no,no,no,,https://www.iana.org/domains/root/db/soy.html | https://data.iana.org/TLD/tlds-alpha-by-domain.txt,delegated,2026-10-04,generic,,,,Charleston Road Registry Inc.,,,,,,,,,.soy,basic,yes
.spa,,delegated,generic,Asia Spa and Wellness Promotion Council Limited,,,,,no,no,no,,https://www.iana.org/domains/root/db/spa.html | https://data.iana.org/TLD/tlds-alpha-by-domain.txt,delegated,2026-10-04,generic,,,,Asia Spa and Wellness Promotion Council Limited,,,,,,,,,.spa,basic,yes
.space,,delegated,generic,Radix Technologies Inc.,,,,,no,no,no,,https://www.iana.org/domains/root/db/space.html | https://data.iana.org/TLD/tlds-alpha-by-domain.txt,delegated,2026-10-04,generic,,,,Radix Technologies Inc.,,,,,,,,,.space,basic,yes
.sport,,delegated,generic,SportAccord,,,,,no,no,no,,https://www.iana.org/domains/root/db/sport.html | https://data.iana.org/TLD/tlds-alpha-by-domain.txt,delegated,2026-10-04,generic,,,,SportAccord,,,,,,,,,.sport,basic,yes
.spot,,delegated,generic,"Amazon Registry Services, Inc.",,,,,no,no,no,,https://www.iana.org/domains/root/db/spot.html | https://data.iana.org/TLD/tlds-alpha-by-domain.txt,delegated,2026-10-04,generic,,,,"Amazon Registry Services, Inc.",,,,,,,,,.spot,basic,yes
.sr,,delegated,country-code,Telesur,,,,,no,no,no,,https://www.iana.org/domains/root/db/sr.html | https://data.iana.org/TLD/tlds-alpha-by-domain.txt,delegated,2026-10-04,country-code,,,,Telesur,,,,,,,,,.sr,basic,yes
.srl,,delegated,generic,InterNetX Corp.,,,,,no,no,no,,https://www.iana.org/domains/root/db/srl.html | https://data.iana.org/TLD/tlds-alpha-by-domain.txt,delegated,2026-10-04,generic,,,,InterNetX Corp.,,,,,,,,,.srl,basic,yes
.ss,,delegated,country-code,National Communication Authority (NCA),,,,,no,no,no,,https://www.iana.org/domains/root/db/ss.html | https://data.iana.org/TLD/tlds-alpha-by-domain.txt,delegated,2026-10-04,country-code,,,,National Communication Authority (NCA),,,,,,,,,.ss,basic,yes
.st,,delegated,country-code,Tecnisys,,,,,no,no,no,,https://www.iana.org/domains/root/db/st.html | https://data.iana.org/TLD/tlds-alpha-by-domain.txt,delegated,2026-10-04,country-code,,,,Tecnisys,,,,,,,,,.st,basic,yes
.stada,,delegated,generic,STADA Arzneimittel AG,,,,,no,no,no,,https://www.iana.org/domains/root/db/stada.html | https://data.iana.org/TLD/tlds-alpha-by-domain.txt,delegated,2026-10-04,generic,,,,STADA Arzneimittel AG,,,,,,,,,.stada,basic,yes
.staples,,delegated,generic,"Staples, Inc.",,,,,no,no,no,,https://www.iana.org/domains/root/db/staples.html | https://data.iana.org/TLD/tlds-alpha-by-domain.txt,delegated,2026-10-04,generic,,,,"Staples, Inc.",,,,,,,,,.staples,basic,yes
.star,,delegated,generic,Star India Private Limited,,,,,no,no,no,,https://www.iana.org/domains/root/db/star.html | https://data.iana.org/TLD/tlds-alpha-by-domain.txt,delegated,2026-10-04,generic,,,,Star India Private Limited,,,,,,,,,.star,basic,yes
.statebank,,delegated,generic,STATE BANK OF INDIA,,,,,no,no,no,,https://www.iana.org/domains/root/db/statebank.html | https://data.iana.org/TLD/tlds-alpha-by-domain.txt,delegated,2026-10-04,generic,,,,STATE BANK OF INDIA,,,,,,,,,.statebank,basic,yes
.statefarm,,delegated,generic,State Farm Mutual Automobile Insurance Company,,,,,no,no,no,,https://www.iana.org/domains/root/db/statefarm.html | https://data.iana.org/TLD/tlds-alpha-by-domain.txt,delegated,2026-10-04,generic,,,,State Farm Mutual Automobile Insurance Company,,,,,,,,,.statefarm,basic,yes
.stc,,delegated,generic,Saudi Telecom Company,,,,,no,no,no,,https://www.iana.org/domains/root/db/stc.html | https://data.iana.org/TLD/tlds-alpha-by-domain.txt,delegated,2026-10-04,generic,,,,Saudi Telecom Company,,,,,,,,,.stc,basic,yes
.stcgroup,,delegated,generic,Saudi Telecom Company,,,,,no,no,no,,https://www.iana.org/domains/root/db/stcgroup.html | https://data.iana.org/TLD/tlds-alpha-by-domain.txt,delegated,2026-10-04,generic,,,,Saudi Telecom Company,,,,,,,,,.stcgroup,basic,yes
.stockholm,,delegated,generic,Stockholms kommun,,,,,no,no,no,,https://www.iana.org/domains/root/db/stockholm.html | https://data.iana.org/TLD/tlds-alpha-by-domain.txt,delegated,2026-10-04,generic,,,,Stockholms kommun,,,,,,,,,.stockholm,basic,yes
.storage,,delegated,generic,XYZ.COM LLC,,,,,no,no,no,,https://www.iana.org/domains/root/db/storage.html | https://data.iana.org/TLD/tlds-alpha-by-domain.txt,delegated,2026-10-04,generic,,,,XYZ.COM LLC,,,,,,,,,.storage,basic,yes
.store,,delegated,generic,Radix Technologies Inc.,,,,,no,no,no,,https://www.iana.org/domains/root/db/store.html | https://data.iana.org/TLD/tlds-alpha-by-domain.txt,delegated,2026-10-04,generic,,,,Radix Technologies Inc.,,,,,,,,,.store,basic,yes
.stream,,delegated,generic,dot Stream Limited,,,,,no,no,no,,https://www.iana.org/domains/root/db/stream.html | https://data.iana.org/TLD/tlds-alpha-by-domain.txt,delegated,2026-10-04,generic,,,,dot Stream Limited,,,,,,,,,.stream,basic,yes
.studio,,delegated,generic,"Dog Beach, LLC",,,,,no,no,no,,https://www.iana.org/domains/root/db/studio.html | https://data.iana.org/TLD/tlds-alpha-by-domain.txt,delegated,2026-10-04,generic,,,,"Dog Beach, LLC",,,,,,,,,.studio,basic,yes
.study,,delegated,generic,"Registry Services, LLC",,,,,no,no,no,,https://www.iana.org/domains/root/db/study.html | https://data.iana.org/TLD/tlds-alpha-by-domain.txt,delegated,2026-10-04,generic,,,,"Registry Services, LLC",,,,,,,,,.study,basic,yes
.style,,delegated,generic,"Binky Moon, LLC",,,,,no,no,no,,https://www.iana.org/domains/root/db/style.html | https://data.iana.org/TLD/tlds-alpha-by-domain.txt,delegated,2026-10-04,generic,,,,"Binky Moon, LLC",,,,,,,,,.style,basic,yes
.su,legacy,delegated,country-code,Russian Institute for Development of Public Networks (ROSNIIROS),,Former Soviet Union (legacy code),geopolitics | history,,yes,no,no,,https://www.iana.org/domains/root/db/su.html | https://data.iana.org/TLD/tlds-alpha-by-domain.txt,delegated,2026-10-04,country-code,,legacy,legacy,Russian Institute for Development of Public Networks (ROSNIIROS),Russian Federation (the),Technical Center of Internet,Russian Federation (the),Former Soviet Union (legacy code),,1990-09-19,,,.su,curated,yes
.sucks,cross,delegated,generic,Vox Populi Registry Ltd.,,,protest,,yes,no,no,,https://www.iana.org/domains/root/db/sucks.html | https://data.iana.org/TLD/tlds-alpha-by-domain.txt | https://archive.icann.org/en/tlds/ads1/ | https://newgtlds.icann.org/en/program-status/statistics,delegated,2026-10-04,generic,,2012,2000 | 2012,Vox Populi Registry Ltd.,Cayman Islands (the),Momentous Inc,Barbados,,,2015-02-19,,,.sucks,curated,yes
.supplies,,delegated,generic,"Binky Moon, LLC",,,,,no,no,no,,https://www.iana.org/domains/root/db/supplies.html | https://data.iana.org/TLD/tlds-alpha-by-domain.txt,delegated,2026-10-04,generic,,,,"Binky Moon, LLC",,,,,,,,,.supplies,basic,yes
.supply,,delegated,generic,"Binky Moon, LLC",,,,,no,no,no,,https://www.iana.org/domains/root/db/supply.html | https://data.iana.org/TLD/tlds-alpha-by-domain.txt,delegated,2026-10-04,generic,,,,"Binky Moon, LLC",,,,,,,,,.supply,basic,yes
.support,,delegated,generic,"Binky Moon, LLC",,,,,no,no,no,,https://www.iana.org/domains/root/db/support.html | https://data.iana.org/TLD/tlds-alpha-by-domain.txt,delegated,2026-10-04,generic,,,,"Binky Moon, LLC",,,,,,,,,.support,basic,yes
.surf,,delegated,generic,"Registry Services, LLC",,,,,no,no,no,,https://www.iana.org/domains/root/db/surf.html | https://data.iana.org/TLD/tlds-alpha-by-domain.txt,delegated,2026-10-04,generic,,,,"Registry Services, LLC",,,,,,,,,.surf,basic,yes
.surgery,,delegated,generic,"Binky Moon, LLC",,,,,no,no,no,,https://www.iana.org/domains/root/db/surgery.html | https://data.iana.org/TLD/tlds-alpha-by-domain.txt,delegated,2026-10-04,generic,,,,"Binky Moon, LLC",,,,,,,,,.surgery,basic,yes
.suzuki,,delegated,generic,SUZUKI MOTOR CORPORATION,,,,,no,no,no,,https://www.iana.org/domains/root/db/suzuki.html | https://data.iana.org/TLD/tlds-alpha-by-domain.txt,delegated,2026-10-04,generic,,,,SUZUKI MOTOR CORPORATION,,,,,,,,,.suzuki,basic,yes
.sv,,delegated,country-code,SVNet,,,,,no,no,no,,https://www.iana.org/domains/root/db/sv.html | https://data.iana.org/TLD/tlds-alpha-by-domain.txt,delegated,2026-10-04,country-code,,,,SVNet,,,,,,,,,.sv,basic,yes
.swatch,,delegated,generic,The Swatch Group Ltd,,,,,no,no,no,,https://www.iana.org/domains/root/db/swatch.html | https://data.iana.org/TLD/tlds-alpha-by-domain.txt,delegated,2026-10-04,generic,,,,The Swatch Group Ltd,,,,,,,,,.swatch,basic,yes
.swiss,2012,delegated,generic,Swiss Confederation,,,trust,,no,no,no,,https://www.iana.org/domains/root/db/swiss.html | https://data.iana.org/TLD/tlds-alpha-by-domain.txt | https://www.nic.swiss/en/conditions-for-the-registration-and-the-registration-process,delegated,2026-10-04,generic,,2012,2012,Swiss Confederation,Switzerland,CORE Association,Switzerland,,,2015-04-16,,,.swiss,curated,yes
.sx,,delegated,country-code,SX Registry SA B.V.,,,,,no,no,no,,https://www.iana.org/domains/root/db/sx.html | https://data.iana.org/TLD/tlds-alpha-by-domain.txt,delegated,2026-10-04,country-code,,,,SX Registry SA B.V.,,,,,,,,,.sx,basic,yes
.sy,,delegated,country-code,National Authority for Information Technology Services (NAITS),,,,,no,no,no,,https://www.iana.org/domains/root/db/sy.html | https://data.iana.org/TLD/tlds-alpha-by-domain.txt,delegated,2026-10-04,country-code,,,,National Authority for Information Technology Services (NAITS),,,,,,,,,.sy,basic,yes
.sydney,,delegated,generic,"State of New South Wales, Department of Premier and Cabinet",,,,,no,no,no,,https://www.iana.org/domains/root/db/sydney.html | https://data.iana.org/TLD/tlds-alpha-by-domain.txt,delegated,2026-10-04,generic,,,,"State of New South Wales, Department of Premier and Cabinet",,,,,,,,,.sydney,basic,yes
.systems,,delegated,generic,"Binky Moon, LLC",,,,,no,no,no,,https://www.iana.org/domains/root/db/systems.html | https://data.iana.org/TLD/tlds-alpha-by-domain.txt,delegated,2026-10-04,generic,,,,"Binky Moon, LLC",,,,,,,,,.systems,basic,yes
.sz,,delegated,country-code,"University of Swaziland
Department of Computer Science",,,,,no,no,no,,https://www.iana.org/domains/root/db/sz.html | https://data.iana.org/TLD/tlds-alpha-by-domain.txt,delegated,2026-10-04,country-code,,,,"University of Swaziland
Department of Computer Science",,,,,,,,,.sz,basic,yes
.tab,,delegated,generic,Tabcorp Holdings Limited,,,,,no,no,no,,https://www.iana.org/domains/root/db/tab.html | https://data.iana.org/TLD/tlds-alpha-by-domain.txt,delegated,2026-10-04,generic,,,,Tabcorp Holdings Limited,,,,,,,,,.tab,basic,yes
.taipei,,delegated,generic,Taipei City Government,,,,,no,no,no,,https://www.iana.org/domains/root/db/taipei.html | https://data.iana.org/TLD/tlds-alpha-by-domain.txt,delegated,2026-10-04,generic,,,,Taipei City Government,,,,,,,,,.taipei,basic,yes
.talk,,delegated,generic,"Amazon Registry Services, Inc.",,,,,no,no,no,,https://www.iana.org/domains/root/db/talk.html | https://data.iana.org/TLD/tlds-alpha-by-domain.txt,delegated,2026-10-04,generic,,,,"Amazon Registry Services, Inc.",,,,,,,,,.talk,basic,yes
.taobao,,delegated,generic,Alibaba Group Holding Limited,,,,,no,no,no,,https://www.iana.org/domains/root/db/taobao.html | https://data.iana.org/TLD/tlds-alpha-by-domain.txt,delegated,2026-10-04,generic,,,,Alibaba Group Holding Limited,,,,,,,,,.taobao,basic,yes
.target,,delegated,generic,"Target Domain Holdings, LLC",,,,,no,no,no,,https://www.iana.org/domains/root/db/target.html | https://data.iana.org/TLD/tlds-alpha-by-domain.txt,delegated,2026-10-04,generic,,,,"Target Domain Holdings, LLC",,,,,,,,,.target,basic,yes
.tatamotors,,delegated,generic,Tata Motors Ltd,,,,,no,no,no,,https://www.iana.org/domains/root/db/tatamotors.html | https://data.iana.org/TLD/tlds-alpha-by-domain.txt,delegated,2026-10-04,generic,,,,Tata Motors Ltd,,,,,,,,,.tatamotors,basic,yes
.tatar,,delegated,generic,"Limited Liability Company ""Coordination Center of Regional Domain of Tatarstan Republic""",,,,,no,no,no,,https://www.iana.org/domains/root/db/tatar.html | https://data.iana.org/TLD/tlds-alpha-by-domain.txt,delegated,2026-10-04,generic,,,,"Limited Liability Company ""Coordination Center of Regional Domain of Tatarstan Republic""",,,,,,,,,.tatar,basic,yes
.tattoo,,delegated,generic,"Registry Services, LLC",,,,,no,no,no,,https://www.iana.org/domains/root/db/tattoo.html | https://data.iana.org/TLD/tlds-alpha-by-domain.txt,delegated,2026-10-04,generic,,,,"Registry Services, LLC",,,,,,,,,.tattoo,basic,yes
.tax,,delegated,generic,"Binky Moon, LLC",,,,,no,no,no,,https://www.iana.org/domains/root/db/tax.html | https://data.iana.org/TLD/tlds-alpha-by-domain.txt,delegated,2026-10-04,generic,,,,"Binky Moon, LLC",,,,,,,,,.tax,basic,yes
.taxi,,delegated,generic,"Binky Moon, LLC",,,,,no,no,no,,https://www.iana.org/domains/root/db/taxi.html | https://data.iana.org/TLD/tlds-alpha-by-domain.txt,delegated,2026-10-04,generic,,,,"Binky Moon, LLC",,,,,,,,,.taxi,basic,yes
.tc,,delegated,country-code,Melrex TC,,,,,no,no,no,,https://www.iana.org/domains/root/db/tc.html | https://data.iana.org/TLD/tlds-alpha-by-domain.txt,delegated,2026-10-04,country-code,,,,Melrex TC,,,,,,,,,.tc,basic,yes
.tci,,delegated,generic,Emergency Back-End Registry Operator Program - ICANN,,,,,no,no,no,,https://www.iana.org/domains/root/db/tci.html | https://data.iana.org/TLD/tlds-alpha-by-domain.txt,delegated,2026-10-04,generic,,,,Emergency Back-End Registry Operator Program - ICANN,,,,,,,,,.tci,basic,yes
.td,,delegated,country-code,l'Agence de Développement des Technologies de l'Information et de la Communication (ADETIC),,,,,no,no,no,,https://www.iana.org/domains/root/db/td.html | https://data.iana.org/TLD/tlds-alpha-by-domain.txt,delegated,2026-10-04,country-code,,,,l'Agence de Développement des Technologies de l'Information et de la Communication (ADETIC),,,,,,,,,.td,basic,yes
.tdk,,delegated,generic,TDK Corporation,,,,,no,no,no,,https://www.iana.org/domains/root/db/tdk.html | https://data.iana.org/TLD/tlds-alpha-by-domain.txt,delegated,2026-10-04,generic,,,,TDK Corporation,,,,,,,,,.tdk,basic,yes
.team,,delegated,generic,"Binky Moon, LLC",,,,,no,no,no,,https://www.iana.org/domains/root/db/team.html | https://data.iana.org/TLD/tlds-alpha-by-domain.txt,delegated,2026-10-04,generic,,,,"Binky Moon, LLC",,,,,,,,,.team,basic,yes
.tech,,delegated,generic,Radix Technologies Inc.,,,,,no,no,no,,https://www.iana.org/domains/root/db/tech.html | https://data.iana.org/TLD/tlds-alpha-by-domain.txt,delegated,2026-10-04,generic,,,,Radix Technologies Inc.,,,,,,,,,.tech,basic,yes
.technology,,delegated,generic,"Binky Moon, LLC",,,,,no,no,no,,https://www.iana.org/domains/root/db/technology.html | https://data.iana.org/TLD/tlds-alpha-by-domain.txt,delegated,2026-10-04,generic,,,,"Binky Moon, LLC",,,,,,,,,.technology,basic,yes
.tel,2004,delegated,sponsored,Telnames Ltd.,,United Kingdom,,,no,no,no,,https://www.iana.org/domains/root/db/tel.html | https://data.iana.org/TLD/tlds-alpha-by-domain.txt | https://www.icann.org/en/announcements/details/icann-progress-in-process-for-introducing-new-sponsored-top-level-domains-19-3-2004-en,delegated,2026-10-04,sponsored,,2004,2004,Telnames Ltd.,United Kingdom of Great Britain and Northern Ireland (the),Knipp Medien und Kommunikation GmbH,Germany,United Kingdom,,2007-03-01,,,.tel,curated,yes
.temasek,,delegated,generic,Temasek Holdings (Private) Limited,,,,,no,no,no,,https://www.iana.org/domains/root/db/temasek.html | https://data.iana.org/TLD/tlds-alpha-by-domain.txt,delegated,2026-10-04,generic,,,,Temasek Holdings (Private) Limited,,,,,,,,,.temasek,basic,yes
.tennis,,delegated,generic,"Binky Moon, LLC",,,,,no,no,no,,https://www.iana.org/domains/root/db/tennis.html | https://data.iana.org/TLD/tlds-alpha-by-domain.txt,delegated,2026-10-04,generic,,,,"Binky Moon, LLC",,,,,,,,,.tennis,basic,yes
.teva,,delegated,generic,Teva Pharmaceutical Industries Limited,,,,,no,no,no,,https://www.iana.org/domains/root/db/teva.html | https://data.iana.org/TLD/tlds-alpha-by-domain.txt,delegated,2026-10-04,generic,,,,Teva Pharmaceutical Industries Limited,,,,,,,,,.teva,basic,yes
.tf,,delegated,country-code,Association Française pour le Nommage Internet en Coopération (A.F.N.I.C.),,,,,no,no,no,,https://www.iana.org/domains/root/db/tf.html | https://data.iana.org/TLD/tlds-alpha-by-domain.txt,delegated,2026-10-04,country-code,,,,Association Française pour le Nommage Internet en Coopération (A.F.N.I.C.),,,,,,,,,.tf,basic,yes
.tg,,delegated,country-code,Autorité de Régulation des Communications Electroniques et des Postes (ARCEP),,,,,no,no,no,,https://www.iana.org/domains/root/db/tg.html | https://data.iana.org/TLD/tlds-alpha-by-domain.txt,delegated,2026-10-04,country-code,,,,Autorité de Régulation des Communications Electroniques et des Postes (ARCEP),,,,,,,,,.tg,basic,yes
.th,,delegated,country-code,Thai Network Information Center Foundation,,,,,no,no,no,,https://www.iana.org/domains/root/db/th.html | https://data.iana.org/TLD/tlds-alpha-by-domain.txt,delegated,2026-10-04,country-code,,,,Thai Network Information Center Foundation,,,,,,,,,.th,basic,yes
.thd,,delegated,generic,"Home Depot Product Authority, LLC",,,,,no,no,no,,https://www.iana.org/domains/root/db/thd.html | https://data.iana.org/TLD/tlds-alpha-by-domain.txt,delegated,2026-10-04,generic,,,,"Home Depot Product Authority, LLC",,,,,,,,,.thd,basic,yes
.theater,,delegated,generic,"Binky Moon, LLC",,,,,no,no,no,,https://www.iana.org/domains/root/db/theater.html | https://data.iana.org/TLD/tlds-alpha-by-domain.txt,delegated,2026-10-04,generic,,,,"Binky Moon, LLC",,,,,,,,,.theater,basic,yes
.theatre,,delegated,generic,XYZ.COM LLC,,,,,no,no,no,,https://www.iana.org/domains/root/db/theatre.html | https://data.iana.org/TLD/tlds-alpha-by-domain.txt,delegated,2026-10-04,generic,,,,XYZ.COM LLC,,,,,,,,,.theatre,basic,yes
.tiaa,,delegated,generic,Teachers Insurance and Annuity Association of America,,,,,no,no,no,,https://www.iana.org/domains/root/db/tiaa.html | https://data.iana.org/TLD/tlds-alpha-by-domain.txt,delegated,2026-10-04,generic,,,,Teachers Insurance and Annuity Association of America,,,,,,,,,.tiaa,basic,yes
.tickets,,delegated,generic,XYZ.COM LLC,,,,,no,no,no,,https://www.iana.org/domains/root/db/tickets.html | https://data.iana.org/TLD/tlds-alpha-by-domain.txt,delegated,2026-10-04,generic,,,,XYZ.COM LLC,,,,,,,,,.tickets,basic,yes
.tienda,,delegated,generic,"Binky Moon, LLC",,,,,no,no,no,,https://www.iana.org/domains/root/db/tienda.html | https://data.iana.org/TLD/tlds-alpha-by-domain.txt,delegated,2026-10-04,generic,,,,"Binky Moon, LLC",,,,,,,,,.tienda,basic,yes
.tips,,delegated,generic,"Binky Moon, LLC",,,,,no,no,no,,https://www.iana.org/domains/root/db/tips.html | https://data.iana.org/TLD/tlds-alpha-by-domain.txt,delegated,2026-10-04,generic,,,,"Binky Moon, LLC",,,,,,,,,.tips,basic,yes
.tires,,delegated,generic,"Binky Moon, LLC",,,,,no,no,no,,https://www.iana.org/domains/root/db/tires.html | https://data.iana.org/TLD/tlds-alpha-by-domain.txt,delegated,2026-10-04,generic,,,,"Binky Moon, LLC",,,,,,,,,.tires,basic,yes
.tirol,,delegated,generic,punkt Tirol GmbH,,,,,no,no,no,,https://www.iana.org/domains/root/db/tirol.html | https://data.iana.org/TLD/tlds-alpha-by-domain.txt,delegated,2026-10-04,generic,,,,punkt Tirol GmbH,,,,,,,,,.tirol,basic,yes
.tj,,delegated,country-code,Information Technology Center,,,,,no,no,no,,https://www.iana.org/domains/root/db/tj.html | https://data.iana.org/TLD/tlds-alpha-by-domain.txt,delegated,2026-10-04,country-code,,,,Information Technology Center,,,,,,,,,.tj,basic,yes
.tjmaxx,,delegated,generic,"The TJX Companies, Inc.",,,,,no,no,no,,https://www.iana.org/domains/root/db/tjmaxx.html | https://data.iana.org/TLD/tlds-alpha-by-domain.txt,delegated,2026-10-04,generic,,,,"The TJX Companies, Inc.",,,,,,,,,.tjmaxx,basic,yes
.tjx,,delegated,generic,"The TJX Companies, Inc.",,,,,no,no,no,,https://www.iana.org/domains/root/db/tjx.html | https://data.iana.org/TLD/tlds-alpha-by-domain.txt,delegated,2026-10-04,generic,,,,"The TJX Companies, Inc.",,,,,,,,,.tjx,basic,yes
.tk,,delegated,country-code,Telecommunication Tokelau Corporation (Teletok),,,,,no,no,no,,https://www.iana.org/domains/root/db/tk.html | https://data.iana.org/TLD/tlds-alpha-by-domain.txt,delegated,2026-10-04,country-code,,,,Telecommunication Tokelau Corporation (Teletok),,,,,,,,,.tk,basic,yes
.tkmaxx,,delegated,generic,"The TJX Companies, Inc.",,,,,no,no,no,,https://www.iana.org/domains/root/db/tkmaxx.html | https://data.iana.org/TLD/tlds-alpha-by-domain.txt,delegated,2026-10-04,generic,,,,"The TJX Companies, Inc.",,,,,,,,,.tkmaxx,basic,yes
.tl,,delegated,country-code,Autoridade Nacional de Comunicações,,,,,no,no,no,,https://www.iana.org/domains/root/db/tl.html | https://data.iana.org/TLD/tlds-alpha-by-domain.txt,delegated,2026-10-04,country-code,,,,Autoridade Nacional de Comunicações,,,,,,,,,.tl,basic,yes
.tm,,delegated,country-code,TM Domain Registry Ltd,,,,,no,no,no,,https://www.iana.org/domains/root/db/tm.html | https://data.iana.org/TLD/tlds-alpha-by-domain.txt,delegated,2026-10-04,country-code,,,,TM Domain Registry Ltd,,,,,,,,,.tm,basic,yes
.tmall,,delegated,generic,Alibaba Group Holding Limited,,,,,no,no,no,,https://www.iana.org/domains/root/db/tmall.html | https://data.iana.org/TLD/tlds-alpha-by-domain.txt,delegated,2026-10-04,generic,,,,Alibaba Group Holding Limited,,,,,,,,,.tmall,basic,yes
.tn,,delegated,country-code,Agence Tunisienne d'Internet,,,,,no,no,no,,https://www.iana.org/domains/root/db/tn.html | https://data.iana.org/TLD/tlds-alpha-by-domain.txt,delegated,2026-10-04,country-code,,,,Agence Tunisienne d'Internet,,,,,,,,,.tn,basic,yes
.to,,delegated,country-code,"Government of the Kingdom of Tonga, H.R.H. Crown Prince Tupouto'a, c/o Consulate of Tonga",,,,,no,no,no,,https://www.iana.org/domains/root/db/to.html | https://data.iana.org/TLD/tlds-alpha-by-domain.txt,delegated,2026-10-04,country-code,,,,"Government of the Kingdom of Tonga, H.R.H. Crown Prince Tupouto'a, c/o Consulate of Tonga",,,,,,,,,.to,basic,yes
.today,,delegated,generic,"Binky Moon, LLC",,,,,no,no,no,,https://www.iana.org/domains/root/db/today.html | https://data.iana.org/TLD/tlds-alpha-by-domain.txt,delegated,2026-10-04,generic,,,,"Binky Moon, LLC",,,,,,,,,.today,basic,yes
.tokyo,2012,delegated,generic,"GMO Registry, Inc.",,Tokyo,city,,no,yes,no,,https://www.iana.org/domains/root/db/tokyo.html | https://data.iana.org/TLD/tlds-alpha-by-domain.txt | https://www.iana.org/domains/root/db,delegated,2026-10-04,generic,geographic,2012,2012,"GMO Registry, Inc.",Japan,"GMO Registry, Inc.",Japan,Tokyo,,2014-01-16,,,.tokyo,curated,yes
.tools,,delegated,generic,"Binky Moon, LLC",,,,,no,no,no,,https://www.iana.org/domains/root/db/tools.html | https://data.iana.org/TLD/tlds-alpha-by-domain.txt,delegated,2026-10-04,generic,,,,"Binky Moon, LLC",,,,,,,,,.tools,basic,yes
.top,,delegated,generic,Hong Kong Zhongze International Limited,,,,,no,no,no,,https://www.iana.org/domains/root/db/top.html | https://data.iana.org/TLD/tlds-alpha-by-domain.txt,delegated,2026-10-04,generic,,,,Hong Kong Zhongze International Limited,,,,,,,,,.top,basic,yes
.toray,,delegated,generic,"Toray Industries, Inc.",,,,,no,no,no,,https://www.iana.org/domains/root/db/toray.html | https://data.iana.org/TLD/tlds-alpha-by-domain.txt,delegated,2026-10-04,generic,,,,"Toray Industries, Inc.",,,,,,,,,.toray,basic,yes
.toshiba,,delegated,generic,TOSHIBA Corporation,,,,,no,no,no,,https://www.iana.org/domains/root/db/toshiba.html | https://data.iana.org/TLD/tlds-alpha-by-domain.txt,delegated,2026-10-04,generic,,,,TOSHIBA Corporation,,,,,,,,,.toshiba,basic,yes
.total,,delegated,generic,TotalEnergies SE,,,,,no,no,no,,https://www.iana.org/domains/root/db/total.html | https://data.iana.org/TLD/tlds-alpha-by-domain.txt,delegated,2026-10-04,generic,,,,TotalEnergies SE,,,,,,,,,.total,basic,yes
.tours,,delegated,generic,"Binky Moon, LLC",,,,,no,no,no,,https://www.iana.org/domains/root/db/tours.html | https://data.iana.org/TLD/tlds-alpha-by-domain.txt,delegated,2026-10-04,generic,,,,"Binky Moon, LLC",,,,,,,,,.tours,basic,yes
.town,,delegated,generic,"Binky Moon, LLC",,,,,no,no,no,,https://www.iana.org/domains/root/db/town.html | https://data.iana.org/TLD/tlds-alpha-by-domain.txt,delegated,2026-10-04,generic,,,,"Binky Moon, LLC",,,,,,,,,.town,basic,yes
.toyota,,delegated,generic,TOYOTA MOTOR CORPORATION,,,,,no,no,no,,https://www.iana.org/domains/root/db/toyota.html | https://data.iana.org/TLD/tlds-alpha-by-domain.txt,delegated,2026-10-04,generic,,,,TOYOTA MOTOR CORPORATION,,,,,,,,,.toyota,basic,yes
.toys,,delegated,generic,"Binky Moon, LLC",,,,,no,no,no,,https://www.iana.org/domains/root/db/toys.html | https://data.iana.org/TLD/tlds-alpha-by-domain.txt,delegated,2026-10-04,generic,,,,"Binky Moon, LLC",,,,,,,,,.toys,basic,yes
.tp,legacy,retired,country-code,,,Portuguese Timor,geopolitics | history,,yes,no,no,,https://www.iana.org/domains/root/db/tp.html | https://www.iana.org/reports/2015/tp-report-20150126.html,retired,2026-10-04,country-code,,,legacy,,,,,Portuguese Timor,,1997-05-09,,,.tp,curated,no
.tr,,delegated,country-code,Bilgi Teknolojileri ve İletişim Kurumu (BTK),,,,,no,no,no,,https://www.iana.org/domains/root/db/tr.html | https://data.iana.org/TLD/tlds-alpha-by-domain.txt,delegated,2026-10-04,country-code,,,,Bilgi Teknolojileri ve İletişim Kurumu (BTK),,,,,,,,,.tr,basic,yes
.trade,,delegated,generic,Elite Registry Limited,,,,,no,no,no,,https://www.iana.org/domains/root/db/trade.html | https://data.iana.org/TLD/tlds-alpha-by-domain.txt,delegated,2026-10-04,generic,,,,Elite Registry Limited,,,,,,,,,.trade,basic,yes
.trading,,delegated,generic,"Dog Beach, LLC",,,,,no,no,no,,https://www.iana.org/domains/root/db/trading.html | https://data.iana.org/TLD/tlds-alpha-by-domain.txt,delegated,2026-10-04,generic,,,,"Dog Beach, LLC",,,,,,,,,.trading,basic,yes
.training,,delegated,generic,"Binky Moon, LLC",,,,,no,no,no,,https://www.iana.org/domains/root/db/training.html | https://data.iana.org/TLD/tlds-alpha-by-domain.txt,delegated,2026-10-04,generic,,,,"Binky Moon, LLC",,,,,,,,,.training,basic,yes
.travel,2004,delegated,sponsored,"Dog Beach, LLC",,United States,,,no,no,no,,https://www.iana.org/domains/root/db/travel.html | https://data.iana.org/TLD/tlds-alpha-by-domain.txt | https://www.icann.org/en/announcements/details/icann-progress-in-process-for-introducing-new-sponsored-top-level-domains-19-3-2004-en,delegated,2026-10-04,sponsored,,2004,2004,"Dog Beach, LLC",United States of America (the),Identity Digital Limited,United States of America (the),United States,,2005-07-27,,,.travel,curated,yes
.travelers,,delegated,generic,"Travelers TLD, LLC",,,,,no,no,no,,https://www.iana.org/domains/root/db/travelers.html | https://data.iana.org/TLD/tlds-alpha-by-domain.txt,delegated,2026-10-04,generic,,,,"Travelers TLD, LLC",,,,,,,,,.travelers,basic,yes
.travelersinsurance,,delegated,generic,"Travelers TLD, LLC",,,,,no,no,no,,https://www.iana.org/domains/root/db/travelersinsurance.html | https://data.iana.org/TLD/tlds-alpha-by-domain.txt,delegated,2026-10-04,generic,,,,"Travelers TLD, LLC",,,,,,,,,.travelersinsurance,basic,yes
.trust,,delegated,generic,Internet Naming Co.,,,,,no,no,no,,https://www.iana.org/domains/root/db/trust.html | https://data.iana.org/TLD/tlds-alpha-by-domain.txt,delegated,2026-10-04,generic,,,,Internet Naming Co.,,,,,,,,,.trust,basic,yes
.trv,,delegated,generic,"Travelers TLD, LLC",,,,,no,no,no,,https://www.iana.org/domains/root/db/trv.html | https://data.iana.org/TLD/tlds-alpha-by-domain.txt,delegated,2026-10-04,generic,,,,"Travelers TLD, LLC",,,,,,,,,.trv,basic,yes
.tt,,delegated,country-code,"University of the West Indies, Faculty of Engineering",,,,,no,no,no,,https://www.iana.org/domains/root/db/tt.html | https://data.iana.org/TLD/tlds-alpha-by-domain.txt,delegated,2026-10-04,country-code,,,,"University of the West Indies, Faculty of Engineering",,,,,,,,,.tt,basic,yes
.tube,,delegated,generic,Latin American Telecom LLC,,,,,no,no,no,,https://www.iana.org/domains/root/db/tube.html | https://data.iana.org/TLD/tlds-alpha-by-domain.txt,delegated,2026-10-04,generic,,,,Latin American Telecom LLC,,,,,,,,,.tube,basic,yes
.tui,,delegated,generic,TUI AG,,,,,no,no,no,,https://www.iana.org/domains/root/db/tui.html | https://data.iana.org/TLD/tlds-alpha-by-domain.txt,delegated,2026-10-04,generic,,,,TUI AG,,,,,,,,,.tui,basic,yes
.tunes,,delegated,generic,"Amazon Registry Services, Inc.",,,,,no,no,no,,https://www.iana.org/domains/root/db/tunes.html | https://data.iana.org/TLD/tlds-alpha-by-domain.txt,delegated,2026-10-04,generic,,,,"Amazon Registry Services, Inc.",,,,,,,,,.tunes,basic,yes
.tushu,,delegated,generic,"Amazon Registry Services, Inc.",,,,,no,no,no,,https://www.iana.org/domains/root/db/tushu.html | https://data.iana.org/TLD/tlds-alpha-by-domain.txt,delegated,2026-10-04,generic,,,,"Amazon Registry Services, Inc.",,,,,,,,,.tushu,basic,yes
.tv,legacy,delegated,country-code,"Ministry of Transport, Energy, Communications and Innovations",,Tuvalu,media | semanticDrift,,yes,no,no,,https://www.iana.org/domains/root/db/tv.html | https://data.iana.org/TLD/tlds-alpha-by-domain.txt | https://www.turnon.tv/,delegated,2026-10-04,country-code,,legacy,legacy,"Ministry of Transport, Energy, Communications and Innovations",Tuvalu,GoDaddy Registry,United States of America (the),Tuvalu,,1996-03-18,,,.tv,curated,yes
.tvs,,delegated,generic,T V SUNDRAM IYENGAR  & SONS PRIVATE LIMITED,,,,,no,no,no,,https://www.iana.org/domains/root/db/tvs.html | https://data.iana.org/TLD/tlds-alpha-by-domain.txt,delegated,2026-10-04,generic,,,,T V SUNDRAM IYENGAR  & SONS PRIVATE LIMITED,,,,,,,,,.tvs,basic,yes
.tw,,delegated,country-code,Taiwan Network Information Center (TWNIC),,,,,no,no,no,,https://www.iana.org/domains/root/db/tw.html | https://data.iana.org/TLD/tlds-alpha-by-domain.txt,delegated,2026-10-04,country-code,,,,Taiwan Network Information Center (TWNIC),,,,,,,,,.tw,basic,yes
.tz,,delegated,country-code,Tanzania Communications Regulatory Authority,,,,,no,no,no,,https://www.iana.org/domains/root/db/tz.html | https://data.iana.org/TLD/tlds-alpha-by-domain.txt,delegated,2026-10-04,country-code,,,,Tanzania Communications Regulatory Authority,,,,,,,,,.tz,basic,yes
.ua,,delegated,country-code,Hostmaster Ltd.,,,,,no,no,no,,https://www.iana.org/domains/root/db/ua.html | https://data.iana.org/TLD/tlds-alpha-by-domain.txt,delegated,2026-10-04,country-code,,,,Hostmaster Ltd.,,,,,,,,,.ua,basic,yes
.ubank,,delegated,generic,National Australia Bank Limited,,,,,no,no,no,,https://www.iana.org/domains/root/db/ubank.html | https://data.iana.org/TLD/tlds-alpha-by-domain.txt,delegated,2026-10-04,generic,,,,National Australia Bank Limited,,,,,,,,,.ubank,basic,yes
.ubs,,delegated,generic,UBS AG,,,,,no,no,no,,https://www.iana.org/domains/root/db/ubs.html | https://data.iana.org/TLD/tlds-alpha-by-domain.txt,delegated,2026-10-04,generic,,,,UBS AG,,,,,,,,,.ubs,basic,yes
.ug,,delegated,country-code,Uganda Online Ltd.,,,,,no,no,no,,https://www.iana.org/domains/root/db/ug.html | https://data.iana.org/TLD/tlds-alpha-by-domain.txt,delegated,2026-10-04,country-code,,,,Uganda Online Ltd.,,,,,,,,,.ug,basic,yes
.uk,legacy,delegated,country-code,Nominet UK,,United Kingdom,history,,yes,no,no,,https://www.iana.org/domains/root/db/uk.html | https://data.iana.org/TLD/tlds-alpha-by-domain.txt | https://www.iana.org/help/eligible-tlds,delegated,2026-10-04,country-code,,legacy,legacy,Nominet UK,United Kingdom of Great Britain and Northern Ireland (the),Nominet UK,United Kingdom of Great Britain and Northern Ireland (the),United Kingdom,,1985-07-24,,,.uk,curated,yes
.unicom,,delegated,generic,China United Network Communications Corporation Limited,,,,,no,no,no,,https://www.iana.org/domains/root/db/unicom.html | https://data.iana.org/TLD/tlds-alpha-by-domain.txt,delegated,2026-10-04,generic,,,,China United Network Communications Corporation Limited,,,,,,,,,.unicom,basic,yes
.union,2000,evaluated,notApplicable,,,,labour,,yes,no,no,,https://archive.icann.org/en/tlds/union1/ | https://archive.icann.org/en/tlds/,notDelegated,2026-10-04,notApplicable,,,2000,,,,,,,,,,.union,curated,no
.university,,delegated,generic,"Binky Moon, LLC",,,,,no,no,no,,https://www.iana.org/domains/root/db/university.html | https://data.iana.org/TLD/tlds-alpha-by-domain.txt,delegated,2026-10-04,generic,,,,"Binky Moon, LLC",,,,,,,,,.university,basic,yes
.uno,,delegated,generic,Radix Technologies Inc.,,,,,no,no,no,,https://www.iana.org/domains/root/db/uno.html | https://data.iana.org/TLD/tlds-alpha-by-domain.txt,delegated,2026-10-04,generic,,,,Radix Technologies Inc.,,,,,,,,,.uno,basic,yes
.uol,,delegated,generic,UBN INTERNET LTDA.,,,,,no,no,no,,https://www.iana.org/domains/root/db/uol.html | https://data.iana.org/TLD/tlds-alpha-by-domain.txt,delegated,2026-10-04,generic,,,,UBN INTERNET LTDA.,,,,,,,,,.uol,basic,yes
.ups,,delegated,generic,"UPS Market Driver, Inc.",,,,,no,no,no,,https://www.iana.org/domains/root/db/ups.html | https://data.iana.org/TLD/tlds-alpha-by-domain.txt,delegated,2026-10-04,generic,,,,"UPS Market Driver, Inc.",,,,,,,,,.ups,basic,yes
.us,,delegated,country-code,"Registry Services, LLC",,,,,no,no,no,,https://www.iana.org/domains/root/db/us.html | https://data.iana.org/TLD/tlds-alpha-by-domain.txt,delegated,2026-10-04,country-code,,,,"Registry Services, LLC",,,,,,,,,.us,basic,yes
.uy,,delegated,country-code,SeCIU - Universidad de la Republica,,,,,no,no,no,,https://www.iana.org/domains/root/db/uy.html | https://data.iana.org/TLD/tlds-alpha-by-domain.txt,delegated,2026-10-04,country-code,,,,SeCIU - Universidad de la Republica,,,,,,,,,.uy,basic,yes
.uz,,delegated,country-code,Single Integrator for Creation and Support of State Information Systems UZINFOCOM,,,,,no,no,no,,https://www.iana.org/domains/root/db/uz.html | https://data.iana.org/TLD/tlds-alpha-by-domain.txt,delegated,2026-10-04,country-code,,,,Single Integrator for Creation and Support of State Information Systems UZINFOCOM,,,,,,,,,.uz,basic,yes
.va,,delegated,country-code,Holy See - Vatican City State,,,,,no,no,no,,https://www.iana.org/domains/root/db/va.html | https://data.iana.org/TLD/tlds-alpha-by-domain.txt,delegated,2026-10-04,country-code,,,,Holy See - Vatican City State,,,,,,,,,.va,basic,yes
.vacations,,delegated,generic,"Binky Moon, LLC",,,,,no,no,no,,https://www.iana.org/domains/root/db/vacations.html | https://data.iana.org/TLD/tlds-alpha-by-domain.txt,delegated,2026-10-04,generic,,,,"Binky Moon, LLC",,,,,,,,,.vacations,basic,yes
.vana,,delegated,generic,D3 Registry LLC,,,,,no,no,no,,https://www.iana.org/domains/root/db/vana.html | https://data.iana.org/TLD/tlds-alpha-by-domain.txt,delegated,2026-10-04,generic,,,,D3 Registry LLC,,,,,,,,,.vana,basic,yes
.vanguard,,delegated,generic,"The Vanguard Group, Inc.",,,,,no,no,no,,https://www.iana.org/domains/root/db/vanguard.html | https://data.iana.org/TLD/tlds-alpha-by-domain.txt,delegated,2026-10-04,generic,,,,"The Vanguard Group, Inc.",,,,,,,,,.vanguard,basic,yes
.vc,,delegated,country-code,"Ministry of Telecommunications, Science, Technology and Industry",,,,,no,no,no,,https://www.iana.org/domains/root/db/vc.html | https://data.iana.org/TLD/tlds-alpha-by-domain.txt,delegated,2026-10-04,country-code,,,,"Ministry of Telecommunications, Science, Technology and Industry",,,,,,,,,.vc,basic,yes
.ve,,delegated,country-code,Comisión Nacional de Telecomunicaciones (CONATEL),,,,,no,no,no,,https://www.iana.org/domains/root/db/ve.html | https://data.iana.org/TLD/tlds-alpha-by-domain.txt,delegated,2026-10-04,country-code,,,,Comisión Nacional de Telecomunicaciones (CONATEL),,,,,,,,,.ve,basic,yes
.vegas,,delegated,generic,"Dot Vegas, Inc.",,,,,no,no,no,,https://www.iana.org/domains/root/db/vegas.html | https://data.iana.org/TLD/tlds-alpha-by-domain.txt,delegated,2026-10-04,generic,,,,"Dot Vegas, Inc.",,,,,,,,,.vegas,basic,yes
.ventures,,delegated,generic,"Binky Moon, LLC",,,,,no,no,no,,https://www.iana.org/domains/root/db/ventures.html | https://data.iana.org/TLD/tlds-alpha-by-domain.txt,delegated,2026-10-04,generic,,,,"Binky Moon, LLC",,,,,,,,,.ventures,basic,yes
.verisign,,delegated,generic,"VeriSign, Inc.",,,,,no,no,no,,https://www.iana.org/domains/root/db/verisign.html | https://data.iana.org/TLD/tlds-alpha-by-domain.txt,delegated,2026-10-04,generic,,,,"VeriSign, Inc.",,,,,,,,,.verisign,basic,yes
.versicherung,,delegated,generic,tldbox GmbH,,,,,no,no,no,,https://www.iana.org/domains/root/db/versicherung.html | https://data.iana.org/TLD/tlds-alpha-by-domain.txt,delegated,2026-10-04,generic,,,,tldbox GmbH,,,,,,,,,.versicherung,basic,yes
.vet,,delegated,generic,"Dog Beach, LLC",,,,,no,no,no,,https://www.iana.org/domains/root/db/vet.html | https://data.iana.org/TLD/tlds-alpha-by-domain.txt,delegated,2026-10-04,generic,,,,"Dog Beach, LLC",,,,,,,,,.vet,basic,yes
.vg,,delegated,country-code,Telecommunications Regulatory Commission of the Virgin Islands,,,,,no,no,no,,https://www.iana.org/domains/root/db/vg.html | https://data.iana.org/TLD/tlds-alpha-by-domain.txt,delegated,2026-10-04,country-code,,,,Telecommunications Regulatory Commission of the Virgin Islands,,,,,,,,,.vg,basic,yes
.vi,,delegated,country-code,"Virgin Islands Public Telecommunications System, Inc.",,,,,no,no,no,,https://www.iana.org/domains/root/db/vi.html | https://data.iana.org/TLD/tlds-alpha-by-domain.txt,delegated,2026-10-04,country-code,,,,"Virgin Islands Public Telecommunications System, Inc.",,,,,,,,,.vi,basic,yes
.viajes,,delegated,generic,"Binky Moon, LLC",,,,,no,no,no,,https://www.iana.org/domains/root/db/viajes.html | https://data.iana.org/TLD/tlds-alpha-by-domain.txt,delegated,2026-10-04,generic,,,,"Binky Moon, LLC",,,,,,,,,.viajes,basic,yes
.video,,delegated,generic,"Dog Beach, LLC",,,,,no,no,no,,https://www.iana.org/domains/root/db/video.html | https://data.iana.org/TLD/tlds-alpha-by-domain.txt,delegated,2026-10-04,generic,,,,"Dog Beach, LLC",,,,,,,,,.video,basic,yes
.vig,,delegated,generic,VIENNA INSURANCE GROUP AG Wiener Versicherung Gruppe,,,,,no,no,no,,https://www.iana.org/domains/root/db/vig.html | https://data.iana.org/TLD/tlds-alpha-by-domain.txt,delegated,2026-10-04,generic,,,,VIENNA INSURANCE GROUP AG Wiener Versicherung Gruppe,,,,,,,,,.vig,basic,yes
.viking,,delegated,generic,Viking River Cruises (Bermuda) Ltd.,,,,,no,no,no,,https://www.iana.org/domains/root/db/viking.html | https://data.iana.org/TLD/tlds-alpha-by-domain.txt,delegated,2026-10-04,generic,,,,Viking River Cruises (Bermuda) Ltd.,,,,,,,,,.viking,basic,yes
.villas,,delegated,generic,"Binky Moon, LLC",,,,,no,no,no,,https://www.iana.org/domains/root/db/villas.html | https://data.iana.org/TLD/tlds-alpha-by-domain.txt,delegated,2026-10-04,generic,,,,"Binky Moon, LLC",,,,,,,,,.villas,basic,yes
.vin,,delegated,generic,"Binky Moon, LLC",,,,,no,no,no,,https://www.iana.org/domains/root/db/vin.html | https://data.iana.org/TLD/tlds-alpha-by-domain.txt,delegated,2026-10-04,generic,,,,"Binky Moon, LLC",,,,,,,,,.vin,basic,yes
.vip,,delegated,generic,"Registry Services, LLC",,,,,no,no,no,,https://www.iana.org/domains/root/db/vip.html | https://data.iana.org/TLD/tlds-alpha-by-domain.txt,delegated,2026-10-04,generic,,,,"Registry Services, LLC",,,,,,,,,.vip,basic,yes
.virgin,,delegated,generic,Virgin Enterprises Limited,,,,,no,no,no,,https://www.iana.org/domains/root/db/virgin.html | https://data.iana.org/TLD/tlds-alpha-by-domain.txt,delegated,2026-10-04,generic,,,,Virgin Enterprises Limited,,,,,,,,,.virgin,basic,yes
.visa,,delegated,generic,Visa Worldwide Pte. Limited,,,,,no,no,no,,https://www.iana.org/domains/root/db/visa.html | https://data.iana.org/TLD/tlds-alpha-by-domain.txt,delegated,2026-10-04,generic,,,,Visa Worldwide Pte. Limited,,,,,,,,,.visa,basic,yes
.vision,,delegated,generic,"Binky Moon, LLC",,,,,no,no,no,,https://www.iana.org/domains/root/db/vision.html | https://data.iana.org/TLD/tlds-alpha-by-domain.txt,delegated,2026-10-04,generic,,,,"Binky Moon, LLC",,,,,,,,,.vision,basic,yes
.viva,,delegated,generic,Saudi Telecom Company,,,,,no,no,no,,https://www.iana.org/domains/root/db/viva.html | https://data.iana.org/TLD/tlds-alpha-by-domain.txt,delegated,2026-10-04,generic,,,,Saudi Telecom Company,,,,,,,,,.viva,basic,yes
.vivo,,delegated,generic,Telefonica Brasil S.A.,,,,,no,no,no,,https://www.iana.org/domains/root/db/vivo.html | https://data.iana.org/TLD/tlds-alpha-by-domain.txt,delegated,2026-10-04,generic,,,,Telefonica Brasil S.A.,,,,,,,,,.vivo,basic,yes
.vlaanderen,,delegated,generic,DNS.be vzw,,,,,no,no,no,,https://www.iana.org/domains/root/db/vlaanderen.html | https://data.iana.org/TLD/tlds-alpha-by-domain.txt,delegated,2026-10-04,generic,,,,DNS.be vzw,,,,,,,,,.vlaanderen,basic,yes
.vn,,delegated,country-code,Viet Nam Internet Network Information Center (VNNIC),,,,,no,no,no,,https://www.iana.org/domains/root/db/vn.html | https://data.iana.org/TLD/tlds-alpha-by-domain.txt,delegated,2026-10-04,country-code,,,,Viet Nam Internet Network Information Center (VNNIC),,,,,,,,,.vn,basic,yes
.vodka,,delegated,generic,"Registry Services, LLC",,,,,no,no,no,,https://www.iana.org/domains/root/db/vodka.html | https://data.iana.org/TLD/tlds-alpha-by-domain.txt,delegated,2026-10-04,generic,,,,"Registry Services, LLC",,,,,,,,,.vodka,basic,yes
.volvo,,delegated,generic,Volvo Holding Sverige Aktiebolag,,,,,no,no,no,,https://www.iana.org/domains/root/db/volvo.html | https://data.iana.org/TLD/tlds-alpha-by-domain.txt,delegated,2026-10-04,generic,,,,Volvo Holding Sverige Aktiebolag,,,,,,,,,.volvo,basic,yes
.vote,,delegated,generic,Monolith Registry LLC,,,,,no,no,no,,https://www.iana.org/domains/root/db/vote.html | https://data.iana.org/TLD/tlds-alpha-by-domain.txt,delegated,2026-10-04,generic,,,,Monolith Registry LLC,,,,,,,,,.vote,basic,yes
.voting,,delegated,generic,Valuetainment Corp.,,,,,no,no,no,,https://www.iana.org/domains/root/db/voting.html | https://data.iana.org/TLD/tlds-alpha-by-domain.txt,delegated,2026-10-04,generic,,,,Valuetainment Corp.,,,,,,,,,.voting,basic,yes
.voto,,delegated,generic,Monolith Registry LLC,,,,,no,no,no,,https://www.iana.org/domains/root/db/voto.html | https://data.iana.org/TLD/tlds-alpha-by-domain.txt,delegated,2026-10-04,generic,,,,Monolith Registry LLC,,,,,,,,,.voto,basic,yes
.voyage,,delegated,generic,"Binky Moon, LLC",,,,,no,no,no,,https://www.iana.org/domains/root/db/voyage.html | https://data.iana.org/TLD/tlds-alpha-by-domain.txt,delegated,2026-10-04,generic,,,,"Binky Moon, LLC",,,,,,,,,.voyage,basic,yes
.vu,,delegated,country-code,Telecommunications Radiocommunications and Broadcasting Regulator (TRBR),,,,,no,no,no,,https://www.iana.org/domains/root/db/vu.html | https://data.iana.org/TLD/tlds-alpha-by-domain.txt,delegated,2026-10-04,country-code,,,,Telecommunications Radiocommunications and Broadcasting Regulator (TRBR),,,,,,,,,.vu,basic,yes
.wales,,delegated,generic,Nominet UK,,,,,no,no,no,,https://www.iana.org/domains/root/db/wales.html | https://data.iana.org/TLD/tlds-alpha-by-domain.txt,delegated,2026-10-04,generic,,,,Nominet UK,,,,,,,,,.wales,basic,yes
.walmart,,delegated,generic,"Wal-Mart Stores, Inc.",,,,,no,no,no,,https://www.iana.org/domains/root/db/walmart.html | https://data.iana.org/TLD/tlds-alpha-by-domain.txt,delegated,2026-10-04,generic,,,,"Wal-Mart Stores, Inc.",,,,,,,,,.walmart,basic,yes
.walter,,delegated,generic,Sandvik AB,,,,,no,no,no,,https://www.iana.org/domains/root/db/walter.html | https://data.iana.org/TLD/tlds-alpha-by-domain.txt,delegated,2026-10-04,generic,,,,Sandvik AB,,,,,,,,,.walter,basic,yes
.wang,,delegated,generic,Zodiac Wang Limited,,,,,no,no,no,,https://www.iana.org/domains/root/db/wang.html | https://data.iana.org/TLD/tlds-alpha-by-domain.txt,delegated,2026-10-04,generic,,,,Zodiac Wang Limited,,,,,,,,,.wang,basic,yes
.wanggou,,delegated,generic,"Amazon Registry Services, Inc.",,,,,no,no,no,,https://www.iana.org/domains/root/db/wanggou.html | https://data.iana.org/TLD/tlds-alpha-by-domain.txt,delegated,2026-10-04,generic,,,,"Amazon Registry Services, Inc.",,,,,,,,,.wanggou,basic,yes
.wap,2000,returned,notApplicable,,,,techFossil,,no,no,no,,https://archive.icann.org/en/tlds/,notDelegated,2026-10-04,notApplicable,,,2000,,,,,,,,,,.wap,curated,no
.war,2000,proposed,notApplicable,,,,socialMirror,,yes,no,no,,https://archive.icann.org/en/tlds/ads1/,notDelegated,2026-10-04,notApplicable,,,2000,,,,,,,,,,.war,curated,no
.watch,,delegated,generic,"Binky Moon, LLC",,,,,no,no,no,,https://www.iana.org/domains/root/db/watch.html | https://data.iana.org/TLD/tlds-alpha-by-domain.txt,delegated,2026-10-04,generic,,,,"Binky Moon, LLC",,,,,,,,,.watch,basic,yes
.watches,,delegated,generic,Identity Digital Limited,,,,,no,no,no,,https://www.iana.org/domains/root/db/watches.html | https://data.iana.org/TLD/tlds-alpha-by-domain.txt,delegated,2026-10-04,generic,,,,Identity Digital Limited,,,,,,,,,.watches,basic,yes
.weather,,delegated,generic,"The Weather Company, LLC",,,,,no,no,no,,https://www.iana.org/domains/root/db/weather.html | https://data.iana.org/TLD/tlds-alpha-by-domain.txt,delegated,2026-10-04,generic,,,,"The Weather Company, LLC",,,,,,,,,.weather,basic,yes
.weatherchannel,,delegated,generic,"The Weather Company, LLC",,,,,no,no,no,,https://www.iana.org/domains/root/db/weatherchannel.html | https://data.iana.org/TLD/tlds-alpha-by-domain.txt,delegated,2026-10-04,generic,,,,"The Weather Company, LLC",,,,,,,,,.weatherchannel,basic,yes
.web,,delegated,generic,"VeriSign, Inc.",,,,,no,no,no,,https://www.iana.org/domains/root/db/web.html | https://data.iana.org/TLD/tlds-alpha-by-domain.txt,delegated,2026-10-04,generic,,,,"VeriSign, Inc.",,,,,,,,,.web,basic,yes
.webcam,,delegated,generic,dot Webcam Limited,,,,,no,no,no,,https://www.iana.org/domains/root/db/webcam.html | https://data.iana.org/TLD/tlds-alpha-by-domain.txt,delegated,2026-10-04,generic,,,,dot Webcam Limited,,,,,,,,,.webcam,basic,yes
.weber,,delegated,generic,Saint-Gobain Weber SA,,,,,no,no,no,,https://www.iana.org/domains/root/db/weber.html | https://data.iana.org/TLD/tlds-alpha-by-domain.txt,delegated,2026-10-04,generic,,,,Saint-Gobain Weber SA,,,,,,,,,.weber,basic,yes
.website,,delegated,generic,Radix Technologies Inc.,,,,,no,no,no,,https://www.iana.org/domains/root/db/website.html | https://data.iana.org/TLD/tlds-alpha-by-domain.txt,delegated,2026-10-04,generic,,,,Radix Technologies Inc.,,,,,,,,,.website,basic,yes
.wed,,delegated,generic,Emergency Back-End Registry Operator Program - ICANN,,,,,no,no,no,,https://www.iana.org/domains/root/db/wed.html | https://data.iana.org/TLD/tlds-alpha-by-domain.txt,delegated,2026-10-04,generic,,,,Emergency Back-End Registry Operator Program - ICANN,,,,,,,,,.wed,basic,yes
.wedding,,delegated,generic,"Registry Services, LLC",,,,,no,no,no,,https://www.iana.org/domains/root/db/wedding.html | https://data.iana.org/TLD/tlds-alpha-by-domain.txt,delegated,2026-10-04,generic,,,,"Registry Services, LLC",,,,,,,,,.wedding,basic,yes
.weibo,,delegated,generic,Sina Corporation,,,,,no,no,no,,https://www.iana.org/domains/root/db/weibo.html | https://data.iana.org/TLD/tlds-alpha-by-domain.txt,delegated,2026-10-04,generic,,,,Sina Corporation,,,,,,,,,.weibo,basic,yes
.weir,,delegated,generic,Weir Group IP Limited,,,,,no,no,no,,https://www.iana.org/domains/root/db/weir.html | https://data.iana.org/TLD/tlds-alpha-by-domain.txt,delegated,2026-10-04,generic,,,,Weir Group IP Limited,,,,,,,,,.weir,basic,yes
.wf,,delegated,country-code,Association Française pour le Nommage Internet en Coopération (A.F.N.I.C.),,,,,no,no,no,,https://www.iana.org/domains/root/db/wf.html | https://data.iana.org/TLD/tlds-alpha-by-domain.txt,delegated,2026-10-04,country-code,,,,Association Française pour le Nommage Internet en Coopération (A.F.N.I.C.),,,,,,,,,.wf,basic,yes
.whoswho,,delegated,generic,Who's Who Registry,,,,,no,no,no,,https://www.iana.org/domains/root/db/whoswho.html | https://data.iana.org/TLD/tlds-alpha-by-domain.txt,delegated,2026-10-04,generic,,,,Who's Who Registry,,,,,,,,,.whoswho,basic,yes
.wien,2012,delegated,generic,punkt.wien GmbH,,Vienna,city,,no,yes,no,,https://www.iana.org/domains/root/db/wien.html | https://data.iana.org/TLD/tlds-alpha-by-domain.txt | https://www.iana.org/domains/root/db,delegated,2026-10-04,generic,geographic,2012,2012,punkt.wien GmbH,Austria,RyCE GmbH,Austria,Vienna,,2013-12-19,,,.wien,curated,yes
.wiki,,delegated,generic,"Registry Services, LLC",,,,,no,no,no,,https://www.iana.org/domains/root/db/wiki.html | https://data.iana.org/TLD/tlds-alpha-by-domain.txt,delegated,2026-10-04,generic,,,,"Registry Services, LLC",,,,,,,,,.wiki,basic,yes
.williamhill,,delegated,generic,William Hill Organization Limited,,,,,no,no,no,,https://www.iana.org/domains/root/db/williamhill.html | https://data.iana.org/TLD/tlds-alpha-by-domain.txt,delegated,2026-10-04,generic,,,,William Hill Organization Limited,,,,,,,,,.williamhill,basic,yes
.win,,delegated,generic,First Registry Limited,,,,,no,no,no,,https://www.iana.org/domains/root/db/win.html | https://data.iana.org/TLD/tlds-alpha-by-domain.txt,delegated,2026-10-04,generic,,,,First Registry Limited,,,,,,,,,.win,basic,yes
.windows,,delegated,generic,Microsoft Corporation,,,,,no,no,no,,https://www.iana.org/domains/root/db/windows.html | https://data.iana.org/TLD/tlds-alpha-by-domain.txt,delegated,2026-10-04,generic,,,,Microsoft Corporation,,,,,,,,,.windows,basic,yes
.wine,,delegated,generic,"Binky Moon, LLC",,,,,no,no,no,,https://www.iana.org/domains/root/db/wine.html | https://data.iana.org/TLD/tlds-alpha-by-domain.txt,delegated,2026-10-04,generic,,,,"Binky Moon, LLC",,,,,,,,,.wine,basic,yes
.winners,,delegated,generic,"The TJX Companies, Inc.",,,,,no,no,no,,https://www.iana.org/domains/root/db/winners.html | https://data.iana.org/TLD/tlds-alpha-by-domain.txt,delegated,2026-10-04,generic,,,,"The TJX Companies, Inc.",,,,,,,,,.winners,basic,yes
.wme,,delegated,generic,"William Morris Endeavor Entertainment, LLC",,,,,no,no,no,,https://www.iana.org/domains/root/db/wme.html | https://data.iana.org/TLD/tlds-alpha-by-domain.txt,delegated,2026-10-04,generic,,,,"William Morris Endeavor Entertainment, LLC",,,,,,,,,.wme,basic,yes
.woodside,,delegated,generic,Woodside Petroleum Limited,,,,,no,no,no,,https://www.iana.org/domains/root/db/woodside.html | https://data.iana.org/TLD/tlds-alpha-by-domain.txt,delegated,2026-10-04,generic,,,,Woodside Petroleum Limited,,,,,,,,,.woodside,basic,yes
.work,,delegated,generic,"Registry Services, LLC",,,,,no,no,no,,https://www.iana.org/domains/root/db/work.html | https://data.iana.org/TLD/tlds-alpha-by-domain.txt,delegated,2026-10-04,generic,,,,"Registry Services, LLC",,,,,,,,,.work,basic,yes
.works,,delegated,generic,"Binky Moon, LLC",,,,,no,no,no,,https://www.iana.org/domains/root/db/works.html | https://data.iana.org/TLD/tlds-alpha-by-domain.txt,delegated,2026-10-04,generic,,,,"Binky Moon, LLC",,,,,,,,,.works,basic,yes
.world,,delegated,generic,"Binky Moon, LLC",,,,,no,no,no,,https://www.iana.org/domains/root/db/world.html | https://data.iana.org/TLD/tlds-alpha-by-domain.txt,delegated,2026-10-04,generic,,,,"Binky Moon, LLC",,,,,,,,,.world,basic,yes
.wow,,delegated,generic,"Amazon Registry Services, Inc.",,,,,no,no,no,,https://www.iana.org/domains/root/db/wow.html | https://data.iana.org/TLD/tlds-alpha-by-domain.txt,delegated,2026-10-04,generic,,,,"Amazon Registry Services, Inc.",,,,,,,,,.wow,basic,yes
.ws,,delegated,country-code,Government of Samoa Ministry of Foreign Affairs & Trade,,,,,no,no,no,,https://www.iana.org/domains/root/db/ws.html | https://data.iana.org/TLD/tlds-alpha-by-domain.txt,delegated,2026-10-04,country-code,,,,Government of Samoa Ministry of Foreign Affairs & Trade,,,,,,,,,.ws,basic,yes
.wtc,,delegated,generic,"World Trade Centers Association, Inc.",,,,,no,no,no,,https://www.iana.org/domains/root/db/wtc.html | https://data.iana.org/TLD/tlds-alpha-by-domain.txt,delegated,2026-10-04,generic,,,,"World Trade Centers Association, Inc.",,,,,,,,,.wtc,basic,yes
.wtf,2012,delegated,generic,"Binky Moon, LLC",,,oddity,,yes,no,no,,https://www.iana.org/domains/root/db/wtf.html | https://data.iana.org/TLD/tlds-alpha-by-domain.txt,delegated,2026-10-04,generic,,2012,2012,"Binky Moon, LLC",United States of America (the),Identity Digital Limited,United States of America (the),,,2014-04-17,,,.wtf,curated,yes
.xbox,,delegated,generic,Microsoft Corporation,,,,,no,no,no,,https://www.iana.org/domains/root/db/xbox.html | https://data.iana.org/TLD/tlds-alpha-by-domain.txt,delegated,2026-10-04,generic,,,,Microsoft Corporation,,,,,,,,,.xbox,basic,yes
.xerox,,delegated,generic,Xerox DNHC LLC,,,,,no,no,no,,https://www.iana.org/domains/root/db/xerox.html | https://data.iana.org/TLD/tlds-alpha-by-domain.txt,delegated,2026-10-04,generic,,,,Xerox DNHC LLC,,,,,,,,,.xerox,basic,yes
.xihuan,,delegated,generic,"Beijing Qihu Keji Co., Ltd.",,,,,no,no,no,,https://www.iana.org/domains/root/db/xihuan.html | https://data.iana.org/TLD/tlds-alpha-by-domain.txt,delegated,2026-10-04,generic,,,,"Beijing Qihu Keji Co., Ltd.",,,,,,,,,.xihuan,basic,yes
.xin,,delegated,generic,Elegant Leader Limited,,,,,no,no,no,,https://www.iana.org/domains/root/db/xin.html | https://data.iana.org/TLD/tlds-alpha-by-domain.txt,delegated,2026-10-04,generic,,,,Elegant Leader Limited,,,,,,,,,.xin,basic,yes
.कॉम,,delegated,generic,VeriSign Sarl,,,,,no,no,no,,https://www.iana.org/domains/root/db/xn--11b4c3d.html | https://data.iana.org/TLD/tlds-alpha-by-domain.txt,delegated,2026-10-04,generic,,,,VeriSign Sarl,,,,,,,,,.xn--11b4c3d,basic,yes
.セール,,delegated,generic,"Amazon Registry Services, Inc.",,,,,no,no,no,,https://www.iana.org/domains/root/db/xn--1ck2e1b.html | https://data.iana.org/TLD/tlds-alpha-by-domain.txt,delegated,2026-10-04,generic,,,,"Amazon Registry Services, Inc.",,,,,,,,,.xn--1ck2e1b,basic,yes
.佛山,,delegated,generic,"Guangzhou YU Wei Information Technology Co., Ltd.",,,,,no,no,no,,https://www.iana.org/domains/root/db/xn--1qqw23a.html | https://data.iana.org/TLD/tlds-alpha-by-domain.txt,delegated,2026-10-04,generic,,,,"Guangzhou YU Wei Information Technology Co., Ltd.",,,,,,,,,.xn--1qqw23a,basic,yes
.ಭಾರತ,,delegated,country-code,National Internet eXchange of India,,,,,no,no,no,,https://www.iana.org/domains/root/db/xn--2scrj9c.html | https://data.iana.org/TLD/tlds-alpha-by-domain.txt,delegated,2026-10-04,country-code,,,,National Internet eXchange of India,,,,,,,,,.xn--2scrj9c,basic,yes
.慈善,,delegated,generic,Excellent First Limited,,,,,no,no,no,,https://www.iana.org/domains/root/db/xn--30rr7y.html | https://data.iana.org/TLD/tlds-alpha-by-domain.txt,delegated,2026-10-04,generic,,,,Excellent First Limited,,,,,,,,,.xn--30rr7y,basic,yes
.集团,,delegated,generic,Eagle Horizon Limited,,,,,no,no,no,,https://www.iana.org/domains/root/db/xn--3bst00m.html | https://data.iana.org/TLD/tlds-alpha-by-domain.txt,delegated,2026-10-04,generic,,,,Eagle Horizon Limited,,,,,,,,,.xn--3bst00m,basic,yes
.在线,,delegated,generic,Beijing TLD Registry Technology Limited,,,,,no,no,no,,https://www.iana.org/domains/root/db/xn--3ds443g.html | https://data.iana.org/TLD/tlds-alpha-by-domain.txt,delegated,2026-10-04,generic,,,,Beijing TLD Registry Technology Limited,,,,,,,,,.xn--3ds443g,basic,yes
.한국,,delegated,country-code,KISA (Korea Internet & Security Agency),,,,,no,no,no,,https://www.iana.org/domains/root/db/xn--3e0b707e.html | https://data.iana.org/TLD/tlds-alpha-by-domain.txt,delegated,2026-10-04,country-code,,,,KISA (Korea Internet & Security Agency),,,,,,,,,.xn--3e0b707e,basic,yes
.ଭାରତ,,delegated,country-code,National Internet eXchange of India,,,,,no,no,no,,https://www.iana.org/domains/root/db/xn--3hcrj9c.html | https://data.iana.org/TLD/tlds-alpha-by-domain.txt,delegated,2026-10-04,country-code,,,,National Internet eXchange of India,,,,,,,,,.xn--3hcrj9c,basic,yes
.点看,,delegated,generic,VeriSign Sarl,,,,,no,no,no,,https://www.iana.org/domains/root/db/xn--3pxu8k.html | https://data.iana.org/TLD/tlds-alpha-by-domain.txt,delegated,2026-10-04,generic,,,,VeriSign Sarl,,,,,,,,,.xn--3pxu8k,basic,yes
.คอม,,delegated,generic,VeriSign Sarl,,,,,no,no,no,,https://www.iana.org/domains/root/db/xn--42c2d9a.html | https://data.iana.org/TLD/tlds-alpha-by-domain.txt,delegated,2026-10-04,generic,,,,VeriSign Sarl,,,,,,,,,.xn--42c2d9a,basic,yes
.ভাৰত,,delegated,country-code,National Internet eXchange of India,,,,,no,no,no,,https://www.iana.org/domains/root/db/xn--45br5cyl.html | https://data.iana.org/TLD/tlds-alpha-by-domain.txt,delegated,2026-10-04,country-code,,,,National Internet eXchange of India,,,,,,,,,.xn--45br5cyl,basic,yes
.ভারত,,delegated,country-code,National Internet Exchange of India,,,,,no,no,no,,https://www.iana.org/domains/root/db/xn--45brj9c.html | https://data.iana.org/TLD/tlds-alpha-by-domain.txt,delegated,2026-10-04,country-code,,,,National Internet Exchange of India,,,,,,,,,.xn--45brj9c,basic,yes
.八卦,,delegated,generic,Zodiac Gemini Ltd,,,,,no,no,no,,https://www.iana.org/domains/root/db/xn--45q11c.html | https://data.iana.org/TLD/tlds-alpha-by-domain.txt,delegated,2026-10-04,generic,,,,Zodiac Gemini Ltd,,,,,,,,,.xn--45q11c,basic,yes
.ישראל,,delegated,country-code,The Israel Internet Association (RA),,,,,no,no,no,,https://www.iana.org/domains/root/db/xn--4dbrk0ce.html | https://data.iana.org/TLD/tlds-alpha-by-domain.txt,delegated,2026-10-04,country-code,,,,The Israel Internet Association (RA),,,,,,,,,.xn--4dbrk0ce,basic,yes
.موقع,,delegated,generic,Helium TLDs Ltd,,,,,no,no,no,,https://www.iana.org/domains/root/db/xn--4gbrim.html | https://data.iana.org/TLD/tlds-alpha-by-domain.txt,delegated,2026-10-04,generic,,,,Helium TLDs Ltd,,,,,,,,,.xn--4gbrim,basic,yes
.বাংলা,,delegated,country-code,Posts and Telecommunications Division,,,,,no,no,no,,https://www.iana.org/domains/root/db/xn--54b7fta0cc.html | https://data.iana.org/TLD/tlds-alpha-by-domain.txt,delegated,2026-10-04,country-code,,,,Posts and Telecommunications Division,,,,,,,,,.xn--54b7fta0cc,basic,yes
.公益,,delegated,generic,China Organizational Name Administration Center,,,,,no,no,no,,https://www.iana.org/domains/root/db/xn--55qw42g.html | https://data.iana.org/TLD/tlds-alpha-by-domain.txt,delegated,2026-10-04,generic,,,,China Organizational Name Administration Center,,,,,,,,,.xn--55qw42g,basic,yes
.公司,,delegated,generic,China Internet Network Information Center (CNNIC),,,,,no,no,no,,https://www.iana.org/domains/root/db/xn--55qx5d.html | https://data.iana.org/TLD/tlds-alpha-by-domain.txt,delegated,2026-10-04,generic,,,,China Internet Network Information Center (CNNIC),,,,,,,,,.xn--55qx5d,basic,yes
.香格里拉,,delegated,generic,Shangri-La International Hotel Management Limited,,,,,no,no,no,,https://www.iana.org/domains/root/db/xn--5su34j936bgsg.html | https://data.iana.org/TLD/tlds-alpha-by-domain.txt,delegated,2026-10-04,generic,,,,Shangri-La International Hotel Management Limited,,,,,,,,,.xn--5su34j936bgsg,basic,yes
.网站,,delegated,generic,Global Website TLD Asia Limited,,,,,no,no,no,,https://www.iana.org/domains/root/db/xn--5tzm5g.html | https://data.iana.org/TLD/tlds-alpha-by-domain.txt,delegated,2026-10-04,generic,,,,Global Website TLD Asia Limited,,,,,,,,,.xn--5tzm5g,basic,yes
.移动,,delegated,generic,Identity Digital Limited,,,,,no,no,no,,https://www.iana.org/domains/root/db/xn--6frz82g.html | https://data.iana.org/TLD/tlds-alpha-by-domain.txt,delegated,2026-10-04,generic,,,,Identity Digital Limited,,,,,,,,,.xn--6frz82g,basic,yes
.我爱你,,delegated,generic,Tycoon Treasure Limited,,,,,no,no,no,,https://www.iana.org/domains/root/db/xn--6qq986b3xl.html | https://data.iana.org/TLD/tlds-alpha-by-domain.txt,delegated,2026-10-04,generic,,,,Tycoon Treasure Limited,,,,,,,,,.xn--6qq986b3xl,basic,yes
.москва,,delegated,generic,Foundation for Assistance for Internet Technologies and Infrastructure Development (FAITID),,,,,no,no,no,,https://www.iana.org/domains/root/db/xn--80adxhks.html | https://data.iana.org/TLD/tlds-alpha-by-domain.txt,delegated,2026-10-04,generic,,,,Foundation for Assistance for Internet Technologies and Infrastructure Development (FAITID),,,,,,,,,.xn--80adxhks,basic,yes
.қаз,,delegated,country-code,Association of IT Companies of Kazakhstan,,,,,no,no,no,,https://www.iana.org/domains/root/db/xn--80ao21a.html | https://data.iana.org/TLD/tlds-alpha-by-domain.txt,delegated,2026-10-04,country-code,,,,Association of IT Companies of Kazakhstan,,,,,,,,,.xn--80ao21a,basic,yes
.католик,,delegated,generic,Pontificium Consilium de Comunicationibus Socialibus (PCCS) (Pontifical Council for Social Communication),,,,,no,no,no,,https://www.iana.org/domains/root/db/xn--80aqecdr1a.html | https://data.iana.org/TLD/tlds-alpha-by-domain.txt,delegated,2026-10-04,generic,,,,Pontificium Consilium de Comunicationibus Socialibus (PCCS) (Pontifical Council for Social Communication),,,,,,,,,.xn--80aqecdr1a,basic,yes
.онлайн,,delegated,generic,CORE Association,,,,,no,no,no,,https://www.iana.org/domains/root/db/xn--80asehdb.html | https://data.iana.org/TLD/tlds-alpha-by-domain.txt,delegated,2026-10-04,generic,,,,CORE Association,,,,,,,,,.xn--80asehdb,basic,yes
.сайт,,delegated,generic,CORE Association,,,,,no,no,no,,https://www.iana.org/domains/root/db/xn--80aswg.html | https://data.iana.org/TLD/tlds-alpha-by-domain.txt,delegated,2026-10-04,generic,,,,CORE Association,,,,,,,,,.xn--80aswg,basic,yes
.联通,,delegated,generic,China United Network Communications Corporation Limited,,,,,no,no,no,,https://www.iana.org/domains/root/db/xn--8y0a063a.html | https://data.iana.org/TLD/tlds-alpha-by-domain.txt,delegated,2026-10-04,generic,,,,China United Network Communications Corporation Limited,,,,,,,,,.xn--8y0a063a,basic,yes
.срб,,delegated,country-code,Serbian National Internet Domain Registry (RNIDS),,,,,no,no,no,,https://www.iana.org/domains/root/db/xn--90a3ac.html | https://data.iana.org/TLD/tlds-alpha-by-domain.txt,delegated,2026-10-04,country-code,,,,Serbian National Internet Domain Registry (RNIDS),,,,,,,,,.xn--90a3ac,basic,yes
.бг,,delegated,country-code,Imena.BG AD,,,,,no,no,no,,https://www.iana.org/domains/root/db/xn--90ae.html | https://data.iana.org/TLD/tlds-alpha-by-domain.txt,delegated,2026-10-04,country-code,,,,Imena.BG AD,,,,,,,,,.xn--90ae,basic,yes
.бел,,delegated,country-code,Belarusian Cloud Technologies LLC,,,,,no,no,no,,https://www.iana.org/domains/root/db/xn--90ais.html | https://data.iana.org/TLD/tlds-alpha-by-domain.txt,delegated,2026-10-04,country-code,,,,Belarusian Cloud Technologies LLC,,,,,,,,,.xn--90ais,basic,yes
.קום,,delegated,generic,VeriSign Sarl,,,,,no,no,no,,https://www.iana.org/domains/root/db/xn--9dbq2a.html | https://data.iana.org/TLD/tlds-alpha-by-domain.txt,delegated,2026-10-04,generic,,,,VeriSign Sarl,,,,,,,,,.xn--9dbq2a,basic,yes
.时尚,,delegated,generic,RISE VICTORY LIMITED,,,,,no,no,no,,https://www.iana.org/domains/root/db/xn--9et52u.html | https://data.iana.org/TLD/tlds-alpha-by-domain.txt,delegated,2026-10-04,generic,,,,RISE VICTORY LIMITED,,,,,,,,,.xn--9et52u,basic,yes
.微博,,delegated,generic,Sina Corporation,,,,,no,no,no,,https://www.iana.org/domains/root/db/xn--9krt00a.html | https://data.iana.org/TLD/tlds-alpha-by-domain.txt,delegated,2026-10-04,generic,,,,Sina Corporation,,,,,,,,,.xn--9krt00a,basic,yes
.淡马锡,,delegated,generic,Temasek Holdings (Private) Limited,,,,,no,no,no,,https://www.iana.org/domains/root/db/xn--b4w605ferd.html | https://data.iana.org/TLD/tlds-alpha-by-domain.txt,delegated,2026-10-04,generic,,,,Temasek Holdings (Private) Limited,,,,,,,,,.xn--b4w605ferd,basic,yes
.ファッション,,delegated,generic,"Amazon Registry Services, Inc.",,,,,no,no,no,,https://www.iana.org/domains/root/db/xn--bck1b9a5dre4c.html | https://data.iana.org/TLD/tlds-alpha-by-domain.txt,delegated,2026-10-04,generic,,,,"Amazon Registry Services, Inc.",,,,,,,,,.xn--bck1b9a5dre4c,basic,yes
.орг,,delegated,generic,Public Interest Registry,,,,,no,no,no,,https://www.iana.org/domains/root/db/xn--c1avg.html | https://data.iana.org/TLD/tlds-alpha-by-domain.txt,delegated,2026-10-04,generic,,,,Public Interest Registry,,,,,,,,,.xn--c1avg,basic,yes
.नेट,,delegated,generic,VeriSign Sarl,,,,,no,no,no,,https://www.iana.org/domains/root/db/xn--c2br7g.html | https://data.iana.org/TLD/tlds-alpha-by-domain.txt,delegated,2026-10-04,generic,,,,VeriSign Sarl,,,,,,,,,.xn--c2br7g,basic,yes
.ストア,,delegated,generic,"Amazon Registry Services, Inc.",,,,,no,no,no,,https://www.iana.org/domains/root/db/xn--cck2b3b.html | https://data.iana.org/TLD/tlds-alpha-by-domain.txt,delegated,2026-10-04,generic,,,,"Amazon Registry Services, Inc.",,,,,,,,,.xn--cck2b3b,basic,yes
.アマゾン,,delegated,generic,"Amazon Registry Services, Inc.",,,,,no,no,no,,https://www.iana.org/domains/root/db/xn--cckwcxetd.html | https://data.iana.org/TLD/tlds-alpha-by-domain.txt,delegated,2026-10-04,generic,,,,"Amazon Registry Services, Inc.",,,,,,,,,.xn--cckwcxetd,basic,yes
.삼성,,delegated,generic,"SAMSUNG SDS CO., LTD",,,,,no,no,no,,https://www.iana.org/domains/root/db/xn--cg4bki.html | https://data.iana.org/TLD/tlds-alpha-by-domain.txt,delegated,2026-10-04,generic,,,,"SAMSUNG SDS CO., LTD",,,,,,,,,.xn--cg4bki,basic,yes
.சிங்கப்பூர்,,delegated,country-code,Singapore Network Information Centre (SGNIC) Pte Ltd,,,,,no,no,no,,https://www.iana.org/domains/root/db/xn--clchc0ea0b2g2a9gcd.html | https://data.iana.org/TLD/tlds-alpha-by-domain.txt,delegated,2026-10-04,country-code,,,,Singapore Network Information Centre (SGNIC) Pte Ltd,,,,,,,,,.xn--clchc0ea0b2g2a9gcd,basic,yes
.商标,,delegated,generic,Internet DotTrademark Organisation Limited,,,,,no,no,no,,https://www.iana.org/domains/root/db/xn--czr694b.html | https://data.iana.org/TLD/tlds-alpha-by-domain.txt,delegated,2026-10-04,generic,,,,Internet DotTrademark Organisation Limited,,,,,,,,,.xn--czr694b,basic,yes
.商店,,delegated,generic,"Binky Moon, LLC",,,,,no,no,no,,https://www.iana.org/domains/root/db/xn--czrs0t.html | https://data.iana.org/TLD/tlds-alpha-by-domain.txt,delegated,2026-10-04,generic,,,,"Binky Moon, LLC",,,,,,,,,.xn--czrs0t,basic,yes
.商城,,delegated,generic,Zodiac Aquarius Limited,,,,,no,no,no,,https://www.iana.org/domains/root/db/xn--czru2d.html | https://data.iana.org/TLD/tlds-alpha-by-domain.txt,delegated,2026-10-04,generic,,,,Zodiac Aquarius Limited,,,,,,,,,.xn--czru2d,basic,yes
.дети,,delegated,generic,The Foundation for Network Initiatives “The Smart Internet”,,,,,no,no,no,,https://www.iana.org/domains/root/db/xn--d1acj3b.html | https://data.iana.org/TLD/tlds-alpha-by-domain.txt,delegated,2026-10-04,generic,,,,The Foundation for Network Initiatives “The Smart Internet”,,,,,,,,,.xn--d1acj3b,basic,yes
.мкд,,delegated,country-code,Macedonian Academic Research Network Skopje,,,,,no,no,no,,https://www.iana.org/domains/root/db/xn--d1alf.html | https://data.iana.org/TLD/tlds-alpha-by-domain.txt,delegated,2026-10-04,country-code,,,,Macedonian Academic Research Network Skopje,,,,,,,,,.xn--d1alf,basic,yes
.ею,legacy,delegated,country-code,EURid vzw,,European Union,supranational | scripts,,yes,no,no,,https://www.iana.org/domains/root/db/xn--e1a4c.html | https://data.iana.org/TLD/tlds-alpha-by-domain.txt | https://www.iana.org/reports/2016/eu-report-20160118.html,delegated,2026-10-04,country-code,,legacy,legacy,EURid vzw,Belgium,EURid vzw,Belgium,European Union,,2015-12-08,,,.xn--e1a4c,curated,yes
.ポイント,,delegated,generic,"Amazon Registry Services, Inc.",,,,,no,no,no,,https://www.iana.org/domains/root/db/xn--eckvdtc9d.html | https://data.iana.org/TLD/tlds-alpha-by-domain.txt,delegated,2026-10-04,generic,,,,"Amazon Registry Services, Inc.",,,,,,,,,.xn--eckvdtc9d,basic,yes
.新闻,,delegated,generic,"Guangzhou YU Wei Information and Technology Co.,Ltd",,,,,no,no,no,,https://www.iana.org/domains/root/db/xn--efvy88h.html | https://data.iana.org/TLD/tlds-alpha-by-domain.txt,delegated,2026-10-04,generic,,,,"Guangzhou YU Wei Information and Technology Co.,Ltd",,,,,,,,,.xn--efvy88h,basic,yes
.家電,,delegated,generic,"Amazon Registry Services, Inc.",,,,,no,no,no,,https://www.iana.org/domains/root/db/xn--fct429k.html | https://data.iana.org/TLD/tlds-alpha-by-domain.txt,delegated,2026-10-04,generic,,,,"Amazon Registry Services, Inc.",,,,,,,,,.xn--fct429k,basic,yes
.كوم,,delegated,generic,VeriSign Sarl,,,,,no,no,no,,https://www.iana.org/domains/root/db/xn--fhbei.html | https://data.iana.org/TLD/tlds-alpha-by-domain.txt,delegated,2026-10-04,generic,,,,VeriSign Sarl,,,,,,,,,.xn--fhbei,basic,yes
.中文网,,delegated,generic,Beijing TLD Registry Technology Limited,,,,,no,no,no,,https://www.iana.org/domains/root/db/xn--fiq228c5hs.html | https://data.iana.org/TLD/tlds-alpha-by-domain.txt,delegated,2026-10-04,generic,,,,Beijing TLD Registry Technology Limited,,,,,,,,,.xn--fiq228c5hs,basic,yes
.中信,,delegated,generic,CITIC Group Corporation,,,,,no,no,no,,https://www.iana.org/domains/root/db/xn--fiq64b.html | https://data.iana.org/TLD/tlds-alpha-by-domain.txt,delegated,2026-10-04,generic,,,,CITIC Group Corporation,,,,,,,,,.xn--fiq64b,basic,yes
.中国,,delegated,country-code,China Internet Network Information Center (CNNIC),,,,,no,no,no,,https://www.iana.org/domains/root/db/xn--fiqs8s.html | https://data.iana.org/TLD/tlds-alpha-by-domain.txt,delegated,2026-10-04,country-code,,,,China Internet Network Information Center (CNNIC),,,,,,,,,.xn--fiqs8s,basic,yes
.中國,,delegated,country-code,China Internet Network Information Center (CNNIC),,,,,no,no,no,,https://www.iana.org/domains/root/db/xn--fiqz9s.html | https://data.iana.org/TLD/tlds-alpha-by-domain.txt,delegated,2026-10-04,country-code,,,,China Internet Network Information Center (CNNIC),,,,,,,,,.xn--fiqz9s,basic,yes
.娱乐,,delegated,generic,"Binky Moon, LLC",,,,,no,no,no,,https://www.iana.org/domains/root/db/xn--fjq720a.html | https://data.iana.org/TLD/tlds-alpha-by-domain.txt,delegated,2026-10-04,generic,,,,"Binky Moon, LLC",,,,,,,,,.xn--fjq720a,basic,yes
.谷歌,,delegated,generic,Charleston Road Registry Inc.,,,,,no,no,no,,https://www.iana.org/domains/root/db/xn--flw351e.html | https://data.iana.org/TLD/tlds-alpha-by-domain.txt,delegated,2026-10-04,generic,,,,Charleston Road Registry Inc.,,,,,,,,,.xn--flw351e,basic,yes
.భారత్,,delegated,country-code,National Internet Exchange of India,,,,,no,no,no,,https://www.iana.org/domains/root/db/xn--fpcrj9c3d.html | https://data.iana.org/TLD/tlds-alpha-by-domain.txt,delegated,2026-10-04,country-code,,,,National Internet Exchange of India,,,,,,,,,.xn--fpcrj9c3d,basic,yes
.ලංකා,,delegated,country-code,LK Domain Registry,,,,,no,no,no,,https://www.iana.org/domains/root/db/xn--fzc2c9e2c.html | https://data.iana.org/TLD/tlds-alpha-by-domain.txt,delegated,2026-10-04,country-code,,,,LK Domain Registry,,,,,,,,,.xn--fzc2c9e2c,basic,yes
.電訊盈科,,delegated,generic,PCCW Enterprises Limited,,,,,no,no,no,,https://www.iana.org/domains/root/db/xn--fzys8d69uvgm.html | https://data.iana.org/TLD/tlds-alpha-by-domain.txt,delegated,2026-10-04,generic,,,,PCCW Enterprises Limited,,,,,,,,,.xn--fzys8d69uvgm,basic,yes
.购物,,delegated,generic,"Nawang Heli(Xiamen) Network Service Co., LTD.",,,,,no,no,no,,https://www.iana.org/domains/root/db/xn--g2xx48c.html | https://data.iana.org/TLD/tlds-alpha-by-domain.txt,delegated,2026-10-04,generic,,,,"Nawang Heli(Xiamen) Network Service Co., LTD.",,,,,,,,,.xn--g2xx48c,basic,yes
.クラウド,,delegated,generic,"Amazon Registry Services, Inc.",,,,,no,no,no,,https://www.iana.org/domains/root/db/xn--gckr3f0f.html | https://data.iana.org/TLD/tlds-alpha-by-domain.txt,delegated,2026-10-04,generic,,,,"Amazon Registry Services, Inc.",,,,,,,,,.xn--gckr3f0f,basic,yes
.ભારત,,delegated,country-code,National Internet Exchange of India,,,,,no,no,no,,https://www.iana.org/domains/root/db/xn--gecrj9c.html | https://data.iana.org/TLD/tlds-alpha-by-domain.txt,delegated,2026-10-04,country-code,,,,National Internet Exchange of India,,,,,,,,,.xn--gecrj9c,basic,yes
.通販,,delegated,generic,"Amazon Registry Services, Inc.",,,,,no,no,no,,https://www.iana.org/domains/root/db/xn--gk3at1e.html | https://data.iana.org/TLD/tlds-alpha-by-domain.txt,delegated,2026-10-04,generic,,,,"Amazon Registry Services, Inc.",,,,,,,,,.xn--gk3at1e,basic,yes
.भारतम्,,delegated,country-code,National Internet eXchange of India,,,,,no,no,no,,https://www.iana.org/domains/root/db/xn--h2breg3eve.html | https://data.iana.org/TLD/tlds-alpha-by-domain.txt,delegated,2026-10-04,country-code,,,,National Internet eXchange of India,,,,,,,,,.xn--h2breg3eve,basic,yes
.भारत,,delegated,country-code,National Internet Exchange of India,,,,,no,no,no,,https://www.iana.org/domains/root/db/xn--h2brj9c.html | https://data.iana.org/TLD/tlds-alpha-by-domain.txt,delegated,2026-10-04,country-code,,,,National Internet Exchange of India,,,,,,,,,.xn--h2brj9c,basic,yes
.भारोत,,delegated,country-code,National Internet eXchange of India,,,,,no,no,no,,https://www.iana.org/domains/root/db/xn--h2brj9c8c.html | https://data.iana.org/TLD/tlds-alpha-by-domain.txt,delegated,2026-10-04,country-code,,,,National Internet eXchange of India,,,,,,,,,.xn--h2brj9c8c,basic,yes
.网店,,delegated,generic,Zodiac Taurus Ltd.,,,,,no,no,no,,https://www.iana.org/domains/root/db/xn--hxt814e.html | https://data.iana.org/TLD/tlds-alpha-by-domain.txt,delegated,2026-10-04,generic,,,,Zodiac Taurus Ltd.,,,,,,,,,.xn--hxt814e,basic,yes
.संगठन,,delegated,generic,Public Interest Registry,,,,,no,no,no,,https://www.iana.org/domains/root/db/xn--i1b6b1a6a2e.html | https://data.iana.org/TLD/tlds-alpha-by-domain.txt,delegated,2026-10-04,generic,,,,Public Interest Registry,,,,,,,,,.xn--i1b6b1a6a2e,basic,yes
.餐厅,,delegated,generic,Internet DotTrademark Organisation Limited,,,,,no,no,no,,https://www.iana.org/domains/root/db/xn--imr513n.html | https://data.iana.org/TLD/tlds-alpha-by-domain.txt,delegated,2026-10-04,generic,,,,Internet DotTrademark Organisation Limited,,,,,,,,,.xn--imr513n,basic,yes
.网络,,delegated,generic,China Internet Network Information Center (CNNIC),,,,,no,no,no,,https://www.iana.org/domains/root/db/xn--io0a7i.html | https://data.iana.org/TLD/tlds-alpha-by-domain.txt,delegated,2026-10-04,generic,,,,China Internet Network Information Center (CNNIC),,,,,,,,,.xn--io0a7i,basic,yes
.ком,,delegated,generic,VeriSign Sarl,,,,,no,no,no,,https://www.iana.org/domains/root/db/xn--j1aef.html | https://data.iana.org/TLD/tlds-alpha-by-domain.txt,delegated,2026-10-04,generic,,,,VeriSign Sarl,,,,,,,,,.xn--j1aef,basic,yes
.укр,,delegated,country-code,"Ukrainian Network Information Centre (UANIC), Inc.",,,,,no,no,no,,https://www.iana.org/domains/root/db/xn--j1amh.html | https://data.iana.org/TLD/tlds-alpha-by-domain.txt,delegated,2026-10-04,country-code,,,,"Ukrainian Network Information Centre (UANIC), Inc.",,,,,,,,,.xn--j1amh,basic,yes
.香港,,delegated,country-code,Hong Kong Internet Registration Corporation Ltd.,,,,,no,no,no,,https://www.iana.org/domains/root/db/xn--j6w193g.html | https://data.iana.org/TLD/tlds-alpha-by-domain.txt,delegated,2026-10-04,country-code,,,,Hong Kong Internet Registration Corporation Ltd.,,,,,,,,,.xn--j6w193g,basic,yes
.亚马逊,,delegated,generic,"Amazon Registry Services, Inc.",,,,,no,no,no,,https://www.iana.org/domains/root/db/xn--jlq480n2rg.html | https://data.iana.org/TLD/tlds-alpha-by-domain.txt,delegated,2026-10-04,generic,,,,"Amazon Registry Services, Inc.",,,,,,,,,.xn--jlq480n2rg,basic,yes
.食品,,delegated,generic,"Amazon Registry Services, Inc.",,,,,no,no,no,,https://www.iana.org/domains/root/db/xn--jvr189m.html | https://data.iana.org/TLD/tlds-alpha-by-domain.txt,delegated,2026-10-04,generic,,,,"Amazon Registry Services, Inc.",,,,,,,,,.xn--jvr189m,basic,yes
.飞利浦,,delegated,generic,Koninklijke Philips N.V.,,,,,no,no,no,,https://www.iana.org/domains/root/db/xn--kcrx77d1x4a.html | https://data.iana.org/TLD/tlds-alpha-by-domain.txt,delegated,2026-10-04,generic,,,,Koninklijke Philips N.V.,,,,,,,,,.xn--kcrx77d1x4a,basic,yes
.台湾,,delegated,country-code,Taiwan Network Information Center (TWNIC),,,,,no,no,no,,https://www.iana.org/domains/root/db/xn--kprw13d.html | https://data.iana.org/TLD/tlds-alpha-by-domain.txt,delegated,2026-10-04,country-code,,,,Taiwan Network Information Center (TWNIC),,,,,,,,,.xn--kprw13d,basic,yes
.台灣,,delegated,country-code,Taiwan Network Information Center (TWNIC),,,,,no,no,no,,https://www.iana.org/domains/root/db/xn--kpry57d.html | https://data.iana.org/TLD/tlds-alpha-by-domain.txt,delegated,2026-10-04,country-code,,,,Taiwan Network Information Center (TWNIC),,,,,,,,,.xn--kpry57d,basic,yes
.手机,,delegated,generic,"Beijing RITT-Net Technology Development Co., Ltd",,,,,no,no,no,,https://www.iana.org/domains/root/db/xn--kput3i.html | https://data.iana.org/TLD/tlds-alpha-by-domain.txt,delegated,2026-10-04,generic,,,,"Beijing RITT-Net Technology Development Co., Ltd",,,,,,,,,.xn--kput3i,basic,yes
.мон,,delegated,country-code,"Datacom Co.,Ltd",,,,,no,no,no,,https://www.iana.org/domains/root/db/xn--l1acc.html | https://data.iana.org/TLD/tlds-alpha-by-domain.txt,delegated,2026-10-04,country-code,,,,"Datacom Co.,Ltd",,,,,,,,,.xn--l1acc,basic,yes
.الجزائر,,delegated,country-code,CERIST,,,,,no,no,no,,https://www.iana.org/domains/root/db/xn--lgbbat1ad8j.html | https://data.iana.org/TLD/tlds-alpha-by-domain.txt,delegated,2026-10-04,country-code,,,,CERIST,,,,,,,,,.xn--lgbbat1ad8j,basic,yes
.عمان,,delegated,country-code,Telecommunications Regulatory Authority (TRA),,,,,no,no,no,,https://www.iana.org/domains/root/db/xn--mgb9awbf.html | https://data.iana.org/TLD/tlds-alpha-by-domain.txt,delegated,2026-10-04,country-code,,,,Telecommunications Regulatory Authority (TRA),,,,,,,,,.xn--mgb9awbf,basic,yes
.ارامكو,,delegated,generic,Aramco Services Company,,,,,no,no,no,,https://www.iana.org/domains/root/db/xn--mgba3a3ejt.html | https://data.iana.org/TLD/tlds-alpha-by-domain.txt,delegated,2026-10-04,generic,,,,Aramco Services Company,,,,,,,,,.xn--mgba3a3ejt,basic,yes
.ایران,,delegated,country-code,Institute for Research in Fundamental Sciences (IPM),,,,,no,no,no,,https://www.iana.org/domains/root/db/xn--mgba3a4f16a.html | https://data.iana.org/TLD/tlds-alpha-by-domain.txt,delegated,2026-10-04,country-code,,,,Institute for Research in Fundamental Sciences (IPM),,,,,,,,,.xn--mgba3a4f16a,basic,yes
.العليان,,delegated,generic,Competrol (Luxembourg) Sarl,,,,,no,no,no,,https://www.iana.org/domains/root/db/xn--mgba7c0bbn0a.html | https://data.iana.org/TLD/tlds-alpha-by-domain.txt,delegated,2026-10-04,generic,,,,Competrol (Luxembourg) Sarl,,,,,,,,,.xn--mgba7c0bbn0a,basic,yes
.امارات,,delegated,country-code,Telecommunications and Digital Government Regulatory Authority (TDRA),,,,,no,no,no,,https://www.iana.org/domains/root/db/xn--mgbaam7a8h.html | https://data.iana.org/TLD/tlds-alpha-by-domain.txt,delegated,2026-10-04,country-code,,,,Telecommunications and Digital Government Regulatory Authority (TDRA),,,,,,,,,.xn--mgbaam7a8h,basic,yes
.بازار,,delegated,generic,CORE Association,,,,,no,no,no,,https://www.iana.org/domains/root/db/xn--mgbab2bd.html | https://data.iana.org/TLD/tlds-alpha-by-domain.txt,delegated,2026-10-04,generic,,,,CORE Association,,,,,,,,,.xn--mgbab2bd,basic,yes
.موريتانيا,,delegated,country-code,Université de Nouakchott Al Aasriya,,,,,no,no,no,,https://www.iana.org/domains/root/db/xn--mgbah1a3hjkrd.html | https://data.iana.org/TLD/tlds-alpha-by-domain.txt,delegated,2026-10-04,country-code,,,,Université de Nouakchott Al Aasriya,,,,,,,,,.xn--mgbah1a3hjkrd,basic,yes
.پاکستان,,delegated,country-code,National Telecommunication Corporation,,,,,no,no,no,,https://www.iana.org/domains/root/db/xn--mgbai9azgqp6j.html | https://data.iana.org/TLD/tlds-alpha-by-domain.txt,delegated,2026-10-04,country-code,,,,National Telecommunication Corporation,,,,,,,,,.xn--mgbai9azgqp6j,basic,yes
.الاردن,,delegated,country-code,Ministry of Digital Economy and Entrepreneurship (MoDEE),,,,,no,no,no,,https://www.iana.org/domains/root/db/xn--mgbayh7gpa.html | https://data.iana.org/TLD/tlds-alpha-by-domain.txt,delegated,2026-10-04,country-code,,,,Ministry of Digital Economy and Entrepreneurship (MoDEE),,,,,,,,,.xn--mgbayh7gpa,basic,yes
.بارت,,delegated,country-code,National Internet eXchange of India,,,,,no,no,no,,https://www.iana.org/domains/root/db/xn--mgbbh1a.html | https://data.iana.org/TLD/tlds-alpha-by-domain.txt,delegated,2026-10-04,country-code,,,,National Internet eXchange of India,,,,,,,,,.xn--mgbbh1a,basic,yes
.بھارت,,delegated,country-code,National Internet Exchange of India,,,,,no,no,no,,https://www.iana.org/domains/root/db/xn--mgbbh1a71e.html | https://data.iana.org/TLD/tlds-alpha-by-domain.txt,delegated,2026-10-04,country-code,,,,National Internet Exchange of India,,,,,,,,,.xn--mgbbh1a71e,basic,yes
.المغرب,,delegated,country-code,Agence Nationale de Réglementation des Télécommunications (ANRT),,,,,no,no,no,,https://www.iana.org/domains/root/db/xn--mgbc0a9azcg.html | https://data.iana.org/TLD/tlds-alpha-by-domain.txt,delegated,2026-10-04,country-code,,,,Agence Nationale de Réglementation des Télécommunications (ANRT),,,,,,,,,.xn--mgbc0a9azcg,basic,yes
.ابوظبي,,delegated,generic,Abu Dhabi Systems and Information Centre,,,,,no,no,no,,https://www.iana.org/domains/root/db/xn--mgbca7dzdo.html | https://data.iana.org/TLD/tlds-alpha-by-domain.txt,delegated,2026-10-04,generic,,,,Abu Dhabi Systems and Information Centre,,,,,,,,,.xn--mgbca7dzdo,basic,yes
.البحرين,,delegated,country-code,Telecommunications Regulatory Authority (TRA),,,,,no,no,no,,https://www.iana.org/domains/root/db/xn--mgbcpq6gpa1a.html | https://data.iana.org/TLD/tlds-alpha-by-domain.txt,delegated,2026-10-04,country-code,,,,Telecommunications Regulatory Authority (TRA),,,,,,,,,.xn--mgbcpq6gpa1a,basic,yes
.السعودية,,delegated,country-code,"Communications, Space and Technology Commission",,,,,no,no,no,,https://www.iana.org/domains/root/db/xn--mgberp4a5d4ar.html | https://data.iana.org/TLD/tlds-alpha-by-domain.txt,delegated,2026-10-04,country-code,,,,"Communications, Space and Technology Commission",,,,,,,,,.xn--mgberp4a5d4ar,basic,yes
.ڀارت,,delegated,country-code,National Internet eXchange of India,,,,,no,no,no,,https://www.iana.org/domains/root/db/xn--mgbgu82a.html | https://data.iana.org/TLD/tlds-alpha-by-domain.txt,delegated,2026-10-04,country-code,,,,National Internet eXchange of India,,,,,,,,,.xn--mgbgu82a,basic,yes
.كاثوليك,,delegated,generic,Pontificium Consilium de Comunicationibus Socialibus (PCCS) (Pontifical Council for Social Communication),,,,,no,no,no,,https://www.iana.org/domains/root/db/xn--mgbi4ecexp.html | https://data.iana.org/TLD/tlds-alpha-by-domain.txt,delegated,2026-10-04,generic,,,,Pontificium Consilium de Comunicationibus Socialibus (PCCS) (Pontifical Council for Social Communication),,,,,,,,,.xn--mgbi4ecexp,basic,yes
.سودان,,delegated,country-code,Sudan Internet Society,,,,,no,no,no,,https://www.iana.org/domains/root/db/xn--mgbpl2fh.html | https://data.iana.org/TLD/tlds-alpha-by-domain.txt,delegated,2026-10-04,country-code,,,,Sudan Internet Society,,,,,,,,,.xn--mgbpl2fh,basic,yes
.همراه,,delegated,generic,Emergency Back-End Registry Operator Program - ICANN,,,,,no,no,no,,https://www.iana.org/domains/root/db/xn--mgbt3dhd.html | https://data.iana.org/TLD/tlds-alpha-by-domain.txt,delegated,2026-10-04,generic,,,,Emergency Back-End Registry Operator Program - ICANN,,,,,,,,,.xn--mgbt3dhd,basic,yes
.عراق,,delegated,country-code,Communications and Media Commission (CMC),,,,,no,no,no,,https://www.iana.org/domains/root/db/xn--mgbtx2b.html | https://data.iana.org/TLD/tlds-alpha-by-domain.txt,delegated,2026-10-04,country-code,,,,Communications and Media Commission (CMC),,,,,,,,,.xn--mgbtx2b,basic,yes
.مليسيا,,delegated,country-code,MYNIC Berhad,,,,,no,no,no,,https://www.iana.org/domains/root/db/xn--mgbx4cd0ab.html | https://data.iana.org/TLD/tlds-alpha-by-domain.txt,delegated,2026-10-04,country-code,,,,MYNIC Berhad,,,,,,,,,.xn--mgbx4cd0ab,basic,yes
.澳門,,delegated,country-code,Macao Post and Telecommunications Bureau (CTT),,,,,no,no,no,,https://www.iana.org/domains/root/db/xn--mix891f.html | https://data.iana.org/TLD/tlds-alpha-by-domain.txt,delegated,2026-10-04,country-code,,,,Macao Post and Telecommunications Bureau (CTT),,,,,,,,,.xn--mix891f,basic,yes
.닷컴,,delegated,generic,VeriSign Sarl,,,,,no,no,no,,https://www.iana.org/domains/root/db/xn--mk1bu44c.html | https://data.iana.org/TLD/tlds-alpha-by-domain.txt,delegated,2026-10-04,generic,,,,VeriSign Sarl,,,,,,,,,.xn--mk1bu44c,basic,yes
.政府,,delegated,generic,"Net-Chinese Co., Ltd.",,,,,no,no,no,,https://www.iana.org/domains/root/db/xn--mxtq1m.html | https://data.iana.org/TLD/tlds-alpha-by-domain.txt,delegated,2026-10-04,generic,,,,"Net-Chinese Co., Ltd.",,,,,,,,,.xn--mxtq1m,basic,yes
.شبكة,,delegated,generic,International Domain Registry Pty. Ltd.,,,,,no,no,no,,https://www.iana.org/domains/root/db/xn--ngbc5azd.html | https://data.iana.org/TLD/tlds-alpha-by-domain.txt,delegated,2026-10-04,generic,,,,International Domain Registry Pty. Ltd.,,,,,,,,,.xn--ngbc5azd,basic,yes
.بيتك,,delegated,generic,Kuwait Finance House,,,,,no,no,no,,https://www.iana.org/domains/root/db/xn--ngbe9e0a.html | https://data.iana.org/TLD/tlds-alpha-by-domain.txt,delegated,2026-10-04,generic,,,,Kuwait Finance House,,,,,,,,,.xn--ngbe9e0a,basic,yes
.عرب,,delegated,generic,League of Arab States,,,,,no,no,no,,https://www.iana.org/domains/root/db/xn--ngbrx.html | https://data.iana.org/TLD/tlds-alpha-by-domain.txt,delegated,2026-10-04,generic,,,,League of Arab States,,,,,,,,,.xn--ngbrx,basic,yes
.გე,,delegated,country-code,Information Technologies Development Center (ITDC),,,,,no,no,no,,https://www.iana.org/domains/root/db/xn--node.html | https://data.iana.org/TLD/tlds-alpha-by-domain.txt,delegated,2026-10-04,country-code,,,,Information Technologies Development Center (ITDC),,,,,,,,,.xn--node,basic,yes
.机构,,delegated,generic,Public Interest Registry,,,,,no,no,no,,https://www.iana.org/domains/root/db/xn--nqv7f.html | https://data.iana.org/TLD/tlds-alpha-by-domain.txt,delegated,2026-10-04,generic,,,,Public Interest Registry,,,,,,,,,.xn--nqv7f,basic,yes
.组织机构,,delegated,generic,Public Interest Registry,,,,,no,no,no,,https://www.iana.org/domains/root/db/xn--nqv7fs00ema.html | https://data.iana.org/TLD/tlds-alpha-by-domain.txt,delegated,2026-10-04,generic,,,,Public Interest Registry,,,,,,,,,.xn--nqv7fs00ema,basic,yes
.健康,,delegated,generic,Stable Tone Limited,,,,,no,no,no,,https://www.iana.org/domains/root/db/xn--nyqy26a.html | https://data.iana.org/TLD/tlds-alpha-by-domain.txt,delegated,2026-10-04,generic,,,,Stable Tone Limited,,,,,,,,,.xn--nyqy26a,basic,yes
.ไทย,,delegated,country-code,Thai Network Information Center Foundation,,,,,no,no,no,,https://www.iana.org/domains/root/db/xn--o3cw4h.html | https://data.iana.org/TLD/tlds-alpha-by-domain.txt,delegated,2026-10-04,country-code,,,,Thai Network Information Center Foundation,,,,,,,,,.xn--o3cw4h,basic,yes
.سورية,,delegated,country-code,National Authority for Information Technology Services (NAITS),,,,,no,no,no,,https://www.iana.org/domains/root/db/xn--ogbpf8fl.html | https://data.iana.org/TLD/tlds-alpha-by-domain.txt,delegated,2026-10-04,country-code,,,,National Authority for Information Technology Services (NAITS),,,,,,,,,.xn--ogbpf8fl,basic,yes
.招聘,,delegated,generic,Jiang Yu Liang Cai Technology Company Limited,,,,,no,no,no,,https://www.iana.org/domains/root/db/xn--otu796d.html | https://data.iana.org/TLD/tlds-alpha-by-domain.txt,delegated,2026-10-04,generic,,,,Jiang Yu Liang Cai Technology Company Limited,,,,,,,,,.xn--otu796d,basic,yes
.рус,,delegated,generic,Rusnames Limited,,,,,no,no,no,,https://www.iana.org/domains/root/db/xn--p1acf.html | https://data.iana.org/TLD/tlds-alpha-by-domain.txt,delegated,2026-10-04,generic,,,,Rusnames Limited,,,,,,,,,.xn--p1acf,basic,yes
.рф,,delegated,country-code,Coordination Center for TLD RU,,,,,no,no,no,,https://www.iana.org/domains/root/db/xn--p1ai.html | https://data.iana.org/TLD/tlds-alpha-by-domain.txt,delegated,2026-10-04,country-code,,,,Coordination Center for TLD RU,,,,,,,,,.xn--p1ai,basic,yes
.تونس,,delegated,country-code,Agence Tunisienne d'Internet,,,,,no,no,no,,https://www.iana.org/domains/root/db/xn--pgbs0dh.html | https://data.iana.org/TLD/tlds-alpha-by-domain.txt,delegated,2026-10-04,country-code,,,,Agence Tunisienne d'Internet,,,,,,,,,.xn--pgbs0dh,basic,yes
.大拿,,delegated,generic,VeriSign Sarl,,,,,no,no,no,,https://www.iana.org/domains/root/db/xn--pssy2u.html | https://data.iana.org/TLD/tlds-alpha-by-domain.txt,delegated,2026-10-04,generic,,,,VeriSign Sarl,,,,,,,,,.xn--pssy2u,basic,yes
.ລາວ,,delegated,country-code,"Lao National Internet Center (LANIC), Ministry of Technology and Communications",,,,,no,no,no,,https://www.iana.org/domains/root/db/xn--q7ce6a.html | https://data.iana.org/TLD/tlds-alpha-by-domain.txt,delegated,2026-10-04,country-code,,,,"Lao National Internet Center (LANIC), Ministry of Technology and Communications",,,,,,,,,.xn--q7ce6a,basic,yes
.みんな,,delegated,generic,Charleston Road Registry Inc.,,,,,no,no,no,,https://www.iana.org/domains/root/db/xn--q9jyb4c.html | https://data.iana.org/TLD/tlds-alpha-by-domain.txt,delegated,2026-10-04,generic,,,,Charleston Road Registry Inc.,,,,,,,,,.xn--q9jyb4c,basic,yes
.グーグル,,delegated,generic,Charleston Road Registry Inc.,,,,,no,no,no,,https://www.iana.org/domains/root/db/xn--qcka1pmc.html | https://data.iana.org/TLD/tlds-alpha-by-domain.txt,delegated,2026-10-04,generic,,,,Charleston Road Registry Inc.,,,,,,,,,.xn--qcka1pmc,basic,yes
.ευ,legacy,delegated,country-code,EURid vzw,,European Union,supranational | scripts,,yes,no,no,,https://www.iana.org/domains/root/db/xn--qxa6a.html | https://data.iana.org/TLD/tlds-alpha-by-domain.txt | https://www.iana.org/reports/2019/xn--qxa6a-report-20190822.html,delegated,2026-10-04,country-code,,legacy,legacy,EURid vzw,Belgium,EURid vzw,Belgium,European Union,,2019-07-18,,,.xn--qxa6a,curated,yes
.ελ,,delegated,country-code,ICS-FORTH GR,,,,,no,no,no,,https://www.iana.org/domains/root/db/xn--qxam.html | https://data.iana.org/TLD/tlds-alpha-by-domain.txt,delegated,2026-10-04,country-code,,,,ICS-FORTH GR,,,,,,,,,.xn--qxam,basic,yes
.世界,,delegated,generic,Stable Tone Limited,,,,,no,no,no,,https://www.iana.org/domains/root/db/xn--rhqv96g.html | https://data.iana.org/TLD/tlds-alpha-by-domain.txt,delegated,2026-10-04,generic,,,,Stable Tone Limited,,,,,,,,,.xn--rhqv96g,basic,yes
.書籍,,delegated,generic,"Amazon Registry Services, Inc.",,,,,no,no,no,,https://www.iana.org/domains/root/db/xn--rovu88b.html | https://data.iana.org/TLD/tlds-alpha-by-domain.txt,delegated,2026-10-04,generic,,,,"Amazon Registry Services, Inc.",,,,,,,,,.xn--rovu88b,basic,yes
.ഭാരതം,,delegated,country-code,National Internet eXchange of India,,,,,no,no,no,,https://www.iana.org/domains/root/db/xn--rvc1e0am3e.html | https://data.iana.org/TLD/tlds-alpha-by-domain.txt,delegated,2026-10-04,country-code,,,,National Internet eXchange of India,,,,,,,,,.xn--rvc1e0am3e,basic,yes
.ਭਾਰਤ,,delegated,country-code,National Internet Exchange of India,,,,,no,no,no,,https://www.iana.org/domains/root/db/xn--s9brj9c.html | https://data.iana.org/TLD/tlds-alpha-by-domain.txt,delegated,2026-10-04,country-code,,,,National Internet Exchange of India,,,,,,,,,.xn--s9brj9c,basic,yes
.网址,,delegated,generic,"KNET Co., Ltd",,,,,no,no,no,,https://www.iana.org/domains/root/db/xn--ses554g.html | https://data.iana.org/TLD/tlds-alpha-by-domain.txt,delegated,2026-10-04,generic,,,,"KNET Co., Ltd",,,,,,,,,.xn--ses554g,basic,yes
.닷넷,,delegated,generic,VeriSign Sarl,,,,,no,no,no,,https://www.iana.org/domains/root/db/xn--t60b56a.html | https://data.iana.org/TLD/tlds-alpha-by-domain.txt,delegated,2026-10-04,generic,,,,VeriSign Sarl,,,,,,,,,.xn--t60b56a,basic,yes
.コム,,delegated,generic,VeriSign Sarl,,,,,no,no,no,,https://www.iana.org/domains/root/db/xn--tckwe.html | https://data.iana.org/TLD/tlds-alpha-by-domain.txt,delegated,2026-10-04,generic,,,,VeriSign Sarl,,,,,,,,,.xn--tckwe,basic,yes
.天主教,,delegated,generic,Pontificium Consilium de Comunicationibus Socialibus (PCCS) (Pontifical Council for Social Communication),,,,,no,no,no,,https://www.iana.org/domains/root/db/xn--tiq49xqyj.html | https://data.iana.org/TLD/tlds-alpha-by-domain.txt,delegated,2026-10-04,generic,,,,Pontificium Consilium de Comunicationibus Socialibus (PCCS) (Pontifical Council for Social Communication),,,,,,,,,.xn--tiq49xqyj,basic,yes
.游戏,,delegated,generic,"Binky Moon, LLC",,,,,no,no,no,,https://www.iana.org/domains/root/db/xn--unup4y.html | https://data.iana.org/TLD/tlds-alpha-by-domain.txt,delegated,2026-10-04,generic,,,,"Binky Moon, LLC",,,,,,,,,.xn--unup4y,basic,yes
.vermögensberater,,delegated,generic,Deutsche Vermögensberatung Aktiengesellschaft DVAG,,,,,no,no,no,,https://www.iana.org/domains/root/db/xn--vermgensberater-ctb.html | https://data.iana.org/TLD/tlds-alpha-by-domain.txt,delegated,2026-10-04,generic,,,,Deutsche Vermögensberatung Aktiengesellschaft DVAG,,,,,,,,,.xn--vermgensberater-ctb,basic,yes
.vermögensberatung,,delegated,generic,Deutsche Vermögensberatung Aktiengesellschaft DVAG,,,,,no,no,no,,https://www.iana.org/domains/root/db/xn--vermgensberatung-pwb.html | https://data.iana.org/TLD/tlds-alpha-by-domain.txt,delegated,2026-10-04,generic,,,,Deutsche Vermögensberatung Aktiengesellschaft DVAG,,,,,,,,,.xn--vermgensberatung-pwb,basic,yes
.企业,,delegated,generic,"Binky Moon, LLC",,,,,no,no,no,,https://www.iana.org/domains/root/db/xn--vhquv.html | https://data.iana.org/TLD/tlds-alpha-by-domain.txt,delegated,2026-10-04,generic,,,,"Binky Moon, LLC",,,,,,,,,.xn--vhquv,basic,yes
.信息,,delegated,generic,"Beijing Tele-info Technology Co., Ltd.",,,,,no,no,no,,https://www.iana.org/domains/root/db/xn--vuq861b.html | https://data.iana.org/TLD/tlds-alpha-by-domain.txt,delegated,2026-10-04,generic,,,,"Beijing Tele-info Technology Co., Ltd.",,,,,,,,,.xn--vuq861b,basic,yes
.嘉里大酒店,,delegated,generic,Kerry Trading Co. Limited,,,,,no,no,no,,https://www.iana.org/domains/root/db/xn--w4r85el8fhu5dnra.html | https://data.iana.org/TLD/tlds-alpha-by-domain.txt,delegated,2026-10-04,generic,,,,Kerry Trading Co. Limited,,,,,,,,,.xn--w4r85el8fhu5dnra,basic,yes
.嘉里,,delegated,generic,Kerry Trading Co. Limited,,,,,no,no,no,,https://www.iana.org/domains/root/db/xn--w4rs40l.html | https://data.iana.org/TLD/tlds-alpha-by-domain.txt,delegated,2026-10-04,generic,,,,Kerry Trading Co. Limited,,,,,,,,,.xn--w4rs40l,basic,yes
.مصر,,delegated,country-code,National Telecommunication Regulatory Authority - NTRA,,,,,no,no,no,,https://www.iana.org/domains/root/db/xn--wgbh1c.html | https://data.iana.org/TLD/tlds-alpha-by-domain.txt,delegated,2026-10-04,country-code,,,,National Telecommunication Regulatory Authority - NTRA,,,,,,,,,.xn--wgbh1c,basic,yes
.قطر,,delegated,country-code,Communications Regulatory Authority,,,,,no,no,no,,https://www.iana.org/domains/root/db/xn--wgbl6a.html | https://data.iana.org/TLD/tlds-alpha-by-domain.txt,delegated,2026-10-04,country-code,,,,Communications Regulatory Authority,,,,,,,,,.xn--wgbl6a,basic,yes
.广东,,delegated,generic,"Guangzhou YU Wei Information Technology Co., Ltd.",,,,,no,no,no,,https://www.iana.org/domains/root/db/xn--xhq521b.html | https://data.iana.org/TLD/tlds-alpha-by-domain.txt,delegated,2026-10-04,generic,,,,"Guangzhou YU Wei Information Technology Co., Ltd.",,,,,,,,,.xn--xhq521b,basic,yes
.இலங்கை,,delegated,country-code,LK Domain Registry,,,,,no,no,no,,https://www.iana.org/domains/root/db/xn--xkc2al3hye2a.html | https://data.iana.org/TLD/tlds-alpha-by-domain.txt,delegated,2026-10-04,country-code,,,,LK Domain Registry,,,,,,,,,.xn--xkc2al3hye2a,basic,yes
.இந்தியா,,delegated,country-code,National Internet Exchange of India,,,,,no,no,no,,https://www.iana.org/domains/root/db/xn--xkc2dl3a5ee0h.html | https://data.iana.org/TLD/tlds-alpha-by-domain.txt,delegated,2026-10-04,country-code,,,,National Internet Exchange of India,,,,,,,,,.xn--xkc2dl3a5ee0h,basic,yes
.հայ,,delegated,country-code,"""Internet Society"" Non-governmental Organization",,,,,no,no,no,,https://www.iana.org/domains/root/db/xn--y9a3aq.html | https://data.iana.org/TLD/tlds-alpha-by-domain.txt,delegated,2026-10-04,country-code,,,,"""Internet Society"" Non-governmental Organization",,,,,,,,,.xn--y9a3aq,basic,yes
.新加坡,,delegated,country-code,Singapore Network Information Centre (SGNIC) Pte Ltd,,,,,no,no,no,,https://www.iana.org/domains/root/db/xn--yfro4i67o.html | https://data.iana.org/TLD/tlds-alpha-by-domain.txt,delegated,2026-10-04,country-code,,,,Singapore Network Information Centre (SGNIC) Pte Ltd,,,,,,,,,.xn--yfro4i67o,basic,yes
.فلسطين,,delegated,country-code,Ministry of Telecom & Information Technology (MTIT),,,,,no,no,no,,https://www.iana.org/domains/root/db/xn--ygbi2ammx.html | https://data.iana.org/TLD/tlds-alpha-by-domain.txt,delegated,2026-10-04,country-code,,,,Ministry of Telecom & Information Technology (MTIT),,,,,,,,,.xn--ygbi2ammx,basic,yes
.政务,,delegated,generic,China Organizational Name Administration Center,,,,,no,no,no,,https://www.iana.org/domains/root/db/xn--zfr164b.html | https://data.iana.org/TLD/tlds-alpha-by-domain.txt,delegated,2026-10-04,generic,,,,China Organizational Name Administration Center,,,,,,,,,.xn--zfr164b,basic,yes
.xxx,2004,delegated,sponsored,ICM Registry LLC,,Canada / United States,adult,,yes,no,no,,https://www.iana.org/domains/root/db/xxx.html | https://data.iana.org/TLD/tlds-alpha-by-domain.txt | https://www.icann.org/en/announcements/details/icann-progress-in-process-for-introducing-new-sponsored-top-level-domains-19-3-2004-en,delegated,2026-10-04,sponsored,,2004,2004,ICM Registry LLC,United States of America (the),GoDaddy Registry,United States of America (the),Canada / United States,,2011-04-15,,,.xxx,curated,yes
.xyz,,delegated,generic,XYZ.COM LLC,,,,,no,no,no,,https://www.iana.org/domains/root/db/xyz.html | https://data.iana.org/TLD/tlds-alpha-by-domain.txt,delegated,2026-10-04,generic,,,,XYZ.COM LLC,,,,,,,,,.xyz,basic,yes
.yachts,,delegated,generic,XYZ.COM LLC,,,,,no,no,no,,https://www.iana.org/domains/root/db/yachts.html | https://data.iana.org/TLD/tlds-alpha-by-domain.txt,delegated,2026-10-04,generic,,,,XYZ.COM LLC,,,,,,,,,.yachts,basic,yes
.yahoo,,delegated,generic,Yahoo Inc.,,,,,no,no,no,,https://www.iana.org/domains/root/db/yahoo.html | https://data.iana.org/TLD/tlds-alpha-by-domain.txt,delegated,2026-10-04,generic,,,,Yahoo Inc.,,,,,,,,,.yahoo,basic,yes
.yamaxun,,delegated,generic,"Amazon Registry Services, Inc.",,,,,no,no,no,,https://www.iana.org/domains/root/db/yamaxun.html | https://data.iana.org/TLD/tlds-alpha-by-domain.txt,delegated,2026-10-04,generic,,,,"Amazon Registry Services, Inc.",,,,,,,,,.yamaxun,basic,yes
.yandex,,delegated,generic,YANDEX LLC,,,,,no,no,no,,https://www.iana.org/domains/root/db/yandex.html | https://data.iana.org/TLD/tlds-alpha-by-domain.txt,delegated,2026-10-04,generic,,,,YANDEX LLC,,,,,,,,,.yandex,basic,yes
.ye,,delegated,country-code,TeleYemen,,,,,no,no,no,,https://www.iana.org/domains/root/db/ye.html | https://data.iana.org/TLD/tlds-alpha-by-domain.txt,delegated,2026-10-04,country-code,,,,TeleYemen,,,,,,,,,.ye,basic,yes
.yodobashi,,delegated,generic,"YODOBASHI CAMERA CO.,LTD.",,,,,no,no,no,,https://www.iana.org/domains/root/db/yodobashi.html | https://data.iana.org/TLD/tlds-alpha-by-domain.txt,delegated,2026-10-04,generic,,,,"YODOBASHI CAMERA CO.,LTD.",,,,,,,,,.yodobashi,basic,yes
.yoga,,delegated,generic,"Registry Services, LLC",,,,,no,no,no,,https://www.iana.org/domains/root/db/yoga.html | https://data.iana.org/TLD/tlds-alpha-by-domain.txt,delegated,2026-10-04,generic,,,,"Registry Services, LLC",,,,,,,,,.yoga,basic,yes
.yokohama,,delegated,generic,"GMO Registry, Inc.",,,,,no,no,no,,https://www.iana.org/domains/root/db/yokohama.html | https://data.iana.org/TLD/tlds-alpha-by-domain.txt,delegated,2026-10-04,generic,,,,"GMO Registry, Inc.",,,,,,,,,.yokohama,basic,yes
.you,,delegated,generic,"Amazon Registry Services, Inc.",,,,,no,no,no,,https://www.iana.org/domains/root/db/you.html | https://data.iana.org/TLD/tlds-alpha-by-domain.txt,delegated,2026-10-04,generic,,,,"Amazon Registry Services, Inc.",,,,,,,,,.you,basic,yes
.youtube,,delegated,generic,Charleston Road Registry Inc.,,,,,no,no,no,,https://www.iana.org/domains/root/db/youtube.html | https://data.iana.org/TLD/tlds-alpha-by-domain.txt,delegated,2026-10-04,generic,,,,Charleston Road Registry Inc.,,,,,,,,,.youtube,basic,yes
.yt,,delegated,country-code,Association Française pour le Nommage Internet en Coopération (A.F.N.I.C.),,,,,no,no,no,,https://www.iana.org/domains/root/db/yt.html | https://data.iana.org/TLD/tlds-alpha-by-domain.txt,delegated,2026-10-04,country-code,,,,Association Française pour le Nommage Internet en Coopération (A.F.N.I.C.),,,,,,,,,.yt,basic,yes
.yu,legacy,retired,country-code,,,Yugoslavia,geopolitics | history,,yes,no,no,,https://www.iana.org/reports/2010/yu-report-01apr2010.html,retired,2026-10-04,country-code,,,legacy,,,,,Yugoslavia,,,,,.yu,curated,no
.yun,,delegated,generic,"Beijing Qihu Keji Co., Ltd.",,,,,no,no,no,,https://www.iana.org/domains/root/db/yun.html | https://data.iana.org/TLD/tlds-alpha-by-domain.txt,delegated,2026-10-04,generic,,,,"Beijing Qihu Keji Co., Ltd.",,,,,,,,,.yun,basic,yes
.za,,delegated,country-code,ZA Domain Name Authority,,,,,no,no,no,,https://www.iana.org/domains/root/db/za.html | https://data.iana.org/TLD/tlds-alpha-by-domain.txt,delegated,2026-10-04,country-code,,,,ZA Domain Name Authority,,,,,,,,,.za,basic,yes
.zappos,,delegated,generic,"Amazon Registry Services, Inc.",,,,,no,no,no,,https://www.iana.org/domains/root/db/zappos.html | https://data.iana.org/TLD/tlds-alpha-by-domain.txt,delegated,2026-10-04,generic,,,,"Amazon Registry Services, Inc.",,,,,,,,,.zappos,basic,yes
.zara,,delegated,generic,"Industria de Diseño Textil, S.A. (INDITEX, S.A.)",,,,,no,no,no,,https://www.iana.org/domains/root/db/zara.html | https://data.iana.org/TLD/tlds-alpha-by-domain.txt,delegated,2026-10-04,generic,,,,"Industria de Diseño Textil, S.A. (INDITEX, S.A.)",,,,,,,,,.zara,basic,yes
.zero,,delegated,generic,"Amazon Registry Services, Inc.",,,,,no,no,no,,https://www.iana.org/domains/root/db/zero.html | https://data.iana.org/TLD/tlds-alpha-by-domain.txt,delegated,2026-10-04,generic,,,,"Amazon Registry Services, Inc.",,,,,,,,,.zero,basic,yes
.zip,,delegated,generic,Charleston Road Registry Inc.,,,,,no,no,no,,https://www.iana.org/domains/root/db/zip.html | https://data.iana.org/TLD/tlds-alpha-by-domain.txt,delegated,2026-10-04,generic,,,,Charleston Road Registry Inc.,,,,,,,,,.zip,basic,yes
.zm,,delegated,country-code,Zambia Information and Communications Technology Authority (ZICTA),,,,,no,no,no,,https://www.iana.org/domains/root/db/zm.html | https://data.iana.org/TLD/tlds-alpha-by-domain.txt,delegated,2026-10-04,country-code,,,,Zambia Information and Communications Technology Authority (ZICTA),,,,,,,,,.zm,basic,yes
.zone,,delegated,generic,"Binky Moon, LLC",,,,,no,no,no,,https://www.iana.org/domains/root/db/zone.html | https://data.iana.org/TLD/tlds-alpha-by-domain.txt,delegated,2026-10-04,generic,,,,"Binky Moon, LLC",,,,,,,,,.zone,basic,yes
.zuerich,2012,delegated,generic,Kanton Zürich (Canton of Zurich),,Canton of Zurich,city,,no,yes,no,,https://www.iana.org/domains/root/db/zuerich.html | https://data.iana.org/TLD/tlds-alpha-by-domain.txt | https://www.iana.org/domains/root/db,delegated,2026-10-04,generic,geographic,2012,2012,Kanton Zürich (Canton of Zurich),Switzerland,CentralNic,United Kingdom of Great Britain and Northern Ireland (the),Canton of Zurich,,2014-12-18,,,.zuerich,curated,yes
.zw,,delegated,country-code,Postal and Telecommunications Regulatory Authority of Zimbabwe (POTRAZ),,,,,no,no,no,,https://www.iana.org/domains/root/db/zw.html | https://data.iana.org/TLD/tlds-alpha-by-domain.txt,delegated,2026-10-04,country-code,,,,Postal and Telecommunications Regulatory Authority of Zimbabwe (POTRAZ),,,,,,,,,.zw,basic,yes
