string,ascii_string,title,publication_date,url,sources,source_retrieved_at
.aaa,.aaa,"Delegation of the .aaa domain to American Automobile Association, Inc.",2015-08-26,https://www.iana.org/reports/c.2.9.2.d/20150826-aaa,https://www.iana.org/domains/root/db/aaa.html,2026-10-04T08:26:41.675003+00:00
.aarp,.aarp,Delegation of the .aarp domain to AARP,2015-10-30,https://www.iana.org/reports/c.2.9.2.d/20151030-aarp,https://www.iana.org/domains/root/db/aarp.html,2026-10-04T08:26:41.733831+00:00
.abarth,.abarth,Delegation of the .abarth domain to Fiat Chrysler Automobiles N.V.,2016-08-01,https://www.iana.org/reports/c.2.9.2.d/20160801-abarth,https://www.iana.org/domains/root/db/abarth.html,2026-10-04T08:26:41.748451+00:00
.abarth,.abarth,Revocation of the .abarth domain,2023-06-05,https://www.iana.org/reports/tld-transfer/20230605-abarth,https://www.iana.org/domains/root/db/abarth.html,2026-10-04T08:26:41.748451+00:00
.abb,.abb,Delegation of the .abb domain to ABB Ltd,2015-04-21,https://www.iana.org/reports/c.2.9.2.d/20150421-abb,https://www.iana.org/domains/root/db/abb.html,2026-10-04T08:26:42.168789+00:00
.abbott,.abbott,"Delegation of the .abbott domain to Abbott Laboratories, Inc.",2015-03-04,https://www.iana.org/reports/c.2.9.2.d/20150304-abbott,https://www.iana.org/domains/root/db/abbott.html,2026-10-04T08:26:41.736442+00:00
.abbvie,.abbvie,Delegation of the .abbvie domain to AbbVie Inc.,2016-04-04,https://www.iana.org/reports/c.2.9.2.d/20160404-abbvie,https://www.iana.org/domains/root/db/abbvie.html,2026-10-04T08:26:42.005766+00:00
.abc,.abc,"Delegation of the .abc domain to Disney Enterprises, Inc.",2016-07-25,https://www.iana.org/reports/c.2.9.2.d/20160725-abc,https://www.iana.org/domains/root/db/abc.html,2026-10-04T08:26:41.840226+00:00
.able,.able,Delegation of the .able domain to Able Inc.,2016-06-15,https://www.iana.org/reports/c.2.9.2.d/20160615-able,https://www.iana.org/domains/root/db/able.html,2026-10-04T08:26:41.729472+00:00
.abogado,.abogado,Delegation of the .abogado domain to Top Level Domain Holdings Limited,2014-10-09,https://www.iana.org/reports/c.2.9.2.d/20141009-abogado,https://www.iana.org/domains/root/db/abogado.html,2026-10-04T08:26:41.751438+00:00
.abogado,.abogado,"Transfer of the .abogado domain to Registry Services, LLC",2021-09-14,https://www.iana.org/reports/tld-transfer/20210914-abogado,https://www.iana.org/domains/root/db/abogado.html,2026-10-04T08:26:41.751438+00:00
.abudhabi,.abudhabi,Delegation of the .abudhabi domain to Abu Dhabi Systems and Information Centre,2016-04-05,https://www.iana.org/reports/c.2.9.2.d/20160405-abudhabi,https://www.iana.org/domains/root/db/abudhabi.html,2026-10-04T08:26:41.663408+00:00
.academy,.academy,"Delegation of the .ACADEMY domain to Half Oaks, LLC",2013-12-12,https://www.iana.org/reports/c.2.9.2.d/20131212-academy,https://www.iana.org/domains/root/db/academy.html,2026-10-04T08:26:48.845737+00:00
.academy,.academy,Transfer of the .academy domain and 195 others,2018-03-23,https://www.iana.org/reports/tld-transfer/20180323-binkymoon,https://www.iana.org/domains/root/db/academy.html,2026-10-04T08:26:48.845737+00:00
.accenture,.accenture,Delegation of the .accenture domain to Accenture plc,2015-05-06,https://www.iana.org/reports/c.2.9.2.d/20150506-accenture,https://www.iana.org/domains/root/db/accenture.html,2026-10-04T08:26:48.550339+00:00
.accountant,.accountant,Delegation of the .accountant domain to dot Accountant Limited,2015-03-23,https://www.iana.org/reports/c.2.9.2.d/20150323-accountant,https://www.iana.org/domains/root/db/accountant.html,2026-10-04T08:26:48.866250+00:00
.accountants,.accountants,"Delegation of the .accountants domain to Knob Town, LLC",2014-05-02,https://www.iana.org/reports/c.2.9.2.d/20140502-accountants,https://www.iana.org/domains/root/db/accountants.html,2026-10-04T08:26:49.074912+00:00
.accountants,.accountants,Transfer of the .academy domain and 195 others,2018-03-23,https://www.iana.org/reports/tld-transfer/20180323-binkymoon,https://www.iana.org/domains/root/db/accountants.html,2026-10-04T08:26:49.074912+00:00
.aco,.aco,Delegation of the .aco domain to ACO Severin Ahlmann GmbH & Co. KG,2015-08-25,https://www.iana.org/reports/c.2.9.2.d/20150825-aco,https://www.iana.org/domains/root/db/aco.html,2026-10-04T08:26:48.887648+00:00
.active,.active,"Delegation of the .active domain to The Active Network, Inc",2014-06-23,https://www.iana.org/reports/c.2.9.2.d/20140623-active,https://www.iana.org/domains/root/db/active.html,2026-10-04T08:26:48.659642+00:00
.active,.active,Revocation of the .active domain,2019-02-15,https://www.iana.org/reports/tld-transfer/20190215-active,https://www.iana.org/domains/root/db/active.html,2026-10-04T08:26:48.659642+00:00
.actor,.actor,Delegation of the .actor domain to United TLD Holdco Ltd.,2014-02-25,https://www.iana.org/reports/c.2.9.2.d/20140225-actor,https://www.iana.org/domains/root/db/actor.html,2026-10-04T08:26:49.045098+00:00
.actor,.actor,"Transfer of the .actor domain to Dog Beach, LLC",2021-06-02,https://www.iana.org/reports/tld-transfer/20210602-actor,https://www.iana.org/domains/root/db/actor.html,2026-10-04T08:26:49.045098+00:00
.adac,.adac,Delegation of the .adac domain to Allgemeiner Deutscher Automobil-Club e.V. (ADAC),2016-01-21,https://www.iana.org/reports/c.2.9.2.d/20160121-adac,https://www.iana.org/domains/root/db/adac.html,2026-10-04T08:26:48.938478+00:00
.adac,.adac,Revocation of the .adac domain,2022-11-26,https://www.iana.org/reports/tld-transfer/20221126-adac,https://www.iana.org/domains/root/db/adac.html,2026-10-04T08:26:48.938478+00:00
.ads,.ads,Delegation of the .ads domain to Charleston Road Registry Inc.,2015-03-18,https://www.iana.org/reports/c.2.9.2.d/20150318-ads,https://www.iana.org/domains/root/db/ads.html,2026-10-04T08:26:56.005187+00:00
.adult,.adult,Delegation of the .adult domain to ICM Registry AD LLC,2014-12-03,https://www.iana.org/reports/c.2.9.2.d/20141203-adult,https://www.iana.org/domains/root/db/adult.html,2026-10-04T08:26:56.187378+00:00
.ae,.ae,"Report on the Redelegation of the .AE Top-Level Domain to the ""Telecommunications Regulatory Authority""",2008-01-23,https://www.iana.org/reports/2008/ae-report-23jan2008.html,https://www.iana.org/domains/root/db/ae.html,2026-10-04T08:26:55.896640+00:00
.aeg,.aeg,Delegation of the .aeg domain to Aktiebolaget Electrolux,2015-06-18,https://www.iana.org/reports/c.2.9.2.d/20150618-aeg,https://www.iana.org/domains/root/db/aeg.html,2026-10-04T08:26:56.203512+00:00
.aero,.aero,IANA Report on Establishment of the .AERO Top-Level Domain,2001-12-19,https://www.iana.org/reports/2001/aero-report-19dec01.html,https://www.iana.org/domains/root/db/aero.html,2026-10-04T08:26:55.917858+00:00
.aetna,.aetna,Delegation of the .aetna domain to Aetna Life Insurance Company,2016-05-18,https://www.iana.org/reports/c.2.9.2.d/20160518-aetna,https://www.iana.org/domains/root/db/aetna.html,2026-10-04T08:26:55.997447+00:00
.af,.af,IANA Report on Redelegation of the .AF Top-Level Domain,2003-01-08,https://www.iana.org/reports/2003/af-report-08jan2003.html,https://www.iana.org/domains/root/db/af.html,2026-10-04T08:26:55.985790+00:00
.afamilycompany,.afamilycompany,"Delegation of the .afamilycompany domain to Johnson Shareholdings, Inc.",2016-07-26,https://www.iana.org/reports/c.2.9.2.d/20160726-afamilycompany,https://www.iana.org/domains/root/db/afamilycompany.html,2026-10-04T08:26:55.889414+00:00
.afamilycompany,.afamilycompany,Revocation of the .afamilycompany domain,2021-12-03,https://www.iana.org/reports/tld-transfer/20211203-afamilycompany,https://www.iana.org/domains/root/db/afamilycompany.html,2026-10-04T08:26:55.889414+00:00
.afl,.afl,Delegation of the .afl domain to Australian Football League,2015-03-26,https://www.iana.org/reports/c.2.9.2.d/20150326-afl,https://www.iana.org/domains/root/db/afl.html,2026-10-04T08:26:56.069196+00:00
.africa,.africa,Delegation of the .africa domain to ZA Central Registry NPC trading as Registry.Africa,2017-02-14,https://www.iana.org/reports/tld-transfer/20170214-africa,https://www.iana.org/domains/root/db/africa.html,2026-10-04T08:26:55.941158+00:00
.agakhan,.agakhan,Delegation of the .agakhan domain to Fondation Aga Khan (Aga Khan Foundation),2016-04-13,https://www.iana.org/reports/c.2.9.2.d/20160413-agakhan,https://www.iana.org/domains/root/db/agakhan.html,2026-10-04T08:27:02.900030+00:00
.agency,.agency,"Delegation of the .AGENCY domain to Steel Falls, LLC",2014-01-10,https://www.iana.org/reports/c.2.9.2.d/20140110-agency,https://www.iana.org/domains/root/db/agency.html,2026-10-04T08:27:02.731101+00:00
.agency,.agency,Transfer of the .academy domain and 195 others,2018-03-23,https://www.iana.org/reports/tld-transfer/20180323-binkymoon,https://www.iana.org/domains/root/db/agency.html,2026-10-04T08:27:02.731101+00:00
.aig,.aig,"Delegation of the .aig domain to American International Group, Inc.",2015-04-29,https://www.iana.org/reports/c.2.9.2.d/20150429-aig,https://www.iana.org/domains/root/db/aig.html,2026-10-04T08:27:02.704560+00:00
.aigo,.aigo,"Delegation of the .aigo domain to aigo Digital Technology Co,Ltd.",2016-08-12,https://www.iana.org/reports/c.2.9.2.d/20160812-aigo,https://www.iana.org/domains/root/db/aigo.html,2026-10-04T08:27:02.912895+00:00
.aigo,.aigo,Revocation of the .aigo domain,2020-06-27,https://www.iana.org/reports/tld-transfer/20200627-aigo,https://www.iana.org/domains/root/db/aigo.html,2026-10-04T08:27:02.912895+00:00
.airbus,.airbus,Delegation of the .airbus domain to Airbus S.A.S.,2016-06-07,https://www.iana.org/reports/c.2.9.2.d/20160607-airbus,https://www.iana.org/domains/root/db/airbus.html,2026-10-04T08:27:02.621975+00:00
.airforce,.airforce,Delegation of the .airforce domain to United TLD Holdco Ltd.,2014-04-28,https://www.iana.org/reports/c.2.9.2.d/20140428-airforce,https://www.iana.org/domains/root/db/airforce.html,2026-10-04T08:27:02.644294+00:00
.airforce,.airforce,"Transfer of the .airforce domain to Dog Beach, LLC",2021-06-02,https://www.iana.org/reports/tld-transfer/20210602-airforce,https://www.iana.org/domains/root/db/airforce.html,2026-10-04T08:27:02.644294+00:00
.airtel,.airtel,Delegation of the .airtel domain to Bharti Airtel Limited,2015-07-06,https://www.iana.org/reports/c.2.9.2.d/20150706-airtel,https://www.iana.org/domains/root/db/airtel.html,2026-10-04T08:27:02.793348+00:00
.akdn,.akdn,Delegation of the .akdn domain to Fondation Aga Khan (Aga Khan Foundation),2016-04-13,https://www.iana.org/reports/c.2.9.2.d/20160413-akdn,https://www.iana.org/domains/root/db/akdn.html,2026-10-04T08:27:02.637133+00:00
.alfaromeo,.alfaromeo,Delegation of the .alfaromeo domain to Fiat Chrysler Automobiles N.V.,2016-08-01,https://www.iana.org/reports/c.2.9.2.d/20160801-alfaromeo,https://www.iana.org/domains/root/db/alfaromeo.html,2026-10-04T08:27:09.673437+00:00
.alfaromeo,.alfaromeo,Revocation of the .alfaromeo domain,2023-06-05,https://www.iana.org/reports/tld-transfer/20230605-alfaromeo,https://www.iana.org/domains/root/db/alfaromeo.html,2026-10-04T08:27:09.673437+00:00
.alibaba,.alibaba,Delegation of the .alibaba domain to Alibaba Group Holding Limited,2016-01-13,https://www.iana.org/reports/c.2.9.2.d/20160113-alibaba,https://www.iana.org/domains/root/db/alibaba.html,2026-10-04T08:27:08.429080+00:00
.alipay,.alipay,Delegation of the .alipay domain to Alibaba Group Holding Limited,2016-01-13,https://www.iana.org/reports/c.2.9.2.d/20160113-alipay,https://www.iana.org/domains/root/db/alipay.html,2026-10-04T08:27:08.523038+00:00
.allfinanz,.allfinanz,Delegation of the .allfinanz domain to Allfinanz Deutsche Vermögensberatung Aktiengesellschaft,2014-09-26,https://www.iana.org/reports/c.2.9.2.d/20140926-allfinanz,https://www.iana.org/domains/root/db/allfinanz.html,2026-10-04T08:27:08.471402+00:00
.allstate,.allstate,Delegation of the .allstate domain to Allstate Fire and Casualty Insurance Company,2016-07-11,https://www.iana.org/reports/c.2.9.2.d/20160711-allstate,https://www.iana.org/domains/root/db/allstate.html,2026-10-04T08:27:08.428836+00:00
.ally,.ally,Delegation of the .ally domain to Ally Financial Inc.,2016-03-22,https://www.iana.org/reports/c.2.9.2.d/20160322-ally,https://www.iana.org/domains/root/db/ally.html,2026-10-04T08:27:08.479106+00:00
.alsace,.alsace,Delegation of the .alsace domain to REGION D ALSACE,2014-10-02,https://www.iana.org/reports/c.2.9.2.d/20141002-alsace,https://www.iana.org/domains/root/db/alsace.html,2026-10-04T08:27:08.791849+00:00
.alstom,.alstom,Delegation of the .alstom domain to Alstom,2016-06-09,https://www.iana.org/reports/c.2.9.2.d/20160609-alstom,https://www.iana.org/domains/root/db/alstom.html,2026-10-04T08:27:08.510165+00:00
.amazon,.amazon,"Delegation of the .amazon domain to Amazon Registry Services, Inc.",2020-06-02,https://www.iana.org/reports/tld-transfer/20200602-amazon,https://www.iana.org/domains/root/db/amazon.html,2026-10-04T08:27:08.511320+00:00
.americanexpress,.americanexpress,"Delegation of the .americanexpress domain to American Express Travel Related Services Company, Inc.",2016-08-02,https://www.iana.org/reports/c.2.9.2.d/20160802-americanexpress,https://www.iana.org/domains/root/db/americanexpress.html,2026-10-04T08:27:15.894438+00:00
.americanfamily,.americanfamily,"Delegation of the .americanfamily domain to AmFam, Inc.",2016-07-20,https://www.iana.org/reports/c.2.9.2.d/20160720-americanfamily,https://www.iana.org/domains/root/db/americanfamily.html,2026-10-04T08:27:16.033867+00:00
.amex,.amex,"Delegation of the .amex domain to American Express Travel Related Services Company, Inc.",2016-08-02,https://www.iana.org/reports/c.2.9.2.d/20160802-amex,https://www.iana.org/domains/root/db/amex.html,2026-10-04T08:27:16.118194+00:00
.amfam,.amfam,"Delegation of the .amfam domain to AmFam, Inc.",2016-07-20,https://www.iana.org/reports/c.2.9.2.d/20160720-amfam,https://www.iana.org/domains/root/db/amfam.html,2026-10-04T08:27:16.015453+00:00
.amica,.amica,Delegation of the .amica domain to Amica Mutual Insurance Company,2015-08-26,https://www.iana.org/reports/c.2.9.2.d/20150826-amica,https://www.iana.org/domains/root/db/amica.html,2026-10-04T08:27:16.016251+00:00
.amsterdam,.amsterdam,Delegation of the .amsterdam domain to Gemeente Amsterdam,2014-12-22,https://www.iana.org/reports/c.2.9.2.d/20141222-amsterdam,https://www.iana.org/domains/root/db/amsterdam.html,2026-10-04T06:22:18.500Z
.an,.an,"Report on the Delegation of the .CW domain representing Curaçao to the University of the Netherlands Antilles, and transitional arrangements for the .AN domain representing the Netherlands Antilles",2011-10-03,https://www.iana.org/reports/2011/cw-report-20111003.html,https://www.iana.org/domains/root/db/an.html,2026-10-04T06:22:18.500Z
.analytics,.analytics,Delegation of the .analytics domain to Campus IP LLC,2015-12-16,https://www.iana.org/reports/c.2.9.2.d/20151216-analytics,https://www.iana.org/domains/root/db/analytics.html,2026-10-04T08:27:16.072710+00:00
.android,.android,Delegation of the .android domain to Charleston Road Registry Inc.,2014-11-07,https://www.iana.org/reports/c.2.9.2.d/20141107-android,https://www.iana.org/domains/root/db/android.html,2026-10-04T08:27:16.364628+00:00
.anquan,.anquan,Delegation of the .anquan domain to QIHOO 360 Technology Co. Ltd.,2016-03-25,https://www.iana.org/reports/c.2.9.2.d/20160325-anquan,https://www.iana.org/domains/root/db/anquan.html,2026-10-04T08:27:16.095124+00:00
.anquan,.anquan,"Transfer of the .anquan domain to Beijing Qihu Keji Co., Ltd.",2025-10-24,https://www.iana.org/reports/tld-transfer/20251024-anquan,https://www.iana.org/domains/root/db/anquan.html,2026-10-04T08:27:16.095124+00:00
.anz,.anz,Delegation of the .anz domain to Australia and New Zealand Banking Group Limited,2016-06-15,https://www.iana.org/reports/c.2.9.2.d/20160615-anz,https://www.iana.org/domains/root/db/anz.html,2026-10-04T08:27:16.068575+00:00
.ao,.ao,Transfer of the .AO (Angola) top-level domain to the Ministry of Telecommunications and Information Technologies,2020-06-05,https://www.iana.org/reports/2020/ao-report-20200605.html,https://www.iana.org/domains/root/db/ao.html,2026-10-04T08:27:16.071635+00:00
.aol,.aol,Delegation of the .aol domain to AOL Inc.,2016-11-03,https://www.iana.org/reports/tld-transfer/20161103-aol,https://www.iana.org/domains/root/db/aol.html,2026-10-04T08:27:22.801593+00:00
.aol,.aol,Transfer of the .aol domain to AOL Media LLC,2026-05-26,https://www.iana.org/reports/tld-transfer/20260526-aol,https://www.iana.org/domains/root/db/aol.html,2026-10-04T08:27:22.801593+00:00
.apartments,.apartments,"Delegation of the .apartments domain to June Maple, LLC",2015-02-09,https://www.iana.org/reports/c.2.9.2.d/20150209-apartments,https://www.iana.org/domains/root/db/apartments.html,2026-10-04T08:27:22.887263+00:00
.apartments,.apartments,Transfer of the .academy domain and 195 others,2018-03-23,https://www.iana.org/reports/tld-transfer/20180323-binkymoon,https://www.iana.org/domains/root/db/apartments.html,2026-10-04T08:27:22.887263+00:00
.app,.app,Delegation of the .app domain to Charleston Road Registry Inc.,2015-06-29,https://www.iana.org/reports/c.2.9.2.d/20150629-app,https://www.iana.org/domains/root/db/app.html,2026-10-04T06:22:18.500Z
.apple,.apple,Delegation of the .apple domain to Apple Inc.,2015-10-27,https://www.iana.org/reports/c.2.9.2.d/20151027-apple,https://www.iana.org/domains/root/db/apple.html,2026-10-04T08:27:22.819872+00:00
.aquarelle,.aquarelle,Delegation of the .aquarelle domain to Aquarelle.com,2014-11-25,https://www.iana.org/reports/c.2.9.2.d/20141125-aquarelle,https://www.iana.org/domains/root/db/aquarelle.html,2026-10-04T08:27:23.073601+00:00
.arab,.arab,Delegation of the .arab domain to League of Arab States,2017-05-22,https://www.iana.org/reports/tld-transfer/20170522-arab,https://www.iana.org/domains/root/db/arab.html,2026-10-04T08:27:22.789110+00:00
.aramco,.aramco,Delegation of the .aramco domain to Aramco Services Company,2015-10-13,https://www.iana.org/reports/c.2.9.2.d/20151013-aramco,https://www.iana.org/domains/root/db/aramco.html,2026-10-04T08:27:22.858158+00:00
.archi,.archi,Delegation of the .archi domain to STARTING DOT LIMITED,2014-03-27,https://www.iana.org/reports/c.2.9.2.d/20140327-archi,https://www.iana.org/domains/root/db/archi.html,2026-10-04T08:27:22.786045+00:00
.archi,.archi,Transfer of the .archi domain to Afilias Limited,2019-05-08,https://www.iana.org/reports/tld-transfer/20190508-archi,https://www.iana.org/domains/root/db/archi.html,2026-10-04T08:27:22.786045+00:00
.army,.army,"Delegation of the .army domain to United TLD Holdco, Ltd",2014-06-02,https://www.iana.org/reports/c.2.9.2.d/20140602-army,https://www.iana.org/domains/root/db/army.html,2026-10-04T08:27:22.794715+00:00
.army,.army,"Transfer of the .army domain to Dog Beach, LLC",2021-06-02,https://www.iana.org/reports/tld-transfer/20210602-army,https://www.iana.org/domains/root/db/army.html,2026-10-04T08:27:22.794715+00:00
.art,.art,Delegation of the .art domain to UK Creative Ideas Limited,2016-06-22,https://www.iana.org/reports/c.2.9.2.d/20160622-art,https://www.iana.org/domains/root/db/art.html,2026-10-04T06:22:18.500Z
.arte,.arte,Delegation of the .arte domain to Association Relative à la Télévision Européenne G.E.I.E.,2015-10-16,https://www.iana.org/reports/c.2.9.2.d/20151016-arte,https://www.iana.org/domains/root/db/arte.html,2026-10-04T08:27:22.935742+00:00
.asda,.asda,"Delegation of the .asda domain to Wal-Mart Stores, Inc.",2016-08-10,https://www.iana.org/reports/c.2.9.2.d/20160810-asda,https://www.iana.org/domains/root/db/asda.html,2026-10-04T08:27:30.424133+00:00
.asda,.asda,Transfer of the .asda domain to Asda Stores Limited,2024-12-17,https://www.iana.org/reports/tld-transfer/20241217-asda,https://www.iana.org/domains/root/db/asda.html,2026-10-04T08:27:30.424133+00:00
.asia,.asia,IANA Report on the Delegation of the .ASIA Top-Level Domain,2007-04-12,https://www.iana.org/reports/2007/asia-report-12apr2007.html,https://www.iana.org/domains/root/db/asia.html,2026-10-04T06:22:18.500Z
.associates,.associates,"Delegation of the .associates domain to Baxter Hill, LLC",2014-04-09,https://www.iana.org/reports/c.2.9.2.d/20140409-associates,https://www.iana.org/domains/root/db/associates.html,2026-10-04T08:27:30.034413+00:00
.associates,.associates,Transfer of the .academy domain and 195 others,2018-03-23,https://www.iana.org/reports/tld-transfer/20180323-binkymoon,https://www.iana.org/domains/root/db/associates.html,2026-10-04T08:27:30.034413+00:00
.athleta,.athleta,"Delegation of the .athleta domain to The Gap, Inc.",2016-08-01,https://www.iana.org/reports/c.2.9.2.d/20160801-athleta,https://www.iana.org/domains/root/db/athleta.html,2026-10-04T08:27:30.066368+00:00
.attorney,.attorney,"Delegation of the .attorney domain to United TLD Holdco, Ltd",2014-05-28,https://www.iana.org/reports/c.2.9.2.d/20140528-attorney,https://www.iana.org/domains/root/db/attorney.html,2026-10-04T08:27:30.028234+00:00
.attorney,.attorney,"Transfer of the .attorney domain to Dog Beach, LLC",2021-06-02,https://www.iana.org/reports/tld-transfer/20210602-attorney,https://www.iana.org/domains/root/db/attorney.html,2026-10-04T08:27:30.028234+00:00
.au,.au,IANA Report on Request for Redelegation of the .AU Top-Level Domain,2001-08-31,https://www.iana.org/reports/2001/au-report-31aug01.html,https://www.iana.org/domains/root/db/au.html,2026-10-04T08:27:30.498760+00:00
.au,.au,Second IANA Report on Request for Redelegation of the .AU Top-Level Domain,2001-11-19,https://www.iana.org/reports/2001/au-report-19nov01.html,https://www.iana.org/domains/root/db/au.html,2026-10-04T08:27:30.498760+00:00
.auction,.auction,"Delegation of the .auction domain to Sand Galley, LLC",2014-07-14,https://www.iana.org/reports/c.2.9.2.d/20140714-auction,https://www.iana.org/domains/root/db/auction.html,2026-10-04T08:27:30.124684+00:00
.auction,.auction,"Transfer of the .auction domain to Dog Beach, LLC",2021-06-02,https://www.iana.org/reports/tld-transfer/20210602-auction,https://www.iana.org/domains/root/db/auction.html,2026-10-04T08:27:30.124684+00:00
.audi,.audi,Delegation of the .audi domain to Audi Aktiengesellschaft,2015-11-17,https://www.iana.org/reports/c.2.9.2.d/20151117-audi,https://www.iana.org/domains/root/db/audi.html,2026-10-04T08:27:30.567169+00:00
.audible,.audible,"Delegation of the .audible domain to Amazon Registry Services, Inc.",2016-06-03,https://www.iana.org/reports/c.2.9.2.d/20160603-audible,https://www.iana.org/domains/root/db/audible.html,2026-10-04T08:27:30.171680+00:00
.audio,.audio,"Delegation of the .audio domain to Uniregistry, Corp.",2014-05-12,https://www.iana.org/reports/c.2.9.2.d/20140512-audio,https://www.iana.org/domains/root/db/audio.html,2026-10-04T08:27:38.718128+00:00
.audio,.audio,Transfer of the .audio domain to XYZ.COM LLC,2022-03-23,https://www.iana.org/reports/tld-transfer/20220323-audio,https://www.iana.org/domains/root/db/audio.html,2026-10-04T08:27:38.718128+00:00
.auspost,.auspost,Delegation of the .auspost domain to Australian Postal Corporation,2016-08-15,https://www.iana.org/reports/c.2.9.2.d/20160815-auspost,https://www.iana.org/domains/root/db/auspost.html,2026-10-04T08:27:38.742290+00:00
.author,.author,"Delegation of the .author domain to Amazon Registry Services, Inc.",2015-12-02,https://www.iana.org/reports/c.2.9.2.d/20151202-author,https://www.iana.org/domains/root/db/author.html,2026-10-04T08:27:39.091154+00:00
.auto,.auto,"Delegation of the .auto domain to Uniregistry, Corp.",2015-04-29,https://www.iana.org/reports/c.2.9.2.d/20150429-auto,https://www.iana.org/domains/root/db/auto.html,2026-10-04T08:27:38.685902+00:00
.auto,.auto,Transfer of the .auto domain to XYZ.COM LLC,2020-09-22,https://www.iana.org/reports/tld-transfer/20200922-auto,https://www.iana.org/domains/root/db/auto.html,2026-10-04T08:27:38.685902+00:00
.autos,.autos,"Delegation of the .autos domain to DERAutos, LLC",2014-05-19,https://www.iana.org/reports/c.2.9.2.d/20140519-autos,https://www.iana.org/domains/root/db/autos.html,2026-10-04T08:27:38.812512+00:00
.autos,.autos,Transfer of the .autos domain to XYZ.COM LLC,2021-04-05,https://www.iana.org/reports/tld-transfer/20210405-autos,https://www.iana.org/domains/root/db/autos.html,2026-10-04T08:27:38.812512+00:00
.avianca,.avianca,Delegation of the .avianca domain to Aerovias del Continente Americano S.A. Avianca,2016-03-07,https://www.iana.org/reports/c.2.9.2.d/20160307-avianca,https://www.iana.org/domains/root/db/avianca.html,2026-10-04T08:27:38.666343+00:00
.avianca,.avianca,Delegation of the .avianca domain to Aerovias del Continente Americano S.A. Avianca,2016-03-07,https://www.iana.org/reports/c.2.9.2.d/20160307-avianca,https://www.iana.org/domains/root/db/avianca.html,2026-10-04T08:27:38.666343+00:00
.avianca,.avianca,Transfer of the .avianca domain to Avianca Holdings S.A.,2019-12-11,https://www.iana.org/reports/tld-transfer/20191211-avianca,https://www.iana.org/domains/root/db/avianca.html,2026-10-04T08:27:38.666343+00:00
.avianca,.avianca,Revocation of the .avianca domain,2024-03-27,https://www.iana.org/reports/tld-transfer/20240327-avianca,https://www.iana.org/domains/root/db/avianca.html,2026-10-04T08:27:38.666343+00:00
.aws,.aws,"Delegation of the .aws domain to Amazon Registry Services, Inc.",2016-03-23,https://www.iana.org/reports/c.2.9.2.d/20160323-aws,https://www.iana.org/domains/root/db/aws.html,2026-10-04T08:27:38.762686+00:00
.aws,.aws,Transfer of the .aws domain to AWS Registry LLC,2021-01-05,https://www.iana.org/reports/tld-transfer/20210105-aws,https://www.iana.org/domains/root/db/aws.html,2026-10-04T08:27:38.762686+00:00
.ax,.ax,IANA Report on the Delegation of the .AX Top-Level Domain,2006-06-09,https://www.iana.org/reports/2006/ax-report-09jun2006.pdf,https://www.iana.org/domains/root/db/ax.html,2026-10-04T08:27:38.638844+00:00
.axa,.axa,Delegation of the .axa domain to AXA SA,2014-03-17,https://www.iana.org/reports/c.2.9.2.d/20140317-axa,https://www.iana.org/domains/root/db/axa.html,2026-10-04T08:27:38.633483+00:00
.axa,.axa,Transfer of the .axa domain to AXA Group Operations SAS,2020-11-11,https://www.iana.org/reports/tld-transfer/20201111-axa,https://www.iana.org/domains/root/db/axa.html,2026-10-04T08:27:38.633483+00:00
.azure,.azure,Delegation of the .azure domain to Microsoft Corporation,2015-06-04,https://www.iana.org/reports/c.2.9.2.d/20150604-azure,https://www.iana.org/domains/root/db/azure.html,2026-10-04T08:27:44.649621+00:00
.baby,.baby,"Delegation of the .baby domain to Johnson & Johnson Services, Inc.",2016-04-06,https://www.iana.org/reports/c.2.9.2.d/20160406-baby,https://www.iana.org/domains/root/db/baby.html,2026-10-04T08:27:44.642425+00:00
.baby,.baby,Transfer of the .baby domain to XYZ.COM LLC,2019-03-24,https://www.iana.org/reports/tld-transfer/20190324-baby,https://www.iana.org/domains/root/db/baby.html,2026-10-04T08:27:44.642425+00:00
.baidu,.baidu,"Delegation of the .baidu domain to Baidu, Inc.",2015-12-29,https://www.iana.org/reports/c.2.9.2.d/20151229-baidu,https://www.iana.org/domains/root/db/baidu.html,2026-10-04T08:27:44.823500+00:00
.banamex,.banamex,Delegation of the .banamex domain to Citigroup Inc.,2016-07-26,https://www.iana.org/reports/c.2.9.2.d/20160726-banamex,https://www.iana.org/domains/root/db/banamex.html,2026-10-04T08:27:44.650195+00:00
.bananarepublic,.bananarepublic,"Delegation of the .bananarepublic domain to The Gap, Inc.",2016-08-01,https://www.iana.org/reports/c.2.9.2.d/20160801-bananarepublic,https://www.iana.org/domains/root/db/bananarepublic.html,2026-10-04T08:27:44.567296+00:00
.bananarepublic,.bananarepublic,Revocation of the .bananarepublic domain,2024-01-22,https://www.iana.org/reports/tld-transfer/20240122-bananarepublic,https://www.iana.org/domains/root/db/bananarepublic.html,2026-10-04T08:27:44.567296+00:00
.band,.band,"Delegation of the .band domain to United TLD Holdco, Ltd",2014-10-02,https://www.iana.org/reports/c.2.9.2.d/20141002-band,https://www.iana.org/domains/root/db/band.html,2026-10-04T08:27:44.550988+00:00
.band,.band,"Transfer of the .band domain to Dog Beach, LLC",2021-06-02,https://www.iana.org/reports/tld-transfer/20210602-band,https://www.iana.org/domains/root/db/band.html,2026-10-04T08:27:44.550988+00:00
.bank,.bank,"Delegation of the .bank domain to fTLD Registry Services, LLC",2015-01-05,https://www.iana.org/reports/c.2.9.2.d/20150105-bank,https://www.iana.org/domains/root/db/bank.html,2026-10-04T06:22:18.500Z
.bar,.bar,Delegation of the .bar domain to Punto 2012 Sociedad Anonima Promotora de Inversion de Capital Variable,2014-02-25,https://www.iana.org/reports/c.2.9.2.d/20140225-bar,https://www.iana.org/domains/root/db/bar.html,2026-10-04T08:27:44.536072+00:00
.barcelona,.barcelona,Delegation of the .barcelona domain to Municipi de Barcelona,2015-07-06,https://www.iana.org/reports/c.2.9.2.d/20150706-barcelona,https://www.iana.org/domains/root/db/barcelona.html,2026-10-04T06:22:18.500Z
.barclaycard,.barclaycard,Delegation of the .barclaycard domain to Barclays Bank PLC,2015-01-21,https://www.iana.org/reports/c.2.9.2.d/20150121-barclaycard,https://www.iana.org/domains/root/db/barclaycard.html,2026-10-04T08:27:44.648287+00:00
.barclays,.barclays,Delegation of the .barclays domain to Barclays Bank PLC,2015-01-21,https://www.iana.org/reports/c.2.9.2.d/20150121-barclays,https://www.iana.org/domains/root/db/barclays.html,2026-10-04T08:27:50.385808+00:00
.barefoot,.barefoot,"Delegation of the .barefoot domain to Gallo Vineyards, Inc.",2016-03-22,https://www.iana.org/reports/c.2.9.2.d/20160322-barefoot,https://www.iana.org/domains/root/db/barefoot.html,2026-10-04T08:27:50.325860+00:00
.bargains,.bargains,"Delegation of the .BARGAINS domain to Half Hallow, LLC",2014-01-17,https://www.iana.org/reports/c.2.9.2.d/20140117-bargains,https://www.iana.org/domains/root/db/bargains.html,2026-10-04T08:27:50.401244+00:00
.bargains,.bargains,Transfer of the .academy domain and 195 others,2018-03-23,https://www.iana.org/reports/tld-transfer/20180323-binkymoon,https://www.iana.org/domains/root/db/bargains.html,2026-10-04T08:27:50.401244+00:00
.baseball,.baseball,"Delegation of the .baseball domain to MLB Advanced Media DH, LLC",2016-10-28,https://www.iana.org/reports/tld-transfer/20161028-baseball,https://www.iana.org/domains/root/db/baseball.html,2026-10-04T08:27:50.772511+00:00
.basketball,.basketball,Delegation of the .basketball domain to Fédération Internationale de Basketball (FIBA),2016-10-18,https://www.iana.org/reports/tld-transfer/20161018-basketball,https://www.iana.org/domains/root/db/basketball.html,2026-10-04T08:27:50.378052+00:00
.bauhaus,.bauhaus,Delegation of the .bauhaus domain to Werkhaus GmbH,2015-04-03,https://www.iana.org/reports/c.2.9.2.d/20150403-bauhaus,https://www.iana.org/domains/root/db/bauhaus.html,2026-10-04T08:27:50.383358+00:00
.bayern,.bayern,Delegation of the .bayern domain to Bayern Connect GmbH,2014-04-29,https://www.iana.org/reports/c.2.9.2.d/20140429-bayern,https://www.iana.org/domains/root/db/bayern.html,2026-10-04T08:27:50.852961+00:00
.bb,.bb,"Report on the Redelegation of the .BB Top-Level Domain to the ""Ministry of Economic Affairs and Development’s Telecommunications Unit""",2007-11-20,https://www.iana.org/reports/2007/bb-report-20nov2007.html,https://www.iana.org/domains/root/db/bb.html,2026-10-04T08:27:51.013068+00:00
.bbc,.bbc,Delegation of the .bbc domain to British Broadcasting Corporation,2015-03-18,https://www.iana.org/reports/c.2.9.2.d/20150318-bbc,https://www.iana.org/domains/root/db/bbc.html,2026-10-04T08:27:50.968802+00:00
.bbt,.bbt,Delegation of the .bbt domain to BB&T Corporation,2016-07-13,https://www.iana.org/reports/c.2.9.2.d/20160713-bbt,https://www.iana.org/domains/root/db/bbt.html,2026-10-04T08:27:50.413786+00:00
.bbva,.bbva,"Delegation of the .bbva domain to Banco Bilbao Vizcaya Argentaria, S.A.",2015-05-22,https://www.iana.org/reports/c.2.9.2.d/20150522-bbva,https://www.iana.org/domains/root/db/bbva.html,2026-10-04T08:27:56.713817+00:00
.bcg,.bcg,"Delegation of the .bcg domain to The Boston Consulting Group, Inc.",2016-03-07,https://www.iana.org/reports/c.2.9.2.d/20160307-bcg,https://www.iana.org/domains/root/db/bcg.html,2026-10-04T08:27:56.777242+00:00
.bcn,.bcn,Delegation of the .bcn domain to Municipi de Barcelona,2015-07-06,https://www.iana.org/reports/c.2.9.2.d/20150706-bcn,https://www.iana.org/domains/root/db/bcn.html,2026-10-04T08:27:56.844088+00:00
.beats,.beats,"Delegation of the .beats domain to Beats Electronics, LLC",2015-10-27,https://www.iana.org/reports/c.2.9.2.d/20151027-beats,https://www.iana.org/domains/root/db/beats.html,2026-10-04T08:27:56.816077+00:00
.beauty,.beauty,Delegation of the .beauty domain to L'Oréal,2016-07-13,https://www.iana.org/reports/c.2.9.2.d/20160713-beauty,https://www.iana.org/domains/root/db/beauty.html,2026-10-04T08:27:56.802131+00:00
.beauty,.beauty,Transfer of the .beauty domain to XYZ.COM LLC,2020-09-15,https://www.iana.org/reports/tld-transfer/20200915-beauty,https://www.iana.org/domains/root/db/beauty.html,2026-10-04T08:27:56.802131+00:00
.beer,.beer,Delegation of the .beer domain to Top Level Domain Holdings Limited,2014-05-12,https://www.iana.org/reports/c.2.9.2.d/20140512-beer,https://www.iana.org/domains/root/db/beer.html,2026-10-04T06:22:18.500Z
.beer,.beer,"Transfer of the .beer domain to Registry Services, LLC",2021-09-14,https://www.iana.org/reports/tld-transfer/20210914-beer,https://www.iana.org/domains/root/db/beer.html,2026-10-04T06:22:18.500Z
.bentley,.bentley,Delegation of the .bentley domain to Bentley Motors Limited,2015-07-07,https://www.iana.org/reports/c.2.9.2.d/20150707-bentley,https://www.iana.org/domains/root/db/bentley.html,2026-10-04T08:27:56.814222+00:00
.bentley,.bentley,Revocation of the .bentley domain,2025-04-23,https://www.iana.org/reports/tld-transfer/20250423-bentley,https://www.iana.org/domains/root/db/bentley.html,2026-10-04T08:27:56.814222+00:00
.berlin,.berlin,Delegation of the .BERLIN domain to dotBERLIN GmbH & Co. KG,2014-01-03,https://www.iana.org/reports/c.2.9.2.d/20140103-berlin,https://www.iana.org/domains/root/db/berlin.html,2026-10-04T06:22:18.500Z
.best,.best,Delegation of the .best domain to BestTLD Pty Ltd,2014-02-25,https://www.iana.org/reports/c.2.9.2.d/20140225-best,https://www.iana.org/domains/root/db/best.html,2026-10-04T08:27:57.055644+00:00
.bestbuy,.bestbuy,"Delegation of the .bestbuy domain to BBY Solutions, Inc.",2016-07-15,https://www.iana.org/reports/c.2.9.2.d/20160715-bestbuy,https://www.iana.org/domains/root/db/bestbuy.html,2026-10-04T08:27:57.131263+00:00
.bet,.bet,Delegation of the .bet domain to Afilias plc,2015-07-21,https://www.iana.org/reports/c.2.9.2.d/20150721-bet,https://www.iana.org/domains/root/db/bet.html,2026-10-04T08:28:04.474934+00:00
.bf,.bf,Report on the Redelegation of the .BF domain representing Burkina Faso to the Autorité de Régulation des Communications Electroniques,2011-01-07,https://www.iana.org/reports/2011/bf-report-07jan2011.html,https://www.iana.org/domains/root/db/bf.html,2026-10-04T08:28:04.620887+00:00
.bh,.bh,Report on the Redelegation of the .BH domain representing Bahrain to the Telecommunications Regulatory Authority,2012-01-08,https://www.iana.org/reports/2012/bh-report-20120108.html,https://www.iana.org/domains/root/db/bh.html,2026-10-04T08:28:04.485808+00:00
.bharti,.bharti,Delegation of the .bharti domain to Bharti Enterprises (Holding) Private Limited,2015-06-09,https://www.iana.org/reports/c.2.9.2.d/20150609-bharti,https://www.iana.org/domains/root/db/bharti.html,2026-10-04T08:28:04.399675+00:00
.bi,.bi,IANA Report on Redelegation of the .BI Top-Level Domain,2002-07-16,https://www.iana.org/reports/2002/bi-report-16jul02.html,https://www.iana.org/domains/root/db/bi.html,2026-10-04T08:28:04.642820+00:00
.bible,.bible,Delegation of the .bible domain to American Bible Society,2015-05-29,https://www.iana.org/reports/c.2.9.2.d/20150529-bible,https://www.iana.org/domains/root/db/bible.html,2026-10-04T06:22:18.500Z
.bid,.bid,Delegation of the .bid domain to dot Bid Limited,2014-02-26,https://www.iana.org/reports/c.2.9.2.d/20140226-bid,https://www.iana.org/domains/root/db/bid.html,2026-10-04T08:28:04.496263+00:00
.bike,.bike,"Delegation of the .BIKE domain to Grand Hollow, LLC",2013-11-11,https://www.iana.org/reports/c.2.9.2.d/20131111-bike,https://www.iana.org/domains/root/db/bike.html,2026-10-04T08:28:04.393489+00:00
.bike,.bike,Transfer of the .academy domain and 195 others,2018-03-23,https://www.iana.org/reports/tld-transfer/20180323-binkymoon,https://www.iana.org/domains/root/db/bike.html,2026-10-04T08:28:04.393489+00:00
.bing,.bing,Delegation of the .bing domain to Microsoft Corporation,2015-06-04,https://www.iana.org/reports/c.2.9.2.d/20150604-bing,https://www.iana.org/domains/root/db/bing.html,2026-10-04T08:28:04.394412+00:00
.bingo,.bingo,"Delegation of the .bingo domain to Sand Cedar, LLC",2015-02-03,https://www.iana.org/reports/c.2.9.2.d/20150203-bingo,https://www.iana.org/domains/root/db/bingo.html,2026-10-04T08:28:04.464248+00:00
.bingo,.bingo,Transfer of the .academy domain and 195 others,2018-03-23,https://www.iana.org/reports/tld-transfer/20180323-binkymoon,https://www.iana.org/domains/root/db/bingo.html,2026-10-04T08:28:04.464248+00:00
.bio,.bio,Delegation of the .bio domain to Starting Dot Limited,2014-05-29,https://www.iana.org/reports/c.2.9.2.d/20140529-bio,https://www.iana.org/domains/root/db/bio.html,2026-10-04T08:28:10.551027+00:00
.bio,.bio,Transfer of the .bio domain to Afilias Limited,2019-05-08,https://www.iana.org/reports/tld-transfer/20190508-bio,https://www.iana.org/domains/root/db/bio.html,2026-10-04T08:28:10.551027+00:00
.biz,.biz,IANA Report on Establishment of the .BIZ and .INFO Top-Level Domains,2001-06-25,https://www.iana.org/reports/2001/biz-info-report-25jun01.html,https://www.iana.org/domains/root/db/biz.html,2026-10-04T08:28:10.468948+00:00
.biz,.biz,"Transfer of the .biz domain to Registry Services, LLC",2020-10-19,https://www.iana.org/reports/tld-transfer/20201019-biz,https://www.iana.org/domains/root/db/biz.html,2026-10-04T08:28:10.468948+00:00
.bj,.bj,Transfer of the .BJ (Benin) top-level domain to Autorité de Régulation des Communications Electroniques et de la Poste du Bénin (ARCEP BENIN),2019-06-07,https://www.iana.org/reports/2019/bj-report-20190607.html,https://www.iana.org/domains/root/db/bj.html,2026-10-04T08:28:10.572617+00:00
.black,.black,Delegation of the .black domain to Afilias Limited,2014-03-25,https://www.iana.org/reports/c.2.9.2.d/20140325-black,https://www.iana.org/domains/root/db/black.html,2026-10-04T08:28:10.461645+00:00
.blackfriday,.blackfriday,"Delegation of the .blackfriday domain to Uniregistry, Corp.",2014-04-18,https://www.iana.org/reports/c.2.9.2.d/20140418-blackfriday,https://www.iana.org/domains/root/db/blackfriday.html,2026-10-04T08:28:10.471363+00:00
.blackfriday,.blackfriday,"Transfer of the .blackfriday domain to Registry Services, LLC",2022-06-07,https://www.iana.org/reports/tld-transfer/20220607-blackfriday,https://www.iana.org/domains/root/db/blackfriday.html,2026-10-04T08:28:10.471363+00:00
.blanco,.blanco,Delegation of the .blanco domain to Blanco GmbH + Co. KG,2016-06-16,https://www.iana.org/reports/c.2.9.2.d/20160616-blanco,https://www.iana.org/domains/root/db/blanco.html,2026-10-04T08:28:10.500247+00:00
.blanco,.blanco,Revocation of the .blanco domain,2019-02-12,https://www.iana.org/reports/tld-transfer/20190212-blanco,https://www.iana.org/domains/root/db/blanco.html,2026-10-04T08:28:10.500247+00:00
.blockbuster,.blockbuster,Delegation of the .blockbuster domain to Dish DBS Corporation,2016-07-29,https://www.iana.org/reports/c.2.9.2.d/20160729-blockbuster,https://www.iana.org/domains/root/db/blockbuster.html,2026-10-04T08:28:10.855778+00:00
.blog,.blog,"Delegation of the .blog domain to Knock Knock WHOIS There, LLC",2016-05-16,https://www.iana.org/reports/c.2.9.2.d/20160516-blog,https://www.iana.org/domains/root/db/blog.html,2026-10-04T06:22:18.500Z
.bloomberg,.bloomberg,Delegation of the .bloomberg domain to Bloomberg IP Holdings LLC,2014-10-31,https://www.iana.org/reports/c.2.9.2.d/20141031-bloomberg,https://www.iana.org/domains/root/db/bloomberg.html,2026-10-04T08:28:10.600959+00:00
.blue,.blue,Delegation of the .blue domain to Afilias Limited,2014-01-29,https://www.iana.org/reports/c.2.9.2.d/20140129-blue,https://www.iana.org/domains/root/db/blue.html,2026-10-04T08:28:10.856653+00:00
.bm,.bm,"Report on the Redelegation of the .BM Top-Level Domain to the ""Registrar General of Bermuda""",2007-10-16,https://www.iana.org/reports/2007/bm-report-16oct2007.html,https://www.iana.org/domains/root/db/bm.html,2026-10-04T08:28:16.305868+00:00
.bms,.bms,Delegation of the .bms domain to Bristol-Myers Squibb Company,2015-09-15,https://www.iana.org/reports/c.2.9.2.d/20150917-bms,https://www.iana.org/domains/root/db/bms.html,2026-10-04T08:28:16.660102+00:00
.bmw,.bmw,Delegation of the .bmw domain to Bayerische Motoren Werke Aktiengesellschaft,2014-06-18,https://www.iana.org/reports/c.2.9.2.d/20140618-bmw,https://www.iana.org/domains/root/db/bmw.html,2026-10-04T08:28:16.371508+00:00
.bn,.bn,Redelegation of the .BN domain representing Brunei Darussalam to Brunei Darussalam Network Information Centre Sdn Bhd (BNNIC),2015-04-13,https://www.iana.org/reports/2015/bn-report-20150413.html,https://www.iana.org/domains/root/db/bn.html,2026-10-04T08:28:16.469833+00:00
.bnl,.bnl,Delegation of the .bnl domain to Banca Nazionale del Lavoro,2015-06-23,https://www.iana.org/reports/c.2.9.2.d/20150623-bnl,https://www.iana.org/domains/root/db/bnl.html,2026-10-04T08:28:16.894202+00:00
.bnl,.bnl,Revocation of the .bnl domain,2019-07-29,https://www.iana.org/reports/tld-transfer/20190729-bnl,https://www.iana.org/domains/root/db/bnl.html,2026-10-04T08:28:16.894202+00:00
.bnpparibas,.bnpparibas,Delegation of the .bnpparibas domain to BNP Paribas,2014-08-11,https://www.iana.org/reports/c.2.9.2.d/20140811-bnpparibas,https://www.iana.org/domains/root/db/bnpparibas.html,2026-10-04T08:28:16.374320+00:00
.boats,.boats,"Delegation of the .boats domain to DERBoats, LLC",2015-02-23,https://www.iana.org/reports/c.2.9.2.d/20150223-boats,https://www.iana.org/domains/root/db/boats.html,2026-10-04T08:28:16.361419+00:00
.boats,.boats,Transfer of the .boats domain to XYZ.COM LLC,2021-04-05,https://www.iana.org/reports/tld-transfer/20210405-boats,https://www.iana.org/domains/root/db/boats.html,2026-10-04T08:28:16.361419+00:00
.boehringer,.boehringer,Delegation of the .boehringer domain to Boehringer Ingelheim International GmbH,2015-11-17,https://www.iana.org/reports/c.2.9.2.d/20151117-boehringer,https://www.iana.org/domains/root/db/boehringer.html,2026-10-04T08:28:16.808989+00:00
.bofa,.bofa,"Delegation of the .bofa domain to NMS Services, Inc.",2016-08-01,https://www.iana.org/reports/c.2.9.2.d/20160801-bofa,https://www.iana.org/domains/root/db/bofa.html,2026-10-04T08:28:16.484288+00:00
.bofa,.bofa,Transfer of the .bofa domain to Bank of America Corporation,2017-10-09,https://www.iana.org/reports/tld-transfer/20171009-bofa,https://www.iana.org/domains/root/db/bofa.html,2026-10-04T08:28:16.484288+00:00
.bom,.bom,Delegation of the .bom domain to Núcleo de Informação e Coordenação do Ponto BR - NIC.br,2015-09-25,https://www.iana.org/reports/c.2.9.2.d/20150925-bom,https://www.iana.org/domains/root/db/bom.html,2026-10-04T08:28:23.040045+00:00
.bond,.bond,Delegation of the .bond domain to Bond University Limited,2015-03-23,https://www.iana.org/reports/c.2.9.2.d/20150323-bond,https://www.iana.org/domains/root/db/bond.html,2026-10-04T08:28:23.361927+00:00
.bond,.bond,Transfer of the .bond domain to Shortdot SA,2019-09-20,https://www.iana.org/reports/tld-transfer/20190920-bond,https://www.iana.org/domains/root/db/bond.html,2026-10-04T08:28:23.361927+00:00
.boo,.boo,Delegation of the .boo domain to Charleston Road Registry Inc.,2014-08-28,https://www.iana.org/reports/c.2.9.2.d/20140828-boo,https://www.iana.org/domains/root/db/boo.html,2026-10-04T08:28:23.025612+00:00
.book,.book,"Delegation of the .book domain to Amazon Registry Services, Inc.",2015-12-02,https://www.iana.org/reports/c.2.9.2.d/20151202-book,https://www.iana.org/domains/root/db/book.html,2026-10-04T06:22:18.500Z
.booking,.booking,Delegation of the .booking domain to Booking.com B.V.,2016-07-19,https://www.iana.org/reports/c.2.9.2.d/20160719-booking,https://www.iana.org/domains/root/db/booking.html,2026-10-04T08:28:23.317378+00:00
.boots,.boots,Delegation of the .boots domain to The Boots Company PLC,2015-08-03,https://www.iana.org/reports/c.2.9.2.d/20150803-boots,https://www.iana.org/domains/root/db/boots.html,2026-10-04T08:28:23.088984+00:00
.boots,.boots,Revocation of the .boots domain,2018-04-05,https://www.iana.org/reports/tld-transfer/20180405-boots,https://www.iana.org/domains/root/db/boots.html,2026-10-04T08:28:23.088984+00:00
.bosch,.bosch,Delegation of the .bosch domain to Robert Bosch GMBH,2015-12-22,https://www.iana.org/reports/c.2.9.2.d/20151222-bosch,https://www.iana.org/domains/root/db/bosch.html,2026-10-04T08:28:23.393021+00:00
.bostik,.bostik,Delegation of the .bostik domain to Bostik SA,2015-11-20,https://www.iana.org/reports/c.2.9.2.d/20151120-bostik,https://www.iana.org/domains/root/db/bostik.html,2026-10-04T08:28:23.138177+00:00
.boston,.boston,"Delegation of the .boston domain to Boston TLD Management, LLC",2016-11-28,https://www.iana.org/reports/tld-transfer/20161128-boston,https://www.iana.org/domains/root/db/boston.html,2026-10-04T08:28:23.136829+00:00
.boston,.boston,"Transfer of the .boston domain to Registry Services, LLC",2022-01-21,https://www.iana.org/reports/tld-transfer/20220121-boston,https://www.iana.org/domains/root/db/boston.html,2026-10-04T08:28:23.136829+00:00
.bot,.bot,"Delegation of the .bot domain to Amazon Registry Services, Inc.",2015-12-02,https://www.iana.org/reports/c.2.9.2.d/20151202-bot,https://www.iana.org/domains/root/db/bot.html,2026-10-04T08:28:23.033938+00:00
.boutique,.boutique,"Delegation of the .BOUTIQUE domain to Over Galley, LLC",2014-01-17,https://www.iana.org/reports/c.2.9.2.d/20140117-boutique,https://www.iana.org/domains/root/db/boutique.html,2026-10-04T08:28:23.018763+00:00
.boutique,.boutique,Transfer of the .academy domain and 195 others,2018-03-23,https://www.iana.org/reports/tld-transfer/20180323-binkymoon,https://www.iana.org/domains/root/db/boutique.html,2026-10-04T08:28:23.018763+00:00
.box,.box,Delegation of the .box domain to NS1 Limited,2016-11-11,https://www.iana.org/reports/tld-transfer/20161111-box,https://www.iana.org/domains/root/db/box.html,2026-10-04T08:28:30.004069+00:00
.box,.box,Transfer of the .box domain to .Box Inc.,2020-07-23,https://www.iana.org/reports/tld-transfer/20200723-box,https://www.iana.org/domains/root/db/box.html,2026-10-04T08:28:30.004069+00:00
.box,.box,Transfer of the .box domain to Intercap Registry Inc.,2020-10-09,https://www.iana.org/reports/tld-transfer/20201009-box,https://www.iana.org/domains/root/db/box.html,2026-10-04T08:28:30.004069+00:00
.bradesco,.bradesco,Delegation of the .bradesco domain to Banco Bradesco S.A.,2015-06-24,https://www.iana.org/reports/c.2.9.2.d/20150624-bradesco,https://www.iana.org/domains/root/db/bradesco.html,2026-10-04T08:28:30.161643+00:00
.bridgestone,.bridgestone,Delegation of the .bridgestone domain to Bridgestone Corporation,2015-04-28,https://www.iana.org/reports/c.2.9.2.d/20150428-bridgestone,https://www.iana.org/domains/root/db/bridgestone.html,2026-10-04T08:28:29.674620+00:00
.broadway,.broadway,"Delegation of the .broadway domain to Celebrate Broadway, Inc.",2015-11-16,https://www.iana.org/reports/c.2.9.2.d/20151116-broadway,https://www.iana.org/domains/root/db/broadway.html,2026-10-04T08:28:30.080828+00:00
.broker,.broker,Delegation of the .broker domain to Dotbroker Registry Ltd,2015-04-20,https://www.iana.org/reports/c.2.9.2.d/20150420-broker,https://www.iana.org/domains/root/db/broker.html,2026-10-04T08:28:29.786573+00:00
.broker,.broker,"Transfer of the .broker domain to Dog Beach, LLC",2021-06-29,https://www.iana.org/reports/tld-transfer/20210629-broker,https://www.iana.org/domains/root/db/broker.html,2026-10-04T08:28:29.786573+00:00
.brother,.brother,"Delegation of the .brother domain to Brother Industries, Ltd.",2015-05-08,https://www.iana.org/reports/c.2.9.2.d/20150508-brother,https://www.iana.org/domains/root/db/brother.html,2026-10-04T08:28:30.006339+00:00
.brussels,.brussels,Delegation of the .brussels domain to DNS.be vzw,2014-06-12,https://www.iana.org/reports/c.2.9.2.d/20140612-brussels,https://www.iana.org/domains/root/db/brussels.html,2026-10-04T08:28:29.643260+00:00
.budapest,.budapest,Delegation of the .budapest domain to Top Level Domain Holdings Limited,2014-09-19,https://www.iana.org/reports/c.2.9.2.d/20140919-budapest,https://www.iana.org/domains/root/db/budapest.html,2026-10-04T08:28:36.202390+00:00
.budapest,.budapest,Revocation of the .budapest domain,2022-02-17,https://www.iana.org/reports/tld-transfer/20220217-budapest,https://www.iana.org/domains/root/db/budapest.html,2026-10-04T08:28:36.202390+00:00
.bugatti,.bugatti,Delegation of the .bugatti domain to Bugatti International SA,2015-11-17,https://www.iana.org/reports/c.2.9.2.d/20151117-bugatti,https://www.iana.org/domains/root/db/bugatti.html,2026-10-04T08:28:35.891910+00:00
.bugatti,.bugatti,Revocation of the .bugatti domain,2022-10-07,https://www.iana.org/reports/tld-transfer/20221007-bugatti,https://www.iana.org/domains/root/db/bugatti.html,2026-10-04T08:28:35.891910+00:00
.build,.build,Delegation of the .BUILD domain to Plan Bee LLC,2014-01-16,https://www.iana.org/reports/c.2.9.2.d/20140116-build,https://www.iana.org/domains/root/db/build.html,2026-10-04T08:28:35.953394+00:00
.builders,.builders,"Delegation of the .BUILDERS domain to Atomic Madison, LLC",2013-12-20,https://www.iana.org/reports/c.2.9.2.d/20131220-builders,https://www.iana.org/domains/root/db/builders.html,2026-10-04T08:28:35.940180+00:00
.builders,.builders,Transfer of the .academy domain and 195 others,2018-03-23,https://www.iana.org/reports/tld-transfer/20180323-binkymoon,https://www.iana.org/domains/root/db/builders.html,2026-10-04T08:28:35.940180+00:00
.business,.business,"Delegation of the .business domain to Spring Cross, LLC",2014-08-21,https://www.iana.org/reports/c.2.9.2.d/20140821-business,https://www.iana.org/domains/root/db/business.html,2026-10-04T08:28:35.896825+00:00
.business,.business,Transfer of the .academy domain and 195 others,2018-03-23,https://www.iana.org/reports/tld-transfer/20180323-binkymoon,https://www.iana.org/domains/root/db/business.html,2026-10-04T08:28:35.896825+00:00
.buy,.buy,"Delegation of the .buy domain to Amazon Registry Services, Inc.",2015-12-02,https://www.iana.org/reports/c.2.9.2.d/20151202-buy,https://www.iana.org/domains/root/db/buy.html,2026-10-04T08:28:36.196580+00:00
.buzz,.buzz,Delegation of the .BUZZ domain to DOTSTRATEGY CO.,2013-12-16,https://www.iana.org/reports/c.2.9.2.d/20131216-buzz,https://www.iana.org/domains/root/db/buzz.html,2026-10-04T08:28:36.028702+00:00
.bw,.bw,Report on the Redelegation of the .BW domain representing Botswana to Botswana Communications Regulatory Authority,2013-08-08,https://www.iana.org/reports/2013/bw-report-20130808.html,https://www.iana.org/domains/root/db/bw.html,2026-10-04T08:28:35.924550+00:00
.by,.by,"Report on the Redelegation of the .BY Top-Level Domain to ""Open Contact Ltd""",2009-02-03,https://www.iana.org/reports/2009/by-report-03feb2009.html,https://www.iana.org/domains/root/db/by.html,2026-10-04T08:28:35.859388+00:00
.by,.by,Report on the Redelegation of the .BY domain representing Belarus to Reliable Software Inc.,2012-01-07,https://www.iana.org/reports/2012/by-report-20120107.html,https://www.iana.org/domains/root/db/by.html,2026-10-04T08:28:35.859388+00:00
.by,.by,Transfer of the .BY top-level domain and the .бел (“bel”) top-level domain representing Belarus to Belarusian Cloud Technologies LLC,2022-05-27,https://www.iana.org/reports/2022/belarus-report-20220527.html,https://www.iana.org/domains/root/db/by.html,2026-10-04T08:28:35.859388+00:00
.bzh,.bzh,Delegation of the .bzh domain to Association www.bzh,2014-06-12,https://www.iana.org/reports/c.2.9.2.d/20140612-bzh,https://www.iana.org/domains/root/db/bzh.html,2026-10-04T08:28:42.720993+00:00
.ca,.ca,IANA Report on Request for Redelegation of .CA Top-Level Domain,2000-12-01,https://www.iana.org/reports/2000/ca-report-01dec00.html,https://www.iana.org/domains/root/db/ca.html,2026-10-04T08:28:42.688937+00:00
.cab,.cab,"Delegation of the .CAB domain to Half Sunset, LLC",2013-12-12,https://www.iana.org/reports/c.2.9.2.d/20131212-cab,https://www.iana.org/domains/root/db/cab.html,2026-10-04T08:28:42.696780+00:00
.cab,.cab,Transfer of the .academy domain and 195 others,2018-03-23,https://www.iana.org/reports/tld-transfer/20180323-binkymoon,https://www.iana.org/domains/root/db/cab.html,2026-10-04T08:28:42.696780+00:00
.cafe,.cafe,"Delegation of the .cafe domain to Pioneer Canyon, LLC",2015-04-03,https://www.iana.org/reports/c.2.9.2.d/20150403-cafe,https://www.iana.org/domains/root/db/cafe.html,2026-10-04T08:28:42.617387+00:00
.cafe,.cafe,Transfer of the .academy domain and 195 others,2018-03-23,https://www.iana.org/reports/tld-transfer/20180323-binkymoon,https://www.iana.org/domains/root/db/cafe.html,2026-10-04T08:28:42.617387+00:00
.cal,.cal,Delegation of the .cal domain to Charleston Road Registry Inc.,2014-09-10,https://www.iana.org/reports/c.2.9.2.d/20140910-cal,https://www.iana.org/domains/root/db/cal.html,2026-10-04T08:28:42.535903+00:00
.call,.call,"Delegation of the .call domain to Amazon Registry Services, Inc.",2015-12-02,https://www.iana.org/reports/c.2.9.2.d/20151202-call,https://www.iana.org/domains/root/db/call.html,2026-10-04T08:28:42.900447+00:00
.calvinklein,.calvinklein,Delegation of the .calvinklein domain to PVH gTLD Holdings LLC,2016-08-01,https://www.iana.org/reports/c.2.9.2.d/20160801-calvinklein,https://www.iana.org/domains/root/db/calvinklein.html,2026-10-04T08:28:42.701093+00:00
.cam,.cam,Delegation of the .cam domain to AC Webconnecting Holding B.V.,2016-06-13,https://www.iana.org/reports/c.2.9.2.d/20160613-cam,https://www.iana.org/domains/root/db/cam.html,2026-10-04T08:28:42.636781+00:00
.cam,.cam,Transfer of the .cam domain to CAM Connecting SARL,2022-02-07,https://www.iana.org/reports/tld-transfer/20220207-cam,https://www.iana.org/domains/root/db/cam.html,2026-10-04T08:28:42.636781+00:00
.camera,.camera,"Delegation of the .CAMERA domain to Atomic Maple, LLC",2013-11-04,https://www.iana.org/reports/c.2.9.2.d/20131104-camera,https://www.iana.org/domains/root/db/camera.html,2026-10-04T08:28:42.612380+00:00
.camera,.camera,Transfer of the .academy domain and 195 others,2018-03-23,https://www.iana.org/reports/tld-transfer/20180323-binkymoon,https://www.iana.org/domains/root/db/camera.html,2026-10-04T08:28:42.612380+00:00
.camp,.camp,"Delegation of the .CAMP domain to Delta Dynamite, LLC",2013-12-12,https://www.iana.org/reports/c.2.9.2.d/20131212-camp,https://www.iana.org/domains/root/db/camp.html,2026-10-04T08:28:50.143229+00:00
.camp,.camp,Transfer of the .academy domain and 195 others,2018-03-23,https://www.iana.org/reports/tld-transfer/20180323-binkymoon,https://www.iana.org/domains/root/db/camp.html,2026-10-04T08:28:50.143229+00:00
.cancerresearch,.cancerresearch,Delegation of the .cancerresearch domain to Australian Cancer Research Foundation,2014-06-25,https://www.iana.org/reports/c.2.9.2.d/20140625-cancerresearch,https://www.iana.org/domains/root/db/cancerresearch.html,2026-10-04T08:28:50.527059+00:00
.cancerresearch,.cancerresearch,Revocation of the .cancerresearch domain,2022-10-06,https://www.iana.org/reports/tld-transfer/20221006-cancerresearch,https://www.iana.org/domains/root/db/cancerresearch.html,2026-10-04T08:28:50.527059+00:00
.canon,.canon,Delegation of the .canon domain to Canon Inc.,2015-02-02,https://www.iana.org/reports/c.2.9.2.d/20150202-canon,https://www.iana.org/domains/root/db/canon.html,2026-10-04T08:28:50.249609+00:00
.capetown,.capetown,Delegation of the .capetown domain to ZA Central Registry NPC trading as ZA Central Registry,2014-06-17,https://www.iana.org/reports/c.2.9.2.d/20140617-capetown,https://www.iana.org/domains/root/db/capetown.html,2026-10-04T08:28:50.252807+00:00
.capital,.capital,"Delegation of the .capital domain to Delta Mill, LLC",2014-04-09,https://www.iana.org/reports/c.2.9.2.d/20140409-capital,https://www.iana.org/domains/root/db/capital.html,2026-10-04T08:28:50.647624+00:00
.capitalone,.capitalone,Delegation of the .capitalone domain to Capital One Financial Corporation,2016-08-08,https://www.iana.org/reports/c.2.9.2.d/20160808-capitalone,https://www.iana.org/domains/root/db/capitalone.html,2026-10-04T08:28:50.295219+00:00
.car,.car,Delegation of the .car domain to Cars Registry Limited,2015-08-31,https://www.iana.org/reports/c.2.9.2.d/20150828-car,https://www.iana.org/domains/root/db/car.html,2026-10-04T08:28:50.193501+00:00
.car,.car,Transfer of the .car domain to XYZ.COM LLC,2020-09-22,https://www.iana.org/reports/tld-transfer/20200922-car,https://www.iana.org/domains/root/db/car.html,2026-10-04T08:28:50.193501+00:00
.caravan,.caravan,"Delegation of the .caravan domain to Caravan International, Inc.",2014-08-12,https://www.iana.org/reports/c.2.9.2.d/20140812-caravan,https://www.iana.org/domains/root/db/caravan.html,2026-10-04T08:28:50.238459+00:00
.cards,.cards,"Delegation of the .cards domain to Foggy Hollow, LLC",2014-02-07,https://www.iana.org/reports/c.2.9.2.d/20140207-cards,https://www.iana.org/domains/root/db/cards.html,2026-10-04T08:28:50.294161+00:00
.cards,.cards,Transfer of the .academy domain and 195 others,2018-03-23,https://www.iana.org/reports/tld-transfer/20180323-binkymoon,https://www.iana.org/domains/root/db/cards.html,2026-10-04T08:28:50.294161+00:00
.care,.care,Delegation of the .care domain to Goose Cross,2014-04-21,https://www.iana.org/reports/c.2.9.2.d/20140421-care,https://www.iana.org/domains/root/db/care.html,2026-10-04T08:28:50.136643+00:00
.care,.care,Transfer of the .academy domain and 195 others,2018-03-23,https://www.iana.org/reports/tld-transfer/20180323-binkymoon,https://www.iana.org/domains/root/db/care.html,2026-10-04T08:28:50.136643+00:00
.career,.career,Delegation of the .career domain to dotCareer LLC,2014-04-09,https://www.iana.org/reports/c.2.9.2.d/20140409-career,https://www.iana.org/domains/root/db/career.html,2026-10-04T08:28:58.516029+00:00
.careers,.careers,"Delegation of the .CAREERS domain to Wild Corner, LLC",2013-12-12,https://www.iana.org/reports/c.2.9.2.d/20131212-careers,https://www.iana.org/domains/root/db/careers.html,2026-10-04T08:28:58.960196+00:00
.careers,.careers,Transfer of the .academy domain and 195 others,2018-03-23,https://www.iana.org/reports/tld-transfer/20180323-binkymoon,https://www.iana.org/domains/root/db/careers.html,2026-10-04T08:28:58.960196+00:00
.cars,.cars,"Delegation of the .cars domain to Uniregistry, Corp.",2015-04-29,https://www.iana.org/reports/c.2.9.2.d/20150429-cars,https://www.iana.org/domains/root/db/cars.html,2026-10-04T08:28:58.584016+00:00
.cars,.cars,Transfer of the .cars domain to XYZ.COM LLC,2020-09-22,https://www.iana.org/reports/tld-transfer/20200922-cars,https://www.iana.org/domains/root/db/cars.html,2026-10-04T08:28:58.584016+00:00
.cartier,.cartier,Delegation of the .cartier domain to Richemont DNS Inc.,2014-12-09,https://www.iana.org/reports/c.2.9.2.d/20141209-cartier,https://www.iana.org/domains/root/db/cartier.html,2026-10-04T08:28:58.589117+00:00
.cartier,.cartier,Revocation of the .cartier domain,2019-11-15,https://www.iana.org/reports/tld-transfer/20191115-cartier,https://www.iana.org/domains/root/db/cartier.html,2026-10-04T08:28:58.589117+00:00
.casa,.casa,Delegation of the .casa domain to Top Level Domain Holdings Limited,2014-09-19,https://www.iana.org/reports/c.2.9.2.d/20140919-casa,https://www.iana.org/domains/root/db/casa.html,2026-10-04T08:28:58.702126+00:00
.casa,.casa,"Transfer of the .casa domain to Registry Services, LLC",2021-09-14,https://www.iana.org/reports/tld-transfer/20210914-casa,https://www.iana.org/domains/root/db/casa.html,2026-10-04T08:28:58.702126+00:00
.case,.case,Delegation of the .case domain to CNH Industrial N.V.,2016-10-28,https://www.iana.org/reports/tld-transfer/20161028-case,https://www.iana.org/domains/root/db/case.html,2026-10-04T08:28:58.675691+00:00
.case,.case,"Transfer of the .case domain to Digity, LLC",2023-05-31,https://www.iana.org/reports/tld-transfer/20230531-case,https://www.iana.org/domains/root/db/case.html,2026-10-04T08:28:58.675691+00:00
.caseih,.caseih,Delegation of the .caseih domain to CNH Industrial N.V.,2016-10-28,https://www.iana.org/reports/tld-transfer/20161028-caseih,https://www.iana.org/domains/root/db/caseih.html,2026-10-04T08:28:58.587565+00:00
.caseih,.caseih,Revocation of the .caseih domain,2021-02-19,https://www.iana.org/reports/tld-transfer/20210219-caseih,https://www.iana.org/domains/root/db/caseih.html,2026-10-04T08:28:58.587565+00:00
.cash,.cash,"Delegation of the .cash domain to Delta Lake, LLC",2014-04-21,https://www.iana.org/reports/c.2.9.2.d/20140421-cash,https://www.iana.org/domains/root/db/cash.html,2026-10-04T08:28:58.579520+00:00
.cash,.cash,Transfer of the .academy domain and 195 others,2018-03-23,https://www.iana.org/reports/tld-transfer/20180323-binkymoon,https://www.iana.org/domains/root/db/cash.html,2026-10-04T08:28:58.579520+00:00
.casino,.casino,"Delegation of the .casino domain to Binky Sky, LLC",2015-02-16,https://www.iana.org/reports/c.2.9.2.d/20150216-casino,https://www.iana.org/domains/root/db/casino.html,2026-10-04T08:28:58.587806+00:00
.casino,.casino,Transfer of the .academy domain and 195 others,2018-03-23,https://www.iana.org/reports/tld-transfer/20180323-binkymoon,https://www.iana.org/domains/root/db/casino.html,2026-10-04T08:28:58.587806+00:00
.cat,.cat,IANA Report on the Delegation of the .CAT Top-Level Domain,2005-11-18,https://www.iana.org/reports/2005/cat-report-18nov2005.html,https://www.iana.org/domains/root/db/cat.html,2026-10-04T06:22:18.500Z
.catering,.catering,"Delegation of the .catering domain to New Falls, LLC",2014-01-31,https://www.iana.org/reports/c.2.9.2.d/20140131-catering,https://www.iana.org/domains/root/db/catering.html,2026-10-04T08:28:58.722853+00:00
.catering,.catering,Transfer of the .academy domain and 195 others,2018-03-23,https://www.iana.org/reports/tld-transfer/20180323-binkymoon,https://www.iana.org/domains/root/db/catering.html,2026-10-04T08:28:58.722853+00:00
.catholic,.catholic,Delegation of the .catholic domain to Pontificium Consilium de Comunicationibus Socialibus (PCCS) (Pontifical Council for Social Communication),2016-11-30,https://www.iana.org/reports/tld-transfer/20161130-catholic,https://www.iana.org/domains/root/db/catholic.html,2026-10-04T08:29:06.050414+00:00
.cba,.cba,Delegation of the .cba domain to Commonwealth Bank of Australia,2015-06-18,https://www.iana.org/reports/c.2.9.2.d/20150618-cba,https://www.iana.org/domains/root/db/cba.html,2026-10-04T08:29:06.101465+00:00
.cbn,.cbn,"Delegation of the .cbn domain to The Christian Broadcasting Network, Inc.",2015-02-11,https://www.iana.org/reports/c.2.9.2.d/20150211-cbn,https://www.iana.org/domains/root/db/cbn.html,2026-10-04T08:29:06.081187+00:00
.cbre,.cbre,"Delegation of the .cbre domain to CBRE, Inc.",2016-06-30,https://www.iana.org/reports/c.2.9.2.d/20160630-cbre,https://www.iana.org/domains/root/db/cbre.html,2026-10-04T08:29:06.081381+00:00
.cbs,.cbs,Delegation of the .cbs domain to CBS Domains Inc.,2016-08-01,https://www.iana.org/reports/c.2.9.2.d/20160801-cbs,https://www.iana.org/domains/root/db/cbs.html,2026-10-04T08:29:06.051353+00:00
.cbs,.cbs,Revocation of the .cbs domain,2023-10-25,https://www.iana.org/reports/tld-transfer/20231025-cbs,https://www.iana.org/domains/root/db/cbs.html,2026-10-04T08:29:06.051353+00:00
.cd,.cd,Redelegation of the .CD domain representing the Democratic Republic of the Congo to Office Congolais des Postes et Telecommunications,2011-01-07,https://www.iana.org/reports/2011/cd-report-07jan2011.html,https://www.iana.org/domains/root/db/cd.html,2026-10-04T08:29:06.232561+00:00
.ceb,.ceb,Revocation of the .ceb domain,2020-12-09,https://www.iana.org/reports/tld-transfer/20201209-ceb,https://www.iana.org/domains/root/db/ceb.html,2026-10-04T08:29:06.117625+00:00
.center,.center,"Delegation of the .CENTER domain to Tin Mill, LLC",2013-12-12,https://www.iana.org/reports/c.2.9.2.d/20131212-center,https://www.iana.org/domains/root/db/center.html,2026-10-04T08:29:06.030690+00:00
.center,.center,Transfer of the .academy domain and 195 others,2018-03-23,https://www.iana.org/reports/tld-transfer/20180323-binkymoon,https://www.iana.org/domains/root/db/center.html,2026-10-04T08:29:06.030690+00:00
.ceo,.ceo,Delegation of the .CEO domain to CEOTLD Pty Ltd,2013-12-23,https://www.iana.org/reports/c.2.9.2.d/20131223-ceo,https://www.iana.org/domains/root/db/ceo.html,2026-10-04T08:29:06.122645+00:00
.ceo,.ceo,Transfer of the .ceo domain to XYZ.COM LLC,2023-10-24,https://www.iana.org/reports/tld-transfer/20231024-ceo,https://www.iana.org/domains/root/db/ceo.html,2026-10-04T08:29:06.122645+00:00
.cern,.cern,"Delegation of the .cern domain to European Organization for Nuclear Research (""CERN"")",2014-08-15,https://www.iana.org/reports/c.2.9.2.d/20140815-cern,https://www.iana.org/domains/root/db/cern.html,2026-10-04T08:29:12.229785+00:00
.cfa,.cfa,Delegation of the .cfa domain to CFA Institute,2015-04-29,https://www.iana.org/reports/c.2.9.2.d/20150429-cfa,https://www.iana.org/domains/root/db/cfa.html,2026-10-04T08:29:12.284681+00:00
.cfd,.cfd,Delegation of the .cfd domain to DotCFD Registry Ltd,2015-03-11,https://www.iana.org/reports/c.2.9.2.d/20150311-cfd,https://www.iana.org/domains/root/db/cfd.html,2026-10-04T08:29:12.037177+00:00
.cfd,.cfd,Transfer of the .cfd domain to Shortdot SA,2024-04-29,https://www.iana.org/reports/tld-transfer/20240429-cfd,https://www.iana.org/domains/root/db/cfd.html,2026-10-04T08:29:12.037177+00:00
.chanel,.chanel,Delegation of the .chanel domain to Chanel International B.V.,2015-07-30,https://www.iana.org/reports/c.2.9.2.d/20150730-chanel,https://www.iana.org/domains/root/db/chanel.html,2026-10-04T08:29:11.960440+00:00
.channel,.channel,Delegation of the .channel domain to Charleston Road Registry Inc.,2014-09-10,https://www.iana.org/reports/c.2.9.2.d/20140910-channel,https://www.iana.org/domains/root/db/channel.html,2026-10-04T08:29:11.980412+00:00
.charity,.charity,"Delegation of the .charity domain to Corn Lake, LLC",2018-06-04,https://www.iana.org/reports/tld-transfer/20180604-charity,https://www.iana.org/domains/root/db/charity.html,2026-10-04T08:29:12.229653+00:00
.charity,.charity,"Transfer of the .charity domain to Binky Moon, LLC",2021-06-09,https://www.iana.org/reports/tld-transfer/20210609-charity,https://www.iana.org/domains/root/db/charity.html,2026-10-04T08:29:12.229653+00:00
.charity,.charity,Transfer of the .charity domain to Public Interest Registry,2022-08-25,https://www.iana.org/reports/tld-transfer/20220825-charity,https://www.iana.org/domains/root/db/charity.html,2026-10-04T08:29:12.229653+00:00
.chase,.chase,Delegation of the .chase domain to JPMorgan Chase & Co.,2016-02-25,https://www.iana.org/reports/c.2.9.2.d/20160225-chase,https://www.iana.org/domains/root/db/chase.html,2026-10-04T08:29:12.242980+00:00
.chase,.chase,"Redelegation of the .chase domain to JPMorgan Chase Bank, National Association",2016-07-18,https://www.iana.org/reports/c.2.9.2.d/20160718-chase,https://www.iana.org/domains/root/db/chase.html,2026-10-04T08:29:12.242980+00:00
.chat,.chat,"Delegation of the .chat domain to Sand Fields, LLC",2015-02-03,https://www.iana.org/reports/c.2.9.2.d/20150203-chat,https://www.iana.org/domains/root/db/chat.html,2026-10-04T08:29:19.760260+00:00
.chat,.chat,Transfer of the .academy domain and 195 others,2018-03-23,https://www.iana.org/reports/tld-transfer/20180323-binkymoon,https://www.iana.org/domains/root/db/chat.html,2026-10-04T08:29:19.760260+00:00
.cheap,.cheap,"Delegation of the .CHEAP domain to Sand Cover, LLC",2014-01-10,https://www.iana.org/reports/c.2.9.2.d/20140110-cheap,https://www.iana.org/domains/root/db/cheap.html,2026-10-04T08:29:19.821385+00:00
.cheap,.cheap,Transfer of the .academy domain and 195 others,2018-03-23,https://www.iana.org/reports/tld-transfer/20180323-binkymoon,https://www.iana.org/domains/root/db/cheap.html,2026-10-04T08:29:19.821385+00:00
.chintai,.chintai,Delegation of the .chintai domain to Chintai Corporation,2016-06-03,https://www.iana.org/reports/c.2.9.2.d/20160603-chintai,https://www.iana.org/domains/root/db/chintai.html,2026-10-04T08:29:19.903090+00:00
.chloe,.chloe,Delegation of the .chloe domain to Richemont DNS Inc.,2015-03-06,https://www.iana.org/reports/c.2.9.2.d/20150306-chloe,https://www.iana.org/domains/root/db/chloe.html,2026-10-04T08:29:19.880178+00:00
.chloe,.chloe,Revocation of the .chloe domain,2017-09-29,https://www.iana.org/reports/tld-transfer/20170929-chloe,https://www.iana.org/domains/root/db/chloe.html,2026-10-04T08:29:19.880178+00:00
.christmas,.christmas,"Delegation of the .christmas domain to Uniregistry, Corp.",2014-02-19,https://www.iana.org/reports/c.2.9.2.d/20140219-christmas,https://www.iana.org/domains/root/db/christmas.html,2026-10-04T08:29:19.755060+00:00
.christmas,.christmas,Transfer of the .christmas domain to XYZ.COM LLC,2022-03-23,https://www.iana.org/reports/tld-transfer/20220323-christmas,https://www.iana.org/domains/root/db/christmas.html,2026-10-04T08:29:19.755060+00:00
.chrome,.chrome,Delegation of the .chrome domain to Charleston Road Registry Inc.,2014-09-10,https://www.iana.org/reports/c.2.9.2.d/20140910-chrome,https://www.iana.org/domains/root/db/chrome.html,2026-10-04T08:29:20.109901+00:00
.chrysler,.chrysler,Delegation of the .chrysler domain to FCA US Llc,2016-07-25,https://www.iana.org/reports/c.2.9.2.d/20160725-chrysler,https://www.iana.org/domains/root/db/chrysler.html,2026-10-04T08:29:20.079967+00:00
.chrysler,.chrysler,Revocation of the .chrysler domain,2019-11-20,https://www.iana.org/reports/tld-transfer/20191120-chrysler,https://www.iana.org/domains/root/db/chrysler.html,2026-10-04T08:29:20.079967+00:00
.church,.church,"Delegation of the .church domain to Holly Fields, LLC",2014-05-09,https://www.iana.org/reports/c.2.9.2.d/20140509-church,https://www.iana.org/domains/root/db/church.html,2026-10-04T08:29:19.929976+00:00
.church,.church,Transfer of the .academy domain and 195 others,2018-03-23,https://www.iana.org/reports/tld-transfer/20180323-binkymoon,https://www.iana.org/domains/root/db/church.html,2026-10-04T08:29:19.929976+00:00
.ci,.ci,Transfer of the .CI (Cote d’Ivoire) top-level domain to Autorité de Régulation des Télécommunications/TIC de Côte d’lvoire (ARTCI),2017-09-07,https://www.iana.org/reports/2017/ci-report-20170907.html,https://www.iana.org/domains/root/db/ci.html,2026-10-04T08:29:19.844492+00:00
.cipriani,.cipriani,Delegation of the .cipriani domain to Hotel Cipriani Srl,2015-10-07,https://www.iana.org/reports/c.2.9.2.d/20151007-cipriani,https://www.iana.org/domains/root/db/cipriani.html,2026-10-04T08:29:19.847320+00:00
.circle,.circle,"Delegation of the .circle domain to Amazon Registry Services, Inc.",2015-12-02,https://www.iana.org/reports/tld-transfer/20151202-circle,https://www.iana.org/domains/root/db/circle.html,2026-10-04T08:29:25.681451+00:00
.circle,.circle,"Transfer of the .circle domain to Jolly Host, LLC",2026-04-20,https://www.iana.org/reports/tld-transfer/20260420-circle,https://www.iana.org/domains/root/db/circle.html,2026-10-04T08:29:25.681451+00:00
.cisco,.cisco,"Delegation of the .cisco domain to Cisco Technology, Inc.",2015-05-13,https://www.iana.org/reports/c.2.9.2.d/20150513-cisco,https://www.iana.org/domains/root/db/cisco.html,2026-10-04T08:29:25.680735+00:00
.citadel,.citadel,Delegation of the .citadel domain to Citadel Domain LLC,2016-07-18,https://www.iana.org/reports/c.2.9.2.d/20160718-citadel,https://www.iana.org/domains/root/db/citadel.html,2026-10-04T08:29:25.924674+00:00
.citi,.citi,Delegation of the .citi domain to Citigroup Inc.,2016-07-26,https://www.iana.org/reports/c.2.9.2.d/20160726-citi,https://www.iana.org/domains/root/db/citi.html,2026-10-04T08:29:25.777056+00:00
.citic,.citic,Delegation of the .citic domain to CITIC Group Corporation,2014-04-25,https://www.iana.org/reports/c.2.9.2.d/20140425-citic,https://www.iana.org/domains/root/db/citic.html,2026-10-04T08:29:25.682057+00:00
.city,.city,"Delegation of the .city domain to Snow Sky, LLC",2014-07-09,https://www.iana.org/reports/c.2.9.2.d/20140709-city,https://www.iana.org/domains/root/db/city.html,2026-10-04T08:29:26.003541+00:00
.city,.city,Transfer of the .academy domain and 195 others,2018-03-23,https://www.iana.org/reports/tld-transfer/20180323-binkymoon,https://www.iana.org/domains/root/db/city.html,2026-10-04T08:29:26.003541+00:00
.cityeats,.cityeats,"Delegation of the .cityeats domain to Lifestyle Domain Holdings, Inc.",2015-11-06,https://www.iana.org/reports/c.2.9.2.d/20151106-cityeats,https://www.iana.org/domains/root/db/cityeats.html,2026-10-04T08:29:25.685279+00:00
.cityeats,.cityeats,Revocation of the .cityeats domain,2023-10-18,https://www.iana.org/reports/tld-transfer/20231018-cityeats,https://www.iana.org/domains/root/db/cityeats.html,2026-10-04T08:29:25.685279+00:00
.claims,.claims,"Delegation of the .claims domain to Black Corner, LLC",2014-05-02,https://www.iana.org/reports/c.2.9.2.d/20140502-claims,https://www.iana.org/domains/root/db/claims.html,2026-10-04T08:29:25.688709+00:00
.claims,.claims,Transfer of the .academy domain and 195 others,2018-03-23,https://www.iana.org/reports/tld-transfer/20180323-binkymoon,https://www.iana.org/domains/root/db/claims.html,2026-10-04T08:29:25.688709+00:00
.cleaning,.cleaning,"Delegation of the .cleaning domain to Fox Shadow, LLC",2014-01-31,https://www.iana.org/reports/c.2.9.2.d/20140131-cleaning,https://www.iana.org/domains/root/db/cleaning.html,2026-10-04T08:29:32.850096+00:00
.cleaning,.cleaning,Transfer of the .academy domain and 195 others,2018-03-23,https://www.iana.org/reports/tld-transfer/20180323-binkymoon,https://www.iana.org/domains/root/db/cleaning.html,2026-10-04T08:29:32.850096+00:00
.click,.click,"Delegation of the .click domain to Uniregistry, Corp.",2014-08-15,https://www.iana.org/reports/c.2.9.2.d/20140815-click,https://www.iana.org/domains/root/db/click.html,2026-10-04T08:29:32.688207+00:00
.click,.click,Transfer of the .click domain to Internet Naming Co.,2022-11-16,https://www.iana.org/reports/tld-transfer/20221116-click,https://www.iana.org/domains/root/db/click.html,2026-10-04T08:29:32.688207+00:00
.clinic,.clinic,"Delegation of the .clinic domain to Goose Park, LLC",2014-04-14,https://www.iana.org/reports/c.2.9.2.d/20140414-clinic,https://www.iana.org/domains/root/db/clinic.html,2026-10-04T08:29:32.824973+00:00
.clinic,.clinic,Transfer of the .academy domain and 195 others,2018-03-23,https://www.iana.org/reports/tld-transfer/20180323-binkymoon,https://www.iana.org/domains/root/db/clinic.html,2026-10-04T08:29:32.824973+00:00
.clinique,.clinique,Delegation of the .clinique domain to The Estée Lauder Companies Inc.,2015-12-24,https://www.iana.org/reports/c.2.9.2.d/20151224-clinique,https://www.iana.org/domains/root/db/clinique.html,2026-10-04T08:29:32.704151+00:00
.clothing,.clothing,"Delegation of the .CLOTHING domain to Steel Lake, LLC",2013-11-04,https://www.iana.org/reports/c.2.9.2.d/20131104-clothing,https://www.iana.org/domains/root/db/clothing.html,2026-10-04T08:29:33.006714+00:00
.clothing,.clothing,Transfer of the .academy domain and 195 others,2018-03-23,https://www.iana.org/reports/tld-transfer/20180323-binkymoon,https://www.iana.org/domains/root/db/clothing.html,2026-10-04T08:29:33.006714+00:00
.cloud,.cloud,Delegation of the .cloud domain to ARUBA S.p.A.,2015-06-23,https://www.iana.org/reports/c.2.9.2.d/20150623-cloud,https://www.iana.org/domains/root/db/cloud.html,2026-10-04T08:29:32.965651+00:00
.club,.club,"Delegation of the .CLUB domain to .CLUB Domains, LLC",2014-01-16,https://www.iana.org/reports/c.2.9.2.d/20140116-club,https://www.iana.org/domains/root/db/club.html,2026-10-04T08:29:32.710289+00:00
.club,.club,"Transfer of the .club domain to Registry Services, LLC",2021-08-17,https://www.iana.org/reports/tld-transfer/20210817-club,https://www.iana.org/domains/root/db/club.html,2026-10-04T08:29:32.710289+00:00
.clubmed,.clubmed,Delegation of the .clubmed domain to Club Méditerranée S.A.,2015-09-29,https://www.iana.org/reports/c.2.9.2.d/20150929-clubmed,https://www.iana.org/domains/root/db/clubmed.html,2026-10-04T08:29:33.111890+00:00
.cm,.cm,Transfer of the .CM (Cameroon) top-level domain to Agence Nationale des Technologies de l'Information et de la Communication,2024-01-21,https://www.iana.org/reports/2024/cm-report-20240121.html,https://www.iana.org/domains/root/db/cm.html,2026-10-04T08:29:32.661238+00:00
.co,.co,"Report on the Redelegation of the .CO Top-Level Domain to "".CO Internet SAS""",2009-11-24,https://www.iana.org/reports/2009/co-report-24nov2009.html,https://www.iana.org/domains/root/db/co.html,2026-10-04T06:22:18.500Z
.co,.co,Transfer of the .CO (Colombia) top-level domain to the Ministry of Information and Communications Technologies,2020-09-04,https://www.iana.org/reports/2020/co-report-20200904.html,https://www.iana.org/domains/root/db/co.html,2026-10-04T06:22:18.500Z
.coach,.coach,"Delegation of the .coach domain to Koko Island, LLC",2014-11-24,https://www.iana.org/reports/c.2.9.2.d/20141124-coach,https://www.iana.org/domains/root/db/coach.html,2026-10-04T08:29:40.247165+00:00
.coach,.coach,Transfer of the .academy domain and 195 others,2018-03-23,https://www.iana.org/reports/tld-transfer/20180323-binkymoon,https://www.iana.org/domains/root/db/coach.html,2026-10-04T08:29:40.247165+00:00
.codes,.codes,"Delegation of the .CODES domain to Puff Willow, LLC",2013-12-20,https://www.iana.org/reports/c.2.9.2.d/20131220-codes,https://www.iana.org/domains/root/db/codes.html,2026-10-04T08:29:40.206951+00:00
.codes,.codes,Transfer of the .academy domain and 195 others,2018-03-23,https://www.iana.org/reports/tld-transfer/20180323-binkymoon,https://www.iana.org/domains/root/db/codes.html,2026-10-04T08:29:40.206951+00:00
.coffee,.coffee,"Delegation of the .COFFEE domain to Trixy Cover, LLC",2013-12-20,https://www.iana.org/reports/c.2.9.2.d/20131220-coffee,https://www.iana.org/domains/root/db/coffee.html,2026-10-04T08:29:40.285259+00:00
.coffee,.coffee,Transfer of the .academy domain and 195 others,2018-03-23,https://www.iana.org/reports/tld-transfer/20180323-binkymoon,https://www.iana.org/domains/root/db/coffee.html,2026-10-04T08:29:40.285259+00:00
.college,.college,Delegation of the .college domain to XYZ.COM LLC,2014-04-02,https://www.iana.org/reports/c.2.9.2.d/20140402-college,https://www.iana.org/domains/root/db/college.html,2026-10-04T08:29:40.353031+00:00
.cologne,.cologne,Delegation of the .cologne domain to NetCologne Gesellschaft für Telekommunikation mbH,2014-03-14,https://www.iana.org/reports/c.2.9.2.d/20140314-cologne,https://www.iana.org/domains/root/db/cologne.html,2026-10-04T08:29:40.315225+00:00
.cologne,.cologne,Transfer of the .cologne domain to punkt.wien GmbH,2018-04-30,https://www.iana.org/reports/tld-transfer/20180430-cologne,https://www.iana.org/domains/root/db/cologne.html,2026-10-04T08:29:40.315225+00:00
.cologne,.cologne,Transfer of the .cologne domain to dotKoeln GmbH,2018-06-20,https://www.iana.org/reports/tld-transfer/20180620-cologne,https://www.iana.org/domains/root/db/cologne.html,2026-10-04T08:29:40.315225+00:00
.comcast,.comcast,"Delegation of the .comcast domain to Comcast IP Holdings I, LLC",2016-07-05,https://www.iana.org/reports/c.2.9.2.d/20160705-comcast,https://www.iana.org/domains/root/db/comcast.html,2026-10-04T08:29:40.352131+00:00
.comcast,.comcast,Revocation of the .comcast domain,2024-02-07,https://www.iana.org/reports/tld-transfer/20240207-comcast,https://www.iana.org/domains/root/db/comcast.html,2026-10-04T08:29:40.352131+00:00
.commbank,.commbank,Delegation of the .commbank domain to Commonwealth Bank of Australia,2015-06-18,https://www.iana.org/reports/c.2.9.2.d/20150618-commbank,https://www.iana.org/domains/root/db/commbank.html,2026-10-04T08:29:40.667137+00:00
.community,.community,"Delegation of the .COMMUNITY domain to Fox Orchard, LLC",2014-01-24,https://www.iana.org/reports/c.2.9.2.d/20140124-community,https://www.iana.org/domains/root/db/community.html,2026-10-04T08:29:40.376758+00:00
.community,.community,Transfer of the .academy domain and 195 others,2018-03-23,https://www.iana.org/reports/tld-transfer/20180323-binkymoon,https://www.iana.org/domains/root/db/community.html,2026-10-04T08:29:40.376758+00:00
.company,.company,"Delegation of the .COMPANY domain to Silver Avenue, LLC",2013-12-12,https://www.iana.org/reports/c.2.9.2.d/20131212-company,https://www.iana.org/domains/root/db/company.html,2026-10-04T08:29:40.720394+00:00
.company,.company,Transfer of the .academy domain and 195 others,2018-03-23,https://www.iana.org/reports/tld-transfer/20180323-binkymoon,https://www.iana.org/domains/root/db/company.html,2026-10-04T08:29:40.720394+00:00
.compare,.compare,Delegation of the .compare domain to iSelect Ltd,2016-01-12,https://www.iana.org/reports/c.2.9.2.d/20160112-compare,https://www.iana.org/domains/root/db/compare.html,2026-10-04T08:29:40.657821+00:00
.compare,.compare,"Transfer of the .compare domain to Registry Services, LLC",2019-08-07,https://www.iana.org/reports/tld-transfer/20190807-compare,https://www.iana.org/domains/root/db/compare.html,2026-10-04T08:29:40.657821+00:00
.computer,.computer,"Delegation of the .COMPUTER domain to Pine Mill, LLC",2013-12-12,https://www.iana.org/reports/c.2.9.2.d/20131212-computer,https://www.iana.org/domains/root/db/computer.html,2026-10-04T08:29:48.067670+00:00
.computer,.computer,Transfer of the .academy domain and 195 others,2018-03-23,https://www.iana.org/reports/tld-transfer/20180323-binkymoon,https://www.iana.org/domains/root/db/computer.html,2026-10-04T08:29:48.067670+00:00
.comsec,.comsec,"Delegation of the .comsec domain to VeriSign, Inc.",2015-11-12,https://www.iana.org/reports/c.2.9.2.d/20151112-comsec,https://www.iana.org/domains/root/db/comsec.html,2026-10-04T08:29:47.815187+00:00
.condos,.condos,"Delegation of the .condos domain to Pine House, LLC",2014-02-07,https://www.iana.org/reports/c.2.9.2.d/20140207-condos,https://www.iana.org/domains/root/db/condos.html,2026-10-04T08:29:47.787062+00:00
.condos,.condos,Transfer of the .academy domain and 195 others,2018-03-23,https://www.iana.org/reports/tld-transfer/20180323-binkymoon,https://www.iana.org/domains/root/db/condos.html,2026-10-04T08:29:47.787062+00:00
.construction,.construction,"Delegation of the .CONSTRUCTION domain to Fox Dynamite, LLC",2013-11-11,https://www.iana.org/reports/c.2.9.2.d/20131111-construction,https://www.iana.org/domains/root/db/construction.html,2026-10-04T08:29:47.911438+00:00
.construction,.construction,Transfer of the .academy domain and 195 others,2018-03-23,https://www.iana.org/reports/tld-transfer/20180323-binkymoon,https://www.iana.org/domains/root/db/construction.html,2026-10-04T08:29:47.911438+00:00
.consulting,.consulting,"Transfer of the .consulting domain to Dog Beach, LLC",2021-06-02,https://www.iana.org/reports/tld-transfer/20210602-consulting,https://www.iana.org/domains/root/db/consulting.html,2026-10-04T08:29:47.735927+00:00
.contact,.contact,"Delegation of the .contact domain to Top Level Spectrum, Inc.",2015-12-16,https://www.iana.org/reports/c.2.9.2.d/20151216-contact,https://www.iana.org/domains/root/db/contact.html,2026-10-04T08:29:48.117234+00:00
.contractors,.contractors,"Delegation of the .CONTRACTORS domain to Magic Woods, LLC",2013-11-11,https://www.iana.org/reports/c.2.9.2.d/20131111-contractors,https://www.iana.org/domains/root/db/contractors.html,2026-10-04T08:29:47.872499+00:00
.contractors,.contractors,Transfer of the .academy domain and 195 others,2018-03-23,https://www.iana.org/reports/tld-transfer/20180323-binkymoon,https://www.iana.org/domains/root/db/contractors.html,2026-10-04T08:29:47.872499+00:00
.cooking,.cooking,Delegation of the .cooking domain to Top Level Domain Holdings Limited,2014-03-27,https://www.iana.org/reports/c.2.9.2.d/20140327-cooking,https://www.iana.org/domains/root/db/cooking.html,2026-10-04T08:29:48.223358+00:00
.cooking,.cooking,"Transfer of the .cooking domain to Registry Services, LLC",2021-09-14,https://www.iana.org/reports/tld-transfer/20210914-cooking,https://www.iana.org/domains/root/db/cooking.html,2026-10-04T08:29:48.223358+00:00
.cookingchannel,.cookingchannel,"Delegation of the .cookingchannel domain to Lifestyle Domain Holdings, Inc.",2016-06-22,https://www.iana.org/reports/c.2.9.2.d/20160622-cookingchannel,https://www.iana.org/domains/root/db/cookingchannel.html,2026-10-04T08:29:47.806461+00:00
.cookingchannel,.cookingchannel,Revocation of the .cookingchannel domain,2023-06-14,https://www.iana.org/reports/tld-transfer/20230614-cookingchannel,https://www.iana.org/domains/root/db/cookingchannel.html,2026-10-04T08:29:47.806461+00:00
.cool,.cool,"Delegation of the .COOL domain to Koko Lake, LLC",2014-01-17,https://www.iana.org/reports/c.2.9.2.d/20140117-cool,https://www.iana.org/domains/root/db/cool.html,2026-10-04T08:29:47.920401+00:00
.cool,.cool,Transfer of the .academy domain and 195 others,2018-03-23,https://www.iana.org/reports/tld-transfer/20180323-binkymoon,https://www.iana.org/domains/root/db/cool.html,2026-10-04T08:29:47.920401+00:00
.coop,.coop,IANA Report on Establishment of the .COOP Top-Level Domain,2001-12-13,https://www.iana.org/reports/2001/coop-report-13dec01.html,https://www.iana.org/domains/root/db/coop.html,2026-10-04T08:29:56.403032+00:00
.corsica,.corsica,Delegation of the .corsica domain to Collectivité Territoriale de Corse,2015-05-12,https://www.iana.org/reports/c.2.9.2.d/20150512-corsica,https://www.iana.org/domains/root/db/corsica.html,2026-10-04T08:29:56.386940+00:00
.country,.country,Delegation of the .country domain to Top Level Domain Holdings Limited,2014-03-27,https://www.iana.org/reports/c.2.9.2.d/20140327-country,https://www.iana.org/domains/root/db/country.html,2026-10-04T08:29:56.406575+00:00
.country,.country,Transfer of the .country domain to Internet Naming Co.,2022-11-16,https://www.iana.org/reports/tld-transfer/20221116-country,https://www.iana.org/domains/root/db/country.html,2026-10-04T08:29:56.406575+00:00
.coupon,.coupon,"Delegation of the .coupon domain to Amazon Registry Services, Inc.",2016-02-17,https://www.iana.org/reports/c.2.9.2.d/20160217-coupon,https://www.iana.org/domains/root/db/coupon.html,2026-10-04T08:29:56.488476+00:00
.coupons,.coupons,"Delegation of the .coupons domain to Black Island, LLC",2015-05-11,https://www.iana.org/reports/c.2.9.2.d/20150511-coupons,https://www.iana.org/domains/root/db/coupons.html,2026-10-04T08:29:56.385560+00:00
.coupons,.coupons,Transfer of the .academy domain and 195 others,2018-03-23,https://www.iana.org/reports/tld-transfer/20180323-binkymoon,https://www.iana.org/domains/root/db/coupons.html,2026-10-04T08:29:56.385560+00:00
.courses,.courses,Delegation of the .courses domain to Open Universities Australia Pty Ltd,2015-02-24,https://www.iana.org/reports/c.2.9.2.d/20150224-courses,https://www.iana.org/domains/root/db/courses.html,2026-10-04T08:29:56.385269+00:00
.courses,.courses,"Transfer of the .courses domain to Registry Services, LLC",2022-06-15,https://www.iana.org/reports/tld-transfer/20220615-courses,https://www.iana.org/domains/root/db/courses.html,2026-10-04T08:29:56.385269+00:00
.cpa,.cpa,Delegation of the .cpa domain,2019-09-21,https://www.iana.org/reports/tld-transfer/20190921-cpa,https://www.iana.org/domains/root/db/cpa.html,2026-10-04T08:29:56.337429+00:00
.credit,.credit,"Delegation of the .credit domain to Snow Shadow, LLC",2014-05-02,https://www.iana.org/reports/c.2.9.2.d/20140502-credit,https://www.iana.org/domains/root/db/credit.html,2026-10-04T08:29:56.398153+00:00
.credit,.credit,Transfer of the .academy domain and 195 others,2018-03-23,https://www.iana.org/reports/tld-transfer/20180323-binkymoon,https://www.iana.org/domains/root/db/credit.html,2026-10-04T08:29:56.398153+00:00
.creditcard,.creditcard,"Delegation of the .creditcard domain to Binky Frostbite, LLC",2014-04-25,https://www.iana.org/reports/c.2.9.2.d/20140425-creditcard,https://www.iana.org/domains/root/db/creditcard.html,2026-10-04T08:29:56.396814+00:00
.creditcard,.creditcard,Transfer of the .academy domain and 195 others,2018-03-23,https://www.iana.org/reports/tld-transfer/20180323-binkymoon,https://www.iana.org/domains/root/db/creditcard.html,2026-10-04T08:29:56.396814+00:00
.creditunion,.creditunion,"Delegation of the .creditunion domain to CUNA Performance Resources, LLC",2015-11-06,https://www.iana.org/reports/c.2.9.2.d/20151106-creditunion,https://www.iana.org/domains/root/db/creditunion.html,2026-10-04T08:30:03.958258+00:00
.creditunion,.creditunion,"Transfer of the .creditunion domain to DotCooperation, LLC",2021-01-15,https://www.iana.org/reports/tld-transfer/20210115-creditunion,https://www.iana.org/domains/root/db/creditunion.html,2026-10-04T08:30:03.958258+00:00
.cricket,.cricket,Delegation of the .cricket domain to Blue Sky Registry Limited,2014-11-17,https://www.iana.org/reports/c.2.9.2.d/20141117-cricket,https://www.iana.org/domains/root/db/cricket.html,2026-10-04T08:30:03.424012+00:00
.crown,.crown,Delegation of the .crown domain to Crown Equipment Corporation,2015-06-16,https://www.iana.org/reports/c.2.9.2.d/20150616-crown,https://www.iana.org/domains/root/db/crown.html,2026-10-04T08:30:03.567698+00:00
.crs,.crs,Delegation of the .crs domain to Federated Co-operatives Limited,2014-10-09,https://www.iana.org/reports/c.2.9.2.d/20141009-crs,https://www.iana.org/domains/root/db/crs.html,2026-10-04T08:30:03.412257+00:00
.cruise,.cruise,Delegation of the .cruise domain to Viking River Cruises (Bermuda) Ltd.,2016-11-11,https://www.iana.org/reports/tld-transfer/20161111-cruise,https://www.iana.org/domains/root/db/cruise.html,2026-10-04T08:30:03.918497+00:00
.cruises,.cruises,"Delegation of the .cruises domain to Spring Way, LLC",2014-01-31,https://www.iana.org/reports/c.2.9.2.d/20140131-cruises,https://www.iana.org/domains/root/db/cruises.html,2026-10-04T08:30:03.720741+00:00
.cruises,.cruises,Transfer of the .academy domain and 195 others,2018-03-23,https://www.iana.org/reports/tld-transfer/20180323-binkymoon,https://www.iana.org/domains/root/db/cruises.html,2026-10-04T08:30:03.720741+00:00
.csc,.csc,"Delegation of the .csc domain to Alliance-One Services, Inc.",2015-08-26,https://www.iana.org/reports/c.2.9.2.d/20150826-csc,https://www.iana.org/domains/root/db/csc.html,2026-10-04T08:30:03.573379+00:00
.csc,.csc,Revocation of the .csc domain,2022-02-01,https://www.iana.org/reports/tld-transfer/20220201-csc,https://www.iana.org/domains/root/db/csc.html,2026-10-04T08:30:03.573379+00:00
.cuisinella,.cuisinella,Delegation of the .cuisinella domain to SALM S.A.S.,2014-07-02,https://www.iana.org/reports/c.2.9.2.d/20140702-cuisinella,https://www.iana.org/domains/root/db/cuisinella.html,2026-10-04T08:30:03.443320+00:00
.cv,.cv,"Report on the Redelegation of the .CV Top-Level Domain to ""Agência Nacional das Comunicações""",2009-08-09,http://www.iana.org/reports/2009/cv-report-09aug2009.html,https://www.iana.org/domains/root/db/cv.html,2026-10-04T08:30:03.469145+00:00
.cw,.cw,"Report on the Delegation of the .CW domain representing Curaçao to the University of the Netherlands Antilles, and transitional arrangements for the .AN domain representing the Netherlands Antilles",2011-10-03,https://www.iana.org/reports/2011/cw-report-20111003.html,https://www.iana.org/domains/root/db/cw.html,2026-10-04T08:30:09.876319+00:00
.cx,.cx,IANA Report on the Redelegation of the .CX Top-Level Domain,2006-03-07,https://www.iana.org/reports/2006/cx-report-07mar2006.pdf,https://www.iana.org/domains/root/db/cx.html,2026-10-04T08:30:10.222733+00:00
.cymru,.cymru,Delegation of the .cymru domain to Nominet UK,2014-08-07,https://www.iana.org/reports/c.2.9.2.d/20140807-cymru,https://www.iana.org/domains/root/db/cymru.html,2026-10-04T08:30:09.804625+00:00
.cyou,.cyou,"Delegation of the .cyou domain to Beijing Gamease Age Digital Technology Co., Ltd.",2015-03-31,https://www.iana.org/reports/c.2.9.2.d/20150331-cyou,https://www.iana.org/domains/root/db/cyou.html,2026-10-04T08:30:09.909513+00:00
.cyou,.cyou,Transfer of the .cyou domain to Shortdot SA,2020-05-14,https://www.iana.org/reports/tld-transfer/20200514-cyou,https://www.iana.org/domains/root/db/cyou.html,2026-10-04T08:30:09.909513+00:00
.dabur,.dabur,Delegation of the .dabur domain to Dabur India Limited,2015-01-21,https://www.iana.org/reports/c.2.9.2.d/20150121-dabur,https://www.iana.org/domains/root/db/dabur.html,2026-10-04T08:30:09.797971+00:00
.dabur,.dabur,Revocation of the .dabur domain,2024-09-25,https://www.iana.org/reports/tld-transfer/20240925-dabur,https://www.iana.org/domains/root/db/dabur.html,2026-10-04T08:30:09.797971+00:00
.dad,.dad,Delegation of the .dad domain to Charleston Road Registry Inc.,2014-08-28,https://www.iana.org/reports/c.2.9.2.d/20140828-dad,https://www.iana.org/domains/root/db/dad.html,2026-10-04T08:30:09.818743+00:00
.dance,.dance,Delegation of the .DANCE domain to United TLD Holdco Ltd.,2014-01-10,https://www.iana.org/reports/c.2.9.2.d/20140110-dance,https://www.iana.org/domains/root/db/dance.html,2026-10-04T08:30:09.818054+00:00
.dance,.dance,"Transfer of the .dance domain to Dog Beach, LLC",2021-06-02,https://www.iana.org/reports/tld-transfer/20210602-dance,https://www.iana.org/domains/root/db/dance.html,2026-10-04T08:30:09.818054+00:00
.data,.data,Delegation of the .data domain to Dish DBS Corporation,2016-12-19,https://www.iana.org/reports/tld-transfer/20161219-data,https://www.iana.org/domains/root/db/data.html,2026-10-04T08:30:09.799371+00:00
.date,.date,Delegation of the .date domain to dot Date Limited,2015-03-23,https://www.iana.org/reports/c.2.9.2.d/20150323-date,https://www.iana.org/domains/root/db/date.html,2026-10-04T08:30:16.498768+00:00
.dating,.dating,"Delegation of the .DATING domain to Pine Fest, LLC",2014-01-24,https://www.iana.org/reports/c.2.9.2.d/20140124-dating,https://www.iana.org/domains/root/db/dating.html,2026-10-04T06:22:18.500Z
.dating,.dating,Transfer of the .academy domain and 195 others,2018-03-23,https://www.iana.org/reports/tld-transfer/20180323-binkymoon,https://www.iana.org/domains/root/db/dating.html,2026-10-04T06:22:18.500Z
.datsun,.datsun,"Delegation of the .datsun domain to Nissan Motor Co., Ltd.",2015-03-02,https://www.iana.org/reports/c.2.9.2.d/20150302-datsun,https://www.iana.org/domains/root/db/datsun.html,2026-10-04T08:30:16.822035+00:00
.day,.day,Delegation of the .day domain to Charleston Road Registry Inc.,2014-08-28,https://www.iana.org/reports/c.2.9.2.d/20140828-day,https://www.iana.org/domains/root/db/day.html,2026-10-04T08:30:16.609062+00:00
.dclk,.dclk,Delegation of the .dclk domain to Charleston Road Registry Inc.,2015-01-21,https://www.iana.org/reports/c.2.9.2.d/20150121-dclk,https://www.iana.org/domains/root/db/dclk.html,2026-10-04T08:30:16.886615+00:00
.dds,.dds,Delegation of the .dds domain to Minds + Machines Group Limited,2016-04-28,https://www.iana.org/reports/c.2.9.2.d/20160428-dds,https://www.iana.org/domains/root/db/dds.html,2026-10-04T08:30:16.940030+00:00
.dds,.dds,"Transfer of the .dds domain to Registry Services, LLC",2021-09-14,https://www.iana.org/reports/tld-transfer/20210914-dds,https://www.iana.org/domains/root/db/dds.html,2026-10-04T08:30:16.940030+00:00
.deal,.deal,"Delegation of the .deal domain to Amazon Registry Services, Inc.",2016-06-02,https://www.iana.org/reports/c.2.9.2.d/20160602-deal,https://www.iana.org/domains/root/db/deal.html,2026-10-04T08:30:16.815640+00:00
.dealer,.dealer,"Delegation of the .dealer domain to Dealer Dot Com, Inc.",2015-12-22,https://www.iana.org/reports/c.2.9.2.d/20151222-dealer,https://www.iana.org/domains/root/db/dealer.html,2026-10-04T08:30:16.894237+00:00
.dealer,.dealer,Transfer of the .dealer domain to Intercap Registry Inc.,2019-11-08,https://www.iana.org/reports/tld-transfer/20191108-dealer,https://www.iana.org/domains/root/db/dealer.html,2026-10-04T08:30:16.894237+00:00
.deals,.deals,"Delegation of the .deals domain to Sand Sunset, LLC",2014-07-09,https://www.iana.org/reports/c.2.9.2.d/20140709-deals,https://www.iana.org/domains/root/db/deals.html,2026-10-04T08:30:16.514990+00:00
.deals,.deals,Transfer of the .academy domain and 195 others,2018-03-23,https://www.iana.org/reports/tld-transfer/20180323-binkymoon,https://www.iana.org/domains/root/db/deals.html,2026-10-04T08:30:16.514990+00:00
.degree,.degree,"Delegation of the .degree domain to United TLD Holdco, LTD.",2014-05-27,https://www.iana.org/reports/c.2.9.2.d/20140527-degree,https://www.iana.org/domains/root/db/degree.html,2026-10-04T08:30:16.554369+00:00
.degree,.degree,"Transfer of the .degree domain to Dog Beach, LLC",2021-06-02,https://www.iana.org/reports/tld-transfer/20210602-degree,https://www.iana.org/domains/root/db/degree.html,2026-10-04T08:30:16.554369+00:00
.delivery,.delivery,"Delegation of the .delivery domain to Steel Station, LLC",2014-10-27,https://www.iana.org/reports/c.2.9.2.d/20141027-delivery,https://www.iana.org/domains/root/db/delivery.html,2026-10-04T08:30:23.768307+00:00
.delivery,.delivery,Transfer of the .academy domain and 195 others,2018-03-23,https://www.iana.org/reports/tld-transfer/20180323-binkymoon,https://www.iana.org/domains/root/db/delivery.html,2026-10-04T08:30:23.768307+00:00
.dell,.dell,Delegation of the .dell domain to Dell Inc.,2015-10-12,https://www.iana.org/reports/c.2.9.2.d/20151012-dell,https://www.iana.org/domains/root/db/dell.html,2026-10-04T08:30:23.745648+00:00
.deloitte,.deloitte,Delegation of the .deloitte domain to Deloitte Touche Tohmatsu,2016-01-22,https://www.iana.org/reports/c.2.9.2.d/20160122-deloitte,https://www.iana.org/domains/root/db/deloitte.html,2026-10-04T08:30:23.666845+00:00
.delta,.delta,"Delegation of the .delta domain to Delta Air Lines, Inc.",2015-07-09,https://www.iana.org/reports/c.2.9.2.d/20150709-delta,https://www.iana.org/domains/root/db/delta.html,2026-10-04T08:30:23.802594+00:00
.democrat,.democrat,Delegation of the .DEMOCRAT domain to United TLD Holdco Ltd.,2014-01-10,https://www.iana.org/reports/c.2.9.2.d/20140110-democrat,https://www.iana.org/domains/root/db/democrat.html,2026-10-04T08:30:23.668008+00:00
.democrat,.democrat,"Transfer of the .democrat domain to Dog Beach, LLC",2021-06-02,https://www.iana.org/reports/tld-transfer/20210602-democrat,https://www.iana.org/domains/root/db/democrat.html,2026-10-04T08:30:23.668008+00:00
.dental,.dental,"Delegation of the .dental domain to Tin Birch, LLC",2014-04-21,https://www.iana.org/reports/c.2.9.2.d/20140421-dental,https://www.iana.org/domains/root/db/dental.html,2026-10-04T08:30:23.996467+00:00
.dental,.dental,Transfer of the .academy domain and 195 others,2018-03-23,https://www.iana.org/reports/tld-transfer/20180323-binkymoon,https://www.iana.org/domains/root/db/dental.html,2026-10-04T08:30:23.996467+00:00
.dentist,.dentist,"Delegation of the .dentist domain to United TLD Holdco, Ltd",2014-05-28,https://www.iana.org/reports/c.2.9.2.d/20140528-dentist,https://www.iana.org/domains/root/db/dentist.html,2026-10-04T08:30:23.751213+00:00
.dentist,.dentist,"Transfer of the .dentist domain to Dog Beach, LLC",2021-06-02,https://www.iana.org/reports/tld-transfer/20210602-dentist,https://www.iana.org/domains/root/db/dentist.html,2026-10-04T08:30:23.751213+00:00
.desi,.desi,Delegation of the .desi domain to Desi Networks LLC,2014-04-09,https://www.iana.org/reports/c.2.9.2.d/20140409-desi,https://www.iana.org/domains/root/db/desi.html,2026-10-04T08:30:23.729948+00:00
.desi,.desi,Transfer of the .desi domain to emergency back-end registry operations,2023-10-19,https://www.iana.org/reports/tld-transfer/20231019-desi,https://www.iana.org/domains/root/db/desi.html,2026-10-04T08:30:23.729948+00:00
.design,.design,"Delegation of the .design domain to Top Level Design, LLC",2015-01-20,https://www.iana.org/reports/c.2.9.2.d/20150120-design,https://www.iana.org/domains/root/db/design.html,2026-10-04T06:22:18.500Z
.design,.design,"Transfer of the .design domain to Registry Services, LLC",2021-08-31,https://www.iana.org/reports/tld-transfer/20210831-design,https://www.iana.org/domains/root/db/design.html,2026-10-04T06:22:18.500Z
.dev,.dev,Delegation of the .dev domain to Charleston Road Registry Inc.,2014-12-16,https://www.iana.org/reports/c.2.9.2.d/20141216-dev,https://www.iana.org/domains/root/db/dev.html,2026-10-04T08:30:24.012327+00:00
.dhl,.dhl,Delegation of the .dhl domain to Deutsche Post AG,2016-05-31,https://www.iana.org/reports/c.2.9.2.d/20160531-dhl,https://www.iana.org/domains/root/db/dhl.html,2026-10-04T08:30:23.686563+00:00
.diamonds,.diamonds,"Delegation of the .DIAMONDS domain to John Edge, LLC",2013-11-18,https://www.iana.org/reports/c.2.9.2.d/20131118-diamonds,https://www.iana.org/domains/root/db/diamonds.html,2026-10-04T08:30:30.325624+00:00
.diamonds,.diamonds,Transfer of the .academy domain and 195 others,2018-03-23,https://www.iana.org/reports/tld-transfer/20180323-binkymoon,https://www.iana.org/domains/root/db/diamonds.html,2026-10-04T08:30:30.325624+00:00
.diet,.diet,"Delegation of the .diet domain to Uniregistry, Corp.",2014-08-15,https://www.iana.org/reports/c.2.9.2.d/20140815-diet,https://www.iana.org/domains/root/db/diet.html,2026-10-04T08:30:30.363686+00:00
.diet,.diet,Transfer of the .diet domain to XYZ.COM LLC,2022-03-23,https://www.iana.org/reports/tld-transfer/20220323-diet,https://www.iana.org/domains/root/db/diet.html,2026-10-04T08:30:30.363686+00:00
.digital,.digital,"Delegation of the .digital domain to Dash Park, LLC",2014-05-02,https://www.iana.org/reports/c.2.9.2.d/20140502-digital,https://www.iana.org/domains/root/db/digital.html,2026-10-04T08:30:30.420034+00:00
.digital,.digital,Transfer of the .academy domain and 195 others,2018-03-23,https://www.iana.org/reports/tld-transfer/20180323-binkymoon,https://www.iana.org/domains/root/db/digital.html,2026-10-04T08:30:30.420034+00:00
.direct,.direct,"Delegation of the .direct domain to Half Trail, LLC",2014-06-24,https://www.iana.org/reports/c.2.9.2.d/20140624-direct,https://www.iana.org/domains/root/db/direct.html,2026-10-04T08:30:30.302816+00:00
.direct,.direct,Transfer of the .academy domain and 195 others,2018-03-23,https://www.iana.org/reports/tld-transfer/20180323-binkymoon,https://www.iana.org/domains/root/db/direct.html,2026-10-04T08:30:30.302816+00:00
.directory,.directory,"Delegation of the .DIRECTORY domain to Extra Madison, LLC",2013-11-16,https://www.iana.org/reports/c.2.9.2.d/20131116-directory,https://www.iana.org/domains/root/db/directory.html,2026-10-04T08:30:30.281691+00:00
.directory,.directory,Transfer of the .academy domain and 195 others,2018-03-23,https://www.iana.org/reports/tld-transfer/20180323-binkymoon,https://www.iana.org/domains/root/db/directory.html,2026-10-04T08:30:30.281691+00:00
.discount,.discount,"Delegation of the .discount domain to Holly Hill, LLC",2014-04-21,https://www.iana.org/reports/c.2.9.2.d/20140421-discount,https://www.iana.org/domains/root/db/discount.html,2026-10-04T08:30:30.424875+00:00
.discount,.discount,Transfer of the .academy domain and 195 others,2018-03-23,https://www.iana.org/reports/tld-transfer/20180323-binkymoon,https://www.iana.org/domains/root/db/discount.html,2026-10-04T08:30:30.424875+00:00
.discover,.discover,Delegation of the .discover domain to Discover Financial Services,2016-07-25,https://www.iana.org/reports/c.2.9.2.d/20160725-discover,https://www.iana.org/domains/root/db/discover.html,2026-10-04T08:30:30.709802+00:00
.dish,.dish,Delegation of the .dish domain to Dish DBS Corporation,2016-08-08,https://www.iana.org/reports/c.2.9.2.d/20160808-dish,https://www.iana.org/domains/root/db/dish.html,2026-10-04T08:30:30.433190+00:00
.diy,.diy,"Delegation of the .diy domain to Lifestyle Domain Holdings, Inc.",2016-08-23,https://www.iana.org/reports/c.2.9.2.d/20160823-diy,https://www.iana.org/domains/root/db/diy.html,2026-10-04T08:30:30.370987+00:00
.diy,.diy,Transfer of the .diy domain to Internet Naming Co.,2024-01-09,https://www.iana.org/reports/tld-transfer/20240109-diy,https://www.iana.org/domains/root/db/diy.html,2026-10-04T08:30:30.370987+00:00
.dm,.dm,Report on Redelegation of the .DM Top-Level Domain,2007-07-31,https://www.iana.org/reports/2007/dm-report-31jul2007.html,https://www.iana.org/domains/root/db/dm.html,2026-10-04T08:30:37.554051+00:00
.dnp,.dnp,"Delegation of the .dnp domain to Dai Nippon Printing Co., Ltd.",2014-03-07,https://www.iana.org/reports/c.2.9.2.d/20140307-dnp,https://www.iana.org/domains/root/db/dnp.html,2026-10-04T08:30:37.180064+00:00
.docs,.docs,Delegation of the .docs domain to Charleston Road Registry Inc.,2014-12-16,https://www.iana.org/reports/c.2.9.2.d/20141216-docs,https://www.iana.org/domains/root/db/docs.html,2026-10-04T08:30:37.251063+00:00
.doctor,.doctor,"Delegation of the .doctor domain to Brice Trail, LLC",2016-07-15,https://www.iana.org/reports/c.2.9.2.d/20160715-doctor,https://www.iana.org/domains/root/db/doctor.html,2026-10-04T08:30:37.556253+00:00
.doctor,.doctor,Transfer of the .academy domain and 195 others,2018-03-23,https://www.iana.org/reports/tld-transfer/20180323-binkymoon,https://www.iana.org/domains/root/db/doctor.html,2026-10-04T08:30:37.556253+00:00
.dodge,.dodge,Delegation of the .dodge domain to FCA US Llc,2016-07-25,https://www.iana.org/reports/c.2.9.2.d/20160725-dodge,https://www.iana.org/domains/root/db/dodge.html,2026-10-04T08:30:37.468520+00:00
.dodge,.dodge,Revocation of the .dodge domain,2019-11-20,https://www.iana.org/reports/tld-transfer/20191120-dodge,https://www.iana.org/domains/root/db/dodge.html,2026-10-04T08:30:37.468520+00:00
.dog,.dog,"Delegation of the .dog domain to Koko Mill, LLC",2015-04-22,https://www.iana.org/reports/c.2.9.2.d/20150422-dog,https://www.iana.org/domains/root/db/dog.html,2026-10-04T08:30:37.182763+00:00
.dog,.dog,Transfer of the .academy domain and 195 others,2018-03-23,https://www.iana.org/reports/tld-transfer/20180323-binkymoon,https://www.iana.org/domains/root/db/dog.html,2026-10-04T08:30:37.182763+00:00
.doha,.doha,Delegation of the .doha domain to Communications Regulatory Authority (CRA),2015-03-23,https://www.iana.org/reports/c.2.9.2.d/20150323-doha,https://www.iana.org/domains/root/db/doha.html,2026-10-04T08:30:37.255086+00:00
.doha,.doha,Revocation of the .doha domain,2019-04-09,https://www.iana.org/reports/tld-transfer/20190409-doha,https://www.iana.org/domains/root/db/doha.html,2026-10-04T08:30:37.255086+00:00
.domains,.domains,"Delegation of the .DOMAINS domain to Sugar Cross, LLC",2013-12-12,https://www.iana.org/reports/c.2.9.2.d/20131212-domains,https://www.iana.org/domains/root/db/domains.html,2026-10-04T08:30:37.276918+00:00
.domains,.domains,Transfer of the .academy domain and 195 others,2018-03-23,https://www.iana.org/reports/tld-transfer/20180323-binkymoon,https://www.iana.org/domains/root/db/domains.html,2026-10-04T08:30:37.276918+00:00
.doosan,.doosan,Delegation of the .doosan domain to Doosan Corporation,2014-12-11,https://www.iana.org/reports/c.2.9.2.d/20141211-doosan,https://www.iana.org/domains/root/db/doosan.html,2026-10-04T08:30:45.820312+00:00
.doosan,.doosan,Revocation of the .doosan domain,2016-02-19,https://www.iana.org/reports/c.2.9.2.d/20160219-doosan,https://www.iana.org/domains/root/db/doosan.html,2026-10-04T08:30:45.820312+00:00
.dot,.dot,Delegation of the .dot domain to Dish DBS Corporation,2016-05-16,https://www.iana.org/reports/c.2.9.2.d/20160516-dot,https://www.iana.org/domains/root/db/dot.html,2026-10-04T08:30:45.792683+00:00
.download,.download,Delegation of the .download domain to dot Support Limited,2015-03-23,https://www.iana.org/reports/c.2.9.2.d/20150323-download,https://www.iana.org/domains/root/db/download.html,2026-10-04T08:30:45.699198+00:00
.drive,.drive,Delegation of the .drive domain to Charleston Road Registry Inc.,2015-06-18,https://www.iana.org/reports/c.2.9.2.d/20150618-drive,https://www.iana.org/domains/root/db/drive.html,2026-10-04T08:30:45.859633+00:00
.dtv,.dtv,Delegation of the .dtv domain to Dish DBS Corporation,2016-05-25,https://www.iana.org/reports/c.2.9.2.d/20160525-dtv,https://www.iana.org/domains/root/db/dtv.html,2026-10-04T08:30:45.778602+00:00
.dubai,.dubai,Delegation of the .dubai domain to Dubai Smart Government Department,2016-01-05,https://www.iana.org/reports/c.2.9.2.d/20160105-dubai,https://www.iana.org/domains/root/db/dubai.html,2026-10-04T08:30:45.819220+00:00
.duck,.duck,"Delegation of the .duck domain to Johnson Shareholdings, Inc.",2016-07-15,https://www.iana.org/reports/c.2.9.2.d/20160715-duck,https://www.iana.org/domains/root/db/duck.html,2026-10-04T08:30:45.788259+00:00
.duck,.duck,Revocation of the .duck domain,2021-12-03,https://www.iana.org/reports/tld-transfer/20211203-duck,https://www.iana.org/domains/root/db/duck.html,2026-10-04T08:30:45.788259+00:00
.dunlop,.dunlop,Delegation of the .dunlop domain to The Goodyear Tire & Rubber Company,2016-06-06,https://www.iana.org/reports/c.2.9.2.d/20160606-dunlop,https://www.iana.org/domains/root/db/dunlop.html,2026-10-04T08:30:46.103198+00:00
.dunlop,.dunlop,Revocation of the .dunlop domain,2025-10-21,https://www.iana.org/reports/tld-transfer/20251021-dunlop,https://www.iana.org/domains/root/db/dunlop.html,2026-10-04T08:30:46.103198+00:00
.duns,.duns,Delegation of the .duns domain to The Dun & Bradstreet Corporation,2016-07-21,https://www.iana.org/reports/c.2.9.2.d/20160721-duns,https://www.iana.org/domains/root/db/duns.html,2026-10-04T08:30:45.828048+00:00
.duns,.duns,Revocation of the .duns domain,2019-08-30,https://www.iana.org/reports/tld-transfer/20190830-duns,https://www.iana.org/domains/root/db/duns.html,2026-10-04T08:30:45.828048+00:00
.dupont,.dupont,Delegation of the .dupont domain to E. I. du Pont de Nemours and Company,2016-06-06,https://www.iana.org/reports/c.2.9.2.d/20160606-dupont,https://www.iana.org/domains/root/db/dupont.html,2026-10-04T08:30:45.820484+00:00
.dupont,.dupont,"Transfer of the .dupont domain to DuPont Specialty Products USA, LLC",2022-02-10,https://www.iana.org/reports/tld-transfer/20220210-dupont,https://www.iana.org/domains/root/db/dupont.html,2026-10-04T08:30:45.820484+00:00
.durban,.durban,Delegation of the .durban domain to ZA Central Registry NPC trading as ZA Central Registry,2014-06-17,https://www.iana.org/reports/c.2.9.2.d/20140617-durban,https://www.iana.org/domains/root/db/durban.html,2026-10-04T08:30:52.889921+00:00
.dvag,.dvag,Delegation of the .dvag domain to Deutsche Vermögensberatung Aktiengesellschaft DVAG,2014-09-25,https://www.iana.org/reports/c.2.9.2.d/20140925-dvag,https://www.iana.org/domains/root/db/dvag.html,2026-10-04T08:30:53.261927+00:00
.dvr,.dvr,Delegation of the .dvr domain to Hughes Satellite Systems Corporation,2016-09-27,https://www.iana.org/reports/tld-transfer/20160927-dvr,https://www.iana.org/domains/root/db/dvr.html,2026-10-04T08:30:52.885790+00:00
.dvr,.dvr,Transfer of the .dvr domain to DISH Technologies L.L.C.,2024-04-25,https://www.iana.org/reports/tld-transfer/20240425-dvr,https://www.iana.org/domains/root/db/dvr.html,2026-10-04T08:30:52.885790+00:00
.earth,.earth,"Delegation of the .earth domain to Interlink Co., Ltd.",2015-05-12,https://www.iana.org/reports/c.2.9.2.d/20150512-earth,https://www.iana.org/domains/root/db/earth.html,2026-10-04T08:30:52.986133+00:00
.earth,.earth,Transfer of the .earth domain to Interlink Systems Innovation Institute K.K.,2022-07-19,https://www.iana.org/reports/tld-transfer/20220719-earth,https://www.iana.org/domains/root/db/earth.html,2026-10-04T08:30:52.986133+00:00
.eat,.eat,Delegation of the .eat domain to Charleston Road Registry Inc.,2014-08-28,https://www.iana.org/reports/c.2.9.2.d/20140828-eat,https://www.iana.org/domains/root/db/eat.html,2026-10-04T08:30:53.230458+00:00
.eco,.eco,Delegation of the .eco domain to Big Room Inc.,2016-08-25,https://www.iana.org/reports/c.2.9.2.d/20160825-eco,https://www.iana.org/domains/root/db/eco.html,2026-10-04T06:22:18.500Z
.edeka,.edeka,Delegation of the .edeka domain to EDEKA Verband kaufmännischer Genossenschaften e.V.,2016-01-15,https://www.iana.org/reports/c.2.9.2.d/20160115-edeka,https://www.iana.org/domains/root/db/edeka.html,2026-10-04T08:30:52.885041+00:00
.education,.education,"Delegation of the .EDUCATION domain to Brice Way, LLC",2013-12-20,https://www.iana.org/reports/c.2.9.2.d/20131220-education,https://www.iana.org/domains/root/db/education.html,2026-10-04T08:30:52.984510+00:00
.education,.education,Transfer of the .academy domain and 195 others,2018-03-23,https://www.iana.org/reports/tld-transfer/20180323-binkymoon,https://www.iana.org/domains/root/db/education.html,2026-10-04T08:30:52.984510+00:00
.ee,.ee,Report on the Redelegation of the .EE domain representing Estonia to Eesti Interneti Sihtasutus,2013-05-12,https://www.iana.org/reports/2013/ee-report-20130512.html,https://www.iana.org/domains/root/db/ee.html,2026-10-04T08:30:52.985632+00:00
.email,.email,"Delegation of the .EMAIL domain to Spring Madison, LLC",2013-12-20,https://www.iana.org/reports/c.2.9.2.d/20131220-email,https://www.iana.org/domains/root/db/email.html,2026-10-04T08:31:00.480469+00:00
.email,.email,Transfer of the .academy domain and 195 others,2018-03-23,https://www.iana.org/reports/tld-transfer/20180323-binkymoon,https://www.iana.org/domains/root/db/email.html,2026-10-04T08:31:00.480469+00:00
.emerck,.emerck,Delegation of the .emerck domain to Merck KGaA,2014-10-17,https://www.iana.org/reports/c.2.9.2.d/20141017-emerck,https://www.iana.org/domains/root/db/emerck.html,2026-10-04T08:31:00.916588+00:00
.energy,.energy,"Delegation of the .energy domain to Binky Birch, LLC",2014-10-27,https://www.iana.org/reports/c.2.9.2.d/20141027-energy,https://www.iana.org/domains/root/db/energy.html,2026-10-04T08:31:00.536299+00:00
.energy,.energy,Transfer of the .academy domain and 195 others,2018-03-23,https://www.iana.org/reports/tld-transfer/20180323-binkymoon,https://www.iana.org/domains/root/db/energy.html,2026-10-04T08:31:00.536299+00:00
.engineer,.engineer,"Delegation of the .engineer domain to United TLD Holdco, Ltd",2014-06-02,https://www.iana.org/reports/c.2.9.2.d/20140602-engineer,https://www.iana.org/domains/root/db/engineer.html,2026-10-04T08:31:00.605882+00:00
.engineer,.engineer,"Transfer of the .engineer domain to Dog Beach, LLC",2021-06-02,https://www.iana.org/reports/tld-transfer/20210602-engineer,https://www.iana.org/domains/root/db/engineer.html,2026-10-04T08:31:00.605882+00:00
.engineering,.engineering,Delegation of the .engineering domain to Romeo Canyon,2014-04-09,https://www.iana.org/reports/c.2.9.2.d/20140409-engineering,https://www.iana.org/domains/root/db/engineering.html,2026-10-04T08:31:00.634362+00:00
.engineering,.engineering,Transfer of the .academy domain and 195 others,2018-03-23,https://www.iana.org/reports/tld-transfer/20180323-binkymoon,https://www.iana.org/domains/root/db/engineering.html,2026-10-04T08:31:00.634362+00:00
.enterprises,.enterprises,"Delegation of the .ENTERPRISES domain to Snow Oaks, LLC",2013-11-18,https://www.iana.org/reports/c.2.9.2.d/20131118-enterprises,https://www.iana.org/domains/root/db/enterprises.html,2026-10-04T08:31:01.184228+00:00
.enterprises,.enterprises,Transfer of the .academy domain and 195 others,2018-03-23,https://www.iana.org/reports/tld-transfer/20180323-binkymoon,https://www.iana.org/domains/root/db/enterprises.html,2026-10-04T08:31:01.184228+00:00
.epost,.epost,Delegation of the .epost domain to Deutsche Post AG,2016-06-02,https://www.iana.org/reports/c.2.9.2.d/20160602-epost,https://www.iana.org/domains/root/db/epost.html,2026-10-04T08:31:01.123757+00:00
.epost,.epost,Revocation of the .epost domain,2019-02-14,https://www.iana.org/reports/tld-transfer/20190214-epost,https://www.iana.org/domains/root/db/epost.html,2026-10-04T08:31:01.123757+00:00
.epson,.epson,Delegation of the .epson domain to Seiko Epson Corporation,2015-02-27,https://www.iana.org/reports/c.2.9.2.d/20150227-epson,https://www.iana.org/domains/root/db/epson.html,2026-10-04T08:31:06.754168+00:00
.equipment,.equipment,"Delegation of the .EQUIPMENT domain to Corn Station, LLC",2013-11-04,https://www.iana.org/reports/c.2.9.2.d/20131104-equipment,https://www.iana.org/domains/root/db/equipment.html,2026-10-04T08:31:06.903125+00:00
.equipment,.equipment,Transfer of the .academy domain and 195 others,2018-03-23,https://www.iana.org/reports/tld-transfer/20180323-binkymoon,https://www.iana.org/domains/root/db/equipment.html,2026-10-04T08:31:06.903125+00:00
.ericsson,.ericsson,Delegation of the .ericsson domain to Telefonaktiebolaget L M Ericsson,2016-06-07,https://www.iana.org/reports/c.2.9.2.d/20160607-ericsson,https://www.iana.org/domains/root/db/ericsson.html,2026-10-04T08:31:06.456837+00:00
.erni,.erni,Delegation of the .erni domain to ERNI Group Holding AG,2015-03-09,https://www.iana.org/reports/c.2.9.2.d/20150309-erni,https://www.iana.org/domains/root/db/erni.html,2026-10-04T08:31:06.572729+00:00
.es,.es,IANA Report on the Redelegation of the .ES Top-Level Domain,2005-08-05,https://www.iana.org/reports/2005/es-report-05aug2005.pdf,https://www.iana.org/domains/root/db/es.html,2026-10-04T08:31:06.508722+00:00
.esq,.esq,Delegation of the .esq domain to Charleston Road Registry Inc.,2014-08-27,https://www.iana.org/reports/c.2.9.2.d/20140827-esq,https://www.iana.org/domains/root/db/esq.html,2026-10-04T08:31:06.547684+00:00
.estate,.estate,"Delegation of the .ESTATE domain to Trixy Park, LLC",2013-11-11,https://www.iana.org/reports/c.2.9.2.d/20131111-estate,https://www.iana.org/domains/root/db/estate.html,2026-10-04T08:31:06.465390+00:00
.estate,.estate,Transfer of the .academy domain and 195 others,2018-03-23,https://www.iana.org/reports/tld-transfer/20180323-binkymoon,https://www.iana.org/domains/root/db/estate.html,2026-10-04T08:31:06.465390+00:00
.esurance,.esurance,Delegation of the .esurance domain to Esurance Insurance Company,2016-07-18,https://www.iana.org/reports/c.2.9.2.d/20160718-esurance,https://www.iana.org/domains/root/db/esurance.html,2026-10-04T08:31:06.415932+00:00
.esurance,.esurance,Revocation of the .esurance domain,2020-05-26,https://www.iana.org/reports/tld-transfer/20200526-esurance,https://www.iana.org/domains/root/db/esurance.html,2026-10-04T08:31:06.415932+00:00
.etisalat,.etisalat,Delegation of the .etisalat domain to Emirates Telecommunications Corporation (trading as Etisalat),2017-06-01,https://www.iana.org/reports/tld-transfer/20170601-etisalat,https://www.iana.org/domains/root/db/etisalat.html,2026-10-04T08:31:13.400322+00:00
.etisalat,.etisalat,Revocation of the .etisalat domain,2023-11-17,https://www.iana.org/reports/tld-transfer/20231117-etisalat,https://www.iana.org/domains/root/db/etisalat.html,2026-10-04T08:31:13.400322+00:00
.eu,.eu,IANA Report on the Delegation of the .EU Top-Level Domain,2005-08-05,https://www.iana.org/reports/2005/eu-report-05aug2005.pdf,https://www.iana.org/domains/root/db/eu.html,2026-10-04T06:22:18.500Z
.eurovision,.eurovision,Delegation of the .eurovision domain to European Broadcasting Union (EBU),2014-12-01,https://www.iana.org/reports/c.2.9.2.d/20141201-eurovision,https://www.iana.org/domains/root/db/eurovision.html,2026-10-04T08:31:13.337604+00:00
.eus,.eus,Delegation of the .eus domain to Puntueus Fundazioa,2014-04-08,https://www.iana.org/reports/c.2.9.2.d/20140408-eus,https://www.iana.org/domains/root/db/eus.html,2026-10-04T08:31:13.414026+00:00
.events,.events,"Delegation of the .events domain to Pioneer Maple, LLC",2014-01-31,https://www.iana.org/reports/c.2.9.2.d/20140131-events,https://www.iana.org/domains/root/db/events.html,2026-10-04T08:31:13.327401+00:00
.events,.events,Transfer of the .academy domain and 195 others,2018-03-23,https://www.iana.org/reports/tld-transfer/20180323-binkymoon,https://www.iana.org/domains/root/db/events.html,2026-10-04T08:31:13.327401+00:00
.everbank,.everbank,Delegation of the .everbank domain to EverBank,2014-11-24,https://www.iana.org/reports/c.2.9.2.d/20141124-everbank,https://www.iana.org/domains/root/db/everbank.html,2026-10-04T08:31:13.444232+00:00
.everbank,.everbank,Revocation of the .everbank domain,2019-11-15,https://www.iana.org/reports/tld-transfer/20191115-everbank,https://www.iana.org/domains/root/db/everbank.html,2026-10-04T08:31:13.444232+00:00
.exchange,.exchange,"Delegation of the .exchange domain to Spring Falls, LLC",2014-04-21,https://www.iana.org/reports/c.2.9.2.d/20140421-exchange,https://www.iana.org/domains/root/db/exchange.html,2026-10-04T08:31:13.343498+00:00
.exchange,.exchange,Transfer of the .academy domain and 195 others,2018-03-23,https://www.iana.org/reports/tld-transfer/20180323-binkymoon,https://www.iana.org/domains/root/db/exchange.html,2026-10-04T08:31:13.343498+00:00
.expert,.expert,"Delegation of the .EXPERT domain to Magic Pass, LLC",2014-01-17,https://www.iana.org/reports/c.2.9.2.d/20140117-expert,https://www.iana.org/domains/root/db/expert.html,2026-10-04T08:31:13.347356+00:00
.expert,.expert,Transfer of the .academy domain and 195 others,2018-03-23,https://www.iana.org/reports/tld-transfer/20180323-binkymoon,https://www.iana.org/domains/root/db/expert.html,2026-10-04T08:31:13.347356+00:00
.exposed,.exposed,"Delegation of the .exposed domain to Victor Beach, LLC",2014-01-31,https://www.iana.org/reports/c.2.9.2.d/20140131-exposed,https://www.iana.org/domains/root/db/exposed.html,2026-10-04T08:31:13.291468+00:00
.exposed,.exposed,Transfer of the .academy domain and 195 others,2018-03-23,https://www.iana.org/reports/tld-transfer/20180323-binkymoon,https://www.iana.org/domains/root/db/exposed.html,2026-10-04T08:31:13.291468+00:00
.express,.express,"Delegation of the .express domain to Sea Sunset, LLC",2015-04-03,https://www.iana.org/reports/c.2.9.2.d/20150403-express,https://www.iana.org/domains/root/db/express.html,2026-10-04T08:31:13.444917+00:00
.express,.express,Transfer of the .academy domain and 195 others,2018-03-23,https://www.iana.org/reports/tld-transfer/20180323-binkymoon,https://www.iana.org/domains/root/db/express.html,2026-10-04T08:31:13.444917+00:00
.extraspace,.extraspace,Delegation of the .extraspace domain to Extra Space Storage LLC,2016-03-22,https://www.iana.org/reports/c.2.9.2.d/20160322-extraspace,https://www.iana.org/domains/root/db/extraspace.html,2026-10-04T08:31:13.452764+00:00
.fage,.fage,Delegation of the .fage domain to Fage International S.A.,2015-08-05,https://www.iana.org/reports/c.2.9.2.d/20150805-fage,https://www.iana.org/domains/root/db/fage.html,2026-10-04T08:31:20.194778+00:00
.fail,.fail,"Delegation of the .fail domain to Atomic Pipe, LLC",2014-04-21,https://www.iana.org/reports/c.2.9.2.d/20140421-fail,https://www.iana.org/domains/root/db/fail.html,2026-10-04T06:22:18.500Z
.fail,.fail,Transfer of the .academy domain and 195 others,2018-03-23,https://www.iana.org/reports/tld-transfer/20180323-binkymoon,https://www.iana.org/domains/root/db/fail.html,2026-10-04T06:22:18.500Z
.fairwinds,.fairwinds,"Delegation of the .fairwinds domain to FairWinds Partners, LLC",2015-11-10,https://www.iana.org/reports/c.2.9.2.d/20151110-fairwinds,https://www.iana.org/domains/root/db/fairwinds.html,2026-10-04T08:31:20.314344+00:00
.faith,.faith,Delegation of the .faith domain to dot Faith Limited,2015-03-23,https://www.iana.org/reports/c.2.9.2.d/20150323-faith,https://www.iana.org/domains/root/db/faith.html,2026-10-04T08:31:20.351206+00:00
.family,.family,"Delegation of the .family domain to United TLD Holdco, Ltd.",2015-08-07,https://www.iana.org/reports/c.2.9.2.d/20150807-family,https://www.iana.org/domains/root/db/family.html,2026-10-04T08:31:19.924229+00:00
.family,.family,"Transfer of the .family domain to Dog Beach, LLC",2021-06-02,https://www.iana.org/reports/tld-transfer/20210602-family,https://www.iana.org/domains/root/db/family.html,2026-10-04T08:31:19.924229+00:00
.fan,.fan,Delegation of the .fan domain to Asiamix Digital Ltd.,2015-03-12,https://www.iana.org/reports/c.2.9.2.d/20150312-fan,https://www.iana.org/domains/root/db/fan.html,2026-10-04T08:31:19.934545+00:00
.fan,.fan,"Transfer of the .fan domain to Dog Beach, LLC",2021-06-09,https://www.iana.org/reports/tld-transfer/20210609-fan,https://www.iana.org/domains/root/db/fan.html,2026-10-04T08:31:19.934545+00:00
.fans,.fans,Delegation of the .fans domain to Asiamix Digital Limited,2015-02-17,https://www.iana.org/reports/c.2.9.2.d/20150217-fans,https://www.iana.org/domains/root/db/fans.html,2026-10-04T08:31:19.801255+00:00
.fans,.fans,Transfer of the .fans domain to ZDNS International Limited,2020-03-09,https://www.iana.org/reports/tld-transfer/20200309-fans,https://www.iana.org/domains/root/db/fans.html,2026-10-04T08:31:19.801255+00:00
.farm,.farm,"Delegation of the .FARM domain to Just Maple, LLC",2013-12-20,https://www.iana.org/reports/c.2.9.2.d/20131220-farm,https://www.iana.org/domains/root/db/farm.html,2026-10-04T08:31:20.014626+00:00
.farm,.farm,Transfer of the .academy domain and 195 others,2018-03-23,https://www.iana.org/reports/tld-transfer/20180323-binkymoon,https://www.iana.org/domains/root/db/farm.html,2026-10-04T08:31:20.014626+00:00
.farmers,.farmers,Delegation of the .farmers domain to Farmers Insurance Exchange,2016-06-21,https://www.iana.org/reports/c.2.9.2.d/20160621-farmers,https://www.iana.org/domains/root/db/farmers.html,2026-10-04T08:31:19.940991+00:00
.fashion,.fashion,Delegation of the .fashion domain to Top Level Domain Holdings Limited,2014-12-03,https://www.iana.org/reports/c.2.9.2.d/20141203-fashion,https://www.iana.org/domains/root/db/fashion.html,2026-10-04T08:31:19.882608+00:00
.fashion,.fashion,"Transfer of the .fashion domain to Registry Services, LLC",2021-09-14,https://www.iana.org/reports/tld-transfer/20210914-fashion,https://www.iana.org/domains/root/db/fashion.html,2026-10-04T08:31:19.882608+00:00
.fast,.fast,"Delegation of the .fast domain to Amazon Registry Services, Inc.",2015-12-02,https://www.iana.org/reports/tld-transfer/20151202-fast,https://www.iana.org/domains/root/db/fast.html,2026-10-04T08:31:19.992680+00:00
.fedex,.fedex,Delegation of the .fedex domain to Federal Express Corporation,2016-06-23,https://www.iana.org/reports/c.2.9.2.d/20160623-fedex,https://www.iana.org/domains/root/db/fedex.html,2026-10-04T08:31:25.095246+00:00
.feedback,.feedback,"Delegation of the .feedback domain to Top Level Spectrum, Inc.",2014-04-07,https://www.iana.org/reports/c.2.9.2.d/20140407-feedback,https://www.iana.org/domains/root/db/feedback.html,2026-10-04T08:31:25.123627+00:00
.ferrari,.ferrari,Delegation of the .ferrari domain to Fiat Chrysler Automobiles N.V.,2016-08-01,https://www.iana.org/reports/c.2.9.2.d/20160801-ferrari,https://www.iana.org/domains/root/db/ferrari.html,2026-10-04T08:31:25.097997+00:00
.ferrero,.ferrero,Delegation of the .ferrero domain to Ferrero Trading Lux S.A.,2015-11-04,https://www.iana.org/reports/c.2.9.2.d/20151104-ferrero,https://www.iana.org/domains/root/db/ferrero.html,2026-10-04T08:31:25.410054+00:00
.fiat,.fiat,Delegation of the .fiat domain to Fiat Chrysler Automobiles N.V.,2016-08-01,https://www.iana.org/reports/c.2.9.2.d/20160801-fiat,https://www.iana.org/domains/root/db/fiat.html,2026-10-04T08:31:25.086199+00:00
.fiat,.fiat,Revocation of the .fiat domain,2023-06-05,https://www.iana.org/reports/tld-transfer/20230605-fiat,https://www.iana.org/domains/root/db/fiat.html,2026-10-04T08:31:25.086199+00:00
.fidelity,.fidelity,Delegation of the .fidelity domain to Fidelity Brokerage Services LLC,2016-08-01,https://www.iana.org/reports/c.2.9.2.d/20160801-fidelity,https://www.iana.org/domains/root/db/fidelity.html,2026-10-04T08:31:25.069713+00:00
.fido,.fido,Delegation of the .fido domain to Rogers Communications Canada Inc.,2016-09-15,https://www.iana.org/reports/c.2.9.2.d/20160914-fido,https://www.iana.org/domains/root/db/fido.html,2026-10-04T08:31:25.188897+00:00
.film,.film,Delegation of the .film domain to Motion Picture Domain Registry Pty Ltd,2015-03-16,https://www.iana.org/reports/c.2.9.2.d/20150316-film,https://www.iana.org/domains/root/db/film.html,2026-10-04T08:31:25.125337+00:00
.final,.final,Delegation of the .final domain to Núcleo de Informação e Coordenação do Ponto BR - NIC.br,2015-09-25,https://www.iana.org/reports/c.2.9.2.d/20150925-final,https://www.iana.org/domains/root/db/final.html,2026-10-04T08:31:25.102784+00:00
.finance,.finance,"Delegation of the .finance domain to Cotton Cypress, LLC",2014-04-25,https://www.iana.org/reports/c.2.9.2.d/20140425-finance,https://www.iana.org/domains/root/db/finance.html,2026-10-04T08:31:31.645287+00:00
.finance,.finance,Transfer of the .academy domain and 195 others,2018-03-23,https://www.iana.org/reports/tld-transfer/20180323-binkymoon,https://www.iana.org/domains/root/db/finance.html,2026-10-04T08:31:31.645287+00:00
.financial,.financial,"Delegation of the .financial domain to Just Cover, LLC",2014-04-21,https://www.iana.org/reports/c.2.9.2.d/20140421-financial,https://www.iana.org/domains/root/db/financial.html,2026-10-04T08:31:31.734089+00:00
.financial,.financial,Transfer of the .academy domain and 195 others,2018-03-23,https://www.iana.org/reports/tld-transfer/20180323-binkymoon,https://www.iana.org/domains/root/db/financial.html,2026-10-04T08:31:31.734089+00:00
.fire,.fire,"Delegation of the .fire domain to Amazon Registry Services, Inc.",2016-06-02,https://www.iana.org/reports/c.2.9.2.d/20160602-fire,https://www.iana.org/domains/root/db/fire.html,2026-10-04T08:31:31.661724+00:00
.firestone,.firestone,"Redelegation of the .firestone domain to Bridgestone Licensing Services, Inc.",2016-08-16,https://www.iana.org/reports/c.2.9.2.d/20160816-firestone,https://www.iana.org/domains/root/db/firestone.html,2026-10-04T08:31:31.636208+00:00
.firestone,.firestone,Delegation of the .firestone domain to Bridgestone Corporation,2015-12-02,https://www.iana.org/reports/c.2.9.2.d/20151202-firestone,https://www.iana.org/domains/root/db/firestone.html,2026-10-04T08:31:31.636208+00:00
.firmdale,.firmdale,Delegation of the .firmdale domain to Firmdale Holdings Limited,2014-11-14,https://www.iana.org/reports/c.2.9.2.d/20141114-firmdale,https://www.iana.org/domains/root/db/firmdale.html,2026-10-04T08:31:31.629262+00:00
.fish,.fish,"Delegation of the .fish domain to Fox Woods, LLC",2014-02-14,https://www.iana.org/reports/c.2.9.2.d/20140214-fish,https://www.iana.org/domains/root/db/fish.html,2026-10-04T08:31:31.634017+00:00
.fish,.fish,Transfer of the .academy domain and 195 others,2018-03-23,https://www.iana.org/reports/tld-transfer/20180323-binkymoon,https://www.iana.org/domains/root/db/fish.html,2026-10-04T08:31:31.634017+00:00
.fishing,.fishing,Delegation of the .fishing domain to Top Level Domain Holdings Limited,2014-03-27,https://www.iana.org/reports/c.2.9.2.d/20140327-fishing,https://www.iana.org/domains/root/db/fishing.html,2026-10-04T08:31:31.568752+00:00
.fishing,.fishing,"Transfer of the .fishing domain to Registry Services, LLC",2021-09-14,https://www.iana.org/reports/tld-transfer/20210914-fishing,https://www.iana.org/domains/root/db/fishing.html,2026-10-04T08:31:31.568752+00:00
.fit,.fit,Delegation of the .fit domain to Minds + Machines Group Limited,2015-01-06,https://www.iana.org/reports/c.2.9.2.d/20150106-fit,https://www.iana.org/domains/root/db/fit.html,2026-10-04T08:31:31.579563+00:00
.fit,.fit,"Transfer of the .fit domain to Registry Services, LLC",2021-09-14,https://www.iana.org/reports/tld-transfer/20210914-fit,https://www.iana.org/domains/root/db/fit.html,2026-10-04T08:31:31.579563+00:00
.fitness,.fitness,"Delegation of the .fitness domain to Brice Orchard, LLC",2014-04-14,https://www.iana.org/reports/c.2.9.2.d/20140414-fitness,https://www.iana.org/domains/root/db/fitness.html,2026-10-04T08:31:31.897960+00:00
.fitness,.fitness,Transfer of the .academy domain and 195 others,2018-03-23,https://www.iana.org/reports/tld-transfer/20180323-binkymoon,https://www.iana.org/domains/root/db/fitness.html,2026-10-04T08:31:31.897960+00:00
.fk,.fk,IANA Report on the Redelegation of the .FK Top-Level Domain,2005-08-05,https://www.iana.org/reports/2005/fk-report-05aug2005.pdf,https://www.iana.org/domains/root/db/fk.html,2026-10-04T08:31:41.728421+00:00
.flickr,.flickr,Delegation of the .flickr domain to Yahoo! Domain Services Inc.,2016-02-09,https://www.iana.org/reports/c.2.9.2.d/20160209-flickr,https://www.iana.org/domains/root/db/flickr.html,2026-10-04T08:31:41.841714+00:00
.flickr,.flickr,"Transfer of the .flickr domain to Flickr, Inc.",2020-07-09,https://www.iana.org/reports/tld-transfer/20200709-flickr,https://www.iana.org/domains/root/db/flickr.html,2026-10-04T08:31:41.841714+00:00
.flights,.flights,"Delegation of the .flights domain to Fox Station, LLC",2014-01-31,https://www.iana.org/reports/c.2.9.2.d/20140131-flights,https://www.iana.org/domains/root/db/flights.html,2026-10-04T08:31:41.457513+00:00
.flights,.flights,Transfer of the .academy domain and 195 others,2018-03-23,https://www.iana.org/reports/tld-transfer/20180323-binkymoon,https://www.iana.org/domains/root/db/flights.html,2026-10-04T08:31:41.457513+00:00
.flir,.flir,"Delegation of the .flir domain to FLIR Systems, Inc.",2016-04-29,https://www.iana.org/reports/c.2.9.2.d/20160505-flir,https://www.iana.org/domains/root/db/flir.html,2026-10-04T08:31:41.536655+00:00
.florist,.florist,"Delegation of the .FLORIST domain to Half Cypress, LLC",2013-12-20,https://www.iana.org/reports/c.2.9.2.d/20131220-florist,https://www.iana.org/domains/root/db/florist.html,2026-10-04T08:31:41.799389+00:00
.florist,.florist,Transfer of the .academy domain and 195 others,2018-03-23,https://www.iana.org/reports/tld-transfer/20180323-binkymoon,https://www.iana.org/domains/root/db/florist.html,2026-10-04T08:31:41.799389+00:00
.flowers,.flowers,"Delegation of the .flowers domain to Uniregistry, Corp.",2014-12-22,https://www.iana.org/reports/c.2.9.2.d/20141222-flowers,https://www.iana.org/domains/root/db/flowers.html,2026-10-04T08:31:41.831984+00:00
.flowers,.flowers,Transfer of the .flowers domain to XYZ.COM LLC,2022-03-23,https://www.iana.org/reports/tld-transfer/20220323-flowers,https://www.iana.org/domains/root/db/flowers.html,2026-10-04T08:31:41.831984+00:00
.flsmidth,.flsmidth,Delegation of the .flsmidth domain to FLSmidth A/S,2014-10-06,https://www.iana.org/reports/c.2.9.2.d/20141006-flsmidth,https://www.iana.org/domains/root/db/flsmidth.html,2026-10-04T08:31:41.453414+00:00
.flsmidth,.flsmidth,Revocation of the .flsmidth domain,2016-07-22,https://www.iana.org/reports/c.2.9.2.d/20160722-flsmidth,https://www.iana.org/domains/root/db/flsmidth.html,2026-10-04T08:31:41.453414+00:00
.fly,.fly,Delegation of the .fly domain to Charleston Road Registry Inc.,2014-09-10,https://www.iana.org/reports/c.2.9.2.d/20140910-fly,https://www.iana.org/domains/root/db/fly.html,2026-10-04T08:31:41.803086+00:00
.fo,.fo,IANA Report on the Redelegation of the .FO Top-Level Domain,2005-08-05,https://www.iana.org/reports/2005/fo-report-05aug2005.pdf,https://www.iana.org/domains/root/db/fo.html,2026-10-04T08:31:41.558491+00:00
.foo,.foo,Delegation of the .foo domain to Charleston Road Registry Inc.,2014-04-16,https://www.iana.org/reports/c.2.9.2.d/20140416-foo,https://www.iana.org/domains/root/db/foo.html,2026-10-04T08:31:41.436256+00:00
.food,.food,"Delegation of the .food domain to Lifestyle Domain Holdings, Inc.",2016-11-11,https://www.iana.org/reports/tld-transfer/20161111-food,https://www.iana.org/domains/root/db/food.html,2026-10-04T08:31:52.103652+00:00
.food,.food,Transfer of the .food domain to Internet Naming Co.,2024-01-09,https://www.iana.org/reports/tld-transfer/20240109-food,https://www.iana.org/domains/root/db/food.html,2026-10-04T08:31:52.103652+00:00
.foodnetwork,.foodnetwork,"Delegation of the .foodnetwork domain to Lifestyle Domain Holdings, Inc.",2016-06-22,https://www.iana.org/reports/c.2.9.2.d/20160622-foodnetwork,https://www.iana.org/domains/root/db/foodnetwork.html,2026-10-04T08:31:52.123473+00:00
.foodnetwork,.foodnetwork,Revocation of the .foodnetwork domain,2023-06-14,https://www.iana.org/reports/tld-transfer/20230614-foodnetwork,https://www.iana.org/domains/root/db/foodnetwork.html,2026-10-04T08:31:52.123473+00:00
.football,.football,"Delegation of the .football domain to Foggy Farms, LLC",2015-02-16,https://www.iana.org/reports/c.2.9.2.d/20150216-football,https://www.iana.org/domains/root/db/football.html,2026-10-04T08:31:52.406744+00:00
.football,.football,Transfer of the .academy domain and 195 others,2018-03-23,https://www.iana.org/reports/tld-transfer/20180323-binkymoon,https://www.iana.org/domains/root/db/football.html,2026-10-04T08:31:52.406744+00:00
.ford,.ford,Delegation of the .ford domain to Ford Motor Company,2015-12-15,https://www.iana.org/reports/c.2.9.2.d/20151215-ford,https://www.iana.org/domains/root/db/ford.html,2026-10-04T08:31:52.127836+00:00
.forex,.forex,Delegation of the .forex domain to Dotforex Registry Ltd,2015-03-09,https://www.iana.org/reports/c.2.9.2.d/20150309-forex,https://www.iana.org/domains/root/db/forex.html,2026-10-04T08:31:52.236631+00:00
.forex,.forex,"Transfer of the .forex domain to Dog Beach, LLC",2021-06-29,https://www.iana.org/reports/tld-transfer/20210629-forex,https://www.iana.org/domains/root/db/forex.html,2026-10-04T08:31:52.236631+00:00
.forsale,.forsale,"Delegation of the .forsale domain to United TLD Holdco, Ltd",2014-09-29,https://www.iana.org/reports/c.2.9.2.d/20140929-forsale,https://www.iana.org/domains/root/db/forsale.html,2026-10-04T08:31:52.098291+00:00
.forsale,.forsale,"Transfer of the .forsale domain to Dog Beach, LLC",2021-06-02,https://www.iana.org/reports/tld-transfer/20210602-forsale,https://www.iana.org/domains/root/db/forsale.html,2026-10-04T08:31:52.098291+00:00
.forum,.forum,"Delegation of the .forum domain to Fegistry, LLC",2015-06-26,https://www.iana.org/reports/c.2.9.2.d/20150626-forum,https://www.iana.org/domains/root/db/forum.html,2026-10-04T08:31:52.362706+00:00
.foundation,.foundation,"Delegation of the .foundation domain to John Dale, LLC",2014-02-07,https://www.iana.org/reports/c.2.9.2.d/20140207-foundation,https://www.iana.org/domains/root/db/foundation.html,2026-10-04T08:31:52.196712+00:00
.foundation,.foundation,Transfer of the .academy domain and 195 others,2018-03-23,https://www.iana.org/reports/tld-transfer/20180323-binkymoon,https://www.iana.org/domains/root/db/foundation.html,2026-10-04T08:31:52.196712+00:00
.foundation,.foundation,Transfer of the .foundation domain to Public Interest Registry,2022-08-25,https://www.iana.org/reports/tld-transfer/20220825-foundation,https://www.iana.org/domains/root/db/foundation.html,2026-10-04T08:31:52.196712+00:00
.fox,.fox,"Delegation of the .fox domain to Fox Registry, LLC",2015-12-22,https://www.iana.org/reports/c.2.9.2.d/20151222-fox,https://www.iana.org/domains/root/db/fox.html,2026-10-04T08:31:52.168615+00:00
.free,.free,"Delegation of the .free domain to Amazon Registry Services, Inc.",2016-11-07,https://www.iana.org/reports/tld-transfer/20161107-free,https://www.iana.org/domains/root/db/free.html,2026-10-04T08:32:01.253495+00:00
.fresenius,.fresenius,Delegation of the .fresenius domain to Fresenius Immobilien-Verwaltungs-GmbH,2016-01-05,https://www.iana.org/reports/c.2.9.2.d/20160105-fresenius,https://www.iana.org/domains/root/db/fresenius.html,2026-10-04T08:32:01.680191+00:00
.frl,.frl,Delegation of the .frl domain to FRLregistry B.V.,2014-08-28,https://www.iana.org/reports/c.2.9.2.d/20140828-frl,https://www.iana.org/domains/root/db/frl.html,2026-10-04T08:32:01.572114+00:00
.frogans,.frogans,Delegation of the .frogans domain to OP3FT,2014-04-16,https://www.iana.org/reports/c.2.9.2.d/20140416-frogans,https://www.iana.org/domains/root/db/frogans.html,2026-10-04T08:32:01.439175+00:00
.frontdoor,.frontdoor,"Delegation of the .frontdoor domain to Lifestyle Domain Holdings, Inc.",2016-06-22,https://www.iana.org/reports/c.2.9.2.d/20160622-frontdoor,https://www.iana.org/domains/root/db/frontdoor.html,2026-10-04T08:32:01.505478+00:00
.frontdoor,.frontdoor,Revocation of the .frontdoor domain,2023-10-18,https://www.iana.org/reports/tld-transfer/20231018-frontdoor,https://www.iana.org/domains/root/db/frontdoor.html,2026-10-04T08:32:01.505478+00:00
.frontier,.frontier,Delegation of the .frontier domain to Frontier Communications Corporation,2016-02-04,https://www.iana.org/reports/c.2.9.2.d/20160204-frontier,https://www.iana.org/domains/root/db/frontier.html,2026-10-04T08:32:01.429475+00:00
.ftr,.ftr,Delegation of the .ftr domain to Frontier Communications Corporation,2016-04-14,https://www.iana.org/reports/c.2.9.2.d/20160414-ftr,https://www.iana.org/domains/root/db/ftr.html,2026-10-04T08:32:01.710321+00:00
.fujitsu,.fujitsu,Delegation of the .fujitsu domain to Fujitsu Limited,2016-07-05,https://www.iana.org/reports/c.2.9.2.d/20160705-fujitsu,https://www.iana.org/domains/root/db/fujitsu.html,2026-10-04T08:32:01.406389+00:00
.fujixerox,.fujixerox,Delegation of the .fujixerox domain to Xerox DNHC LLC,2016-07-13,https://www.iana.org/reports/c.2.9.2.d/20160713-fujixerox,https://www.iana.org/domains/root/db/fujixerox.html,2026-10-04T08:32:01.300892+00:00
.fujixerox,.fujixerox,Revocation of the .fujixerox domain,2021-03-26,https://www.iana.org/reports/tld-transfer/20210326-fujixerox,https://www.iana.org/domains/root/db/fujixerox.html,2026-10-04T08:32:01.300892+00:00
.fun,.fun,"Delegation of the .fun domain to DotSpace, Inc.",2016-12-20,https://www.iana.org/reports/tld-transfer/20161220-fun,https://www.iana.org/domains/root/db/fun.html,2026-10-04T08:32:01.670758+00:00
.fun,.fun,Transfer of the .fun domain to Radix FZC,2021-08-25,https://www.iana.org/reports/tld-transfer/20210825-fun,https://www.iana.org/domains/root/db/fun.html,2026-10-04T08:32:01.670758+00:00
.fun,.fun,Transfer of the .fun domain to Radix Technologies Inc.,2024-02-08,https://www.iana.org/reports/tld-transfer/20240208-fun,https://www.iana.org/domains/root/db/fun.html,2026-10-04T08:32:01.670758+00:00
.fund,.fund,"Delegation of the .fund domain to John Castle, LLC",2014-04-21,https://www.iana.org/reports/c.2.9.2.d/20140421-fund,https://www.iana.org/domains/root/db/fund.html,2026-10-04T08:32:08.592650+00:00
.fund,.fund,Transfer of the .academy domain and 195 others,2018-03-23,https://www.iana.org/reports/tld-transfer/20180323-binkymoon,https://www.iana.org/domains/root/db/fund.html,2026-10-04T08:32:08.592650+00:00
.furniture,.furniture,"Delegation of the .furniture domain to Lone Fields, LLC",2014-04-21,https://www.iana.org/reports/c.2.9.2.d/20140421-furniture,https://www.iana.org/domains/root/db/furniture.html,2026-10-04T08:32:08.994167+00:00
.furniture,.furniture,Transfer of the .academy domain and 195 others,2018-03-23,https://www.iana.org/reports/tld-transfer/20180323-binkymoon,https://www.iana.org/domains/root/db/furniture.html,2026-10-04T08:32:08.994167+00:00
.futbol,.futbol,"Delegation of the .futbol domain to United TLD Holdco, LTD",2014-02-07,https://www.iana.org/reports/c.2.9.2.d/20140207-futbol,https://www.iana.org/domains/root/db/futbol.html,2026-10-04T08:32:08.723878+00:00
.futbol,.futbol,"Transfer of the .futbol domain to Dog Beach, LLC",2021-06-02,https://www.iana.org/reports/tld-transfer/20210602-futbol,https://www.iana.org/domains/root/db/futbol.html,2026-10-04T08:32:08.723878+00:00
.fyi,.fyi,"Delegation of the .fyi domain to Silver Tigers, LLC",2015-05-21,https://www.iana.org/reports/c.2.9.2.d/20150521-fyi,https://www.iana.org/domains/root/db/fyi.html,2026-10-04T08:32:08.715420+00:00
.fyi,.fyi,Transfer of the .academy domain and 195 others,2018-03-23,https://www.iana.org/reports/tld-transfer/20180323-binkymoon,https://www.iana.org/domains/root/db/fyi.html,2026-10-04T08:32:08.715420+00:00
.ga,.ga,Report on the Redelegation of the .GA domain representing Gabon to Agence Nationale des Infrastructures Numériques et des Fréquences,2013-03-29,https://www.iana.org/reports/2013/ga-report-20130329.html,https://www.iana.org/domains/root/db/ga.html,2026-10-04T08:32:08.599476+00:00
.gal,.gal,Delegation of the .gal domain to Asociación puntoGAL,2014-04-08,https://www.iana.org/reports/c.2.9.2.d/20140408-gal,https://www.iana.org/domains/root/db/gal.html,2026-10-04T08:32:08.894987+00:00
.gallery,.gallery,"Delegation of the .GALLERY domain to Sugar House, LLC",2013-11-11,https://www.iana.org/reports/c.2.9.2.d/20131111-gallery,https://www.iana.org/domains/root/db/gallery.html,2026-10-04T08:32:08.994511+00:00
.gallery,.gallery,Transfer of the .academy domain and 195 others,2018-03-23,https://www.iana.org/reports/tld-transfer/20180323-binkymoon,https://www.iana.org/domains/root/db/gallery.html,2026-10-04T08:32:08.994511+00:00
.gallo,.gallo,"Delegation of the .gallo domain to Gallo Vineyards, Inc.",2016-03-15,https://www.iana.org/reports/c.2.9.2.d/20160315-gallo,https://www.iana.org/domains/root/db/gallo.html,2026-10-04T08:32:08.852290+00:00
.gallup,.gallup,"Delegation of the .gallup domain to Gallup, Inc.",2016-02-08,https://www.iana.org/reports/c.2.9.2.d/20160208-gallup,https://www.iana.org/domains/root/db/gallup.html,2026-10-04T08:32:08.746122+00:00
.game,.game,"Delegation of the .game domain to Uniregistry, Corp.",2015-07-06,https://www.iana.org/reports/c.2.9.2.d/20150706-game,https://www.iana.org/domains/root/db/game.html,2026-10-04T08:32:08.704164+00:00
.game,.game,Transfer of the .game domain to XYZ.COM LLC,2022-03-23,https://www.iana.org/reports/tld-transfer/20220323-game,https://www.iana.org/domains/root/db/game.html,2026-10-04T08:32:08.704164+00:00
.games,.games,Delegation of the .games domain to United TLD Holdco Ltd.,2016-05-31,https://www.iana.org/reports/c.2.9.2.d/20160531-games,https://www.iana.org/domains/root/db/games.html,2026-10-04T08:32:17.120692+00:00
.games,.games,"Transfer of the .games domain to Dog Beach, LLC",2021-06-02,https://www.iana.org/reports/tld-transfer/20210602-games,https://www.iana.org/domains/root/db/games.html,2026-10-04T08:32:17.120692+00:00
.gap,.gap,"Delegation of the .gap domain to The Gap, Inc.",2016-08-01,https://www.iana.org/reports/c.2.9.2.d/20160801-gap,https://www.iana.org/domains/root/db/gap.html,2026-10-04T08:32:17.010214+00:00
.garden,.garden,Delegation of the .garden domain to Top Level Domain Holdings Limited,2014-12-10,https://www.iana.org/reports/c.2.9.2.d/20141210-garden,https://www.iana.org/domains/root/db/garden.html,2026-10-04T08:32:16.821459+00:00
.garden,.garden,"Transfer of the .garden domain to Registry Services, LLC",2021-09-14,https://www.iana.org/reports/tld-transfer/20210914-garden,https://www.iana.org/domains/root/db/garden.html,2026-10-04T08:32:16.821459+00:00
.gay,.gay,"Delegation of the .gay domain to Top Level Design, LLC",2019-08-09,https://www.iana.org/reports/tld-transfer/20190809-gay,https://www.iana.org/domains/root/db/gay.html,2026-10-04T08:32:16.844141+00:00
.gay,.gay,"Transfer of the .gay domain to Registry Services, LLC",2023-06-26,https://www.iana.org/reports/tld-transfer/20230626-gay,https://www.iana.org/domains/root/db/gay.html,2026-10-04T08:32:16.844141+00:00
.gbiz,.gbiz,Delegation of the .gbiz domain to Charleston Road Registry Inc.,2014-08-25,https://www.iana.org/reports/c.2.9.2.d/20140825-gbiz,https://www.iana.org/domains/root/db/gbiz.html,2026-10-04T08:32:16.728787+00:00
.gd,.gd,IANA Report on the Redelegation of the .GD Top-Level Domain,2006-07-24,https://www.iana.org/reports/2006/gd-report-24jul2006.html,https://www.iana.org/domains/root/db/gd.html,2026-10-04T08:32:17.110180+00:00
.gdn,.gdn,"Delegation of the .gdn domain to Joint Stock Company ""Navigation-information systems""",2015-02-11,https://www.iana.org/reports/c.2.9.2.d/20150211-gdn,https://www.iana.org/domains/root/db/gdn.html,2026-10-04T08:32:17.039899+00:00
.gea,.gea,Delegation of the .gea domain to GEA Group Aktiengesellschaft,2015-08-26,https://www.iana.org/reports/c.2.9.2.d/20150826-gea,https://www.iana.org/domains/root/db/gea.html,2026-10-04T08:32:17.207357+00:00
.gent,.gent,Delegation of the .gent domain to COMBELL GROUP NV/SA,2014-07-10,https://www.iana.org/reports/c.2.9.2.d/20140710-gent,https://www.iana.org/domains/root/db/gent.html,2026-10-04T08:32:17.105937+00:00
.gent,.gent,Transfer of the .gent domain to Easyhost bv,2026-03-06,https://www.iana.org/reports/tld-transfer/20260306-gent,https://www.iana.org/domains/root/db/gent.html,2026-10-04T08:32:17.105937+00:00
.genting,.genting,Delegation of the .genting domain to Resorts World Inc Pte. Ltd.,2015-06-18,https://www.iana.org/reports/c.2.9.2.d/20150618-genting,https://www.iana.org/domains/root/db/genting.html,2026-10-04T08:32:23.341357+00:00
.george,.george,"Delegation of the .george domain to Wal-Mart Stores, Inc.",2016-08-16,https://www.iana.org/reports/c.2.9.2.d/20160816-george,https://www.iana.org/domains/root/db/george.html,2026-10-04T08:32:23.361586+00:00
.ggee,.ggee,"Delegation of the .ggee domain to GMO Internet, Inc.",2014-12-22,https://www.iana.org/reports/c.2.9.2.d/20141222-ggee,https://www.iana.org/domains/root/db/ggee.html,2026-10-04T08:32:23.563584+00:00
.gift,.gift,"Delegation of the .GIFT domain to Uniregistry, Corp.",2014-01-16,https://www.iana.org/reports/c.2.9.2.d/20140116-gift,https://www.iana.org/domains/root/db/gift.html,2026-10-04T08:32:23.255315+00:00
.gifts,.gifts,"Delegation of the .gifts domain to Goose Sky, LLC",2014-08-05,https://www.iana.org/reports/c.2.9.2.d/20140805-gifts,https://www.iana.org/domains/root/db/gifts.html,2026-10-04T08:32:23.259264+00:00
.gifts,.gifts,Transfer of the .academy domain and 195 others,2018-03-23,https://www.iana.org/reports/tld-transfer/20180323-binkymoon,https://www.iana.org/domains/root/db/gifts.html,2026-10-04T08:32:23.259264+00:00
.gives,.gives,"Delegation of the .gives domain to United TLD Holdco, Ltd",2014-06-02,https://www.iana.org/reports/c.2.9.2.d/20140602-gives,https://www.iana.org/domains/root/db/gives.html,2026-10-04T08:32:23.277154+00:00
.gives,.gives,"Transfer of the .gives domain to Dog Beach, LLC",2021-06-02,https://www.iana.org/reports/tld-transfer/20210602-gives,https://www.iana.org/domains/root/db/gives.html,2026-10-04T08:32:23.277154+00:00
.gives,.gives,Transfer of the .gives domain to Public Interest Registry,2022-08-25,https://www.iana.org/reports/tld-transfer/20220825-gives,https://www.iana.org/domains/root/db/gives.html,2026-10-04T08:32:23.277154+00:00
.giving,.giving,Delegation of the .giving domain to Giving Limited,2015-07-30,https://www.iana.org/reports/c.2.9.2.d/20150730-giving,https://www.iana.org/domains/root/db/giving.html,2026-10-04T08:32:30.940332+00:00
.giving,.giving,Transfer of the .giving domain to Public Interest Registry (PIR),2022-10-13,https://www.iana.org/reports/tld-transfer/20221013-giving,https://www.iana.org/domains/root/db/giving.html,2026-10-04T08:32:30.940332+00:00
.glade,.glade,"Delegation of the .glade domain to Johnson Shareholdings, Inc.",2016-07-20,https://www.iana.org/reports/c.2.9.2.d/20160720-glade,https://www.iana.org/domains/root/db/glade.html,2026-10-04T08:32:30.970332+00:00
.glade,.glade,Revocation of the .glade domain,2021-12-03,https://www.iana.org/reports/tld-transfer/20211203-glade,https://www.iana.org/domains/root/db/glade.html,2026-10-04T08:32:30.970332+00:00
.glass,.glass,"Delegation of the .GLASS domain to Black Cover, LLC",2013-12-20,https://www.iana.org/reports/c.2.9.2.d/20131220-glass,https://www.iana.org/domains/root/db/glass.html,2026-10-04T08:32:30.869046+00:00
.glass,.glass,Transfer of the .academy domain and 195 others,2018-03-23,https://www.iana.org/reports/tld-transfer/20180323-binkymoon,https://www.iana.org/domains/root/db/glass.html,2026-10-04T08:32:30.869046+00:00
.gle,.gle,Delegation of the .gle domain to Charleston Road Registry Inc.,2014-09-09,https://www.iana.org/reports/c.2.9.2.d/20140909-gle,https://www.iana.org/domains/root/db/gle.html,2026-10-04T08:32:31.150285+00:00
.global,.global,Delegation of the .global domain to Dot GLOBAL AS,2014-06-05,https://www.iana.org/reports/c.2.9.2.d/20140605-global,https://www.iana.org/domains/root/db/global.html,2026-10-04T08:32:30.919988+00:00
.global,.global,Transfer of the .global domain to Identity Digital Limited,2024-04-10,https://www.iana.org/reports/tld-transfer/20240410-global,https://www.iana.org/domains/root/db/global.html,2026-10-04T08:32:30.919988+00:00
.globo,.globo,Delegation of the .globo domain to Globo Comunicação e Participações S.A,2014-04-29,https://www.iana.org/reports/c.2.9.2.d/20140429-globo,https://www.iana.org/domains/root/db/globo.html,2026-10-04T08:32:30.987672+00:00
.gmail,.gmail,Delegation of the .gmail domain to Charleston Road Registry Inc.,2014-08-25,https://www.iana.org/reports/c.2.9.2.d/20140825-gmail,https://www.iana.org/domains/root/db/gmail.html,2026-10-04T08:32:30.847770+00:00
.gmbh,.gmbh,"Delegation of the .gmbh domain to Extra Dynamite, LLC",2016-03-07,https://www.iana.org/reports/c.2.9.2.d/20160307-gmbh,https://www.iana.org/domains/root/db/gmbh.html,2026-10-04T08:32:31.238785+00:00
.gmbh,.gmbh,Transfer of the .academy domain and 195 others,2018-03-23,https://www.iana.org/reports/tld-transfer/20180323-binkymoon,https://www.iana.org/domains/root/db/gmbh.html,2026-10-04T08:32:31.238785+00:00
.gmo,.gmo,"Delegation of the .gmo domain to GMO Internet, Inc.",2014-04-29,https://www.iana.org/reports/c.2.9.2.d/20140429-gmo,https://www.iana.org/domains/root/db/gmo.html,2026-10-04T08:32:38.026036+00:00
.gmx,.gmx,Delegation of the .gmx domain to 1&1 Mail & Media GmbH,2014-09-03,https://www.iana.org/reports/tld-transfer/20140903-gmx,https://www.iana.org/domains/root/db/gmx.html,2026-10-04T08:32:38.146051+00:00
.godaddy,.godaddy,"Delegation of the .godaddy domain to Go Daddy East, LLC",2016-07-01,https://www.iana.org/reports/c.2.9.2.d/20160701-godaddy,https://www.iana.org/domains/root/db/godaddy.html,2026-10-04T08:32:38.034631+00:00
.gold,.gold,"Delegation of the .gold domain to June Edge, LLC",2015-03-18,https://www.iana.org/reports/c.2.9.2.d/20150318-gold,https://www.iana.org/domains/root/db/gold.html,2026-10-04T08:32:38.140124+00:00
.gold,.gold,Transfer of the .academy domain and 195 others,2018-03-23,https://www.iana.org/reports/tld-transfer/20180323-binkymoon,https://www.iana.org/domains/root/db/gold.html,2026-10-04T08:32:38.140124+00:00
.goldpoint,.goldpoint,"Delegation of the .goldpoint domain to Yodobashi Camera Co., Ltd.",2015-02-17,https://www.iana.org/reports/c.2.9.2.d/20150217-goldpoint,https://www.iana.org/domains/root/db/goldpoint.html,2026-10-04T08:32:38.306549+00:00
.golf,.golf,"Delegation of the .golf domain to Lone Falls, LLC",2015-03-18,https://www.iana.org/reports/c.2.9.2.d/20150318-golf,https://www.iana.org/domains/root/db/golf.html,2026-10-04T08:32:38.185656+00:00
.golf,.golf,Transfer of the .academy domain and 195 others,2018-03-23,https://www.iana.org/reports/tld-transfer/20180323-binkymoon,https://www.iana.org/domains/root/db/golf.html,2026-10-04T08:32:38.185656+00:00
.goo,.goo,Delegation of the .goo domain to NTT Resonant Inc.,2015-02-27,https://www.iana.org/reports/c.2.9.2.d/20150227-goo,https://www.iana.org/domains/root/db/goo.html,2026-10-04T08:32:38.004854+00:00
.goo,.goo,Revocation of the .goo domain,2026-02-06,https://www.iana.org/reports/tld-transfer/20260206-goo,https://www.iana.org/domains/root/db/goo.html,2026-10-04T08:32:38.004854+00:00
.goodhands,.goodhands,Delegation of the .goodhands domain to Allstate Fire and Casualty Insurance Company,2016-07-11,https://www.iana.org/reports/c.2.9.2.d/20160711-goodhands,https://www.iana.org/domains/root/db/goodhands.html,2026-10-04T08:32:38.131703+00:00
.goodhands,.goodhands,Revocation of the .goodhands domain,2018-09-20,https://www.iana.org/reports/tld-transfer/20180920-goodhands,https://www.iana.org/domains/root/db/goodhands.html,2026-10-04T08:32:38.131703+00:00
.goodyear,.goodyear,Delegation of the .goodyear domain to The Goodyear Tire & Rubber Company,2016-06-06,https://www.iana.org/reports/c.2.9.2.d/20160606-goodyear,https://www.iana.org/domains/root/db/goodyear.html,2026-10-04T08:32:38.487593+00:00
.goog,.goog,Delegation of the .goog domain to Charleston Road Registry Inc.,2015-01-21,https://www.iana.org/reports/c.2.9.2.d/20150121-goog,https://www.iana.org/domains/root/db/goog.html,2026-10-04T08:32:45.337196+00:00
.google,.google,Delegation of the .google domain to Charleston Road Registry Inc.,2014-09-09,https://www.iana.org/reports/c.2.9.2.d/20140909-google,https://www.iana.org/domains/root/db/google.html,2026-10-04T08:32:45.512393+00:00
.gop,.gop,"Delegation of the .gop domain to Republican State Leadership Committee, Inc.",2014-04-02,https://www.iana.org/reports/c.2.9.2.d/20140402-gop,https://www.iana.org/domains/root/db/gop.html,2026-10-04T06:22:18.500Z
.got,.got,"Delegation of the .got domain to Amazon Registry Services, Inc.",2015-12-02,https://www.iana.org/reports/tld-transfer/20151202-got,https://www.iana.org/domains/root/db/got.html,2026-10-04T08:32:45.264392+00:00
.got,.got,"Transfer of the .got domain to Jolly Host, LLC",2026-05-04,https://www.iana.org/reports/tld-transfer/20260504-got,https://www.iana.org/domains/root/db/got.html,2026-10-04T08:32:45.264392+00:00
.grainger,.grainger,"Delegation of the .grainger domain to Grainger Registry Services, LLC",2015-11-10,https://www.iana.org/reports/c.2.9.2.d/20151110-grainger,https://www.iana.org/domains/root/db/grainger.html,2026-10-04T08:32:45.509711+00:00
.graphics,.graphics,Transfer of the .academy domain and 195 others,2018-03-23,https://www.iana.org/reports/tld-transfer/20180323-binkymoon,https://www.iana.org/domains/root/db/graphics.html,2026-10-04T08:32:45.236488+00:00
.gratis,.gratis,"Delegation of the .gratis domain to Pioneer Tigers, LLC",2014-04-21,https://www.iana.org/reports/c.2.9.2.d/20140421-gratis,https://www.iana.org/domains/root/db/gratis.html,2026-10-04T08:32:45.196517+00:00
.gratis,.gratis,Transfer of the .academy domain and 195 others,2018-03-23,https://www.iana.org/reports/tld-transfer/20180323-binkymoon,https://www.iana.org/domains/root/db/gratis.html,2026-10-04T08:32:45.196517+00:00
.green,.green,Delegation of the .green domain to Afilias Limited,2014-06-17,https://www.iana.org/reports/c.2.9.2.d/20140617-green,https://www.iana.org/domains/root/db/green.html,2026-10-04T08:32:45.334857+00:00
.green,.green,Transfer of the .green domain to Afilias Limited,2019-05-08,https://www.iana.org/reports/tld-transfer/20190508-green,https://www.iana.org/domains/root/db/green.html,2026-10-04T08:32:45.334857+00:00
.gripe,.gripe,"Delegation of the .gripe domain to Corn Sunset, LLC",2014-04-09,https://www.iana.org/reports/c.2.9.2.d/20140409-gripe,https://www.iana.org/domains/root/db/gripe.html,2026-10-04T08:32:52.679964+00:00
.gripe,.gripe,Transfer of the .academy domain and 195 others,2018-03-23,https://www.iana.org/reports/tld-transfer/20180323-binkymoon,https://www.iana.org/domains/root/db/gripe.html,2026-10-04T08:32:52.679964+00:00
.grocery,.grocery,"Delegation of the .grocery domain to Wal-Mart Stores, Inc.",2017-06-27,https://www.iana.org/reports/tld-transfer/20170627-grocery,https://www.iana.org/domains/root/db/grocery.html,2026-10-04T08:32:52.576151+00:00
.group,.group,"Delegation of the .group domain to Romeo Town, LLC",2015-08-05,https://www.iana.org/reports/c.2.9.2.d/20150805-group,https://www.iana.org/domains/root/db/group.html,2026-10-04T08:32:52.609278+00:00
.group,.group,"Delegation of the .group domain to Romeo Town, LLC",2015-08-05,https://www.iana.org/reports/c.2.9.2.d/20150805-group,https://www.iana.org/domains/root/db/group.html,2026-10-04T08:32:52.609278+00:00
.group,.group,Transfer of the .academy domain and 195 others,2018-03-23,https://www.iana.org/reports/tld-transfer/20180323-binkymoon,https://www.iana.org/domains/root/db/group.html,2026-10-04T08:32:52.609278+00:00
.gs,.gs,IANA Report on the Redelegation of the .GS Top-Level Domain,2006-03-07,https://www.iana.org/reports/2006/gs-report-07mar2006.pdf,https://www.iana.org/domains/root/db/gs.html,2026-10-04T08:32:52.661630+00:00
.guardian,.guardian,Delegation of the .guardian domain to The Guardian Life Insurance Company of America,2016-05-11,https://www.iana.org/reports/c.2.9.2.d/20160511-guardian,https://www.iana.org/domains/root/db/guardian.html,2026-10-04T08:32:52.608014+00:00
.guardian,.guardian,Revocation of the .guardian domain,2024-03-05,https://www.iana.org/reports/tld-transfer/20240305-guardian,https://www.iana.org/domains/root/db/guardian.html,2026-10-04T08:32:52.608014+00:00
.gucci,.gucci,Delegation of the .gucci domain to Guccio Gucci S.p.a.,2015-10-26,https://www.iana.org/reports/c.2.9.2.d/20151026-gucci,https://www.iana.org/domains/root/db/gucci.html,2026-10-04T08:32:52.841841+00:00
.guge,.guge,Delegation of the .guge domain to Charleston Road Registry Inc.,2015-03-19,https://www.iana.org/reports/c.2.9.2.d/20150319-guge,https://www.iana.org/domains/root/db/guge.html,2026-10-04T08:32:52.675747+00:00
.guide,.guide,"Delegation of the .guide domain to Snow Moon, LLC",2014-05-09,https://www.iana.org/reports/c.2.9.2.d/20140509-guide,https://www.iana.org/domains/root/db/guide.html,2026-10-04T08:32:52.695465+00:00
.guide,.guide,Transfer of the .academy domain and 195 others,2018-03-23,https://www.iana.org/reports/tld-transfer/20180323-binkymoon,https://www.iana.org/domains/root/db/guide.html,2026-10-04T08:32:52.695465+00:00
.guitars,.guitars,"Delegation of the .GUITARS domain to Uniregistry, Corp.",2014-01-16,https://www.iana.org/reports/c.2.9.2.d/20140116-guitars,https://www.iana.org/domains/root/db/guitars.html,2026-10-04T08:32:59.077492+00:00
.guitars,.guitars,Transfer of the .guitars domain to XYZ.COM LLC,2022-03-23,https://www.iana.org/reports/tld-transfer/20220323-guitars,https://www.iana.org/domains/root/db/guitars.html,2026-10-04T08:32:59.077492+00:00
.guru,.guru,"Delegation of the .GURU domain to Pioneer Cypress, LLC",2013-11-04,https://www.iana.org/reports/c.2.9.2.d/20131104-guru,https://www.iana.org/domains/root/db/guru.html,2026-10-04T06:22:18.500Z
.guru,.guru,Transfer of the .academy domain and 195 others,2018-03-23,https://www.iana.org/reports/tld-transfer/20180323-binkymoon,https://www.iana.org/domains/root/db/guru.html,2026-10-04T06:22:18.500Z
.gw,.gw,Report on Redelegation of the .GW Top-Level Domain,2007-04-12,https://www.iana.org/reports/2007/gw-report-12apr2007.html,https://www.iana.org/domains/root/db/gw.html,2026-10-04T08:32:59.100458+00:00
.gw,.gw,Redelegation of the .gw domain to Autoridade Reguladora Nacional das Tecnologias de Informação e Comunicação da Guiné Bissau,2014-06-03,https://www.iana.org/reports/2014/gw-report-20140603.html,https://www.iana.org/domains/root/db/gw.html,2026-10-04T08:32:59.100458+00:00
.hair,.hair,Delegation of the .hair domain to L'Oréal,2016-12-02,https://www.iana.org/reports/tld-transfer/20161202-hair,https://www.iana.org/domains/root/db/hair.html,2026-10-04T08:32:58.824674+00:00
.hair,.hair,Transfer of the .hair domain to XYZ.COM LLC,2020-09-15,https://www.iana.org/reports/tld-transfer/20200915-hair,https://www.iana.org/domains/root/db/hair.html,2026-10-04T08:32:58.824674+00:00
.hamburg,.hamburg,Delegation of the .hamburg domain to Hamburg Top-Level-Domain GmbH,2014-06-02,https://www.iana.org/reports/c.2.9.2.d/20140602-hamburg,https://www.iana.org/domains/root/db/hamburg.html,2026-10-04T06:22:18.500Z
.hangout,.hangout,Delegation of the .hangout domain to Charleston Road Registry Inc.,2015-01-21,https://www.iana.org/reports/c.2.9.2.d/20150121-hangout,https://www.iana.org/domains/root/db/hangout.html,2026-10-04T08:32:58.838807+00:00
.haus,.haus,"Delegation of the .haus domain to United TLD Holdco, Ltd",2014-03-27,https://www.iana.org/reports/c.2.9.2.d/20140327-haus,https://www.iana.org/domains/root/db/haus.html,2026-10-04T08:32:58.731385+00:00
.haus,.haus,"Transfer of the .haus domain to Dog Beach, LLC",2021-06-02,https://www.iana.org/reports/tld-transfer/20210602-haus,https://www.iana.org/domains/root/db/haus.html,2026-10-04T08:32:58.731385+00:00
.hbo,.hbo,"Delegation of the .hbo domain to HBO Registry Services, Inc.",2016-08-10,https://www.iana.org/reports/c.2.9.2.d/20160810-hbo,https://www.iana.org/domains/root/db/hbo.html,2026-10-04T08:32:58.805736+00:00
.hdfc,.hdfc,Delegation of the .hdfc domain to Housing Development Finance Corporation Limited,2016-08-12,https://www.iana.org/reports/c.2.9.2.d/20160812-hdfc,https://www.iana.org/domains/root/db/hdfc.html,2026-10-04T08:32:58.723745+00:00
.hdfcbank,.hdfcbank,Delegation of the .hdfcbank domain to HDFC Bank Limited,2016-02-09,https://www.iana.org/reports/c.2.9.2.d/20160209-hdfcbank,https://www.iana.org/domains/root/db/hdfcbank.html,2026-10-04T08:32:59.089656+00:00
.health,.health,"Delegation of the .health domain to DotHealth, LLC",2016-01-21,https://www.iana.org/reports/c.2.9.2.d/20160121-health,https://www.iana.org/domains/root/db/health.html,2026-10-04T06:22:18.500Z
.health,.health,"Transfer of the .health domain to Registry Services, LLC",2023-06-26,https://www.iana.org/reports/tld-transfer/20230626-health,https://www.iana.org/domains/root/db/health.html,2026-10-04T06:22:18.500Z
.healthcare,.healthcare,"Delegation of the .healthcare domain to Silver Glen, LLC",2014-07-28,https://www.iana.org/reports/c.2.9.2.d/20140728-healthcare,https://www.iana.org/domains/root/db/healthcare.html,2026-10-04T08:32:59.178039+00:00
.healthcare,.healthcare,Transfer of the .academy domain and 195 others,2018-03-23,https://www.iana.org/reports/tld-transfer/20180323-binkymoon,https://www.iana.org/domains/root/db/healthcare.html,2026-10-04T08:32:59.178039+00:00
.help,.help,"Delegation of the .help domain to Uniregistry, Corp.",2014-08-15,https://www.iana.org/reports/c.2.9.2.d/20140815-help,https://www.iana.org/domains/root/db/help.html,2026-10-04T08:33:07.145487+00:00
.help,.help,Transfer of the .help domain to Innovation Service Ltd,2024-01-04,https://www.iana.org/reports/tld-transfer/20240104-help,https://www.iana.org/domains/root/db/help.html,2026-10-04T08:33:07.145487+00:00
.helsinki,.helsinki,Delegation of the .helsinki domain to City of Helsinki,2016-01-21,https://www.iana.org/reports/c.2.9.2.d/20160121-helsinki,https://www.iana.org/domains/root/db/helsinki.html,2026-10-04T08:33:07.506337+00:00
.here,.here,Delegation of the .here domain to Charleston Road Registry Inc.,2014-08-27,https://www.iana.org/reports/c.2.9.2.d/20140827-here,https://www.iana.org/domains/root/db/here.html,2026-10-04T08:33:07.236943+00:00
.hermes,.hermes,Delegation of the .hermes domain to Hermes International,2015-01-23,https://www.iana.org/reports/c.2.9.2.d/20150123-hermes,https://www.iana.org/domains/root/db/hermes.html,2026-10-04T08:33:07.253645+00:00
.hgtv,.hgtv,"Delegation of the .hgtv domain to Lifestyle Domain Holdings, Inc.",2016-06-22,https://www.iana.org/reports/c.2.9.2.d/20160622-hgtv,https://www.iana.org/domains/root/db/hgtv.html,2026-10-04T08:33:07.085375+00:00
.hgtv,.hgtv,Revocation of the .hgtv domain,2023-06-14,https://www.iana.org/reports/tld-transfer/20230614-hgtv,https://www.iana.org/domains/root/db/hgtv.html,2026-10-04T08:33:07.085375+00:00
.hiphop,.hiphop,"Delegation of the .hiphop domain to Uniregistry, Corp.",2014-05-12,https://www.iana.org/reports/c.2.9.2.d/20140512-hiphop,https://www.iana.org/domains/root/db/hiphop.html,2026-10-04T08:33:07.226737+00:00
.hiphop,.hiphop,"Transfer of the .hiphop domain to Dot Hip Hop, LLC",2022-03-26,https://www.iana.org/reports/tld-transfer/20220326-hiphop,https://www.iana.org/domains/root/db/hiphop.html,2026-10-04T08:33:07.226737+00:00
.hisamitsu,.hisamitsu,"Delegation of the .hisamitsu domain to Hisamitsu Pharmaceutical Co., Inc.",2016-06-01,https://www.iana.org/reports/c.2.9.2.d/20160601-hisamitsu,https://www.iana.org/domains/root/db/hisamitsu.html,2026-10-04T08:33:07.397403+00:00
.hitachi,.hitachi,"Delegation of the .hitachi domain to Hitachi, Ltd.",2015-04-28,https://www.iana.org/reports/c.2.9.2.d/20150428-hitachi,https://www.iana.org/domains/root/db/hitachi.html,2026-10-04T08:33:07.254628+00:00
.hiv,.hiv,Delegation of the .hiv domain to dotHIV gemeinnuetziger e.V.,2014-05-28,https://www.iana.org/reports/c.2.9.2.d/20140528-hiv,https://www.iana.org/domains/root/db/hiv.html,2026-10-04T08:33:07.103346+00:00
.hiv,.hiv,Transfer of the .hiv domain to Internet Naming Co.,2022-11-16,https://www.iana.org/reports/tld-transfer/20221116-hiv,https://www.iana.org/domains/root/db/hiv.html,2026-10-04T08:33:07.103346+00:00
.hkt,.hkt,Delegation of the .hkt domain to PCCW-HKT DataCom Services Limited,2016-04-29,https://www.iana.org/reports/c.2.9.2.d/20160429-hkt,https://www.iana.org/domains/root/db/hkt.html,2026-10-04T08:33:13.866543+00:00
.hockey,.hockey,"Delegation of the .hockey domain to Half Willow, LLC",2015-05-04,https://www.iana.org/reports/c.2.9.2.d/20150504-hockey,https://www.iana.org/domains/root/db/hockey.html,2026-10-04T08:33:13.513939+00:00
.hockey,.hockey,Transfer of the .academy domain and 195 others,2018-03-23,https://www.iana.org/reports/tld-transfer/20180323-binkymoon,https://www.iana.org/domains/root/db/hockey.html,2026-10-04T08:33:13.513939+00:00
.holdings,.holdings,"Delegation of the .HOLDINGS domain to John Madison, LLC",2013-11-04,https://www.iana.org/reports/c.2.9.2.d/20131104-holdings,https://www.iana.org/domains/root/db/holdings.html,2026-10-04T08:33:13.595966+00:00
.holdings,.holdings,Transfer of the .academy domain and 195 others,2018-03-23,https://www.iana.org/reports/tld-transfer/20180323-binkymoon,https://www.iana.org/domains/root/db/holdings.html,2026-10-04T08:33:13.595966+00:00
.holiday,.holiday,"Delegation of the .HOLIDAY domain to Goose Woods, LLC",2013-12-20,https://www.iana.org/reports/c.2.9.2.d/20131220-holiday,https://www.iana.org/domains/root/db/holiday.html,2026-10-04T08:33:13.519689+00:00
.holiday,.holiday,Transfer of the .academy domain and 195 others,2018-03-23,https://www.iana.org/reports/tld-transfer/20180323-binkymoon,https://www.iana.org/domains/root/db/holiday.html,2026-10-04T08:33:13.519689+00:00
.homedepot,.homedepot,"Delegation of the .homedepot domain to Homer TLC, Inc.",2015-06-02,https://www.iana.org/reports/c.2.9.2.d/20150602-homedepot,https://www.iana.org/domains/root/db/homedepot.html,2026-10-04T08:33:13.552768+00:00
.homedepot,.homedepot,"Transfer of the .homedepot domain to Home Depot Product Authority, LLC",2017-02-21,https://www.iana.org/reports/tld-transfer/20170221-homedepot,https://www.iana.org/domains/root/db/homedepot.html,2026-10-04T08:33:13.552768+00:00
.homegoods,.homegoods,"Delegation of the .homegoods domain to The TJX Companies, Inc.",2016-07-07,https://www.iana.org/reports/c.2.9.2.d/20160707-homegoods,https://www.iana.org/domains/root/db/homegoods.html,2026-10-04T08:33:13.617479+00:00
.homes,.homes,"Delegation of the .homes domain to DERHomes, LLC",2014-05-14,https://www.iana.org/reports/c.2.9.2.d/20140514-homes,https://www.iana.org/domains/root/db/homes.html,2026-10-04T08:33:13.538416+00:00
.homes,.homes,Transfer of the .homes domain to XYZ.COM LLC,2021-04-05,https://www.iana.org/reports/tld-transfer/20210405-homes,https://www.iana.org/domains/root/db/homes.html,2026-10-04T08:33:13.538416+00:00
.homesense,.homesense,"Delegation of the .homesense domain to The TJX Companies, Inc.",2016-07-07,https://www.iana.org/reports/c.2.9.2.d/20160707-homesense,https://www.iana.org/domains/root/db/homesense.html,2026-10-04T08:33:13.893675+00:00
.honda,.honda,"Delegation of the .honda domain to Honda Motor Co., Ltd.",2015-04-24,https://www.iana.org/reports/c.2.9.2.d/20150424-honda,https://www.iana.org/domains/root/db/honda.html,2026-10-04T08:33:21.043610+00:00
.honeywell,.honeywell,Delegation of the .honeywell domain to Honeywell GTLD LLC,2016-07-22,https://www.iana.org/reports/c.2.9.2.d/20160722-honeywell,https://www.iana.org/domains/root/db/honeywell.html,2026-10-04T08:33:20.595906+00:00
.honeywell,.honeywell,Revocation of the .honeywell domain,2019-06-06,https://www.iana.org/reports/tld-transfer/20190606-honeywell,https://www.iana.org/domains/root/db/honeywell.html,2026-10-04T08:33:20.595906+00:00
.horse,.horse,Delegation of the .horse domain to Top Level Domain Holdings Limited,2014-03-27,https://www.iana.org/reports/c.2.9.2.d/20140327-horse,https://www.iana.org/domains/root/db/horse.html,2026-10-04T08:33:20.851482+00:00
.horse,.horse,"Transfer of the .horse domain to Registry Services, LLC",2021-09-14,https://www.iana.org/reports/tld-transfer/20210914-horse,https://www.iana.org/domains/root/db/horse.html,2026-10-04T08:33:20.851482+00:00
.hospital,.hospital,"Delegation of the .hospital domain to Ruby Pike, LLC",2016-12-08,https://www.iana.org/reports/tld-transfer/20161208-hospital,https://www.iana.org/domains/root/db/hospital.html,2026-10-04T08:33:20.692193+00:00
.hospital,.hospital,Transfer of the .academy domain and 195 others,2018-03-23,https://www.iana.org/reports/tld-transfer/20180323-binkymoon,https://www.iana.org/domains/root/db/hospital.html,2026-10-04T08:33:20.692193+00:00
.host,.host,Delegation of the .host domain to DotHost Inc.,2014-05-27,https://www.iana.org/reports/c.2.9.2.d/20140527-host,https://www.iana.org/domains/root/db/host.html,2026-10-04T08:33:20.647854+00:00
.host,.host,Transfer of the .host domain to Radix FZC,2021-08-25,https://www.iana.org/reports/tld-transfer/20210825-host,https://www.iana.org/domains/root/db/host.html,2026-10-04T08:33:20.647854+00:00
.host,.host,Transfer of the .host domain to Radix Technologies Inc.,2024-02-07,https://www.iana.org/reports/tld-transfer/20240207-host,https://www.iana.org/domains/root/db/host.html,2026-10-04T08:33:20.647854+00:00
.hosting,.hosting,"Delegation of the .hosting domain to Uniregistry, Corp.",2014-08-15,https://www.iana.org/reports/c.2.9.2.d/20140815-hosting,https://www.iana.org/domains/root/db/hosting.html,2026-10-04T08:33:20.594051+00:00
.hosting,.hosting,Transfer of the .hosting domain to XYZ.COM LLC,2022-03-23,https://www.iana.org/reports/tld-transfer/20220323-hosting,https://www.iana.org/domains/root/db/hosting.html,2026-10-04T08:33:20.594051+00:00
.hot,.hot,"Delegation of the .hot domain to Amazon Registry Services, Inc.",2016-08-05,https://www.iana.org/reports/c.2.9.2.d/20160805-hot,https://www.iana.org/domains/root/db/hot.html,2026-10-04T08:33:20.687584+00:00
.hoteles,.hoteles,Delegation of the .hoteles domain to Travel Reservations SRL,2015-06-23,https://www.iana.org/reports/c.2.9.2.d/20150623-hoteles,https://www.iana.org/domains/root/db/hoteles.html,2026-10-04T08:33:20.790941+00:00
.hoteles,.hoteles,Revocation of the .hoteles domain,2023-07-07,https://www.iana.org/reports/tld-transfer/20230707-hoteles,https://www.iana.org/domains/root/db/hoteles.html,2026-10-04T08:33:20.790941+00:00
.hotels,.hotels,Delegation of the .hotels domain to Booking.com B.V.,2017-04-03,https://www.iana.org/reports/tld-transfer/20170403-hotels,https://www.iana.org/domains/root/db/hotels.html,2026-10-04T08:33:20.841980+00:00
.hotmail,.hotmail,Delegation of the .hotmail domain to Microsoft Corporation,2015-06-04,https://www.iana.org/reports/c.2.9.2.d/20150604-hotmail,https://www.iana.org/domains/root/db/hotmail.html,2026-10-04T08:33:20.594301+00:00
.house,.house,"Delegation of the .HOUSE domain to Sugar Park, LLC",2013-12-20,https://www.iana.org/reports/c.2.9.2.d/20131220-house,https://www.iana.org/domains/root/db/house.html,2026-10-04T08:33:27.881862+00:00
.house,.house,Transfer of the .academy domain and 195 others,2018-03-23,https://www.iana.org/reports/tld-transfer/20180323-binkymoon,https://www.iana.org/domains/root/db/house.html,2026-10-04T08:33:27.881862+00:00
.how,.how,Delegation of the .how domain to Charleston Road Registry Inc.,2014-08-15,https://www.iana.org/reports/c.2.9.2.d/20140815-how,https://www.iana.org/domains/root/db/how.html,2026-10-04T08:33:27.795868+00:00
.hsbc,.hsbc,Delegation of the .hsbc domain to HSBC Holdings PLC,2015-07-08,https://www.iana.org/reports/c.2.9.2.d/20150708-hsbc,https://www.iana.org/domains/root/db/hsbc.html,2026-10-04T08:33:27.878252+00:00
.hsbc,.hsbc,Transfer of the .hsbc domain to HSBC Global Services (UK) Limited,2016-12-16,https://www.iana.org/reports/tld-transfer/20161216-hsbc,https://www.iana.org/domains/root/db/hsbc.html,2026-10-04T08:33:27.878252+00:00
.ht,.ht,IANA Report on Redelegation of the .HT Top-Level Domain,2004-01-13,https://www.iana.org/reports/2004/ht-report-13jan04.html,https://www.iana.org/domains/root/db/ht.html,2026-10-04T08:33:27.786647+00:00
.htc,.htc,Delegation of the .htc domain to HTC Corporation,2016-03-29,https://www.iana.org/reports/c.2.9.2.d/20160329-htc,https://www.iana.org/domains/root/db/htc.html,2026-10-04T08:33:28.223317+00:00
.htc,.htc,Revocation of the .htc domain,2017-10-09,https://www.iana.org/reports/tld-transfer/20171009-htc,https://www.iana.org/domains/root/db/htc.html,2026-10-04T08:33:28.223317+00:00
.hughes,.hughes,Delegation of the .hughes domain to Hughes Satellite Systems Corporation,2016-08-08,https://www.iana.org/reports/c.2.9.2.d/20160808-hughes,https://www.iana.org/domains/root/db/hughes.html,2026-10-04T08:33:27.767426+00:00
.hyatt,.hyatt,"Delegation of the .hyatt domain to Hyatt GTLD, L.L.C.",2016-07-26,https://www.iana.org/reports/c.2.9.2.d/20160726-hyatt,https://www.iana.org/domains/root/db/hyatt.html,2026-10-04T08:33:27.786106+00:00
.hyundai,.hyundai,Delegation of the .hyundai domain to Hyundai Motor Company,2015-09-23,https://www.iana.org/reports/c.2.9.2.d/20150923-hyundai,https://www.iana.org/domains/root/db/hyundai.html,2026-10-04T08:33:27.889870+00:00
.ibm,.ibm,Delegation of the .ibm domain to International Business Machines Corporation,2014-09-26,https://www.iana.org/reports/c.2.9.2.d/20140926-ibm,https://www.iana.org/domains/root/db/ibm.html,2026-10-04T08:33:34.326315+00:00
.icbc,.icbc,Delegation of the .icbc domain to Industrial and Commercial Bank of China Limited,2015-05-11,https://www.iana.org/reports/c.2.9.2.d/20150511-icbc,https://www.iana.org/domains/root/db/icbc.html,2026-10-04T08:33:34.370351+00:00
.ice,.ice,"Delegation of the .ice domain to IntercontinentalExchange, Inc.",2015-07-20,https://www.iana.org/reports/c.2.9.2.d/20150720-ice,https://www.iana.org/domains/root/db/ice.html,2026-10-04T08:33:34.318081+00:00
.icu,.icu,Delegation of the .icu domain to One.com A/S,2015-04-28,https://www.iana.org/reports/c.2.9.2.d/20150428-icu,https://www.iana.org/domains/root/db/icu.html,2026-10-04T08:33:34.385727+00:00
.icu,.icu,Transfer of the .icu domain to Shortdot SA,2018-02-15,https://www.iana.org/reports/tld-transfer/20180215-icu,https://www.iana.org/domains/root/db/icu.html,2026-10-04T08:33:34.385727+00:00
.id,.id,Report on the Redelegation of the .ID domain representing Indonesia to Perkumpulan Pengelola Nama Domain Internet Indonesia,2013-05-24,https://www.iana.org/reports/2013/id-report-20130524.html,https://www.iana.org/domains/root/db/id.html,2026-10-04T08:33:34.365179+00:00
.ie,.ie,Transfer of the .IE (Ireland) top-level domain to IE Domain Registry CLG,2026-06-11,https://www.iana.org/reports/2026/ie-report-20260611.html,https://www.iana.org/domains/root/db/ie.html,2026-10-04T08:33:34.335915+00:00
.ieee,.ieee,Delegation of the .ieee domain to IEEE Global LLC,2016-07-15,https://www.iana.org/reports/c.2.9.2.d/20160715-ieee,https://www.iana.org/domains/root/db/ieee.html,2026-10-04T08:33:34.327466+00:00
.ifm,.ifm,Delegation of the .ifm domain to ifm electronic gmbh,2015-01-21,https://www.iana.org/reports/c.2.9.2.d/20150121-ifm,https://www.iana.org/domains/root/db/ifm.html,2026-10-04T08:33:34.442865+00:00
.iinet,.iinet,Delegation of the .iinet domain to Connect West Pty. Ltd.,2015-07-06,https://www.iana.org/reports/c.2.9.2.d/20150706-iinet,https://www.iana.org/domains/root/db/iinet.html,2026-10-04T08:33:34.370416+00:00
.iinet,.iinet,Revocation of the .iinet domain,2016-12-19,https://www.iana.org/reports/tld-transfer/20161219-iinet,https://www.iana.org/domains/root/db/iinet.html,2026-10-04T08:33:34.370416+00:00
.ikano,.ikano,Delegation of the .ikano domain to Ikano S.A.,2016-06-28,https://www.iana.org/reports/c.2.9.2.d/20160628-ikano,https://www.iana.org/domains/root/db/ikano.html,2026-10-04T08:33:34.592336+00:00
.imamat,.imamat,Delegation of the .imamat domain to Fondation Aga Khan (Aga Khan Foundation),2016-04-13,https://www.iana.org/reports/c.2.9.2.d/20160413-imamat,https://www.iana.org/domains/root/db/imamat.html,2026-10-04T08:33:41.022974+00:00
.imdb,.imdb,"Delegation of the .imdb domain to Amazon Registry Services, Inc.",2016-06-02,https://www.iana.org/reports/c.2.9.2.d/20160602-imdb,https://www.iana.org/domains/root/db/imdb.html,2026-10-04T08:33:40.691220+00:00
.immo,.immo,"Delegation of the .immo domain to Auburn Bloom, LLC",2014-08-22,https://www.iana.org/reports/c.2.9.2.d/20140822-immo,https://www.iana.org/domains/root/db/immo.html,2026-10-04T08:33:40.660263+00:00
.immo,.immo,Transfer of the .academy domain and 195 others,2018-03-23,https://www.iana.org/reports/tld-transfer/20180323-binkymoon,https://www.iana.org/domains/root/db/immo.html,2026-10-04T08:33:40.660263+00:00
.immobilien,.immobilien,Delegation of the .IMMOBILIEN domain to United TLD Holdco Ltd,2013-12-24,https://www.iana.org/reports/c.2.9.2.d/20131224-immobilien,https://www.iana.org/domains/root/db/immobilien.html,2026-10-04T08:33:40.662633+00:00
.immobilien,.immobilien,"Transfer of the .immobilien domain to Dog Beach, LLC",2021-06-02,https://www.iana.org/reports/tld-transfer/20210602-immobilien,https://www.iana.org/domains/root/db/immobilien.html,2026-10-04T08:33:40.662633+00:00
.in,.in,Report on the Redelegation of the .IN domain representing India to the National Internet Exchange of India,2009-11-27,https://www.iana.org/reports/2009/in-report-27nov2009.html,https://www.iana.org/domains/root/db/in.html,2026-10-04T08:33:40.675703+00:00
.inc,.inc,Delegation of the .inc domain to Intercap Holdings Inc.,2018-07-16,https://www.iana.org/reports/tld-transfer/20180716-inc,https://www.iana.org/domains/root/db/inc.html,2026-10-04T06:22:18.500Z
.industries,.industries,"Delegation of the .industries domain to Outer House, LLC",2014-02-14,https://www.iana.org/reports/c.2.9.2.d/20140214-industries,https://www.iana.org/domains/root/db/industries.html,2026-10-04T08:33:40.655963+00:00
.industries,.industries,Transfer of the .academy domain and 195 others,2018-03-23,https://www.iana.org/reports/tld-transfer/20180323-binkymoon,https://www.iana.org/domains/root/db/industries.html,2026-10-04T08:33:40.655963+00:00
.infiniti,.infiniti,"Delegation of the .infiniti domain to Nissan Motor Co., Ltd.",2015-03-02,https://www.iana.org/reports/c.2.9.2.d/20150302-infiniti,https://www.iana.org/domains/root/db/infiniti.html,2026-10-04T08:33:40.712217+00:00
.info,.info,IANA Report on Establishment of the .BIZ and .INFO Top-Level Domains,2001-06-25,https://www.iana.org/reports/2001/biz-info-report-25jun01.html,https://www.iana.org/domains/root/db/info.html,2026-10-04T08:33:40.777611+00:00
.ing,.ing,Delegation of the .ing domain to Charleston Road Registry Inc.,2014-08-28,https://www.iana.org/reports/c.2.9.2.d/20140828-ing,https://www.iana.org/domains/root/db/ing.html,2026-10-04T08:33:47.321371+00:00
.ink,.ink,"Transfer of the .ink domain to Registry Services, LLC",2023-06-26,https://www.iana.org/reports/tld-transfer/20230626-ink,https://www.iana.org/domains/root/db/ink.html,2026-10-04T08:33:47.422244+00:00
.institute,.institute,"Delegation of the .INSTITUTE domain to Outer Maple, LLC",2013-12-20,https://www.iana.org/reports/c.2.9.2.d/20131220-institute,https://www.iana.org/domains/root/db/institute.html,2026-10-04T08:33:47.285969+00:00
.institute,.institute,Transfer of the .academy domain and 195 others,2018-03-23,https://www.iana.org/reports/tld-transfer/20180323-binkymoon,https://www.iana.org/domains/root/db/institute.html,2026-10-04T08:33:47.285969+00:00
.insurance,.insurance,Delegation of the .insurance domain to fTLD Registry Services LLC,2015-11-25,https://www.iana.org/reports/c.2.9.2.d/20151125-insurance,https://www.iana.org/domains/root/db/insurance.html,2026-10-04T06:22:18.500Z
.insure,.insure,"Delegation of the .insure domain to Pioneer Willow, LLC",2014-04-25,https://www.iana.org/reports/c.2.9.2.d/20140425-insure,https://www.iana.org/domains/root/db/insure.html,2026-10-04T08:33:47.400710+00:00
.insure,.insure,Transfer of the .academy domain and 195 others,2018-03-23,https://www.iana.org/reports/tld-transfer/20180323-binkymoon,https://www.iana.org/domains/root/db/insure.html,2026-10-04T08:33:47.400710+00:00
.intel,.intel,Delegation of the .intel domain to Intel Corporation,2016-07-26,https://www.iana.org/reports/c.2.9.2.d/20160726-intel,https://www.iana.org/domains/root/db/intel.html,2026-10-04T08:33:47.316281+00:00
.intel,.intel,Revocation of the .intel domain,2020-10-07,https://www.iana.org/reports/tld-transfer/20201007-intel,https://www.iana.org/domains/root/db/intel.html,2026-10-04T08:33:47.316281+00:00
.international,.international,Transfer of the .academy domain and 195 others,2018-03-23,https://www.iana.org/reports/tld-transfer/20180323-binkymoon,https://www.iana.org/domains/root/db/international.html,2026-10-04T08:33:47.663451+00:00
.international,.international,"Delegation of the .international domain to Wild Way, LLC",2013-12-20,https://www.iana.org/reports/tld-transfer/20131220-international,https://www.iana.org/domains/root/db/international.html,2026-10-04T08:33:47.663451+00:00
.intuit,.intuit,"Delegation of the .intuit domain to Intuit Administrative Services, Inc.",2016-07-07,https://www.iana.org/reports/c.2.9.2.d/20160707-intuit,https://www.iana.org/domains/root/db/intuit.html,2026-10-04T08:33:47.421419+00:00
.investments,.investments,"Delegation of the .investments domain to Holly Glen, LLC",2014-04-21,https://www.iana.org/reports/c.2.9.2.d/20140421-investments,https://www.iana.org/domains/root/db/investments.html,2026-10-04T08:33:47.331780+00:00
.investments,.investments,Transfer of the .academy domain and 195 others,2018-03-23,https://www.iana.org/reports/tld-transfer/20180323-binkymoon,https://www.iana.org/domains/root/db/investments.html,2026-10-04T08:33:47.331780+00:00
.ipiranga,.ipiranga,Delegation of the .ipiranga domain to Ipiranga Produtos de Petroleo S.A.,2015-07-24,https://www.iana.org/reports/c.2.9.2.d/20150724-ipiranga,https://www.iana.org/domains/root/db/ipiranga.html,2026-10-04T08:33:47.253848+00:00
.iq,.iq,IANA Report on the Redelegation of the .IQ Top-Level Domain,2005-08-05,https://www.iana.org/reports/2005/iq-report-05aug2005.pdf,https://www.iana.org/domains/root/db/iq.html,2026-10-04T08:33:47.428128+00:00
.irish,.irish,Delegation of the .irish domain to Dot-Irish LLC,2014-11-25,https://www.iana.org/reports/c.2.9.2.d/20141125-irish,https://www.iana.org/domains/root/db/irish.html,2026-10-04T08:33:53.873942+00:00
.irish,.irish,Transfer of the .irish domain to Tin Mill LLC,2017-03-01,https://www.iana.org/reports/tld-transfer/20170301-irish,https://www.iana.org/domains/root/db/irish.html,2026-10-04T08:33:53.873942+00:00
.irish,.irish,Transfer of the .academy domain and 195 others,2018-03-23,https://www.iana.org/reports/tld-transfer/20180323-binkymoon,https://www.iana.org/domains/root/db/irish.html,2026-10-04T08:33:53.873942+00:00
.iselect,.iselect,Delegation of the .iselect domain to iSelect Ltd,2016-01-11,https://www.iana.org/reports/c.2.9.2.d/20160111-iselect,https://www.iana.org/domains/root/db/iselect.html,2026-10-04T08:33:53.874187+00:00
.iselect,.iselect,Revocation of the .iselect domain,2019-08-05,https://www.iana.org/reports/tld-transfer/20190805-iselect,https://www.iana.org/domains/root/db/iselect.html,2026-10-04T08:33:53.874187+00:00
.ismaili,.ismaili,Delegation of the .ismaili domain to Fondation Aga Khan (Aga Khan Foundation),2016-04-13,https://www.iana.org/reports/c.2.9.2.d/20160413-ismaili,https://www.iana.org/domains/root/db/ismaili.html,2026-10-04T08:33:53.613756+00:00
.ist,.ist,Delegation of the .ist domain to Istanbul Metropolitan Municipality,2015-07-09,https://www.iana.org/reports/c.2.9.2.d/20150709-ist,https://www.iana.org/domains/root/db/ist.html,2026-10-04T08:33:53.665402+00:00
.istanbul,.istanbul,Delegation of the .istanbul domain to Istanbul Metropolitan Municipality,2015-07-09,https://www.iana.org/reports/c.2.9.2.d/20150709-istanbul,https://www.iana.org/domains/root/db/istanbul.html,2026-10-04T08:33:53.578304+00:00
.itau,.itau,Delegation of the .itau domain to Itau Unibanco Holding S.A.,2015-07-20,https://www.iana.org/reports/c.2.9.2.d/20150720-itau,https://www.iana.org/domains/root/db/itau.html,2026-10-04T08:33:53.627360+00:00
.itv,.itv,Delegation of the .itv domain to ITV Services Limited,2016-06-16,https://www.iana.org/reports/c.2.9.2.d/20160616-itv,https://www.iana.org/domains/root/db/itv.html,2026-10-04T08:33:53.539590+00:00
.iveco,.iveco,Delegation of the .iveco domain to CNH Industrial N.V.,2016-10-28,https://www.iana.org/reports/tld-transfer/20161028-iveco,https://www.iana.org/domains/root/db/iveco.html,2026-10-04T08:33:59.579977+00:00
.iveco,.iveco,Revocation of the .iveco domain,2021-04-21,https://www.iana.org/reports/tld-transfer/20210421-iveco,https://www.iana.org/domains/root/db/iveco.html,2026-10-04T08:33:59.579977+00:00
.iwc,.iwc,Delegation of the .iwc domain to Richemont DNS Inc.,2014-12-11,https://www.iana.org/reports/c.2.9.2.d/20141211-iwc,https://www.iana.org/domains/root/db/iwc.html,2026-10-04T08:33:59.697113+00:00
.iwc,.iwc,Revocation of the .iwc domain,2018-06-28,https://www.iana.org/reports/tld-transfer/20180628-iwc,https://www.iana.org/domains/root/db/iwc.html,2026-10-04T08:33:59.697113+00:00
.jaguar,.jaguar,Delegation of the .jaguar domain to Jaguar Land Rover Ltd,2015-10-23,https://www.iana.org/reports/c.2.9.2.d/20151023-jaguar,https://www.iana.org/domains/root/db/jaguar.html,2026-10-04T08:33:59.691143+00:00
.java,.java,Delegation of the .java domain to Oracle Corporation,2015-02-27,https://www.iana.org/reports/c.2.9.2.d/20150227-java,https://www.iana.org/domains/root/db/java.html,2026-10-04T08:33:59.631508+00:00
.jcb,.jcb,"Delegation of the .jcb domain to JCB Co., Ltd.",2015-01-16,https://www.iana.org/reports/c.2.9.2.d/20150116-jcb,https://www.iana.org/domains/root/db/jcb.html,2026-10-04T08:33:59.706855+00:00
.jcp,.jcp,"Delegation of the .jcp domain to JCP Media, Inc.",2016-03-24,https://www.iana.org/reports/c.2.9.2.d/20160324-jcp,https://www.iana.org/domains/root/db/jcp.html,2026-10-04T08:33:59.716418+00:00
.jcp,.jcp,Revocation of the .jcp domain,2020-11-20,https://www.iana.org/reports/tld-transfer/20201120-jcp,https://www.iana.org/domains/root/db/jcp.html,2026-10-04T08:33:59.716418+00:00
.jeep,.jeep,Delegation of the .jeep domain to FCA US Llc,2016-07-25,https://www.iana.org/reports/c.2.9.2.d/20160725-jeep,https://www.iana.org/domains/root/db/jeep.html,2026-10-04T08:33:59.684965+00:00
.jetzt,.jetzt,Delegation of the .jetzt domain to New TLD Company AB,2014-03-14,https://www.iana.org/reports/c.2.9.2.d/20140314-jetzt,https://www.iana.org/domains/root/db/jetzt.html,2026-10-04T08:33:59.562944+00:00
.jetzt,.jetzt,Transfer of the .academy domain and 195 others,2018-03-23,https://www.iana.org/reports/tld-transfer/20180323-binkymoon,https://www.iana.org/domains/root/db/jetzt.html,2026-10-04T08:33:59.562944+00:00
.jewelry,.jewelry,"Delegation of the .jewelry domain to Wild Bloom, LLC",2015-04-14,https://www.iana.org/reports/c.2.9.2.d/20150414-jewelry,https://www.iana.org/domains/root/db/jewelry.html,2026-10-04T08:33:59.670412+00:00
.jewelry,.jewelry,Transfer of the .academy domain and 195 others,2018-03-23,https://www.iana.org/reports/tld-transfer/20180323-binkymoon,https://www.iana.org/domains/root/db/jewelry.html,2026-10-04T08:33:59.670412+00:00
.jio,.jio,"Delegation of the .jio domain to Affinity Names, Inc.",2016-11-11,https://www.iana.org/reports/tld-transfer/20161111-jio,https://www.iana.org/domains/root/db/jio.html,2026-10-04T08:34:06.050570+00:00
.jio,.jio,Transfer of the .jio domain to Reliance Industries Limited,2024-04-23,https://www.iana.org/reports/tld-transfer/20240423-jio,https://www.iana.org/domains/root/db/jio.html,2026-10-04T08:34:06.050570+00:00
.jlc,.jlc,Delegation of the .jlc domain to Richemont DNS Inc.,2015-06-04,https://www.iana.org/reports/c.2.9.2.d/20150604-jlc,https://www.iana.org/domains/root/db/jlc.html,2026-10-04T08:34:06.048086+00:00
.jlc,.jlc,Revocation of the .jlc domain,2018-09-17,https://www.iana.org/reports/tld-transfer/20180917-jlc,https://www.iana.org/domains/root/db/jlc.html,2026-10-04T08:34:06.048086+00:00
.jll,.jll,Delegation of the .jll domain to Jones Lang LaSalle Incorporated,2015-05-21,https://www.iana.org/reports/c.2.9.2.d/20150521-jll,https://www.iana.org/domains/root/db/jll.html,2026-10-04T08:34:05.937027+00:00
.jmp,.jmp,Delegation of the .jmp domain to Matrix IP LLC,2015-12-16,https://www.iana.org/reports/c.2.9.2.d/20151216-jmp,https://www.iana.org/domains/root/db/jmp.html,2026-10-04T08:34:05.947472+00:00
.jnj,.jnj,"Delegation of the .jnj domain to Johnson & Johnson Services, Inc.",2016-04-06,https://www.iana.org/reports/c.2.9.2.d/20160406-jnj,https://www.iana.org/domains/root/db/jnj.html,2026-10-04T08:34:05.940515+00:00
.jobs,.jobs,IANA Report on the Delegation of the .JOBS Top-Level Domain,2005-08-31,https://www.iana.org/reports/2005/jobs-report-31aug2005.html,https://www.iana.org/domains/root/db/jobs.html,2026-10-04T06:22:18.500Z
.joburg,.joburg,Delegation of the .joburg domain to ZA Central Registry NPC trading as ZA Central Registry,2014-06-17,https://www.iana.org/reports/c.2.9.2.d/20140617-joburg,https://www.iana.org/domains/root/db/joburg.html,2026-10-04T08:34:05.969794+00:00
.jot,.jot,"Delegation of the .jot domain to Amazon Registry Services, Inc.",2015-12-02,https://www.iana.org/reports/tld-transfer/20151202-jot,https://www.iana.org/domains/root/db/jot.html,2026-10-04T08:34:05.887512+00:00
.jot,.jot,"Transfer of the .jot domain to Jolly Host, LLC",2026-05-04,https://www.iana.org/reports/tld-transfer/20260504-jot,https://www.iana.org/domains/root/db/jot.html,2026-10-04T08:34:05.887512+00:00
.joy,.joy,"Delegation of the .joy domain to Amazon Registry Services, Inc.",2015-12-02,https://www.iana.org/reports/c.2.9.2.d/20151202-joy,https://www.iana.org/domains/root/db/joy.html,2026-10-04T08:34:05.933568+00:00
.jp,.jp,Second IANA Report on Request for Redelegation of the .JP Top-Level Domain,2002-04-01,https://www.iana.org/reports/2002/jp-report-01apr02.html,https://www.iana.org/domains/root/db/jp.html,2026-10-04T08:34:11.702316+00:00
.jp,.jp,IANA Report on Request for Redelegation of the .JP Top-Level Domain,2002-02-08,https://www.iana.org/reports/2002/jp-report-08feb02.html,https://www.iana.org/domains/root/db/jp.html,2026-10-04T08:34:11.702316+00:00
.jpmorgan,.jpmorgan,Delegation of the .jpmorgan domain to JPMorgan Chase & Co.,2016-02-25,https://www.iana.org/reports/c.2.9.2.d/20160225-jpmorgan,https://www.iana.org/domains/root/db/jpmorgan.html,2026-10-04T08:34:11.847029+00:00
.jpmorgan,.jpmorgan,"Redelegation of the .jpmorgan domain to JPMorgan Chase Bank, National Association",2016-07-18,https://www.iana.org/reports/c.2.9.2.d/20160718-jpmorgan,https://www.iana.org/domains/root/db/jpmorgan.html,2026-10-04T08:34:11.847029+00:00
.jprs,.jprs,"Delegation of the .jprs domain to Japan Registry Services Co., Ltd.",2015-07-06,https://www.iana.org/reports/c.2.9.2.d/20150706-jprs,https://www.iana.org/domains/root/db/jprs.html,2026-10-04T08:34:12.097269+00:00
.juegos,.juegos,"Delegation of the .juegos domain to Uniregistry, Corp.",2014-05-12,https://www.iana.org/reports/c.2.9.2.d/20140512-juegos,https://www.iana.org/domains/root/db/juegos.html,2026-10-04T08:34:12.057834+00:00
.juegos,.juegos,Transfer of the .juegos domain to Internet Naming Company LLC,2023-03-21,https://www.iana.org/reports/tld-transfer/20230321-juegos,https://www.iana.org/domains/root/db/juegos.html,2026-10-04T08:34:12.057834+00:00
.juegos,.juegos,"Transfer of the .juegos domain to Dog Beach, LLC",2024-04-11,https://www.iana.org/reports/tld-transfer/20240411-juegos,https://www.iana.org/domains/root/db/juegos.html,2026-10-04T08:34:12.057834+00:00
.juniper,.juniper,Delegation of the .juniper domain to Juniper Networks Inc.,2016-07-25,https://www.iana.org/reports/c.2.9.2.d/20160725-juniper,https://www.iana.org/domains/root/db/juniper.html,2026-10-04T08:34:11.804107+00:00
.kaufen,.kaufen,Delegation of the .KAUFEN domain to United TLD Holdco Ltd,2013-12-24,https://www.iana.org/reports/c.2.9.2.d/20131224-kaufen,https://www.iana.org/domains/root/db/kaufen.html,2026-10-04T08:34:11.800603+00:00
.kaufen,.kaufen,"Transfer of the .kaufen domain to Dog Beach, LLC",2021-06-02,https://www.iana.org/reports/tld-transfer/20210602-kaufen,https://www.iana.org/domains/root/db/kaufen.html,2026-10-04T08:34:11.800603+00:00
.kddi,.kddi,Delegation of the .kddi domain to KDDI Corporation,2014-12-29,https://www.iana.org/reports/c.2.9.2.d/20141229-kddi,https://www.iana.org/domains/root/db/kddi.html,2026-10-04T08:34:11.794387+00:00
.ke,.ke,IANA Report on Redelegation of the .KE Top-Level Domain,2002-12-20,https://www.iana.org/reports/2002/ke-report-20dec02.html,https://www.iana.org/domains/root/db/ke.html,2026-10-04T08:34:11.777152+00:00
.kerryhotels,.kerryhotels,Delegation of the .kerryhotels domain to Kerry Trading Co. Limited,2016-03-02,https://www.iana.org/reports/c.2.9.2.d/20160302-kerryhotels,https://www.iana.org/domains/root/db/kerryhotels.html,2026-10-04T08:34:11.800016+00:00
.kerrylogistics,.kerrylogistics,Delegation of the .kerrylogistics domain to Kerry Trading Co. Limited,2016-03-02,https://www.iana.org/reports/c.2.9.2.d/20160302-kerrylogistics,https://www.iana.org/domains/root/db/kerrylogistics.html,2026-10-04T08:34:11.779959+00:00
.kerrylogistics,.kerrylogistics,Revocation of the .kerrylogistics domain,2025-02-27,https://www.iana.org/reports/tld-transfer/20250227-kerrylogistics,https://www.iana.org/domains/root/db/kerrylogistics.html,2026-10-04T08:34:11.779959+00:00
.kerryproperties,.kerryproperties,Delegation of the .kerryproperties domain to Kerry Trading Co. Limited,2016-03-02,https://www.iana.org/reports/c.2.9.2.d/20160302-kerryproperties,https://www.iana.org/domains/root/db/kerryproperties.html,2026-10-04T08:34:20.110261+00:00
.kfh,.kfh,Delegation of the .kfh domain to Kuwait Finance House,2015-12-11,https://www.iana.org/reports/c.2.9.2.d/20151211-kfh,https://www.iana.org/domains/root/db/kfh.html,2026-10-04T08:34:20.327542+00:00
.kia,.kia,Delegation of the .kia domain to Kia Motors Corporation,2015-09-23,https://www.iana.org/reports/c.2.9.2.d/20150923-kia,https://www.iana.org/domains/root/db/kia.html,2026-10-04T08:34:20.318761+00:00
.kids,.kids,Delegation of the .kids domain to DotKids Foundation Limited,2022-04-04,https://www.iana.org/reports/tld-transfer/20220404-kids,https://www.iana.org/domains/root/db/kids.html,2026-10-04T06:22:18.500Z
.kim,.kim,Delegation of the .KIM domain to Afilias Limited,2014-01-21,https://www.iana.org/reports/c.2.9.2.d/20140121-kim,https://www.iana.org/domains/root/db/kim.html,2026-10-04T08:34:20.051880+00:00
.kinder,.kinder,Delegation of the .kinder domain to Ferrero Trading Lux S.A.,2015-10-07,https://www.iana.org/reports/c.2.9.2.d/20151007-kinder,https://www.iana.org/domains/root/db/kinder.html,2026-10-04T08:34:20.038427+00:00
.kinder,.kinder,Revocation of the .kinder domain,2023-11-02,https://www.iana.org/reports/tld-transfer/20231102-kinder,https://www.iana.org/domains/root/db/kinder.html,2026-10-04T08:34:20.038427+00:00
.kindle,.kindle,"Delegation of the .kindle domain to Amazon Registry Services, Inc.",2016-06-02,https://www.iana.org/reports/c.2.9.2.d/20160602-kindle,https://www.iana.org/domains/root/db/kindle.html,2026-10-04T08:34:20.145279+00:00
.kitchen,.kitchen,"Delegation of the .KITCHEN domain to Just Goodbye, LLC",2013-11-16,https://www.iana.org/reports/c.2.9.2.d/20131116-kitchen,https://www.iana.org/domains/root/db/kitchen.html,2026-10-04T08:34:20.045016+00:00
.kitchen,.kitchen,Transfer of the .academy domain and 195 others,2018-03-23,https://www.iana.org/reports/tld-transfer/20180323-binkymoon,https://www.iana.org/domains/root/db/kitchen.html,2026-10-04T08:34:20.045016+00:00
.kiwi,.kiwi,Delegation of the .KIWI domain to Dot Kiwi Limited,2013-12-20,https://www.iana.org/reports/c.2.9.2.d/20131220-kiwi,https://www.iana.org/domains/root/db/kiwi.html,2026-10-04T08:34:26.006567+00:00
.kn,.kn,"Report on the Redelegation of the .KN Top-Level Domain to the ""Ministry of Finance, Sustainable Development, Information and Technology""",2008-04-29,https://www.iana.org/reports/2008/kn-report-29apr2008.html,https://www.iana.org/domains/root/db/kn.html,2026-10-04T08:34:25.952457+00:00
.koeln,.koeln,Delegation of the .koeln domain to NetCologne Gesellschaft für Telekommunikation mbH,2014-03-04,https://www.iana.org/reports/c.2.9.2.d/20140304-koeln,https://www.iana.org/domains/root/db/koeln.html,2026-10-04T06:22:18.500Z
.koeln,.koeln,Transfer of the .koeln domain to punkt.wien GmbH,2018-04-30,https://www.iana.org/reports/tld-transfer/20180430-koeln,https://www.iana.org/domains/root/db/koeln.html,2026-10-04T06:22:18.500Z
.koeln,.koeln,Transfer of the .koeln domain to dotKoeln GmbH,2018-06-20,https://www.iana.org/reports/tld-transfer/20180620-koeln,https://www.iana.org/domains/root/db/koeln.html,2026-10-04T06:22:18.500Z
.komatsu,.komatsu,Delegation of the .komatsu domain to Komatsu Ltd.,2015-03-25,https://www.iana.org/reports/c.2.9.2.d/20150325-komatsu,https://www.iana.org/domains/root/db/komatsu.html,2026-10-04T08:34:26.327474+00:00
.kosher,.kosher,Delegation of the .kosher domain to Kosher Marketing Assets LLC,2016-06-09,https://www.iana.org/reports/c.2.9.2.d/20160609-kosher,https://www.iana.org/domains/root/db/kosher.html,2026-10-04T08:34:26.364204+00:00
.kp,.kp,"Report on Delegation of the .KP Top-Level Domain to ""Korea Computer Center""",2007-09-11,https://www.iana.org/reports/2007/kp-report-11sep2007.html,https://www.iana.org/domains/root/db/kp.html,2026-10-04T08:34:26.195570+00:00
.kp,.kp,Report on the Redelegation of the .KP domain representing the Democratic People’s Republic of Korea to Star Joint Venture Company,2011-04-01,https://www.iana.org/reports/2011/kp-report-20110401.html,https://www.iana.org/domains/root/db/kp.html,2026-10-04T08:34:26.195570+00:00
.kpmg,.kpmg,Delegation of the .kpmg domain to KPMG International Cooperative (KPMG International Genossenschaft),2016-04-01,https://www.iana.org/reports/c.2.9.2.d/20160401-kpmg,https://www.iana.org/domains/root/db/kpmg.html,2026-10-04T08:34:26.030289+00:00
.kpn,.kpn,Delegation of the .kpn domain to Koninklijke KPN N.V.,2015-12-11,https://www.iana.org/reports/c.2.9.2.d/20151211-kpn,https://www.iana.org/domains/root/db/kpn.html,2026-10-04T08:34:26.011679+00:00
.krd,.krd,Delegation of the .krd domain to KRG Department of Information Technology,2014-07-16,https://www.iana.org/reports/c.2.9.2.d/20140716-krd,https://www.iana.org/domains/root/db/krd.html,2026-10-04T08:34:26.290683+00:00
.kred,.kred,Delegation of the .kred domain to KredTLD Pty Ltd,2014-02-25,https://www.iana.org/reports/c.2.9.2.d/20140225-kred,https://www.iana.org/domains/root/db/kred.html,2026-10-04T08:34:33.583326+00:00
.kuokgroup,.kuokgroup,Delegation of the .kuokgroup domain to Kerry Trading Co. Limited,2016-03-02,https://www.iana.org/reports/c.2.9.2.d/20160302-kuokgroup,https://www.iana.org/domains/root/db/kuokgroup.html,2026-10-04T08:34:33.308320+00:00
.ky,.ky,IANA Report on Redelegation of the .KY Top-Level Domain,2003-06-30,https://www.iana.org/reports/2003/ky-report-30jun03.html,https://www.iana.org/domains/root/db/ky.html,2026-10-04T08:34:33.329170+00:00
.kyoto,.kyoto,Delegation of the .kyoto domain to Academic Institution: Kyoto Jyoho Gakuen,2015-01-16,https://www.iana.org/reports/c.2.9.2.d/20150116-kyoto,https://www.iana.org/domains/root/db/kyoto.html,2026-10-04T08:34:33.335246+00:00
.kz,.kz,IANA Report on the Redelegation of the .KZ Top-Level Domain,2005-08-05,https://www.iana.org/reports/2005/kz-report-05aug2005.pdf,https://www.iana.org/domains/root/db/kz.html,2026-10-04T08:34:33.146687+00:00
.la,.la,IANA Report on Redelegation of the .LA Top-Level Domain,2002-12-11,https://www.iana.org/reports/2002/la-report-11dec02.html,https://www.iana.org/domains/root/db/la.html,2026-10-04T08:34:33.246258+00:00
.lacaixa,.lacaixa,Delegation of the .lacaixa domain to CAIXA D'ESTALVIS I PENSIONS DE BARCELONA,2014-07-16,https://www.iana.org/reports/c.2.9.2.d/20140716-lacaixa,https://www.iana.org/domains/root/db/lacaixa.html,2026-10-04T08:34:33.207232+00:00
.ladbrokes,.ladbrokes,Delegation of the .ladbrokes domain to Ladbrokes International plc,2016-07-26,https://www.iana.org/reports/c.2.9.2.d/20160726-ladbrokes,https://www.iana.org/domains/root/db/ladbrokes.html,2026-10-04T08:34:33.208242+00:00
.ladbrokes,.ladbrokes,Revocation of the .ladbrokes domain,2019-11-20,https://www.iana.org/reports/tld-transfer/20191120-ladbrokes,https://www.iana.org/domains/root/db/ladbrokes.html,2026-10-04T08:34:33.208242+00:00
.lamborghini,.lamborghini,Delegation of the .lamborghini domain to Automobili Lamborghini S.p.A.,2015-11-17,https://www.iana.org/reports/c.2.9.2.d/20151117-lamborghini,https://www.iana.org/domains/root/db/lamborghini.html,2026-10-04T08:34:33.223577+00:00
.lamer,.lamer,Delegation of the .lamer domain to The Estée Lauder Companies Inc.,2015-12-22,https://www.iana.org/reports/c.2.9.2.d/20151222-lamer,https://www.iana.org/domains/root/db/lamer.html,2026-10-04T08:34:40.857637+00:00
.lancaster,.lancaster,Delegation of the .lancaster domain to Lancaster,2015-07-09,https://www.iana.org/reports/c.2.9.2.d/20150709-lancaster,https://www.iana.org/domains/root/db/lancaster.html,2026-10-04T08:34:40.870754+00:00
.lancaster,.lancaster,Revocation of the .lancaster domain,2025-04-29,https://www.iana.org/reports/tld-transfer/20250429-lancaster,https://www.iana.org/domains/root/db/lancaster.html,2026-10-04T08:34:40.870754+00:00
.lancia,.lancia,Delegation of the .lancia domain to Fiat Chrysler Automobiles N.V.,2016-08-01,https://www.iana.org/reports/c.2.9.2.d/20160801-lancia,https://www.iana.org/domains/root/db/lancia.html,2026-10-04T08:34:40.562103+00:00
.lancia,.lancia,Revocation of the .lancia domain,2023-06-05,https://www.iana.org/reports/tld-transfer/20230605-lancia,https://www.iana.org/domains/root/db/lancia.html,2026-10-04T08:34:40.562103+00:00
.lancome,.lancome,Delegation of the .lancome domain to L'Oréal,2016-07-13,https://www.iana.org/reports/c.2.9.2.d/20160713-lancome,https://www.iana.org/domains/root/db/lancome.html,2026-10-04T08:34:40.532972+00:00
.lancome,.lancome,Revocation of the .lancome domain,2019-11-28,https://www.iana.org/reports/tld-transfer/20191128-lancome,https://www.iana.org/domains/root/db/lancome.html,2026-10-04T08:34:40.532972+00:00
.land,.land,"Delegation of the .LAND domain to Pine Moon, LLC",2013-11-11,https://www.iana.org/reports/c.2.9.2.d/20131111-land,https://www.iana.org/domains/root/db/land.html,2026-10-04T08:34:40.953511+00:00
.land,.land,Transfer of the .academy domain and 195 others,2018-03-23,https://www.iana.org/reports/tld-transfer/20180323-binkymoon,https://www.iana.org/domains/root/db/land.html,2026-10-04T08:34:40.953511+00:00
.landrover,.landrover,Delegation of the .landrover domain to Jaguar Land Rover Ltd,2015-10-26,https://www.iana.org/reports/c.2.9.2.d/20151026-landrover,https://www.iana.org/domains/root/db/landrover.html,2026-10-04T08:34:40.668271+00:00
.lanxess,.lanxess,Delegation of the .lanxess domain to LANXESS Corporation,2016-01-21,https://www.iana.org/reports/c.2.9.2.d/20160121-lanxess,https://www.iana.org/domains/root/db/lanxess.html,2026-10-04T08:34:40.552010+00:00
.lasalle,.lasalle,Delegation of the .lasalle domain to Jones Lang LaSalle Incorporated,2015-06-09,https://www.iana.org/reports/c.2.9.2.d/20150609-lasalle,https://www.iana.org/domains/root/db/lasalle.html,2026-10-04T08:34:40.619844+00:00
.lat,.lat,Delegation of the .lat domain to ECOM-LAC Federaciòn de Latinoamèrica y el Caribe para Internet y el Comercio Electrònico,2014-12-29,https://www.iana.org/reports/c.2.9.2.d/20141229-lat,https://www.iana.org/domains/root/db/lat.html,2026-10-04T08:34:40.539616+00:00
.lat,.lat,Transfer of the .lat domain to XYZ.COM LLC,2022-09-22,https://www.iana.org/reports/tld-transfer/20220922-lat,https://www.iana.org/domains/root/db/lat.html,2026-10-04T08:34:40.539616+00:00
.latino,.latino,Delegation of the .latino domain to Dish DBS Corporation,2016-07-29,https://www.iana.org/reports/c.2.9.2.d/20160729-latino,https://www.iana.org/domains/root/db/latino.html,2026-10-04T08:34:40.667392+00:00
.latrobe,.latrobe,Delegation of the .latrobe domain to La Trobe University,2014-11-25,https://www.iana.org/reports/c.2.9.2.d/20141125-latrobe,https://www.iana.org/domains/root/db/latrobe.html,2026-10-04T08:34:47.811174+00:00
.law,.law,Delegation of the .law domain to Minds + Machines Group Limited,2015-06-24,https://www.iana.org/reports/c.2.9.2.d/20150624-law,https://www.iana.org/domains/root/db/law.html,2026-10-04T08:34:47.564196+00:00
.law,.law,Transfer of the .law domain to LW TLD Limited,2018-07-03,https://www.iana.org/reports/tld-transfer/20180703-law,https://www.iana.org/domains/root/db/law.html,2026-10-04T08:34:47.564196+00:00
.law,.law,"Transfer of the .law domain to Registry Services, LLC",2021-09-14,https://www.iana.org/reports/tld-transfer/20210914-law,https://www.iana.org/domains/root/db/law.html,2026-10-04T08:34:47.564196+00:00
.lawyer,.lawyer,"Delegation of the .lawyer domain to United TLD Holdco, Ltd",2014-05-28,https://www.iana.org/reports/c.2.9.2.d/20140528-lawyer,https://www.iana.org/domains/root/db/lawyer.html,2026-10-04T08:34:47.592848+00:00
.lawyer,.lawyer,"Transfer of the .lawyer domain to Dog Beach, LLC",2021-06-02,https://www.iana.org/reports/tld-transfer/20210602-lawyer,https://www.iana.org/domains/root/db/lawyer.html,2026-10-04T08:34:47.592848+00:00
.lb,.lb,Transfer of the .LB (Lebanon) top-level domain to the Internet Society Lebanon,2024-01-21,https://www.iana.org/reports/2024/lb-report-20240121.html,https://www.iana.org/domains/root/db/lb.html,2026-10-04T08:34:47.485520+00:00
.lds,.lds,"Delegation of the .lds domain to IRI Domain Management, LLC",2014-11-17,https://www.iana.org/reports/c.2.9.2.d/20141117-lds,https://www.iana.org/domains/root/db/lds.html,2026-10-04T08:34:47.942593+00:00
.lease,.lease,"Delegation of the .lease domain to Victor Trail, LLC",2014-04-09,https://www.iana.org/reports/c.2.9.2.d/20140409-lease,https://www.iana.org/domains/root/db/lease.html,2026-10-04T08:34:47.611023+00:00
.leclerc,.leclerc,Delegation of the .leclerc domain to A.C.D. LEC Association des Centres Distributeurs Edouard Leclerc,2015-02-27,https://www.iana.org/reports/c.2.9.2.d/20150227-leclerc,https://www.iana.org/domains/root/db/leclerc.html,2026-10-04T08:34:47.560515+00:00
.lefrak,.lefrak,"Delegation of the .lefrak domain to LeFrak Organization, Inc.",2016-07-11,https://www.iana.org/reports/c.2.9.2.d/20160711-lefrak,https://www.iana.org/domains/root/db/lefrak.html,2026-10-04T08:34:47.898667+00:00
.legal,.legal,"Delegation of the .legal domain to Blue Falls, LLC",2014-11-24,https://www.iana.org/reports/c.2.9.2.d/20141124-legal,https://www.iana.org/domains/root/db/legal.html,2026-10-04T08:34:47.574989+00:00
.lego,.lego,Delegation of the .lego domain to LEGO Juris A/S,2016-06-13,https://www.iana.org/reports/c.2.9.2.d/20160613-lego,https://www.iana.org/domains/root/db/lego.html,2026-10-04T08:34:54.420650+00:00
.lexus,.lexus,Delegation of the .lexus domain to Toyota Motor Corporation,2015-07-24,https://www.iana.org/reports/c.2.9.2.d/20150724-lexus,https://www.iana.org/domains/root/db/lexus.html,2026-10-04T08:34:54.127425+00:00
.lgbt,.lgbt,Delegation of the .lgbt domain to Afilias Limited,2014-06-30,https://www.iana.org/reports/c.2.9.2.d/20140630-lgbt,https://www.iana.org/domains/root/db/lgbt.html,2026-10-04T06:22:18.500Z
.liaison,.liaison,"Delegation of the .liaison domain to Liaison Technologies, Incorporated",2015-04-29,https://www.iana.org/reports/c.2.9.2.d/20150429-liaison,https://www.iana.org/domains/root/db/liaison.html,2026-10-04T08:34:54.046817+00:00
.liaison,.liaison,Revocation of the .liaison domain,2020-01-05,https://www.iana.org/reports/tld-transfer/20200105-liaison,https://www.iana.org/domains/root/db/liaison.html,2026-10-04T08:34:54.046817+00:00
.lidl,.lidl,Delegation of the .lidl domain to Schwarz Domains und Services GmbH & Co. KG,2014-12-11,https://www.iana.org/reports/c.2.9.2.d/20141211-lidl,https://www.iana.org/domains/root/db/lidl.html,2026-10-04T08:34:54.155842+00:00
.life,.life,"Delegation of the .life domain to Trixy Oaks, LLC",2014-05-09,https://www.iana.org/reports/c.2.9.2.d/20140509-life,https://www.iana.org/domains/root/db/life.html,2026-10-04T08:34:54.122615+00:00
.life,.life,Transfer of the .academy domain and 195 others,2018-03-23,https://www.iana.org/reports/tld-transfer/20180323-binkymoon,https://www.iana.org/domains/root/db/life.html,2026-10-04T08:34:54.122615+00:00
.lifeinsurance,.lifeinsurance,Delegation of the .lifeinsurance domain to American Council of Life Insurers,2016-01-13,https://www.iana.org/reports/c.2.9.2.d/20160113-lifeinsurance,https://www.iana.org/domains/root/db/lifeinsurance.html,2026-10-04T08:34:54.178477+00:00
.lifestyle,.lifestyle,"Delegation of the .lifestyle domain to Lifestyle Domain Holdings, Inc.",2015-11-06,https://www.iana.org/reports/c.2.9.2.d/20151106-lifestyle,https://www.iana.org/domains/root/db/lifestyle.html,2026-10-04T08:34:54.412660+00:00
.lifestyle,.lifestyle,Transfer of the .lifestyle domain to Internet Naming Co.,2024-01-09,https://www.iana.org/reports/tld-transfer/20240109-lifestyle,https://www.iana.org/domains/root/db/lifestyle.html,2026-10-04T08:34:54.412660+00:00
.lighting,.lighting,"Delegation of the .LIGHTING domain to John McCook, LLC",2013-11-04,https://www.iana.org/reports/c.2.9.2.d/20131104-lighting,https://www.iana.org/domains/root/db/lighting.html,2026-10-04T08:34:53.995209+00:00
.lighting,.lighting,Transfer of the .academy domain and 195 others,2018-03-23,https://www.iana.org/reports/tld-transfer/20180323-binkymoon,https://www.iana.org/domains/root/db/lighting.html,2026-10-04T08:34:53.995209+00:00
.like,.like,"Delegation of the .like domain to Amazon Registry Services, Inc.",2015-12-02,https://www.iana.org/reports/c.2.9.2.d/20151202-like,https://www.iana.org/domains/root/db/like.html,2026-10-04T08:34:54.488772+00:00
.lilly,.lilly,Delegation of the .lilly domain to Eli Lilly and Company,2016-07-29,https://www.iana.org/reports/c.2.9.2.d/20160729-lilly,https://www.iana.org/domains/root/db/lilly.html,2026-10-04T08:35:00.499741+00:00
.limited,.limited,"Delegation of the .limited domain to Big Fest, LLC",2014-04-21,https://www.iana.org/reports/c.2.9.2.d/20140421-limited,https://www.iana.org/domains/root/db/limited.html,2026-10-04T08:35:00.656583+00:00
.limited,.limited,Transfer of the .academy domain and 195 others,2018-03-23,https://www.iana.org/reports/tld-transfer/20180323-binkymoon,https://www.iana.org/domains/root/db/limited.html,2026-10-04T08:35:00.656583+00:00
.limo,.limo,"Delegation of the .LIMO domain to Hidden Frostbite, LLC",2013-12-12,https://www.iana.org/reports/c.2.9.2.d/20131212-limo,https://www.iana.org/domains/root/db/limo.html,2026-10-04T08:35:00.839634+00:00
.limo,.limo,Transfer of the .academy domain and 195 others,2018-03-23,https://www.iana.org/reports/tld-transfer/20180323-binkymoon,https://www.iana.org/domains/root/db/limo.html,2026-10-04T08:35:00.839634+00:00
.lincoln,.lincoln,Delegation of the .lincoln domain to Ford Motor Company,2015-12-15,https://www.iana.org/reports/c.2.9.2.d/20151215-lincoln,https://www.iana.org/domains/root/db/lincoln.html,2026-10-04T08:35:00.917261+00:00
.linde,.linde,Delegation of the .linde domain to Linde Aktiengesellschaft,2015-09-14,https://www.iana.org/reports/c.2.9.2.d/20150914-linde,https://www.iana.org/domains/root/db/linde.html,2026-10-04T08:35:00.537644+00:00
.linde,.linde,Revocation of the .linde domain,2023-03-17,https://www.iana.org/reports/tld-transfer/20230317-linde,https://www.iana.org/domains/root/db/linde.html,2026-10-04T08:35:00.537644+00:00
.link,.link,"Delegation of the .LINK domain to Uniregistry, Corp.",2014-01-16,https://www.iana.org/reports/c.2.9.2.d/20140116-link,https://www.iana.org/domains/root/db/link.html,2026-10-04T08:35:00.534397+00:00
.link,.link,Transfer of the .link domain to Nova Registry Ltd.,2022-05-19,https://www.iana.org/reports/tld-transfer/20220519-link,https://www.iana.org/domains/root/db/link.html,2026-10-04T08:35:00.534397+00:00
.lipsy,.lipsy,Delegation of the .lipsy domain to Lipsy Ltd,2016-04-29,https://www.iana.org/reports/c.2.9.2.d/20160429-lipsy,https://www.iana.org/domains/root/db/lipsy.html,2026-10-04T08:35:00.656769+00:00
.lipsy,.lipsy,Revocation of the .lipsy domain,2025-02-27,https://www.iana.org/reports/tld-transfer/20250227-lipsy,https://www.iana.org/domains/root/db/lipsy.html,2026-10-04T08:35:00.656769+00:00
.live,.live,"Delegation of the .live domain to United TLD Holdco, Ltd.",2015-07-06,https://www.iana.org/reports/c.2.9.2.d/20150706-live,https://www.iana.org/domains/root/db/live.html,2026-10-04T08:35:00.610149+00:00
.live,.live,"Transfer of the .live domain to Dog Beach, LLC",2021-06-02,https://www.iana.org/reports/tld-transfer/20210602-live,https://www.iana.org/domains/root/db/live.html,2026-10-04T08:35:00.610149+00:00
.living,.living,"Delegation of the .living domain to Lifestyle Domain Holdings, Inc.",2015-12-23,https://www.iana.org/reports/c.2.9.2.d/20151223-living,https://www.iana.org/domains/root/db/living.html,2026-10-04T08:35:00.546646+00:00
.living,.living,Transfer of the .living domain to Internet Naming Co.,2024-01-09,https://www.iana.org/reports/tld-transfer/20240109-living,https://www.iana.org/domains/root/db/living.html,2026-10-04T08:35:00.546646+00:00
.lixil,.lixil,Delegation of the .lixil domain to LIXIL Group Corporation,2015-07-26,https://www.iana.org/reports/c.2.9.2.d/20150726-lixil,https://www.iana.org/domains/root/db/lixil.html,2026-10-04T08:35:00.958184+00:00
.lixil,.lixil,Revocation of the .lixil domain,2021-12-30,https://www.iana.org/reports/tld-transfer/20211230-lixil,https://www.iana.org/domains/root/db/lixil.html,2026-10-04T08:35:00.958184+00:00
.llc,.llc,Delegation of the .llc domain to Afilias plc,2018-02-21,https://www.iana.org/reports/tld-transfer/20180221-llc,https://www.iana.org/domains/root/db/llc.html,2026-10-04T06:22:18.500Z
.llp,.llp,Delegation of the .llp domain,2019-12-02,https://www.iana.org/reports/tld-transfer/20191202-llp,https://www.iana.org/domains/root/db/llp.html,2026-10-04T08:35:06.797152+00:00
.llp,.llp,Transfer of the .llp domain to UNR Corp.,2020-11-03,https://www.iana.org/reports/tld-transfer/20201103-llp,https://www.iana.org/domains/root/db/llp.html,2026-10-04T08:35:06.797152+00:00
.llp,.llp,Transfer of the .llp domain to Intercap Registry Inc.,2022-06-29,https://www.iana.org/reports/tld-transfer/20220629-llp,https://www.iana.org/domains/root/db/llp.html,2026-10-04T08:35:06.797152+00:00
.loan,.loan,Delegation of the .loan domain to dot Loan Limited,2015-03-23,https://www.iana.org/reports/c.2.9.2.d/20150323-loan,https://www.iana.org/domains/root/db/loan.html,2026-10-04T08:35:06.632145+00:00
.loans,.loans,"Delegation of the .loans domain to June Woods, LLC",2014-05-09,https://www.iana.org/reports/c.2.9.2.d/20140509-loans,https://www.iana.org/domains/root/db/loans.html,2026-10-04T08:35:06.551691+00:00
.loans,.loans,Transfer of the .academy domain and 195 others,2018-03-23,https://www.iana.org/reports/tld-transfer/20180323-binkymoon,https://www.iana.org/domains/root/db/loans.html,2026-10-04T08:35:06.551691+00:00
.locker,.locker,Delegation of the .locker domain to Dish DBS Corporation,2016-05-25,https://www.iana.org/reports/c.2.9.2.d/20160525-locker,https://www.iana.org/domains/root/db/locker.html,2026-10-04T08:35:06.851367+00:00
.locker,.locker,Transfer of the .locker domain to Orange Domains LLC,2024-01-23,https://www.iana.org/reports/tld-transfer/20240123-locker,https://www.iana.org/domains/root/db/locker.html,2026-10-04T08:35:06.851367+00:00
.locus,.locus,Delegation of the .locus domain to Locus Analytics LLC,2016-03-07,https://www.iana.org/reports/c.2.9.2.d/20160307-locus,https://www.iana.org/domains/root/db/locus.html,2026-10-04T08:35:06.570519+00:00
.loft,.loft,"Delegation of the .loft domain to Annco, Inc.",2016-08-01,https://www.iana.org/reports/c.2.9.2.d/20160801-loft,https://www.iana.org/domains/root/db/loft.html,2026-10-04T08:35:06.536555+00:00
.loft,.loft,Revocation of the .loft domain,2022-12-17,https://www.iana.org/reports/tld-transfer/20221217-loft,https://www.iana.org/domains/root/db/loft.html,2026-10-04T08:35:06.536555+00:00
.lol,.lol,"Delegation of the .lol domain to Uniregistry, Corp.",2015-04-29,https://www.iana.org/reports/c.2.9.2.d/20150429-lol,https://www.iana.org/domains/root/db/lol.html,2026-10-04T08:35:06.772967+00:00
.lol,.lol,Transfer of the .lol domain to XYZ.COM LLC,2022-03-23,https://www.iana.org/reports/tld-transfer/20220323-lol,https://www.iana.org/domains/root/db/lol.html,2026-10-04T08:35:06.772967+00:00
.london,.london,Delegation of the .london domain to Dot London Domains Limited,2014-03-19,https://www.iana.org/reports/c.2.9.2.d/20140319-london,https://www.iana.org/domains/root/db/london.html,2026-10-04T06:22:18.500Z
.lotte,.lotte,"Delegation of the .lotte domain to Lotte Holdings Co., Ltd.",2015-01-12,https://www.iana.org/reports/c.2.9.2.d/20150112-lotte,https://www.iana.org/domains/root/db/lotte.html,2026-10-04T08:35:06.557521+00:00
.lotto,.lotto,Delegation of the .lotto domain to Afilias Limited,2014-06-17,https://www.iana.org/reports/c.2.9.2.d/20140617-lotto,https://www.iana.org/domains/root/db/lotto.html,2026-10-04T08:35:06.610994+00:00
.love,.love,Delegation of the .love domain to Merchant Law Group LLP,2015-03-30,https://www.iana.org/reports/c.2.9.2.d/20150330-love,https://www.iana.org/domains/root/db/love.html,2026-10-04T08:35:13.280798+00:00
.love,.love,Transfer of the .love domain to Waterford Limited,2024-06-20,https://www.iana.org/reports/tld-transfer/20240620-love,https://www.iana.org/domains/root/db/love.html,2026-10-04T08:35:13.280798+00:00
.lpl,.lpl,"Delegation of the .lpl domain to LPL Holdings, Inc.",2016-07-15,https://www.iana.org/reports/c.2.9.2.d/20160715-lpl,https://www.iana.org/domains/root/db/lpl.html,2026-10-04T08:35:13.346153+00:00
.lplfinancial,.lplfinancial,"Delegation of the .lplfinancial domain to LPL Holdings, Inc.",2016-07-15,https://www.iana.org/reports/c.2.9.2.d/20160715-lplfinancial,https://www.iana.org/domains/root/db/lplfinancial.html,2026-10-04T08:35:12.986983+00:00
.ls,.ls,Transfer of the .LS (Lesotho) top-level domain to Lesotho Network Information Centre Proprietary (LSNIC),2018-06-05,https://www.iana.org/reports/2018/ls-report-20180605.html,https://www.iana.org/domains/root/db/ls.html,2026-10-04T08:35:13.153839+00:00
.ltd,.ltd,"Delegation of the .ltd domain to Over Corner, LLC",2015-09-10,https://www.iana.org/reports/c.2.9.2.d/20150910-ltd,https://www.iana.org/domains/root/db/ltd.html,2026-10-04T08:35:13.038578+00:00
.ltd,.ltd,Transfer of the .academy domain and 195 others,2018-03-23,https://www.iana.org/reports/tld-transfer/20180323-binkymoon,https://www.iana.org/domains/root/db/ltd.html,2026-10-04T08:35:13.038578+00:00
.ltda,.ltda,Delegation of the .ltda domain to DOMAIN ROBOT SERVICOS DE HOSPEDAGEM NA INTERNET LTDA,2014-08-15,https://www.iana.org/reports/c.2.9.2.d/20140815-ltda,https://www.iana.org/domains/root/db/ltda.html,2026-10-04T08:35:13.037690+00:00
.ltda,.ltda,Redelegation of the .ltda domain to InterNetX Corp.,2014-08-28,https://www.iana.org/reports/c.2.9.2.d/20140828-ltda,https://www.iana.org/domains/root/db/ltda.html,2026-10-04T08:35:13.037690+00:00
.lundbeck,.lundbeck,Delegation of the .lundbeck domain to H. Lundbeck A/S,2016-07-13,https://www.iana.org/reports/c.2.9.2.d/20160713-lundbeck,https://www.iana.org/domains/root/db/lundbeck.html,2026-10-04T08:35:13.124616+00:00
.lupin,.lupin,Delegation of the .lupin domain to Lupin Limited,2015-05-14,https://www.iana.org/reports/c.2.9.2.d/20150514-lupin,https://www.iana.org/domains/root/db/lupin.html,2026-10-04T08:35:19.310699+00:00
.lupin,.lupin,Revocation of the .lupin domain,2020-12-10,https://www.iana.org/reports/tld-transfer/20201210-lupin,https://www.iana.org/domains/root/db/lupin.html,2026-10-04T08:35:19.310699+00:00
.luxe,.luxe,Delegation of the .luxe domain to Top Level Domain Holdings Limited,2014-05-12,https://www.iana.org/reports/c.2.9.2.d/20140512-luxe,https://www.iana.org/domains/root/db/luxe.html,2026-10-04T08:35:19.314715+00:00
.luxe,.luxe,"Transfer of the .luxe domain to Registry Services, LLC",2021-09-14,https://www.iana.org/reports/tld-transfer/20210914-luxe,https://www.iana.org/domains/root/db/luxe.html,2026-10-04T08:35:19.314715+00:00
.luxury,.luxury,"Delegation of the .LUXURY domain to Luxury Partners, LLC",2014-01-16,https://www.iana.org/reports/c.2.9.2.d/20140116-luxury,https://www.iana.org/domains/root/db/luxury.html,2026-10-04T08:35:19.385479+00:00
.ly,.ly,IANA Report on the Redelegation of the .LY Top-Level Domain,2005-08-05,https://www.iana.org/reports/2005/ly-report-05aug2005.pdf,https://www.iana.org/domains/root/db/ly.html,2026-10-04T08:35:19.421781+00:00
.ly,.ly,Transfer of the .LY (Libya) top-level domain to the General Authority of Communications and Informatics,2025-10-30,https://www.iana.org/reports/2025/ly-report-20251030.html,https://www.iana.org/domains/root/db/ly.html,2026-10-04T08:35:19.421781+00:00
.ma,.ma,IANA Report on the Redelegation of the .MA Top-Level Domain,2006-07-24,https://www.iana.org/reports/2006/ma-report-24jul2006.html,https://www.iana.org/domains/root/db/ma.html,2026-10-04T08:35:19.676713+00:00
.macys,.macys,"Delegation of the .macys domain to Macys, Inc.",2016-07-07,https://www.iana.org/reports/c.2.9.2.d/20160707-macys,https://www.iana.org/domains/root/db/macys.html,2026-10-04T08:35:19.414418+00:00
.macys,.macys,Revocation of the .macys domain,2023-03-07,https://www.iana.org/reports/tld-transfer/20230307-macys,https://www.iana.org/domains/root/db/macys.html,2026-10-04T08:35:19.414418+00:00
.madrid,.madrid,Delegation of the .madrid domain to Comunidad de Madrid,2014-11-14,https://www.iana.org/reports/c.2.9.2.d/20141114-madrid,https://www.iana.org/domains/root/db/madrid.html,2026-10-04T08:35:19.384494+00:00
.maif,.maif,Delegation of the .maif domain to Mutuelle Assurance Instituteur France (MAIF),2015-02-27,https://www.iana.org/reports/c.2.9.2.d/20150227-maif,https://www.iana.org/domains/root/db/maif.html,2026-10-04T08:35:19.309792+00:00
.maison,.maison,"Delegation of the .maison domain to Victor Frostbite, LLC",2014-02-07,https://www.iana.org/reports/c.2.9.2.d/20140207-maison,https://www.iana.org/domains/root/db/maison.html,2026-10-04T08:35:19.402668+00:00
.maison,.maison,Transfer of the .academy domain and 195 others,2018-03-23,https://www.iana.org/reports/tld-transfer/20180323-binkymoon,https://www.iana.org/domains/root/db/maison.html,2026-10-04T08:35:19.402668+00:00
.makeup,.makeup,Delegation of the .makeup domain to L'Oréal,2016-01-11,https://www.iana.org/reports/c.2.9.2.d/20160111-makeup,https://www.iana.org/domains/root/db/makeup.html,2026-10-04T08:35:27.479722+00:00
.makeup,.makeup,Transfer of the .makeup domain to XYZ.COM LLC,2020-09-15,https://www.iana.org/reports/tld-transfer/20200915-makeup,https://www.iana.org/domains/root/db/makeup.html,2026-10-04T08:35:27.479722+00:00
.man,.man,Delegation of the .man domain to MAN SE,2015-07-24,https://www.iana.org/reports/c.2.9.2.d/20150724-man,https://www.iana.org/domains/root/db/man.html,2026-10-04T08:35:27.374060+00:00
.man,.man,Transfer of the .man domain to MAN Truck & Bus SE,2024-12-18,https://www.iana.org/reports/tld-transfer/20241218-man,https://www.iana.org/domains/root/db/man.html,2026-10-04T08:35:27.374060+00:00
.management,.management,"Delegation of the .MANAGEMENT domain to John Goodbye, LLC",2013-12-12,https://www.iana.org/reports/c.2.9.2.d/20131212-management,https://www.iana.org/domains/root/db/management.html,2026-10-04T08:35:27.386950+00:00
.management,.management,Transfer of the .academy domain and 195 others,2018-03-23,https://www.iana.org/reports/tld-transfer/20180323-binkymoon,https://www.iana.org/domains/root/db/management.html,2026-10-04T08:35:27.386950+00:00
.mango,.mango,Delegation of the .mango domain to PUNTO FA S.L.,2014-02-12,https://www.iana.org/reports/c.2.9.2.d/20140212-mango,https://www.iana.org/domains/root/db/mango.html,2026-10-04T08:35:27.742257+00:00
.map,.map,Delegation of the .map domain to Charleston Road Registry Inc.,2017-06-29,https://www.iana.org/reports/tld-transfer/20170629-map,https://www.iana.org/domains/root/db/map.html,2026-10-04T08:35:27.793090+00:00
.market,.market,"Delegation of the .market domain to United TLD Holdco, Ltd",2014-05-28,https://www.iana.org/reports/c.2.9.2.d/20140528-market,https://www.iana.org/domains/root/db/market.html,2026-10-04T08:35:27.345004+00:00
.market,.market,"Transfer of the .market domain to Dog Beach, LLC",2021-06-02,https://www.iana.org/reports/tld-transfer/20210602-market,https://www.iana.org/domains/root/db/market.html,2026-10-04T08:35:27.345004+00:00
.marketing,.marketing,"Delegation of the .MARKETING domain to Fern Pass, LLC",2014-01-10,https://www.iana.org/reports/c.2.9.2.d/20140110-marketing,https://www.iana.org/domains/root/db/marketing.html,2026-10-04T08:35:27.483133+00:00
.marketing,.marketing,Transfer of the .academy domain and 195 others,2018-03-23,https://www.iana.org/reports/tld-transfer/20180323-binkymoon,https://www.iana.org/domains/root/db/marketing.html,2026-10-04T08:35:27.483133+00:00
.markets,.markets,Delegation of the .markets domain to Dotmarkets Registry Limited,2015-03-09,https://www.iana.org/reports/c.2.9.2.d/20150309-markets,https://www.iana.org/domains/root/db/markets.html,2026-10-04T08:35:27.632901+00:00
.markets,.markets,"Transfer of the .markets domain to Dog Beach, LLC",2021-06-29,https://www.iana.org/reports/tld-transfer/20210629-markets,https://www.iana.org/domains/root/db/markets.html,2026-10-04T08:35:27.632901+00:00
.marriott,.marriott,Delegation of the .marriott domain to Marriott Worldwide Corporation,2015-01-08,https://www.iana.org/reports/c.2.9.2.d/20150108-marriott,https://www.iana.org/domains/root/db/marriott.html,2026-10-04T08:35:27.374868+00:00
.marshalls,.marshalls,"Delegation of the .marshalls domain to The TJX Companies, Inc.",2016-07-07,https://www.iana.org/reports/c.2.9.2.d/20160707-marshalls,https://www.iana.org/domains/root/db/marshalls.html,2026-10-04T08:35:27.392377+00:00
.maserati,.maserati,Delegation of the .maserati domain to Fiat Chrysler Automobiles N.V.,2016-08-02,https://www.iana.org/reports/c.2.9.2.d/20160802-maserati,https://www.iana.org/domains/root/db/maserati.html,2026-10-04T08:35:33.223025+00:00
.maserati,.maserati,Revocation of the .maserati domain,2023-06-05,https://www.iana.org/reports/tld-transfer/20230605-maserati,https://www.iana.org/domains/root/db/maserati.html,2026-10-04T08:35:33.223025+00:00
.mattel,.mattel,"Delegation of the .mattel domain to Mattel Sites, Inc.",2016-05-26,https://www.iana.org/reports/c.2.9.2.d/20160526-mattel,https://www.iana.org/domains/root/db/mattel.html,2026-10-04T08:35:33.192876+00:00
.mattel,.mattel,"Transfer of the .mattel domain to Mattel IT Services, Inc.",2025-06-10,https://www.iana.org/reports/tld-transfer/20250610-mattel,https://www.iana.org/domains/root/db/mattel.html,2026-10-04T08:35:33.192876+00:00
.mba,.mba,"Delegation of the .mba domain to Lone Hollow, LLC",2015-05-21,https://www.iana.org/reports/c.2.9.2.d/20150521-mba,https://www.iana.org/domains/root/db/mba.html,2026-10-04T08:35:33.528303+00:00
.mba,.mba,Transfer of the .academy domain and 195 others,2018-03-23,https://www.iana.org/reports/tld-transfer/20180323-binkymoon,https://www.iana.org/domains/root/db/mba.html,2026-10-04T08:35:33.528303+00:00
.mcd,.mcd,Delegation of the .mcd domain to McDonald’s Corporation,2016-08-02,https://www.iana.org/reports/c.2.9.2.d/20160802-mcd,https://www.iana.org/domains/root/db/mcd.html,2026-10-04T08:35:33.191114+00:00
.mcd,.mcd,Revocation of the .mcd domain,2017-08-25,https://www.iana.org/reports/tld-transfer/20170825-mcd,https://www.iana.org/domains/root/db/mcd.html,2026-10-04T08:35:33.191114+00:00
.mcdonalds,.mcdonalds,Delegation of the .mcdonalds domain to McDonald’s Corporation,2016-08-02,https://www.iana.org/reports/c.2.9.2.d/20160802-mcdonalds,https://www.iana.org/domains/root/db/mcdonalds.html,2026-10-04T08:35:33.178375+00:00
.mcdonalds,.mcdonalds,Revocation of the .mcdonalds domain,2017-08-25,https://www.iana.org/reports/tld-transfer/20170825-mcdonalds,https://www.iana.org/domains/root/db/mcdonalds.html,2026-10-04T08:35:33.178375+00:00
.mckinsey,.mckinsey,"Delegation of the .mckinsey domain to McKinsey Holdings, Inc.",2016-07-29,https://www.iana.org/reports/c.2.9.2.d/20160729-mckinsey,https://www.iana.org/domains/root/db/mckinsey.html,2026-10-04T08:35:33.207357+00:00
.md,.md,IANA Report on Redelegation of the .MD Top-Level Domain,2003-10-22,https://www.iana.org/reports/2003/md-report-22oct03.html,https://www.iana.org/domains/root/db/md.html,2026-10-04T08:35:33.197468+00:00
.me,.me,"Report on Delegation of the .ME Top-Level Domain to the ""Government of Montenegro""",2007-09-11,https://www.iana.org/reports/2007/me-report-11sep2007.html,https://www.iana.org/domains/root/db/me.html,2026-10-04T06:22:18.500Z
.med,.med,Delegation of the .med domain to Medistry LLC,2015-11-25,https://www.iana.org/reports/c.2.9.2.d/20151125-med,https://www.iana.org/domains/root/db/med.html,2026-10-04T08:35:33.169281+00:00
.media,.media,"Delegation of the .media domain to Grand Glen, LLC",2014-04-09,https://www.iana.org/reports/c.2.9.2.d/20140409-media,https://www.iana.org/domains/root/db/media.html,2026-10-04T08:35:33.279463+00:00
.media,.media,Transfer of the .academy domain and 195 others,2018-03-23,https://www.iana.org/reports/tld-transfer/20180323-binkymoon,https://www.iana.org/domains/root/db/media.html,2026-10-04T08:35:33.279463+00:00
.meet,.meet,Delegation of the .meet domain to Afilias Limited,2014-03-25,https://www.iana.org/reports/c.2.9.2.d/20140325-meet,https://www.iana.org/domains/root/db/meet.html,2026-10-04T08:35:40.372187+00:00
.meet,.meet,Redelegation of the .meet domain to Charleston Road Registry Inc.,2016-07-27,https://www.iana.org/reports/c.2.9.2.d/20160727-meet,https://www.iana.org/domains/root/db/meet.html,2026-10-04T08:35:40.372187+00:00
.melbourne,.melbourne,"Delegation of the .melbourne domain to The Crown in right of the State of Victoria, represented by its Department of State Development, Business and Innovation",2014-07-07,https://www.iana.org/reports/c.2.9.2.d/20140707-melbourne,https://www.iana.org/domains/root/db/melbourne.html,2026-10-04T08:35:40.478967+00:00
.meme,.meme,Delegation of the .meme domain to Charleston Road Registry Inc.,2014-08-28,https://www.iana.org/reports/tld-transfer/20140828-meme,https://www.iana.org/domains/root/db/meme.html,2026-10-04T08:35:40.353509+00:00
.memorial,.memorial,"Delegation of the .memorial domain to Dog Beach, LLC",2014-11-24,https://www.iana.org/reports/c.2.9.2.d/20141124-memorial,https://www.iana.org/domains/root/db/memorial.html,2026-10-04T08:35:40.371384+00:00
.men,.men,Delegation of the .men domain to Exclusive Registry Limited,2015-05-18,https://www.iana.org/reports/c.2.9.2.d/20150518-men,https://www.iana.org/domains/root/db/men.html,2026-10-04T08:35:41.547516+00:00
.menu,.menu,"Delegation of the .MENU domain to Wedding TLD2, LLC",2013-11-26,https://www.iana.org/reports/c.2.9.2.d/20131126-menu,https://www.iana.org/domains/root/db/menu.html,2026-10-04T08:35:40.454272+00:00
.meo,.meo,Delegation of the .meo domain to PT Comunicacoes S.A.,2015-10-28,https://www.iana.org/reports/c.2.9.2.d/20151028-meo,https://www.iana.org/domains/root/db/meo.html,2026-10-04T08:35:40.460819+00:00
.meo,.meo,Revocation of the .meo domain,2018-05-21,https://www.iana.org/reports/tld-transfer/20180521-meo,https://www.iana.org/domains/root/db/meo.html,2026-10-04T08:35:40.460819+00:00
.merck,.merck,"Delegation of the .merck domain to Merck Registry Holdings, Inc.",2026-04-17,https://www.iana.org/reports/tld-transfer/20260417-merck,https://www.iana.org/domains/root/db/merck.html,2026-10-04T08:35:40.352404+00:00
.merckmsd,.merckmsd,"Delegation of the .merckmsd domain to MSD Registry Holdings, Inc.",2017-06-23,https://www.iana.org/reports/tld-transfer/20170623-merckmsd,https://www.iana.org/domains/root/db/merckmsd.html,2026-10-04T08:35:40.775180+00:00
.metlife,.metlife,"Delegation of the .metlife domain to MetLife Services and Solutions, LLC",2016-05-05,https://www.iana.org/reports/c.2.9.2.d/20160505-metlife,https://www.iana.org/domains/root/db/metlife.html,2026-10-04T08:35:40.509079+00:00
.metlife,.metlife,Revocation of the .metlife domain,2020-09-07,https://www.iana.org/reports/tld-transfer/20200907-metlife,https://www.iana.org/domains/root/db/metlife.html,2026-10-04T08:35:40.509079+00:00
.miami,.miami,Delegation of the .miami domain to Top Level Domain Holdings Limited,2014-03-27,https://www.iana.org/reports/c.2.9.2.d/20140327-miami,https://www.iana.org/domains/root/db/miami.html,2026-10-04T08:35:49.481963+00:00
.miami,.miami,"Transfer of the .miami domain to Registry Services, LLC",2022-01-21,https://www.iana.org/reports/tld-transfer/20220121-miami,https://www.iana.org/domains/root/db/miami.html,2026-10-04T08:35:49.481963+00:00
.microsoft,.microsoft,Delegation of the .microsoft domain to Microsoft Corporation,2015-06-04,https://www.iana.org/reports/c.2.9.2.d/20150604-microsoft,https://www.iana.org/domains/root/db/microsoft.html,2026-10-04T08:35:49.549489+00:00
.mini,.mini,Delegation of the .mini domain to Bayerische Motoren Werke Aktiengesellschaft,2014-06-20,https://www.iana.org/reports/c.2.9.2.d/20140620-mini,https://www.iana.org/domains/root/db/mini.html,2026-10-04T08:35:49.427449+00:00
.mint,.mint,"Delegation of the .mint domain to Intuit Administrative Services, Inc.",2016-07-07,https://www.iana.org/reports/c.2.9.2.d/20160707-mint,https://www.iana.org/domains/root/db/mint.html,2026-10-04T08:35:49.630981+00:00
.mit,.mit,Delegation of the .mit domain to Massachusetts Institute of Technology,2016-06-30,https://www.iana.org/reports/c.2.9.2.d/20160630-mit,https://www.iana.org/domains/root/db/mit.html,2026-10-04T08:35:49.667869+00:00
.mitsubishi,.mitsubishi,Delegation of the .mitsubishi domain to Mitsubishi Corporation,2016-07-05,https://www.iana.org/reports/c.2.9.2.d/20160705-mitsubishi,https://www.iana.org/domains/root/db/mitsubishi.html,2026-10-04T08:35:49.670991+00:00
.mk,.mk,Redelegation of the .MK domain and Delegation of the .мкд domain representing the Former Yugoslav Republic of Macedonia to Macedonian Academic Research Network Skopje,2014-09-26,https://www.iana.org/reports/2014/mk-report-20140926.html,https://www.iana.org/domains/root/db/mk.html,2026-10-04T08:35:49.918758+00:00
.ml,.ml,Report on the Redelegation of the .ML domain representing Mali to the Agence des Technologies de l’Information et de la Communication,2013-02-11,https://www.iana.org/reports/2013/ml-report-20130211.html,https://www.iana.org/domains/root/db/ml.html,2026-10-04T08:35:56.777927+00:00
.mlb,.mlb,"Delegation of the .mlb domain to MLB Advanced Media DH, LLC",2016-05-20,https://www.iana.org/reports/c.2.9.2.d/20160520-mlb,https://www.iana.org/domains/root/db/mlb.html,2026-10-04T08:35:56.596216+00:00
.mls,.mls,Delegation of the .mls domain to The Canadian Real Estate Association,2016-04-19,https://www.iana.org/reports/c.2.9.2.d/20160419-mls,https://www.iana.org/domains/root/db/mls.html,2026-10-04T08:35:56.563040+00:00
.mma,.mma,Delegation of the .mma domain to MMA IARD,2015-03-12,https://www.iana.org/reports/c.2.9.2.d/20150312-mma,https://www.iana.org/domains/root/db/mma.html,2026-10-04T08:35:56.656666+00:00
.mo,.mo,Report on the Redelegation of the .MO domain representing Macao to the Bureau of Telecommunications Regulation (DSRT),2012-09-04,https://www.iana.org/reports/2012/mo-report-20120904.html,https://www.iana.org/domains/root/db/mo.html,2026-10-04T08:35:56.668367+00:00
.mobi,.mobi,IANA Report on the Delegation of the .MOBI Top-Level Domain,2005-10-30,https://www.iana.org/reports/2005/mobi-report-oct2005.html,https://www.iana.org/domains/root/db/mobi.html,2026-10-04T06:22:18.500Z
.mobile,.mobile,Delegation of the .mobile domain to Dish DBS Corporation,2016-12-19,https://www.iana.org/reports/tld-transfer/20161219-mobile,https://www.iana.org/domains/root/db/mobile.html,2026-10-04T08:35:56.595425+00:00
.mobily,.mobily,Delegation of the .mobily domain to GreenTech Consultancy Company W.L.L.,2015-12-18,https://www.iana.org/reports/c.2.9.2.d/20151218-mobily,https://www.iana.org/domains/root/db/mobily.html,2026-10-04T08:35:56.567595+00:00
.mobily,.mobily,Revocation of the .mobily domain,2019-09-09,https://www.iana.org/reports/tld-transfer/20190909-mobily,https://www.iana.org/domains/root/db/mobily.html,2026-10-04T08:35:56.567595+00:00
.moda,.moda,Delegation of the .MODA domain to United TLD Holdco Ltd.,2014-01-10,https://www.iana.org/reports/c.2.9.2.d/20140110-moda,https://www.iana.org/domains/root/db/moda.html,2026-10-04T08:35:56.745228+00:00
.moda,.moda,"Transfer of the .moda domain to Dog Beach, LLC",2021-06-02,https://www.iana.org/reports/tld-transfer/20210602-moda,https://www.iana.org/domains/root/db/moda.html,2026-10-04T08:35:56.745228+00:00
.moe,.moe,"Delegation of the .moe domain to Interlink Co., Ltd.",2014-03-27,https://www.iana.org/reports/c.2.9.2.d/20140327-moe,https://www.iana.org/domains/root/db/moe.html,2026-10-04T08:36:03.736198+00:00
.moe,.moe,Transfer of the .moe domain to Interlink Systems Innovation Institute K.K.,2022-07-19,https://www.iana.org/reports/tld-transfer/20220719-moe,https://www.iana.org/domains/root/db/moe.html,2026-10-04T08:36:03.736198+00:00
.moi,.moi,"Delegation of the .moi domain to Amazon Registry Services, Inc.",2015-10-06,https://www.iana.org/reports/c.2.9.2.d/20151006-moi,https://www.iana.org/domains/root/db/moi.html,2026-10-04T08:36:03.784959+00:00
.mom,.mom,"Delegation of the .mom domain to Uniregistry, Corp.",2015-08-17,https://www.iana.org/reports/c.2.9.2.d/20150817-mom,https://www.iana.org/domains/root/db/mom.html,2026-10-04T08:36:03.866428+00:00
.mom,.mom,Transfer of the .mom domain to XYZ.COM LLC,2022-03-23,https://www.iana.org/reports/tld-transfer/20220323-mom,https://www.iana.org/domains/root/db/mom.html,2026-10-04T08:36:03.866428+00:00
.monash,.monash,Delegation of the .MONASH domain to Monash University,2014-01-17,https://www.iana.org/reports/c.2.9.2.d/20140117-monash,https://www.iana.org/domains/root/db/monash.html,2026-10-04T08:36:03.775435+00:00
.money,.money,"Delegation of the .money domain to Outer McCook, LLC",2014-11-24,https://www.iana.org/reports/c.2.9.2.d/20141124-money,https://www.iana.org/domains/root/db/money.html,2026-10-04T08:36:03.719157+00:00
.money,.money,Transfer of the .academy domain and 195 others,2018-03-23,https://www.iana.org/reports/tld-transfer/20180323-binkymoon,https://www.iana.org/domains/root/db/money.html,2026-10-04T08:36:03.719157+00:00
.monster,.monster,"Delegation of the .monster domain to Monster Worldwide, Inc.",2016-09-09,https://www.iana.org/reports/c.2.9.2.d/20160909-monster,https://www.iana.org/domains/root/db/monster.html,2026-10-04T08:36:03.928216+00:00
.monster,.monster,Transfer of the .monster domain to XYZ.COM LLC,2019-02-01,https://www.iana.org/reports/tld-transfer/20190201-monster,https://www.iana.org/domains/root/db/monster.html,2026-10-04T08:36:03.928216+00:00
.montblanc,.montblanc,Delegation of the .montblanc domain to Richemont DNS Inc.,2015-06-02,https://www.iana.org/reports/c.2.9.2.d/20150602-montblanc,https://www.iana.org/domains/root/db/montblanc.html,2026-10-04T08:36:03.893254+00:00
.montblanc,.montblanc,Revocation of the .montblanc domain,2017-08-30,https://www.iana.org/reports/tld-transfer/20170830-montblanc,https://www.iana.org/domains/root/db/montblanc.html,2026-10-04T08:36:03.893254+00:00
.mopar,.mopar,Delegation of the .mopar domain to FCA US Llc,2016-07-25,https://www.iana.org/reports/c.2.9.2.d/20160725-mopar,https://www.iana.org/domains/root/db/mopar.html,2026-10-04T08:36:03.655618+00:00
.mopar,.mopar,Revocation of the .mopar domain,2019-11-20,https://www.iana.org/reports/tld-transfer/20191120-mopar,https://www.iana.org/domains/root/db/mopar.html,2026-10-04T08:36:03.655618+00:00
.mormon,.mormon,"Delegation of the .mormon domain to IRI Domain Management, LLC",2014-11-17,https://www.iana.org/reports/c.2.9.2.d/20141117-mormon,https://www.iana.org/domains/root/db/mormon.html,2026-10-04T08:36:03.736403+00:00
.mortgage,.mortgage,"Delegation of the .mortgage domain to United TLD Holdco, Ltd",2014-05-28,https://www.iana.org/reports/c.2.9.2.d/20140528-mortgage,https://www.iana.org/domains/root/db/mortgage.html,2026-10-04T08:36:03.758584+00:00
.mortgage,.mortgage,"Transfer of the .mortgage domain to Dog Beach, LLC",2021-06-02,https://www.iana.org/reports/tld-transfer/20210602-mortgage,https://www.iana.org/domains/root/db/mortgage.html,2026-10-04T08:36:03.758584+00:00
.moscow,.moscow,Delegation of the .moscow domain to Foundation for Assistance for Internet Technologies and Infrastructure Development,2014-04-18,https://www.iana.org/reports/c.2.9.2.d/20140418-moscow,https://www.iana.org/domains/root/db/moscow.html,2026-10-04T08:36:09.715735+00:00
.moto,.moto,"Delegation of the .moto domain to Motorola Trademark Holdings, LLC",2016-11-11,https://www.iana.org/reports/tld-transfer/20161111-moto,https://www.iana.org/domains/root/db/moto.html,2026-10-04T08:36:10.076359+00:00
.motorcycles,.motorcycles,"Delegation of the .motorcycles domain to DERMotorcycles, LLC",2014-05-14,https://www.iana.org/reports/c.2.9.2.d/20140514-motorcycles,https://www.iana.org/domains/root/db/motorcycles.html,2026-10-04T08:36:09.907093+00:00
.motorcycles,.motorcycles,Transfer of the .motorcycles domain to XYZ.COM LLC,2021-04-05,https://www.iana.org/reports/tld-transfer/20210405-motorcycles,https://www.iana.org/domains/root/db/motorcycles.html,2026-10-04T08:36:09.907093+00:00
.mov,.mov,Delegation of the .mov domain to Charleston Road Registry Inc.,2014-08-28,https://www.iana.org/reports/tld-transfer/20140828-mov,https://www.iana.org/domains/root/db/mov.html,2026-10-04T08:36:10.180930+00:00
.movie,.movie,Transfer of the .academy domain and 195 others,2018-03-23,https://www.iana.org/reports/tld-transfer/20180323-binkymoon,https://www.iana.org/domains/root/db/movie.html,2026-10-04T06:22:18.500Z
.movie,.movie,"Delegation of the .movie domain to New Frostbite, LLC",2015-03-18,https://www.iana.org/reports/tld-transfer/20150318-movie,https://www.iana.org/domains/root/db/movie.html,2026-10-04T06:22:18.500Z
.movistar,.movistar,Delegation of the .movistar domain to Telefónica S.A.,2015-06-24,https://www.iana.org/reports/c.2.9.2.d/20150624-movistar,https://www.iana.org/domains/root/db/movistar.html,2026-10-04T08:36:10.043829+00:00
.movistar,.movistar,Revocation of the .movistar domain,2019-12-24,https://www.iana.org/reports/tld-transfer/20191224-movistar,https://www.iana.org/domains/root/db/movistar.html,2026-10-04T08:36:10.043829+00:00
.ms,.ms,"Report on the Redelegation of the .MS Top-Level Domain to ""MNI Networks Ltd""",2008-08-28,https://www.iana.org/reports/2008/ms-report-28aug2008.html,https://www.iana.org/domains/root/db/ms.html,2026-10-04T08:36:09.886436+00:00
.msd,.msd,"Delegation of the .msd domain to MSD Registry Holdings, Inc.",2016-07-20,https://www.iana.org/reports/c.2.9.2.d/20160720-msd,https://www.iana.org/domains/root/db/msd.html,2026-10-04T08:36:09.779025+00:00
.mtn,.mtn,Delegation of the .mtn domain to MTN Dubai Limited,2015-03-23,https://www.iana.org/reports/c.2.9.2.d/20150323-mtn,https://www.iana.org/domains/root/db/mtn.html,2026-10-04T08:36:18.081388+00:00
.mtpc,.mtpc,Delegation of the .mtpc domain to Mitsubishi Tanabe Pharma Corporation,2015-03-02,https://www.iana.org/reports/c.2.9.2.d/20150302-mtpc,https://www.iana.org/domains/root/db/mtpc.html,2026-10-04T08:36:17.908549+00:00
.mtpc,.mtpc,Revocation of the .mtpc domain,2017-05-12,https://www.iana.org/reports/tld-transfer/20170512-mtpc,https://www.iana.org/domains/root/db/mtpc.html,2026-10-04T08:36:17.908549+00:00
.mtr,.mtr,Delegation of the .mtr domain to MTR Corporation Limited,2015-10-05,https://www.iana.org/reports/c.2.9.2.d/20151005-mtr,https://www.iana.org/domains/root/db/mtr.html,2026-10-04T08:36:17.746030+00:00
.museum,.museum,IANA Report on Establishment of the .MUSEUM Top-Level Domain,2001-10-30,https://www.iana.org/reports/2001/museum-report-30oct01.html,https://www.iana.org/domains/root/db/museum.html,2026-10-04T06:22:18.500Z
.music,.music,Delegation of the .music domain to DotMusic Limited,2021-10-29,https://www.iana.org/reports/tld-transfer/20211029-music,https://www.iana.org/domains/root/db/music.html,2026-10-04T06:22:18.500Z
.mutual,.mutual,"Delegation of the .mutual domain to Northwestern Mutual MU TLD Registry, LLC",2016-03-29,https://www.iana.org/reports/c.2.9.2.d/20160329-mutual,https://www.iana.org/domains/root/db/mutual.html,2026-10-04T08:36:17.877980+00:00
.mutual,.mutual,Revocation of the .mutual domain,2023-08-01,https://www.iana.org/reports/tld-transfer/20230801-mutual,https://www.iana.org/domains/root/db/mutual.html,2026-10-04T08:36:17.877980+00:00
.mutuelle,.mutuelle,Delegation of the .mutuelle domain to Fédération Nationale de la Mutualité Française,2015-10-19,https://www.iana.org/reports/c.2.9.2.d/20151019-mutuelle,https://www.iana.org/domains/root/db/mutuelle.html,2026-10-04T08:36:18.141956+00:00
.mutuelle,.mutuelle,Revocation of the .mutuelle domain,2016-12-15,https://www.iana.org/reports/tld-transfer/20161215-mutuelle,https://www.iana.org/domains/root/db/mutuelle.html,2026-10-04T08:36:18.141956+00:00
.mw,.mw,IANA Report on Redelegation of the .MW Top-Level Domain,2002-08-12,https://www.iana.org/reports/2002/mw-report-12aug02.html,https://www.iana.org/domains/root/db/mw.html,2026-10-04T08:36:18.060451+00:00
.nab,.nab,Delegation of the .nab domain to National Australia Bank Limited,2016-08-15,https://www.iana.org/reports/c.2.9.2.d/20160815-nab,https://www.iana.org/domains/root/db/nab.html,2026-10-04T08:36:25.632084+00:00
.nadex,.nadex,"Delegation of the .nadex domain to Nadex Domains, Inc.",2015-04-29,https://www.iana.org/reports/c.2.9.2.d/20150429-nadex,https://www.iana.org/domains/root/db/nadex.html,2026-10-04T08:36:25.727699+00:00
.nadex,.nadex,Revocation of the .nadex domain,2020-03-28,https://www.iana.org/reports/tld-transfer/20200328-nadex,https://www.iana.org/domains/root/db/nadex.html,2026-10-04T08:36:25.727699+00:00
.nagoya,.nagoya,"Delegation of the .NAGOYA domain to GMO Registry, Inc.",2014-01-24,https://www.iana.org/reports/c.2.9.2.d/20140124-nagoya,https://www.iana.org/domains/root/db/nagoya.html,2026-10-04T08:36:25.957271+00:00
.name,.name,IANA Report on Establishment of the .NAME Top-Level Domain,2001-08-16,https://www.iana.org/reports/2001/name-report-16aug01.html,https://www.iana.org/domains/root/db/name.html,2026-10-04T06:22:18.500Z
.nationwide,.nationwide,Delegation of the .nationwide domain to Nationwide Mutual Insurance Company,2016-07-08,https://www.iana.org/reports/c.2.9.2.d/20160708-nationwide,https://www.iana.org/domains/root/db/nationwide.html,2026-10-04T08:36:25.601777+00:00
.nationwide,.nationwide,Revocation of the .nationwide domain,2021-04-16,https://www.iana.org/reports/tld-transfer/20210416-nationwide,https://www.iana.org/domains/root/db/nationwide.html,2026-10-04T08:36:25.601777+00:00
.natura,.natura,Delegation of the .natura domain to Natura Cosméticos S.A.,2016-02-08,https://www.iana.org/reports/c.2.9.2.d/20160208-natura,https://www.iana.org/domains/root/db/natura.html,2026-10-04T08:36:26.086984+00:00
.natura,.natura,Revocation of the .natura domain,2024-06-12,https://www.iana.org/reports/tld-transfer/20240612-natura,https://www.iana.org/domains/root/db/natura.html,2026-10-04T08:36:26.086984+00:00
.navy,.navy,"Delegation of the .navy domain to United TLD Holdco, Ltd",2014-06-02,https://www.iana.org/reports/c.2.9.2.d/20140602-navy,https://www.iana.org/domains/root/db/navy.html,2026-10-04T08:36:25.689593+00:00
.navy,.navy,"Transfer of the .navy domain to Dog Beach, LLC",2021-06-02,https://www.iana.org/reports/tld-transfer/20210602-navy,https://www.iana.org/domains/root/db/navy.html,2026-10-04T08:36:25.689593+00:00
.nba,.nba,"Delegation of the .nba domain to NBA Registry, LLC",2016-08-01,https://www.iana.org/reports/c.2.9.2.d/20160801-nba,https://www.iana.org/domains/root/db/nba.html,2026-10-04T08:36:25.966347+00:00
.nec,.nec,Delegation of the .nec domain to NEC Corporation,2015-05-06,https://www.iana.org/reports/c.2.9.2.d/20150506-nec,https://www.iana.org/domains/root/db/nec.html,2026-10-04T08:36:33.078192+00:00
.netbank,.netbank,Delegation of the .netbank domain to Commonwealth Bank of Australia,2015-06-18,https://www.iana.org/reports/c.2.9.2.d/20150618-netbank,https://www.iana.org/domains/root/db/netbank.html,2026-10-04T08:36:32.981093+00:00
.netflix,.netflix,"Delegation of the .netflix domain to Netflix, Inc.",2016-05-26,https://www.iana.org/reports/c.2.9.2.d/20160526-netflix,https://www.iana.org/domains/root/db/netflix.html,2026-10-04T08:36:33.176118+00:00
.network,.network,"Delegation of the .network domain to Trixy Manor, LLC",2014-08-21,https://www.iana.org/reports/c.2.9.2.d/20140821-network,https://www.iana.org/domains/root/db/network.html,2026-10-04T08:36:32.855237+00:00
.network,.network,Transfer of the .academy domain and 195 others,2018-03-23,https://www.iana.org/reports/tld-transfer/20180323-binkymoon,https://www.iana.org/domains/root/db/network.html,2026-10-04T08:36:32.855237+00:00
.neustar,.neustar,"Delegation of the .neustar domain to NeuStar, Inc.",2014-02-13,https://www.iana.org/reports/c.2.9.2.d/20140213-neustar,https://www.iana.org/domains/root/db/neustar.html,2026-10-04T08:36:32.861272+00:00
.new,.new,Delegation of the .new domain to Charleston Road Registry Inc.,2014-08-28,https://www.iana.org/reports/tld-transfer/20140828-new,https://www.iana.org/domains/root/db/new.html,2026-10-04T08:36:32.967188+00:00
.newholland,.newholland,Delegation of the .newholland domain to CNH Industrial N.V.,2016-10-28,https://www.iana.org/reports/tld-transfer/20161028-newholland,https://www.iana.org/domains/root/db/newholland.html,2026-10-04T08:36:32.864485+00:00
.newholland,.newholland,Revocation of the .newholland domain,2021-02-19,https://www.iana.org/reports/tld-transfer/20210219-newholland,https://www.iana.org/domains/root/db/newholland.html,2026-10-04T08:36:32.864485+00:00
.news,.news,"Delegation of the .news domain to United TLD Holdco, Ltd",2015-03-16,https://www.iana.org/reports/c.2.9.2.d/20150316-news,https://www.iana.org/domains/root/db/news.html,2026-10-04T08:36:32.847580+00:00
.news,.news,"Transfer of the .news domain to Dog Beach, LLC",2021-06-02,https://www.iana.org/reports/tld-transfer/20210602-news,https://www.iana.org/domains/root/db/news.html,2026-10-04T08:36:32.847580+00:00
.next,.next,Delegation of the .next domain to Next plc,2016-04-29,https://www.iana.org/reports/c.2.9.2.d/20160429-next,https://www.iana.org/domains/root/db/next.html,2026-10-04T08:36:38.991779+00:00
.nextdirect,.nextdirect,Delegation of the .nextdirect domain to Next plc,2016-04-29,https://www.iana.org/reports/c.2.9.2.d/20160429-nextdirect,https://www.iana.org/domains/root/db/nextdirect.html,2026-10-04T08:36:39.162704+00:00
.nexus,.nexus,Delegation of the .nexus domain to Charleston Road Registry Inc.,2014-09-09,https://www.iana.org/reports/c.2.9.2.d/20140909-nexus,https://www.iana.org/domains/root/db/nexus.html,2026-10-04T08:36:39.249611+00:00
.nfl,.nfl,Delegation of the .nfl domain to NFL Reg Ops LLC,2016-06-20,https://www.iana.org/reports/c.2.9.2.d/20160620-nfl,https://www.iana.org/domains/root/db/nfl.html,2026-10-04T08:36:38.983915+00:00
.ng,.ng,IANA Report on Redelegation of the .NG Top-Level Domain,2004-06-10,https://www.iana.org/reports/2004/ng-report-10jun04.html,https://www.iana.org/domains/root/db/ng.html,2026-10-04T08:36:39.021719+00:00
.ng,.ng,"Report on the Redelegation of the .NG Top-Level Domain to the ""Nigeria Internet Registration Association""",2009-04-07,https://www.iana.org/reports/2009/ng-report-07apr2009.html,https://www.iana.org/domains/root/db/ng.html,2026-10-04T08:36:39.021719+00:00
.ngo,.ngo,Delegation of the .ngo domain to Public Interest Registry,2014-07-16,https://www.iana.org/reports/c.2.9.2.d/20140716-ngo,https://www.iana.org/domains/root/db/ngo.html,2026-10-04T08:36:38.886459+00:00
.nhk,.nhk,Delegation of the .nhk domain to Japan Broadcasting Corporation (NHK),2014-06-02,https://www.iana.org/reports/c.2.9.2.d/20140602-nhk,https://www.iana.org/domains/root/db/nhk.html,2026-10-04T08:36:38.932543+00:00
.nico,.nico,"Delegation of the .nico domain to Dwango Co., Ltd.",2015-02-09,https://www.iana.org/reports/c.2.9.2.d/20150209-nico,https://www.iana.org/domains/root/db/nico.html,2026-10-04T08:36:38.922677+00:00
.nike,.nike,"Delegation of the .nike domain to Nike, Inc.",2016-07-06,https://www.iana.org/reports/c.2.9.2.d/20160706-nike,https://www.iana.org/domains/root/db/nike.html,2026-10-04T08:36:45.724620+00:00
.nikon,.nikon,Delegation of the .nikon domain to Nikon Corporation,2016-01-26,https://www.iana.org/reports/c.2.9.2.d/20160126-nikon,https://www.iana.org/domains/root/db/nikon.html,2026-10-04T08:36:45.752318+00:00
.ninja,.ninja,Delegation of the .NINJA domain to United TLD Holdco Ltd,2013-12-24,https://www.iana.org/reports/c.2.9.2.d/20131224-ninja,https://www.iana.org/domains/root/db/ninja.html,2026-10-04T06:22:18.500Z
.ninja,.ninja,"Transfer of the .ninja domain to Dog Beach, LLC",2021-06-02,https://www.iana.org/reports/tld-transfer/20210602-ninja,https://www.iana.org/domains/root/db/ninja.html,2026-10-04T06:22:18.500Z
.nissan,.nissan,"Delegation of the .nissan domain to Nissan Motor Co., Ltd.",2015-03-02,https://www.iana.org/reports/c.2.9.2.d/20150302-nissan,https://www.iana.org/domains/root/db/nissan.html,2026-10-04T08:36:45.735424+00:00
.nissay,.nissay,Delegation of the .nissay domain to Nippon Life Insurance Company,2016-03-25,https://www.iana.org/reports/c.2.9.2.d/20160325-nissay,https://www.iana.org/domains/root/db/nissay.html,2026-10-04T08:36:45.660426+00:00
.nokia,.nokia,Delegation of the .nokia domain to Nokia Corporation,2015-07-13,https://www.iana.org/reports/c.2.9.2.d/20150713-nokia,https://www.iana.org/domains/root/db/nokia.html,2026-10-04T08:36:45.667941+00:00
.northwesternmutual,.northwesternmutual,"Delegation of the .northwesternmutual domain to Northwestern Mutual Registry, LLC",2016-04-01,https://www.iana.org/reports/c.2.9.2.d/20160401-northwesternmutual,https://www.iana.org/domains/root/db/northwesternmutual.html,2026-10-04T08:36:45.596768+00:00
.northwesternmutual,.northwesternmutual,Revocation of the .northwesternmutual domain,2023-08-08,https://www.iana.org/reports/tld-transfer/20230808-northwesternmutual,https://www.iana.org/domains/root/db/northwesternmutual.html,2026-10-04T08:36:45.596768+00:00
.norton,.norton,Delegation of the .norton domain to Symantec Corporation,2015-12-01,https://www.iana.org/reports/c.2.9.2.d/20151201-norton,https://www.iana.org/domains/root/db/norton.html,2026-10-04T08:36:45.633353+00:00
.now,.now,"Delegation of the .now domain to Amazon Registry Services, Inc.",2016-06-02,https://www.iana.org/reports/c.2.9.2.d/20160602-now,https://www.iana.org/domains/root/db/now.html,2026-10-04T08:36:46.022717+00:00
.nowruz,.nowruz,Delegation of the .nowruz domain to Asia Green IT System Bilgisayar San. ve Tic. Ltd. Sti.,2015-12-01,https://www.iana.org/reports/c.2.9.2.d/20151201-nowruz,https://www.iana.org/domains/root/db/nowruz.html,2026-10-04T08:37:05.488090+00:00
.nowtv,.nowtv,Delegation of the .nowtv domain to Starbucks (HK) Limited,2016-04-29,https://www.iana.org/reports/c.2.9.2.d/20160429-nowtv,https://www.iana.org/domains/root/db/nowtv.html,2026-10-04T08:37:05.531966+00:00
.nra,.nra,"Delegation of the .nra domain to NRA Holdings Company, INC.",2014-07-16,https://www.iana.org/reports/c.2.9.2.d/20140716-nra,https://www.iana.org/domains/root/db/nra.html,2026-10-04T08:37:05.855909+00:00
.nra,.nra,Transfer of the .nra domain to National Rifle Association of America,2025-09-04,https://www.iana.org/reports/tld-transfer/20250904-nra,https://www.iana.org/domains/root/db/nra.html,2026-10-04T08:37:05.855909+00:00
.nrw,.nrw,Delegation of the .nrw domain to Minds + Machines GmbH,2014-07-09,https://www.iana.org/reports/c.2.9.2.d/20140709-nrw,https://www.iana.org/domains/root/db/nrw.html,2026-10-04T08:37:05.515294+00:00
.nrw,.nrw,Transfer of the .nrw domain to Minds + Machines GmbH,2021-08-26,https://www.iana.org/reports/tld-transfer/20210826-nrw,https://www.iana.org/domains/root/db/nrw.html,2026-10-04T08:37:05.515294+00:00
.ntt,.ntt,Delegation of the .ntt domain to Nippon Telegraph and Telephone Corporation,2015-01-27,https://www.iana.org/reports/c.2.9.2.d/20150127-ntt,https://www.iana.org/domains/root/db/ntt.html,2026-10-04T08:37:05.455040+00:00
.nyc,.nyc,Delegation of the .nyc domain to The City of New York by and through the New York City Department of Information Technology & Telecommunications,2014-03-14,https://www.iana.org/reports/c.2.9.2.d/20140314-nyc,https://www.iana.org/domains/root/db/nyc.html,2026-10-04T06:22:18.500Z
.obi,.obi,Delegation of the .obi domain to OBI Group Holding SE & Co. KGaA,2015-09-21,https://www.iana.org/reports/c.2.9.2.d/20150921-obi,https://www.iana.org/domains/root/db/obi.html,2026-10-04T08:37:05.549383+00:00
.observer,.observer,"Delegation of the .observer domain to Top Level Spectrum, Inc.",2016-09-23,https://www.iana.org/reports/c.2.9.2.d/20160923-observer,https://www.iana.org/domains/root/db/observer.html,2026-10-04T08:37:11.546573+00:00
.observer,.observer,"Transfer of the .observer domain to Dog Beach, LLC",2021-02-11,https://www.iana.org/reports/tld-transfer/20210211-observer,https://www.iana.org/domains/root/db/observer.html,2026-10-04T08:37:11.546573+00:00
.observer,.observer,"Transfer of the .observer domain to Fegistry, LLC",2024-02-23,https://www.iana.org/reports/tld-transfer/20240223-observer,https://www.iana.org/domains/root/db/observer.html,2026-10-04T08:37:11.546573+00:00
.off,.off,"Delegation of the .off domain to Johnson Shareholdings, Inc.",2016-07-15,https://www.iana.org/reports/c.2.9.2.d/20160715-off,https://www.iana.org/domains/root/db/off.html,2026-10-04T08:37:11.548107+00:00
.off,.off,Revocation of the .off domain,2021-12-03,https://www.iana.org/reports/tld-transfer/20211203-off,https://www.iana.org/domains/root/db/off.html,2026-10-04T08:37:11.548107+00:00
.office,.office,Delegation of the .office domain to Microsoft Corporation,2015-06-22,https://www.iana.org/reports/c.2.9.2.d/20150622-office,https://www.iana.org/domains/root/db/office.html,2026-10-04T08:37:11.527589+00:00
.okinawa,.okinawa,Delegation of the .okinawa domain to BusinessRalliart inc.,2014-02-27,https://www.iana.org/reports/c.2.9.2.d/20140227-okinawa,https://www.iana.org/domains/root/db/okinawa.html,2026-10-04T08:37:11.529698+00:00
.okinawa,.okinawa,"Redelegation of the .okinawa domain to BRregistry, Inc.",2016-06-13,https://www.iana.org/reports/c.2.9.2.d/20160613-okinawa,https://www.iana.org/domains/root/db/okinawa.html,2026-10-04T08:37:11.529698+00:00
.olayan,.olayan,Delegation of the .olayan domain to Crescent Holding GmbH,2016-04-29,https://www.iana.org/reports/c.2.9.2.d/20160429-olayan,https://www.iana.org/domains/root/db/olayan.html,2026-10-04T08:37:11.655500+00:00
.olayan,.olayan,Transfer of the .olayan domain to Competrol (Luxembourg) Sarl,2024-05-08,https://www.iana.org/reports/tld-transfer/20240508-olayan,https://www.iana.org/domains/root/db/olayan.html,2026-10-04T08:37:11.655500+00:00
.olayangroup,.olayangroup,Delegation of the .olayangroup domain to Crescent Holding GmbH,2016-04-29,https://www.iana.org/reports/c.2.9.2.d/20160429-olayangroup,https://www.iana.org/domains/root/db/olayangroup.html,2026-10-04T08:37:11.800793+00:00
.olayangroup,.olayangroup,Transfer of the .olayangroup domain to Competrol (Luxembourg) Sarl,2024-05-08,https://www.iana.org/reports/tld-transfer/20240508-olayangroup,https://www.iana.org/domains/root/db/olayangroup.html,2026-10-04T08:37:11.800793+00:00
.oldnavy,.oldnavy,"Delegation of the .oldnavy domain to The Gap, Inc.",2016-08-01,https://www.iana.org/reports/c.2.9.2.d/20160801-oldnavy,https://www.iana.org/domains/root/db/oldnavy.html,2026-10-04T08:37:11.890031+00:00
.oldnavy,.oldnavy,Revocation of the .oldnavy domain,2024-01-22,https://www.iana.org/reports/tld-transfer/20240122-oldnavy,https://www.iana.org/domains/root/db/oldnavy.html,2026-10-04T08:37:11.890031+00:00
.ollo,.ollo,Delegation of the .ollo domain to Dish DBS Corporation,2016-05-25,https://www.iana.org/reports/c.2.9.2.d/20160525-ollo,https://www.iana.org/domains/root/db/ollo.html,2026-10-04T08:37:11.543922+00:00
.om,.om,Report on the Redelegation of the .OM domain representing Oman to the Telecommunications Regulatory Authority,2011-07-18,https://www.iana.org/reports/2011/om-report-20110718.html,https://www.iana.org/domains/root/db/om.html,2026-10-04T08:37:11.534255+00:00
.omega,.omega,Delegation of the .omega domain to The Swatch Group Ltd,2015-06-24,https://www.iana.org/reports/c.2.9.2.d/20150624-omega,https://www.iana.org/domains/root/db/omega.html,2026-10-04T08:37:11.630444+00:00
.one,.one,Delegation of the .one domain to One.com A/S,2015-01-16,https://www.iana.org/reports/c.2.9.2.d/20150116-one,https://www.iana.org/domains/root/db/one.html,2026-10-04T08:37:18.550816+00:00
.ong,.ong,Delegation of the .ong domain to Public Interest Registry,2014-07-23,https://www.iana.org/reports/c.2.9.2.d/20140723-ong,https://www.iana.org/domains/root/db/ong.html,2026-10-04T08:37:18.639717+00:00
.onl,.onl,Delegation of the .ONL domain to I-REGISTRY Ltd.,2013-12-20,https://www.iana.org/reports/c.2.9.2.d/20131220-onl,https://www.iana.org/domains/root/db/onl.html,2026-10-04T08:37:18.636573+00:00
.onl,.onl,"Transfer of the .onl domain to Jolly Host, LLC",2026-03-04,https://www.iana.org/reports/tld-transfer/20260304-onl,https://www.iana.org/domains/root/db/onl.html,2026-10-04T08:37:18.636573+00:00
.online,.online,Delegation of the .online domain to DotOnline Inc.,2015-03-12,https://www.iana.org/reports/c.2.9.2.d/20150312-online,https://www.iana.org/domains/root/db/online.html,2026-10-04T08:37:18.550101+00:00
.online,.online,Transfer of the .online domain to Radix FZC,2021-08-21,https://www.iana.org/reports/tld-transfer/20210821-online,https://www.iana.org/domains/root/db/online.html,2026-10-04T08:37:18.550101+00:00
.online,.online,Transfer of the .online domain to Radix Technologies Inc.,2024-02-07,https://www.iana.org/reports/tld-transfer/20240207-online,https://www.iana.org/domains/root/db/online.html,2026-10-04T08:37:18.550101+00:00
.onyourside,.onyourside,Delegation of the .onyourside domain to Nationwide Mutual Insurance Company,2016-07-13,https://www.iana.org/reports/c.2.9.2.d/20160713-onyourside,https://www.iana.org/domains/root/db/onyourside.html,2026-10-04T08:37:18.799216+00:00
.onyourside,.onyourside,Revocation of the .onyourside domain,2021-04-16,https://www.iana.org/reports/tld-transfer/20210416-onyourside,https://www.iana.org/domains/root/db/onyourside.html,2026-10-04T08:37:18.799216+00:00
.ooo,.ooo,Delegation of the .ooo domain to INFIBEAM INCORPORATION LIMITED,2014-08-12,https://www.iana.org/reports/c.2.9.2.d/20140812-ooo,https://www.iana.org/domains/root/db/ooo.html,2026-10-04T08:37:18.515614+00:00
.open,.open,"Delegation of the .open domain to American Express Travel Related Services Company, Inc.",2016-08-02,https://www.iana.org/reports/c.2.9.2.d/20160802-open,https://www.iana.org/domains/root/db/open.html,2026-10-04T08:37:18.608428+00:00
.oracle,.oracle,Delegation of the .oracle domain to Oracle Corporation,2015-02-27,https://www.iana.org/reports/c.2.9.2.d/20150227-oracle,https://www.iana.org/domains/root/db/oracle.html,2026-10-04T08:37:18.515910+00:00
.orange,.orange,Delegation of the .orange domain to Orange Brand Services Limited,2015-07-07,https://www.iana.org/reports/c.2.9.2.d/20150707-orange,https://www.iana.org/domains/root/db/orange.html,2026-10-04T08:37:18.607223+00:00
.org,.org,IANA Report on the Redelegation of the .ORG Top-Level Domain,2002-12-09,https://www.iana.org/reports/2002/org-report-09dec02.html,https://www.iana.org/domains/root/db/org.html,2026-10-04T06:22:18.500Z
.organic,.organic,Delegation of the .organic domain to Afilias Limited,2014-06-09,https://www.iana.org/reports/c.2.9.2.d/20140609-organic,https://www.iana.org/domains/root/db/organic.html,2026-10-04T08:37:18.844271+00:00
.orientexpress,.orientexpress,Delegation of the .orientexpress domain to Orient Express,2016-06-20,https://www.iana.org/reports/c.2.9.2.d/20160620-orientexpress,https://www.iana.org/domains/root/db/orientexpress.html,2026-10-04T08:37:25.638261+00:00
.orientexpress,.orientexpress,Revocation of the .orientexpress domain,2017-04-11,https://www.iana.org/reports/tld-transfer/20170411-orientexpress,https://www.iana.org/domains/root/db/orientexpress.html,2026-10-04T08:37:25.638261+00:00
.origins,.origins,Delegation of the .origins domain to The Estée Lauder Companies Inc.,2015-12-22,https://www.iana.org/reports/c.2.9.2.d/20151222-origins,https://www.iana.org/domains/root/db/origins.html,2026-10-04T08:37:25.639081+00:00
.osaka,.osaka,"Delegation of the .osaka domain to Interlink Co., Ltd.",2014-12-11,https://www.iana.org/reports/c.2.9.2.d/20141211-osaka,https://www.iana.org/domains/root/db/osaka.html,2026-10-04T08:37:25.648996+00:00
.otsuka,.otsuka,"Delegation of the .otsuka domain to Otsuka Holdings Co., Ltd.",2014-08-22,https://www.iana.org/reports/c.2.9.2.d/20140822-otsuka,https://www.iana.org/domains/root/db/otsuka.html,2026-10-04T08:37:25.652867+00:00
.ott,.ott,Delegation of the .ott domain to Dish DBS Corporation,2016-05-25,https://www.iana.org/reports/c.2.9.2.d/20160525-ott,https://www.iana.org/domains/root/db/ott.html,2026-10-04T08:37:25.653451+00:00
.ovh,.ovh,Delegation of the .ovh domain to OVH SAS,2014-06-16,https://www.iana.org/reports/c.2.9.2.d/20140616-ovh,https://www.iana.org/domains/root/db/ovh.html,2026-10-04T08:37:25.762671+00:00
.page,.page,Delegation of the .page domain to Charleston Road Registry Inc.,2015-03-12,https://www.iana.org/reports/c.2.9.2.d/20150312-page,https://www.iana.org/domains/root/db/page.html,2026-10-04T08:37:25.747837+00:00
.pamperedchef,.pamperedchef,"Delegation of the .pamperedchef domain to The Pampered Chef, Ltd.",2016-01-19,https://www.iana.org/reports/c.2.9.2.d/20160119-pamperedchef,https://www.iana.org/domains/root/db/pamperedchef.html,2026-10-04T08:37:25.955003+00:00
.pamperedchef,.pamperedchef,Revocation of the .pamperedchef domain,2017-08-17,https://www.iana.org/reports/tld-transfer/20170817-pamperedchef,https://www.iana.org/domains/root/db/pamperedchef.html,2026-10-04T08:37:25.955003+00:00
.panasonic,.panasonic,Delegation of the .panasonic domain to Panasonic Corporation,2016-07-08,https://www.iana.org/reports/c.2.9.2.d/20160708-panasonic,https://www.iana.org/domains/root/db/panasonic.html,2026-10-04T08:37:25.700191+00:00
.panerai,.panerai,Delegation of the .panerai domain to Richemont DNS Inc.,2015-03-23,https://www.iana.org/reports/c.2.9.2.d/20150323-panerai,https://www.iana.org/domains/root/db/panerai.html,2026-10-04T08:37:32.635890+00:00
.panerai,.panerai,Revocation of the .panerai domain,2018-09-17,https://www.iana.org/reports/tld-transfer/20180917-panerai,https://www.iana.org/domains/root/db/panerai.html,2026-10-04T08:37:32.635890+00:00
.paris,.paris,Delegation of the .paris domain to City of Paris,2014-04-16,https://www.iana.org/reports/c.2.9.2.d/20140416-paris,https://www.iana.org/domains/root/db/paris.html,2026-10-04T06:22:18.500Z
.pars,.pars,Delegation of the .pars domain to Asia Green IT System Bilgisayar San. ve Tic. Ltd. Sti.,2015-12-04,https://www.iana.org/reports/c.2.9.2.d/20151204-pars,https://www.iana.org/domains/root/db/pars.html,2026-10-04T08:37:33.003435+00:00
.partners,.partners,"Delegation of the .partners domain to Magic Glen, LLC",2014-01-31,https://www.iana.org/reports/c.2.9.2.d/20140131-partners,https://www.iana.org/domains/root/db/partners.html,2026-10-04T08:37:32.701489+00:00
.partners,.partners,Transfer of the .academy domain and 195 others,2018-03-23,https://www.iana.org/reports/tld-transfer/20180323-binkymoon,https://www.iana.org/domains/root/db/partners.html,2026-10-04T08:37:32.701489+00:00
.parts,.parts,"Delegation of the .parts domain to Sea Goodbye, LLC",2014-02-07,https://www.iana.org/reports/c.2.9.2.d/20140207-parts,https://www.iana.org/domains/root/db/parts.html,2026-10-04T08:37:32.800265+00:00
.parts,.parts,Transfer of the .academy domain and 195 others,2018-03-23,https://www.iana.org/reports/tld-transfer/20180323-binkymoon,https://www.iana.org/domains/root/db/parts.html,2026-10-04T08:37:32.800265+00:00
.party,.party,Delegation of the .party domain to Blue Sky Registry Limited,2014-11-17,https://www.iana.org/reports/c.2.9.2.d/20141117-party,https://www.iana.org/domains/root/db/party.html,2026-10-04T08:37:32.700220+00:00
.passagens,.passagens,Delegation of the .passagens domain to Travel Reservations SRL,2016-02-29,https://www.iana.org/reports/c.2.9.2.d/20160229-passagens,https://www.iana.org/domains/root/db/passagens.html,2026-10-04T08:37:32.746368+00:00
.passagens,.passagens,Revocation of the .passagens domain,2023-07-07,https://www.iana.org/reports/tld-transfer/20230707-passagens,https://www.iana.org/domains/root/db/passagens.html,2026-10-04T08:37:32.746368+00:00
.pay,.pay,"Delegation of the .pay domain to Amazon Registry Services, Inc.",2016-08-05,https://www.iana.org/reports/c.2.9.2.d/20160805-pay,https://www.iana.org/domains/root/db/pay.html,2026-10-04T08:37:32.681144+00:00
.pccw,.pccw,Delegation of the .pccw domain to PCCW Enterprises Limited,2016-05-10,https://www.iana.org/reports/c.2.9.2.d/20160510-pccw,https://www.iana.org/domains/root/db/pccw.html,2026-10-04T08:37:32.647417+00:00
.pet,.pet,Delegation of the .pet domain to Afilias plc,2015-07-21,https://www.iana.org/reports/c.2.9.2.d/20150721-pet,https://www.iana.org/domains/root/db/pet.html,2026-10-04T08:37:32.697013+00:00
.pfizer,.pfizer,Delegation of the .pfizer domain to Pfizer Inc.,2016-07-12,https://www.iana.org/reports/c.2.9.2.d/20160712-pfizer,https://www.iana.org/domains/root/db/pfizer.html,2026-10-04T08:37:39.196550+00:00
.pharmacy,.pharmacy,Delegation of the .pharmacy domain to National Association of Boards of Pharmacy,2014-09-04,https://www.iana.org/reports/tld-transfer/20140904-pharmacy,https://www.iana.org/domains/root/db/pharmacy.html,2026-10-04T06:22:18.500Z
.phd,.phd,Delegation of the .phd domain to Charleston Road Registry Inc.,2017-06-29,https://www.iana.org/reports/tld-transfer/20170629-phd,https://www.iana.org/domains/root/db/phd.html,2026-10-04T08:37:39.267641+00:00
.philips,.philips,Delegation of the .philips domain to Koninklijke Philips N.V.,2015-05-06,https://www.iana.org/reports/c.2.9.2.d/20150506-philips,https://www.iana.org/domains/root/db/philips.html,2026-10-04T08:37:39.202216+00:00
.phone,.phone,Delegation of the .phone domain to Dish DBS Corporation,2016-12-19,https://www.iana.org/reports/tld-transfer/20161219-phone,https://www.iana.org/domains/root/db/phone.html,2026-10-04T08:37:39.273825+00:00
.photo,.photo,"Delegation of the .PHOTO domain to Uniregistry, Corp.",2014-01-17,https://www.iana.org/reports/c.2.9.2.d/20140117-photo,https://www.iana.org/domains/root/db/photo.html,2026-10-04T08:37:39.246260+00:00
.photo,.photo,"Transfer of the .photo domain to Registry Services, LLC",2022-06-07,https://www.iana.org/reports/tld-transfer/20220607-photo,https://www.iana.org/domains/root/db/photo.html,2026-10-04T08:37:39.246260+00:00
.photography,.photography,"Delegation of the .PHOTOGRAPHY domain to Sugar Glen, LLC",2013-11-18,https://www.iana.org/reports/c.2.9.2.d/20131118-photography,https://www.iana.org/domains/root/db/photography.html,2026-10-04T08:37:39.554062+00:00
.photography,.photography,Transfer of the .academy domain and 195 others,2018-03-23,https://www.iana.org/reports/tld-transfer/20180323-binkymoon,https://www.iana.org/domains/root/db/photography.html,2026-10-04T08:37:39.554062+00:00
.photos,.photos,"Delegation of the .PHOTOS domain to Sea Corner, LLC",2013-12-12,https://www.iana.org/reports/c.2.9.2.d/20131212-photos,https://www.iana.org/domains/root/db/photos.html,2026-10-04T08:37:39.301743+00:00
.photos,.photos,Transfer of the .academy domain and 195 others,2018-03-23,https://www.iana.org/reports/tld-transfer/20180323-binkymoon,https://www.iana.org/domains/root/db/photos.html,2026-10-04T08:37:39.301743+00:00
.physio,.physio,Delegation of the .physio domain to PhysBiz Pty Ltd,2014-06-17,https://www.iana.org/reports/c.2.9.2.d/20140617-physio,https://www.iana.org/domains/root/db/physio.html,2026-10-04T08:37:46.287434+00:00
.piaget,.piaget,Delegation of the .piaget domain to Richemont DNS Inc.,2015-03-12,https://www.iana.org/reports/c.2.9.2.d/20150312-piaget,https://www.iana.org/domains/root/db/piaget.html,2026-10-04T08:37:46.287683+00:00
.piaget,.piaget,Revocation of the .piaget domain,2019-11-14,https://www.iana.org/reports/tld-transfer/20191114-piaget,https://www.iana.org/domains/root/db/piaget.html,2026-10-04T08:37:46.287683+00:00
.pics,.pics,"Delegation of the .PICS domain to Uniregistry, Corp.",2014-01-16,https://www.iana.org/reports/c.2.9.2.d/20140116-pics,https://www.iana.org/domains/root/db/pics.html,2026-10-04T08:37:46.314890+00:00
.pictet,.pictet,Delegation of the .pictet domain to Pictet Europe S.A.,2015-03-04,https://www.iana.org/reports/c.2.9.2.d/20150304-pictet,https://www.iana.org/domains/root/db/pictet.html,2026-10-04T08:37:46.522614+00:00
.pictet,.pictet,Transfer of the .pictet domain to Banque Pictet & Cie SA,2025-04-29,https://www.iana.org/reports/tld-transfer/20250429-pictet,https://www.iana.org/domains/root/db/pictet.html,2026-10-04T08:37:46.522614+00:00
.pictures,.pictures,"Delegation of the .pictures domain to Foggy Sky, LLC",2014-04-09,https://www.iana.org/reports/c.2.9.2.d/20140409-pictures,https://www.iana.org/domains/root/db/pictures.html,2026-10-04T08:37:46.405416+00:00
.pictures,.pictures,Transfer of the .academy domain and 195 others,2018-03-23,https://www.iana.org/reports/tld-transfer/20180323-binkymoon,https://www.iana.org/domains/root/db/pictures.html,2026-10-04T08:37:46.405416+00:00
.pid,.pid,"Delegation of the .pid domain to Top Level Spectrum, Inc.",2015-12-17,https://www.iana.org/reports/c.2.9.2.d/20151217-pid,https://www.iana.org/domains/root/db/pid.html,2026-10-04T08:37:46.151341+00:00
.pin,.pin,"Delegation of the .pin domain to Amazon Registry Services, Inc.",2015-12-02,https://www.iana.org/reports/c.2.9.2.d/20151202-pin,https://www.iana.org/domains/root/db/pin.html,2026-10-04T08:37:46.383318+00:00
.ping,.ping,"Delegation of the .ping domain to Ping Registry Provider, Inc.",2015-10-28,https://www.iana.org/reports/c.2.9.2.d/20151028-ping,https://www.iana.org/domains/root/db/ping.html,2026-10-04T08:37:46.268510+00:00
.pink,.pink,Delegation of the .PINK domain to Afilias Limited,2014-01-15,https://www.iana.org/reports/c.2.9.2.d/20140115-pink,https://www.iana.org/domains/root/db/pink.html,2026-10-04T08:37:46.555273+00:00
.pioneer,.pioneer,Delegation of the .pioneer domain to Pioneer Corporation,2016-06-01,https://www.iana.org/reports/c.2.9.2.d/20160601-pioneer,https://www.iana.org/domains/root/db/pioneer.html,2026-10-04T08:37:46.404362+00:00
.pizza,.pizza,"Delegation of the .pizza domain to Foggy Moon, LLC",2014-08-22,https://www.iana.org/reports/c.2.9.2.d/20140822-pizza,https://www.iana.org/domains/root/db/pizza.html,2026-10-04T06:22:18.500Z
.pizza,.pizza,Transfer of the .academy domain and 195 others,2018-03-23,https://www.iana.org/reports/tld-transfer/20180323-binkymoon,https://www.iana.org/domains/root/db/pizza.html,2026-10-04T06:22:18.500Z
.place,.place,"Delegation of the .place domain to Snow Galley, LLC",2014-06-24,https://www.iana.org/reports/c.2.9.2.d/20140624-place,https://www.iana.org/domains/root/db/place.html,2026-10-04T08:37:51.266831+00:00
.place,.place,Transfer of the .academy domain and 195 others,2018-03-23,https://www.iana.org/reports/tld-transfer/20180323-binkymoon,https://www.iana.org/domains/root/db/place.html,2026-10-04T08:37:51.266831+00:00
.play,.play,Delegation of the .play domain to Charleston Road Registry Inc.,2015-06-17,https://www.iana.org/reports/c.2.9.2.d/20150617-play,https://www.iana.org/domains/root/db/play.html,2026-10-04T08:37:51.184675+00:00
.playstation,.playstation,Delegation of the .playstation domain to Sony Computer Entertainment Inc.,2015-11-05,https://www.iana.org/reports/c.2.9.2.d/20151105-playstation,https://www.iana.org/domains/root/db/playstation.html,2026-10-04T08:37:51.611176+00:00
.plumbing,.plumbing,"Delegation of the .PLUMBING domain to Spring Tigers, LLC",2013-11-11,https://www.iana.org/reports/c.2.9.2.d/20131111-plumbing,https://www.iana.org/domains/root/db/plumbing.html,2026-10-04T08:37:51.454850+00:00
.plumbing,.plumbing,Transfer of the .academy domain and 195 others,2018-03-23,https://www.iana.org/reports/tld-transfer/20180323-binkymoon,https://www.iana.org/domains/root/db/plumbing.html,2026-10-04T08:37:51.454850+00:00
.plus,.plus,"Delegation of the .plus domain to Sugar Mill, LLC",2015-03-18,https://www.iana.org/reports/c.2.9.2.d/20150318-plus,https://www.iana.org/domains/root/db/plus.html,2026-10-04T08:37:51.284810+00:00
.plus,.plus,Transfer of the .academy domain and 195 others,2018-03-23,https://www.iana.org/reports/tld-transfer/20180323-binkymoon,https://www.iana.org/domains/root/db/plus.html,2026-10-04T08:37:51.284810+00:00
.pn,.pn,IANA Report on Request for Redelegation of the .PN Top-Level Domain,2000-02-11,https://www.iana.org/reports/2000/pn-report-11feb00.html,https://www.iana.org/domains/root/db/pn.html,2026-10-04T08:37:51.210761+00:00
.pnc,.pnc,"Delegation of the .pnc domain to PNC Domain Co., LLC",2016-06-28,https://www.iana.org/reports/c.2.9.2.d/20160628-pnc,https://www.iana.org/domains/root/db/pnc.html,2026-10-04T08:37:51.607384+00:00
.pohl,.pohl,Delegation of the .pohl domain to Deutsche Vermögensberatung Aktiengesellschaft DVAG,2014-09-25,https://www.iana.org/reports/c.2.9.2.d/20140925-pohl,https://www.iana.org/domains/root/db/pohl.html,2026-10-04T08:37:57.928034+00:00
.poker,.poker,Delegation of the .poker domain to Afilias Domains No. 5 Limited,2014-10-09,https://www.iana.org/reports/c.2.9.2.d/20141009-poker,https://www.iana.org/domains/root/db/poker.html,2026-10-04T08:37:57.838749+00:00
.politie,.politie,Delegation of the .politie domain to Politie Nederland,2016-06-20,https://www.iana.org/reports/c.2.9.2.d/20160620-politie,https://www.iana.org/domains/root/db/politie.html,2026-10-04T08:37:57.829673+00:00
.porn,.porn,Delegation of the .porn domain to ICM Registry PN LLC,2014-12-03,https://www.iana.org/reports/c.2.9.2.d/20141203-porn,https://www.iana.org/domains/root/db/porn.html,2026-10-04T08:37:58.132071+00:00
.post,.post,Report on the Delegation of the .POST Top-Level Domain,2012-08-02,https://www.iana.org/reports/2012/post-report-20120802.html,https://www.iana.org/domains/root/db/post.html,2026-10-04T06:22:18.500Z
.pramerica,.pramerica,"Delegation of the .pramerica domain to Prudential Financial, Inc.",2016-07-25,https://www.iana.org/reports/c.2.9.2.d/20160725-pramerica,https://www.iana.org/domains/root/db/pramerica.html,2026-10-04T08:37:57.865911+00:00
.pramerica,.pramerica,Revocation of the .pramerica domain,2025-05-16,https://www.iana.org/reports/tld-transfer/20250516-pramerica,https://www.iana.org/domains/root/db/pramerica.html,2026-10-04T08:37:57.865911+00:00
.praxi,.praxi,Delegation of the .praxi domain to Praxi S.p.A.,2014-07-17,https://www.iana.org/reports/c.2.9.2.d/20140717-praxi,https://www.iana.org/domains/root/db/praxi.html,2026-10-04T08:37:57.893274+00:00
.press,.press,Delegation of the .press domain to DotPress Inc.,2014-05-27,https://www.iana.org/reports/c.2.9.2.d/20140527-press,https://www.iana.org/domains/root/db/press.html,2026-10-04T08:37:58.293773+00:00
.press,.press,Transfer of the .press domain to Radix FZC,2021-08-25,https://www.iana.org/reports/tld-transfer/20210825-press,https://www.iana.org/domains/root/db/press.html,2026-10-04T08:37:58.293773+00:00
.press,.press,Transfer of the .press domain to Radix Technologies Inc.,2024-02-07,https://www.iana.org/reports/tld-transfer/20240207-press,https://www.iana.org/domains/root/db/press.html,2026-10-04T08:37:58.293773+00:00
.prime,.prime,"Delegation of the .prime domain to Amazon Registry Services, Inc.",2016-06-02,https://www.iana.org/reports/c.2.9.2.d/20160602-prime,https://www.iana.org/domains/root/db/prime.html,2026-10-04T08:37:58.015540+00:00
.pro,.pro,IANA Report on Establishment of the .PRO Top-Level Domain,2002-05-06,https://www.iana.org/reports/2002/pro-report-06may02.html,https://www.iana.org/domains/root/db/pro.html,2026-10-04T08:37:58.246482+00:00
.pro,.pro,Transfer of the .pro domain to Afilias Limited,2019-05-08,https://www.iana.org/reports/tld-transfer/20190508-pro,https://www.iana.org/domains/root/db/pro.html,2026-10-04T08:37:58.246482+00:00
.prod,.prod,Delegation of the .prod domain to Charleston Road Registry Inc.,2014-08-25,https://www.iana.org/reports/c.2.9.2.d/20140825-prod,https://www.iana.org/domains/root/db/prod.html,2026-10-04T08:38:06.151649+00:00
.productions,.productions,"Delegation of the .productions domain to Magic Birch, LLC",2014-02-07,https://www.iana.org/reports/c.2.9.2.d/20140207-productions,https://www.iana.org/domains/root/db/productions.html,2026-10-04T08:38:06.175483+00:00
.productions,.productions,Transfer of the .academy domain and 195 others,2018-03-23,https://www.iana.org/reports/tld-transfer/20180323-binkymoon,https://www.iana.org/domains/root/db/productions.html,2026-10-04T08:38:06.175483+00:00
.prof,.prof,Delegation of the .prof domain to Charleston Road Registry Inc.,2014-09-10,https://www.iana.org/reports/c.2.9.2.d/20140910-prof,https://www.iana.org/domains/root/db/prof.html,2026-10-04T08:38:06.326624+00:00
.progressive,.progressive,Delegation of the .progressive domain to Progressive Casualty Insurance Company,2016-04-18,https://www.iana.org/reports/c.2.9.2.d/20160418-progressive,https://www.iana.org/domains/root/db/progressive.html,2026-10-04T08:38:06.135935+00:00
.promo,.promo,Delegation of the .promo domain to Afilias plc,2015-12-30,https://www.iana.org/reports/c.2.9.2.d/20151230-promo,https://www.iana.org/domains/root/db/promo.html,2026-10-04T08:38:06.550306+00:00
.properties,.properties,"Delegation of the .properties domain to Big Pass, LLC",2014-01-31,https://www.iana.org/reports/c.2.9.2.d/20140131-properties,https://www.iana.org/domains/root/db/properties.html,2026-10-04T08:38:06.266081+00:00
.properties,.properties,Transfer of the .academy domain and 195 others,2018-03-23,https://www.iana.org/reports/tld-transfer/20180323-binkymoon,https://www.iana.org/domains/root/db/properties.html,2026-10-04T08:38:06.266081+00:00
.property,.property,"Delegation of the .property domain to Uniregistry, Corp.",2014-08-15,https://www.iana.org/reports/c.2.9.2.d/20140815-property,https://www.iana.org/domains/root/db/property.html,2026-10-04T08:38:06.264910+00:00
.property,.property,Transfer of the .property domain to Internet Naming Co.,2022-11-16,https://www.iana.org/reports/tld-transfer/20221116-property,https://www.iana.org/domains/root/db/property.html,2026-10-04T08:38:06.264910+00:00
.property,.property,Transfer of the .property domain to Digital Property Infrastructure Limited,2023-11-01,https://www.iana.org/reports/tld-transfer/20231101-property,https://www.iana.org/domains/root/db/property.html,2026-10-04T08:38:06.264910+00:00
.protection,.protection,Delegation of the .protection domain to XYZ.COM LLC,2015-08-26,https://www.iana.org/reports/c.2.9.2.d/20150826-protection,https://www.iana.org/domains/root/db/protection.html,2026-10-04T08:38:06.176505+00:00
.pru,.pru,"Delegation of the .pru domain to Prudential Financial, Inc.",2016-07-25,https://www.iana.org/reports/c.2.9.2.d/20160725-pru,https://www.iana.org/domains/root/db/pru.html,2026-10-04T08:38:06.157863+00:00
.prudential,.prudential,"Delegation of the .prudential domain to Prudential Financial, Inc.",2016-07-25,https://www.iana.org/reports/c.2.9.2.d/20160725-prudential,https://www.iana.org/domains/root/db/prudential.html,2026-10-04T08:38:06.325685+00:00
.ps,.ps,IANA Report on the Delegation of the .PS Top-Level Domain,2004-06-21,https://www.iana.org/reports/2004/ps-report-21jun04.html,https://www.iana.org/domains/root/db/ps.html,2026-10-04T08:38:12.811638+00:00
.ps,.ps,IANA Report on Request for Delegation of the .PS Top-Level Domain,2000-03-22,https://www.iana.org/reports/2000/ps-report-22mar00.html,https://www.iana.org/domains/root/db/ps.html,2026-10-04T08:38:12.811638+00:00
.pt,.pt,Report on the Redelegation of the .PT domain representing Portugal to Associação DNS.PT,2013-08-08,https://www.iana.org/reports/2013/pt-report-20130808.html,https://www.iana.org/domains/root/db/pt.html,2026-10-04T08:38:12.839707+00:00
.pub,.pub,Delegation of the .pub domain to United TLD Holdco Ltd.,2014-02-25,https://www.iana.org/reports/c.2.9.2.d/20140225-pub,https://www.iana.org/domains/root/db/pub.html,2026-10-04T08:38:12.938685+00:00
.pub,.pub,"Transfer of the .pub domain to Dog Beach, LLC",2021-06-02,https://www.iana.org/reports/tld-transfer/20210602-pub,https://www.iana.org/domains/root/db/pub.html,2026-10-04T08:38:12.938685+00:00
.pw,.pw,IANA Report on Redelegation of the .PW Top-Level Domain,2003-06-30,https://www.iana.org/reports/2003/pw-report-30jun03.html,https://www.iana.org/domains/root/db/pw.html,2026-10-04T08:38:12.941869+00:00
.pwc,.pwc,Delegation of the .pwc domain to PricewaterhouseCoopers LLP,2016-02-08,https://www.iana.org/reports/c.2.9.2.d/20160208-pwc,https://www.iana.org/domains/root/db/pwc.html,2026-10-04T08:38:12.945841+00:00
.qa,.qa,Redelegation of the .QA domain representing Qatar to the Supreme Council of Information and Communication Technology,2010-10-12,http://www.iana.org/reports/2010/qa-report-12oct2010.html,https://www.iana.org/domains/root/db/qa.html,2026-10-04T08:38:12.965863+00:00
.qpon,.qpon,"Delegation of the .qpon domain to dotCOOL, Inc.",2014-02-10,https://www.iana.org/reports/c.2.9.2.d/20140210-qpon,https://www.iana.org/domains/root/db/qpon.html,2026-10-04T08:38:13.127052+00:00
.qpon,.qpon,Transfer of the .qpon domain to DOTQPON LLC.,2023-02-24,https://www.iana.org/reports/tld-transfer/20230224-qpon,https://www.iana.org/domains/root/db/qpon.html,2026-10-04T08:38:13.127052+00:00
.quebec,.quebec,Delegation of the .quebec domain to PointQuébec Inc,2014-04-14,https://www.iana.org/reports/c.2.9.2.d/20140414-quebec,https://www.iana.org/domains/root/db/quebec.html,2026-10-04T06:22:18.500Z
.quest,.quest,Delegation of the .quest domain to Quest ION Limited,2016-02-04,https://www.iana.org/reports/c.2.9.2.d/20160204-quest,https://www.iana.org/domains/root/db/quest.html,2026-10-04T08:38:12.802417+00:00
.quest,.quest,Transfer of the .quest domain to XYZ.COM LLC,2019-11-14,https://www.iana.org/reports/tld-transfer/20191114-quest,https://www.iana.org/domains/root/db/quest.html,2026-10-04T08:38:12.802417+00:00
.qvc,.qvc,"Delegation of the .qvc domain to QVC, Inc.",2016-07-29,https://www.iana.org/reports/c.2.9.2.d/20160729-qvc,https://www.iana.org/domains/root/db/qvc.html,2026-10-04T08:38:12.859442+00:00
.qvc,.qvc,Revocation of the .qvc domain,2021-10-07,https://www.iana.org/reports/tld-transfer/20211007-qvc,https://www.iana.org/domains/root/db/qvc.html,2026-10-04T08:38:12.859442+00:00
.racing,.racing,Delegation of the .racing domain to Premier Registry Limited,2015-03-31,https://www.iana.org/reports/c.2.9.2.d/20150331-racing,https://www.iana.org/domains/root/db/racing.html,2026-10-04T08:38:19.444068+00:00
.radio,.radio,Delegation of the .radio domain to European Broadcasting Union (EBU),2016-10-07,https://www.iana.org/reports/tld-transfer/20161007-radio,https://www.iana.org/domains/root/db/radio.html,2026-10-04T08:38:19.519403+00:00
.radio,.radio,"Transfer of the .radio domain to Digity, LLC",2026-02-25,https://www.iana.org/reports/tld-transfer/20260225-radio,https://www.iana.org/domains/root/db/radio.html,2026-10-04T08:38:19.519403+00:00
.raid,.raid,"Delegation of the .raid domain to Johnson Shareholdings, Inc",2016-07-15,https://www.iana.org/reports/c.2.9.2.d/20160715-raid,https://www.iana.org/domains/root/db/raid.html,2026-10-04T08:38:19.503982+00:00
.raid,.raid,Revocation of the .raid domain,2021-12-03,https://www.iana.org/reports/tld-transfer/20211203-raid,https://www.iana.org/domains/root/db/raid.html,2026-10-04T08:38:19.503982+00:00
.read,.read,"Delegation of the .read domain to Amazon Registry Services, Inc.",2015-12-02,https://www.iana.org/reports/c.2.9.2.d/20151202-read,https://www.iana.org/domains/root/db/read.html,2026-10-04T08:38:19.420869+00:00
.realestate,.realestate,Delegation of the .realestate domain to dotRealEstate LLC,2016-05-19,https://www.iana.org/reports/c.2.9.2.d/20160519-realestate,https://www.iana.org/domains/root/db/realestate.html,2026-10-04T08:38:19.520384+00:00
.realtor,.realtor,Delegation of the .realtor domain to Real Estate Domains LLC,2014-07-28,https://www.iana.org/reports/c.2.9.2.d/20140728-realtor,https://www.iana.org/domains/root/db/realtor.html,2026-10-04T08:38:19.498698+00:00
.realty,.realty,"Delegation of the .realty domain to Fegistry, LLC",2015-06-26,https://www.iana.org/reports/c.2.9.2.d/20150626-realty,https://www.iana.org/domains/root/db/realty.html,2026-10-04T08:38:19.492221+00:00
.realty,.realty,"Transfer of the .realty domain to Dog Beach, LLC",2021-02-11,https://www.iana.org/reports/tld-transfer/20210211-realty,https://www.iana.org/domains/root/db/realty.html,2026-10-04T08:38:19.492221+00:00
.realty,.realty,Transfer of the .realty domain to Internet Naming Co.,2024-02-23,https://www.iana.org/reports/tld-transfer/20240223-realty,https://www.iana.org/domains/root/db/realty.html,2026-10-04T08:38:19.492221+00:00
.recipes,.recipes,"Delegation of the .RECIPES domain to Grand Island, LLC",2013-12-12,https://www.iana.org/reports/c.2.9.2.d/20131212-recipes,https://www.iana.org/domains/root/db/recipes.html,2026-10-04T08:38:19.769104+00:00
.recipes,.recipes,Transfer of the .academy domain and 195 others,2018-03-23,https://www.iana.org/reports/tld-transfer/20180323-binkymoon,https://www.iana.org/domains/root/db/recipes.html,2026-10-04T08:38:19.769104+00:00
.red,.red,Delegation of the .RED domain to Afilias Limited,2014-01-17,https://www.iana.org/reports/c.2.9.2.d/20140117-red,https://www.iana.org/domains/root/db/red.html,2026-10-04T08:38:19.512423+00:00
.redstone,.redstone,"Delegation of the .redstone domain to Redstone Haute Couture Co., Ltd.",2015-03-26,https://www.iana.org/reports/c.2.9.2.d/20150326-redstone,https://www.iana.org/domains/root/db/redstone.html,2026-10-04T08:38:27.422816+00:00
.redstone,.redstone,Revocation of the .redstone domain,2025-08-26,https://www.iana.org/reports/tld-transfer/20250826-redstone,https://www.iana.org/domains/root/db/redstone.html,2026-10-04T08:38:27.422816+00:00
.redumbrella,.redumbrella,"Delegation of the .redumbrella domain to Travelers TLD, LLC",2015-12-08,https://www.iana.org/reports/c.2.9.2.d/20151208-redumbrella,https://www.iana.org/domains/root/db/redumbrella.html,2026-10-04T08:38:27.306147+00:00
.rehab,.rehab,"Delegation of the .rehab domain to United TLD Holdco, Ltd",2014-06-02,https://www.iana.org/reports/c.2.9.2.d/20140602-rehab,https://www.iana.org/domains/root/db/rehab.html,2026-10-04T08:38:27.405351+00:00
.rehab,.rehab,"Transfer of the .rehab domain to Dog Beach, LLC",2021-06-02,https://www.iana.org/reports/tld-transfer/20210602-rehab,https://www.iana.org/domains/root/db/rehab.html,2026-10-04T08:38:27.405351+00:00
.reise,.reise,Delegation of the .reise domain to dotreise GmbH,2014-05-21,https://www.iana.org/reports/c.2.9.2.d/20140521-reise,https://www.iana.org/domains/root/db/reise.html,2026-10-04T08:38:27.433506+00:00
.reise,.reise,"Redelegation of the .reise domain to Foggy Way, LLC",2015-06-12,https://www.iana.org/reports/c.2.9.2.d/20150612-reise,https://www.iana.org/domains/root/db/reise.html,2026-10-04T08:38:27.433506+00:00
.reise,.reise,Transfer of the .academy domain and 195 others,2018-03-23,https://www.iana.org/reports/tld-transfer/20180323-binkymoon,https://www.iana.org/domains/root/db/reise.html,2026-10-04T08:38:27.433506+00:00
.reisen,.reisen,"Delegation of the .reisen domain to New Cypress, LLC",2014-04-09,https://www.iana.org/reports/c.2.9.2.d/20140409-reisen,https://www.iana.org/domains/root/db/reisen.html,2026-10-04T08:38:27.366235+00:00
.reisen,.reisen,Transfer of the .academy domain and 195 others,2018-03-23,https://www.iana.org/reports/tld-transfer/20180323-binkymoon,https://www.iana.org/domains/root/db/reisen.html,2026-10-04T08:38:27.366235+00:00
.reit,.reit,"Delegation of the .reit domain to National Association of Real Estate Investment Trusts, Inc.",2014-11-04,https://www.iana.org/reports/c.2.9.2.d/20141104-reit,https://www.iana.org/domains/root/db/reit.html,2026-10-04T08:38:27.301815+00:00
.reliance,.reliance,Delegation of the .reliance domain to Reliance Industries Limited,2016-11-11,https://www.iana.org/reports/tld-transfer/20161111-reliance,https://www.iana.org/domains/root/db/reliance.html,2026-10-04T08:38:27.412475+00:00
.ren,.ren,"Delegation of the .ren domain to Beijing Qianxiang Wangjing Technology Development Co., Ltd.",2014-03-21,https://www.iana.org/reports/c.2.9.2.d/20140321-ren,https://www.iana.org/domains/root/db/ren.html,2026-10-04T08:38:27.775479+00:00
.ren,.ren,Transfer of the .ren domain to ZDNS International Limited,2019-09-20,https://www.iana.org/reports/tld-transfer/20190920-ren,https://www.iana.org/domains/root/db/ren.html,2026-10-04T08:38:27.775479+00:00
.rent,.rent,Delegation of the .rent domain to XYZ.COM LLC,2015-04-28,https://www.iana.org/reports/c.2.9.2.d/20150428-rent,https://www.iana.org/domains/root/db/rent.html,2026-10-04T08:38:27.417118+00:00
.rentals,.rentals,"Delegation of the .rentals domain to Big Hollow,LLC",2014-01-31,https://www.iana.org/reports/c.2.9.2.d/20140131-rentals,https://www.iana.org/domains/root/db/rentals.html,2026-10-04T08:38:27.657977+00:00
.rentals,.rentals,Transfer of the .academy domain and 195 others,2018-03-23,https://www.iana.org/reports/tld-transfer/20180323-binkymoon,https://www.iana.org/domains/root/db/rentals.html,2026-10-04T08:38:27.657977+00:00
.repair,.repair,"Delegation of the .REPAIR domain to Lone Sunset, LLC",2013-12-20,https://www.iana.org/reports/c.2.9.2.d/20131220-repair,https://www.iana.org/domains/root/db/repair.html,2026-10-04T08:38:35.767503+00:00
.repair,.repair,Transfer of the .academy domain and 195 others,2018-03-23,https://www.iana.org/reports/tld-transfer/20180323-binkymoon,https://www.iana.org/domains/root/db/repair.html,2026-10-04T08:38:35.767503+00:00
.report,.report,"Delegation of the .report domain to Binky Glen, LLC",2014-01-31,https://www.iana.org/reports/c.2.9.2.d/20140131-report,https://www.iana.org/domains/root/db/report.html,2026-10-04T08:38:36.013600+00:00
.report,.report,Transfer of the .academy domain and 195 others,2018-03-23,https://www.iana.org/reports/tld-transfer/20180323-binkymoon,https://www.iana.org/domains/root/db/report.html,2026-10-04T08:38:36.013600+00:00
.republican,.republican,"Delegation of the .republican domain to United TLD Holdco, Ltd",2014-06-02,https://www.iana.org/reports/c.2.9.2.d/20140602-republican,https://www.iana.org/domains/root/db/republican.html,2026-10-04T08:38:36.273818+00:00
.republican,.republican,"Transfer of the .republican domain to Dog Beach, LLC",2021-06-02,https://www.iana.org/reports/tld-transfer/20210602-republican,https://www.iana.org/domains/root/db/republican.html,2026-10-04T08:38:36.273818+00:00
.rest,.rest,Delegation of the .rest domain to Punto 2012 Sociedad Anonima Promotora de Inversion de Capital Variable,2014-03-28,https://www.iana.org/reports/c.2.9.2.d/20140328-rest,https://www.iana.org/domains/root/db/rest.html,2026-10-04T08:38:35.977001+00:00
.restaurant,.restaurant,"Delegation of the .restaurant domain to Snow Avenue, LLC",2014-08-05,https://www.iana.org/reports/c.2.9.2.d/20140805-restaurant,https://www.iana.org/domains/root/db/restaurant.html,2026-10-04T08:38:35.947707+00:00
.restaurant,.restaurant,Transfer of the .academy domain and 195 others,2018-03-23,https://www.iana.org/reports/tld-transfer/20180323-binkymoon,https://www.iana.org/domains/root/db/restaurant.html,2026-10-04T08:38:35.947707+00:00
.review,.review,Delegation of the .review domain to dot Review Limited,2015-03-23,https://www.iana.org/reports/c.2.9.2.d/20150323-review,https://www.iana.org/domains/root/db/review.html,2026-10-04T08:38:35.981364+00:00
.reviews,.reviews,"Delegation of the .reviews domain to United TLD Holdco, LTD",2014-02-07,https://www.iana.org/reports/c.2.9.2.d/20140207-reviews,https://www.iana.org/domains/root/db/reviews.html,2026-10-04T08:38:35.827506+00:00
.reviews,.reviews,"Transfer of the .reviews domain to Dog Beach, LLC",2021-06-02,https://www.iana.org/reports/tld-transfer/20210602-reviews,https://www.iana.org/domains/root/db/reviews.html,2026-10-04T08:38:35.827506+00:00
.rexroth,.rexroth,Delegation of the .rexroth domain to Robert Bosch GMBH,2015-12-22,https://www.iana.org/reports/c.2.9.2.d/20151222-rexroth,https://www.iana.org/domains/root/db/rexroth.html,2026-10-04T08:38:37.004325+00:00
.rich,.rich,"Delegation of the .RICH domain to I-REGISTRY Ltd., Niederlassung Deutschland",2014-01-17,https://www.iana.org/reports/c.2.9.2.d/20140117-rich,https://www.iana.org/domains/root/db/rich.html,2026-10-04T06:22:18.500Z
.richardli,.richardli,Delegation of the .richardli domain to Pacific Century Asset Management (HK) Limited,2016-05-10,https://www.iana.org/reports/c.2.9.2.d/20160510-richardli,https://www.iana.org/domains/root/db/richardli.html,2026-10-04T08:38:35.854145+00:00
.ricoh,.ricoh,"Delegation of the .ricoh domain to Ricoh Company, Ltd.",2015-06-18,https://www.iana.org/reports/c.2.9.2.d/20150618-ricoh,https://www.iana.org/domains/root/db/ricoh.html,2026-10-04T08:38:36.267664+00:00
.rightathome,.rightathome,"Delegation of the .rightathome domain to Johnson Shareholdings, Inc.",2016-07-15,https://www.iana.org/reports/c.2.9.2.d/20160715-rightathome,https://www.iana.org/domains/root/db/rightathome.html,2026-10-04T08:38:42.135380+00:00
.rightathome,.rightathome,Revocation of the .rightathome domain,2020-07-28,https://www.iana.org/reports/tld-transfer/20200728-rightathome,https://www.iana.org/domains/root/db/rightathome.html,2026-10-04T08:38:42.135380+00:00
.ril,.ril,Delegation of the .ril domain to Reliance Industries Limited,2016-11-11,https://www.iana.org/reports/tld-transfer/20161111-ril,https://www.iana.org/domains/root/db/ril.html,2026-10-04T08:38:42.224745+00:00
.rio,.rio,Delegation of the .rio domain to Empresa Municipal de Informática SA - IPLANRIO,2014-05-21,https://www.iana.org/reports/c.2.9.2.d/20140521-rio,https://www.iana.org/domains/root/db/rio.html,2026-10-04T08:38:41.973336+00:00
.rip,.rip,Delegation of the .rip domain to United TLD Holdco Ltd.,2014-10-10,https://www.iana.org/reports/c.2.9.2.d/20141010-rip,https://www.iana.org/domains/root/db/rip.html,2026-10-04T08:38:41.968369+00:00
.rip,.rip,"Transfer of the .rip domain to Dog Beach, LLC",2021-06-02,https://www.iana.org/reports/tld-transfer/20210602-rip,https://www.iana.org/domains/root/db/rip.html,2026-10-04T08:38:41.968369+00:00
.rmit,.rmit,Delegation of the .rmit domain to Royal Melbourne Institute of Technology,2016-11-23,https://www.iana.org/reports/tld-transfer/20161123-rmit,https://www.iana.org/domains/root/db/rmit.html,2026-10-04T08:38:42.237675+00:00
.rmit,.rmit,Revocation of the .rmit domain,2021-09-27,https://www.iana.org/reports/tld-transfer/20210927-rmit,https://www.iana.org/domains/root/db/rmit.html,2026-10-04T08:38:42.237675+00:00
.rocher,.rocher,Delegation of the .rocher domain to Ferrero Trading Lux S.A.,2015-11-04,https://www.iana.org/reports/c.2.9.2.d/20151104-rocher,https://www.iana.org/domains/root/db/rocher.html,2026-10-04T08:38:41.891898+00:00
.rocher,.rocher,Revocation of the .rocher domain,2023-11-02,https://www.iana.org/reports/tld-transfer/20231102-rocher,https://www.iana.org/domains/root/db/rocher.html,2026-10-04T08:38:41.891898+00:00
.rocks,.rocks,"Delegation of the .rocks domain to United TLD Holdco, Ltd",2014-03-27,https://www.iana.org/reports/c.2.9.2.d/20140327-rocks,https://www.iana.org/domains/root/db/rocks.html,2026-10-04T08:38:42.161711+00:00
.rocks,.rocks,"Transfer of the .rocks domain to Dog Beach, LLC",2021-06-02,https://www.iana.org/reports/tld-transfer/20210602-rocks,https://www.iana.org/domains/root/db/rocks.html,2026-10-04T08:38:42.161711+00:00
.rodeo,.rodeo,Delegation of the .rodeo domain to Top Level Domain Holdings Limited,2014-03-27,https://www.iana.org/reports/c.2.9.2.d/20140327-rodeo,https://www.iana.org/domains/root/db/rodeo.html,2026-10-04T08:38:41.904091+00:00
.rodeo,.rodeo,"Transfer of the .rodeo domain to Registry Services, LLC",2021-09-14,https://www.iana.org/reports/tld-transfer/20210914-rodeo,https://www.iana.org/domains/root/db/rodeo.html,2026-10-04T08:38:41.904091+00:00
.rogers,.rogers,Delegation of the .rogers domain to Rogers Communications Canada Inc.,2016-09-15,https://www.iana.org/reports/c.2.9.2.d/20160914-rogers,https://www.iana.org/domains/root/db/rogers.html,2026-10-04T08:38:41.898379+00:00
.room,.room,"Delegation of the .room domain to Amazon Registry Services, Inc.",2015-12-02,https://www.iana.org/reports/c.2.9.2.d/20151202-room,https://www.iana.org/domains/root/db/room.html,2026-10-04T08:38:50.280652+00:00
.rs,.rs,"Report on Delegation of the .RS Top-Level Domain, and Redelegation of the .YU Top-Level Domain, to ""Serbian National Register of Internet Domain Names""",2007-09-11,https://www.iana.org/reports/2007/rs-yu-report-11sep2007.html,https://www.iana.org/domains/root/db/rs.html,2026-10-04T08:38:49.978129+00:00
.rsvp,.rsvp,Delegation of the .rsvp domain to Charleston Road Registry Inc.,2014-08-28,https://www.iana.org/reports/tld-transfer/20140828-rsvp,https://www.iana.org/domains/root/db/rsvp.html,2026-10-04T08:38:49.978245+00:00
.rugby,.rugby,Delegation of the .rugby domain to World Rugby Strategic Developments Limited,2017-04-05,https://www.iana.org/reports/tld-transfer/20170405-rugby,https://www.iana.org/domains/root/db/rugby.html,2026-10-04T08:38:50.141974+00:00
.ruhr,.ruhr,Delegation of the .RUHR domain to regiodot GmbH & Co. KG,2013-12-06,https://www.iana.org/reports/c.2.9.2.d/20131206-ruhr,https://www.iana.org/domains/root/db/ruhr.html,2026-10-04T08:38:50.279104+00:00
.ruhr,.ruhr,Transfer of the .ruhr domain to dotSaarland GmbH,2022-08-31,https://www.iana.org/reports/tld-transfer/20220831-ruhr,https://www.iana.org/domains/root/db/ruhr.html,2026-10-04T08:38:50.279104+00:00
.run,.run,"Delegation of the .run domain to Snow Park, LLC",2015-05-04,https://www.iana.org/reports/c.2.9.2.d/20150504-run,https://www.iana.org/domains/root/db/run.html,2026-10-04T08:38:49.982323+00:00
.run,.run,Transfer of the .academy domain and 195 others,2018-03-23,https://www.iana.org/reports/tld-transfer/20180323-binkymoon,https://www.iana.org/domains/root/db/run.html,2026-10-04T08:38:49.982323+00:00
.rw,.rw,Report on the Redelegation of the .RW domain representing Rwanda to the Rwanda Information Communication and Technology Association,2012-08-18,https://www.iana.org/reports/2012/rw-report-20120818.html,https://www.iana.org/domains/root/db/rw.html,2026-10-04T08:38:50.083070+00:00
.rwe,.rwe,Delegation of the .rwe domain to RWE AG,2015-10-23,https://www.iana.org/reports/c.2.9.2.d/20151023-rwe,https://www.iana.org/domains/root/db/rwe.html,2026-10-04T08:38:50.082591+00:00
.ryukyu,.ryukyu,Delegation of the .ryukyu domain to BusinessRalliart inc.,2014-03-31,https://www.iana.org/reports/c.2.9.2.d/20140331-ryukyu,https://www.iana.org/domains/root/db/ryukyu.html,2026-10-04T08:38:49.963365+00:00
.ryukyu,.ryukyu,"Redelegation of the .ryukyu domain to BRregistry, Inc.",2016-06-13,https://www.iana.org/reports/c.2.9.2.d/20160613-ryukyu,https://www.iana.org/domains/root/db/ryukyu.html,2026-10-04T08:38:49.963365+00:00
.saarland,.saarland,Delegation of the .saarland domain to dotSaarland GmbH,2014-03-28,https://www.iana.org/reports/c.2.9.2.d/20140328-saarland,https://www.iana.org/domains/root/db/saarland.html,2026-10-04T08:38:56.861970+00:00
.safe,.safe,"Delegation of the .safe domain to Amazon Registry Services, Inc.",2015-12-02,https://www.iana.org/reports/c.2.9.2.d/20151202-safe,https://www.iana.org/domains/root/db/safe.html,2026-10-04T08:38:56.762388+00:00
.safety,.safety,"Delegation of the .safety domain to Safety Registry Services, LLC.",2015-12-22,https://www.iana.org/reports/c.2.9.2.d/20151222-safety,https://www.iana.org/domains/root/db/safety.html,2026-10-04T08:38:56.871640+00:00
.safety,.safety,"Transfer of the .safety domain to Jolly Host, LLC",2026-07-08,https://www.iana.org/reports/tld-transfer/20260708-safety,https://www.iana.org/domains/root/db/safety.html,2026-10-04T08:38:56.871640+00:00
.sakura,.sakura,Delegation of the .sakura domain to SAKURA Internet Inc.,2015-06-29,https://www.iana.org/reports/c.2.9.2.d/20150629-sakura,https://www.iana.org/domains/root/db/sakura.html,2026-10-04T08:38:57.183619+00:00
.sale,.sale,"Delegation of the .sale domain to United TLD Holdco, Ltd",2014-12-22,https://www.iana.org/reports/c.2.9.2.d/20141222-sale,https://www.iana.org/domains/root/db/sale.html,2026-10-04T08:38:56.697079+00:00
.sale,.sale,"Transfer of the .sale domain to Dog Beach, LLC",2021-06-02,https://www.iana.org/reports/tld-transfer/20210602-sale,https://www.iana.org/domains/root/db/sale.html,2026-10-04T08:38:56.697079+00:00
.salon,.salon,"Delegation of the .salon domain to Outer Orchard, LLC",2015-12-01,https://www.iana.org/reports/c.2.9.2.d/20151201-salon,https://www.iana.org/domains/root/db/salon.html,2026-10-04T08:38:56.835592+00:00
.salon,.salon,Transfer of the .academy domain and 195 others,2018-03-23,https://www.iana.org/reports/tld-transfer/20180323-binkymoon,https://www.iana.org/domains/root/db/salon.html,2026-10-04T08:38:56.835592+00:00
.samsclub,.samsclub,"Delegation of the .samsclub domain to Wal-Mart Stores, Inc.",2016-08-16,https://www.iana.org/reports/c.2.9.2.d/20160816-samsclub,https://www.iana.org/domains/root/db/samsclub.html,2026-10-04T08:38:56.831385+00:00
.samsung,.samsung,"Delegation of the .samsung domain to SAMSUNG SDS CO., LTD",2014-12-05,https://www.iana.org/reports/c.2.9.2.d/20141205-samsung,https://www.iana.org/domains/root/db/samsung.html,2026-10-04T08:38:56.867723+00:00
.sandvik,.sandvik,Delegation of the .sandvik domain to Sandvik AB,2015-05-22,https://www.iana.org/reports/c.2.9.2.d/20150522-sandvik,https://www.iana.org/domains/root/db/sandvik.html,2026-10-04T08:38:56.711214+00:00
.sandvikcoromant,.sandvikcoromant,Delegation of the .sandvikcoromant domain to Sandvik AB,2015-05-22,https://www.iana.org/reports/c.2.9.2.d/20150522-sandvikcoromant,https://www.iana.org/domains/root/db/sandvikcoromant.html,2026-10-04T08:39:04.076435+00:00
.sanofi,.sanofi,Delegation of the .sanofi domain to Sanofi,2015-07-22,https://www.iana.org/reports/c.2.9.2.d/20150722-sanofi,https://www.iana.org/domains/root/db/sanofi.html,2026-10-04T08:39:03.781649+00:00
.sap,.sap,Delegation of the .sap domain to SAP AG,2015-03-25,https://www.iana.org/reports/c.2.9.2.d/20150325-sap,https://www.iana.org/domains/root/db/sap.html,2026-10-04T08:39:04.179407+00:00
.sapo,.sapo,Delegation of the .sapo domain to PT Comunicacoes S.A.,2015-10-28,https://www.iana.org/reports/c.2.9.2.d/20151028-sapo,https://www.iana.org/domains/root/db/sapo.html,2026-10-04T08:39:04.164349+00:00
.sapo,.sapo,Revocation of the .sapo domain,2018-05-21,https://www.iana.org/reports/tld-transfer/20180521-sapo,https://www.iana.org/domains/root/db/sapo.html,2026-10-04T08:39:04.164349+00:00
.sarl,.sarl,"Delegation of the .sarl domain to Delta Orchard, LLC",2014-08-05,https://www.iana.org/reports/c.2.9.2.d/20140805-sarl,https://www.iana.org/domains/root/db/sarl.html,2026-10-04T08:39:03.806597+00:00
.sarl,.sarl,Transfer of the .academy domain and 195 others,2018-03-23,https://www.iana.org/reports/tld-transfer/20180323-binkymoon,https://www.iana.org/domains/root/db/sarl.html,2026-10-04T08:39:03.806597+00:00
.sas,.sas,Delegation of the .sas domain to Research IP LLC,2015-12-16,https://www.iana.org/reports/c.2.9.2.d/20151216-sas,https://www.iana.org/domains/root/db/sas.html,2026-10-04T08:39:03.889433+00:00
.save,.save,"Delegation of the .save domain to Amazon Registry Services, Inc.",2016-06-02,https://www.iana.org/reports/c.2.9.2.d/20160602-save,https://www.iana.org/domains/root/db/save.html,2026-10-04T08:39:03.735581+00:00
.saxo,.saxo,Delegation of the .saxo domain to Saxo Bank A/S,2015-02-05,https://www.iana.org/reports/c.2.9.2.d/20150205-saxo,https://www.iana.org/domains/root/db/saxo.html,2026-10-04T08:39:03.720268+00:00
.sbi,.sbi,Delegation of the .sbi domain to State Bank of India,2016-04-12,https://www.iana.org/reports/c.2.9.2.d/20160412-sbi,https://www.iana.org/domains/root/db/sbi.html,2026-10-04T08:39:03.722213+00:00
.sbs,.sbs,Delegation of the .sbs domain to Special Broadcasting Service Corporation,2015-10-27,https://www.iana.org/reports/c.2.9.2.d/20151027-sbs,https://www.iana.org/domains/root/db/sbs.html,2026-10-04T08:39:09.899645+00:00
.sbs,.sbs,Transfer of the .sbs domain to Shortdot SA,2024-04-30,https://www.iana.org/reports/tld-transfer/20240430-sbs,https://www.iana.org/domains/root/db/sbs.html,2026-10-04T08:39:09.899645+00:00
.sca,.sca,Delegation of the .sca domain to SVENSKA CELLULOSA AKTIEBOLAGET SCA (publ),2014-08-11,https://www.iana.org/reports/c.2.9.2.d/20140811-sca,https://www.iana.org/domains/root/db/sca.html,2026-10-04T08:39:09.922680+00:00
.sca,.sca,Revocation of the .sca domain,2023-12-11,https://www.iana.org/reports/tld-transfer/20231211-sca,https://www.iana.org/domains/root/db/sca.html,2026-10-04T08:39:09.922680+00:00
.scb,.scb,"Delegation of the .scb domain to The Siam Commercial Bank Public Company Limited (""SCB"")",2014-07-09,https://www.iana.org/reports/c.2.9.2.d/20140709-scb,https://www.iana.org/domains/root/db/scb.html,2026-10-04T08:39:09.924573+00:00
.schaeffler,.schaeffler,Delegation of the .schaeffler domain to Schaeffler Technologies AG & Co. KG,2015-12-22,https://www.iana.org/reports/c.2.9.2.d/20151222-schaeffler,https://www.iana.org/domains/root/db/schaeffler.html,2026-10-04T08:39:09.910782+00:00
.schmidt,.schmidt,Delegation of the .schmidt domain to SALM S.A.S.,2014-07-01,https://www.iana.org/reports/c.2.9.2.d/20140701-schmidt,https://www.iana.org/domains/root/db/schmidt.html,2026-10-04T08:39:09.899115+00:00
.scholarships,.scholarships,"Delegation of the .scholarships domain to Scholarships.com, LLC",2015-03-30,https://www.iana.org/reports/c.2.9.2.d/20150330-scholarships,https://www.iana.org/domains/root/db/scholarships.html,2026-10-04T08:39:09.906419+00:00
.school,.school,"Delegation of the .school domain to Little Galley, LLC",2015-02-16,https://www.iana.org/reports/c.2.9.2.d/20150216-school,https://www.iana.org/domains/root/db/school.html,2026-10-04T08:39:09.914479+00:00
.school,.school,Transfer of the .academy domain and 195 others,2018-03-23,https://www.iana.org/reports/tld-transfer/20180323-binkymoon,https://www.iana.org/domains/root/db/school.html,2026-10-04T08:39:09.914479+00:00
.schule,.schule,"Delegation of the .schule domain to Outer Moon, LLC",2014-04-14,https://www.iana.org/reports/c.2.9.2.d/20140414-schule,https://www.iana.org/domains/root/db/schule.html,2026-10-04T08:39:09.897290+00:00
.schule,.schule,Transfer of the .academy domain and 195 others,2018-03-23,https://www.iana.org/reports/tld-transfer/20180323-binkymoon,https://www.iana.org/domains/root/db/schule.html,2026-10-04T08:39:09.897290+00:00
.schwarz,.schwarz,Delegation of the .schwarz domain to Schwarz Domains und Services GmbH & Co. KG,2014-12-10,https://www.iana.org/reports/c.2.9.2.d/20141210-schwarz,https://www.iana.org/domains/root/db/schwarz.html,2026-10-04T08:39:09.906063+00:00
.science,.science,Delegation of the .science domain to dot Science Limited,2014-11-05,https://www.iana.org/reports/c.2.9.2.d/20141105-science,https://www.iana.org/domains/root/db/science.html,2026-10-04T08:39:17.477652+00:00
.scjohnson,.scjohnson,"Delegation of the .scjohnson domain to Johnson Shareholdings, Inc.",2016-07-15,https://www.iana.org/reports/c.2.9.2.d/20160715-scjohnson,https://www.iana.org/domains/root/db/scjohnson.html,2026-10-04T08:39:17.683368+00:00
.scjohnson,.scjohnson,Revocation of the .scjohnson domain,2021-12-03,https://www.iana.org/reports/tld-transfer/20211203-scjohnson,https://www.iana.org/domains/root/db/scjohnson.html,2026-10-04T08:39:17.683368+00:00
.scor,.scor,Revocation of the .scor domain,2020-05-28,https://www.iana.org/reports/tld-transfer/20200528-scor,https://www.iana.org/domains/root/db/scor.html,2026-10-04T08:39:17.721214+00:00
.scor,.scor,Delegation of the .scor domain to SCOR SE,2015-06-22,https://www.iana.org/reports/tld-transfer/20150622-scor,https://www.iana.org/domains/root/db/scor.html,2026-10-04T08:39:17.721214+00:00
.scot,.scot,Delegation of the .scot domain to Dot Scot Registry Limited,2014-06-10,https://www.iana.org/reports/c.2.9.2.d/20140610-scot,https://www.iana.org/domains/root/db/scot.html,2026-10-04T08:39:17.535592+00:00
.sd,.sd,IANA Report on Redelegation of the .SD Top-Level Domain,2002-12-20,https://www.iana.org/reports/2002/sd-report-20dec02.html,https://www.iana.org/domains/root/db/sd.html,2026-10-04T08:39:17.531393+00:00
.search,.search,Delegation of the .search domain to Charleston Road Registry Inc.,2017-06-29,https://www.iana.org/reports/tld-transfer/20170629-search,https://www.iana.org/domains/root/db/search.html,2026-10-04T08:39:17.479221+00:00
.seat,.seat,"Delegation of the .seat domain to SEAT, S.A. (Sociedad Unipersonal)",2015-04-16,https://www.iana.org/reports/c.2.9.2.d/20150416-seat,https://www.iana.org/domains/root/db/seat.html,2026-10-04T08:39:17.531213+00:00
.secure,.secure,"Delegation of the .secure domain to Amazon Registry Services, Inc.",2016-08-05,https://www.iana.org/reports/c.2.9.2.d/20160805-secure,https://www.iana.org/domains/root/db/secure.html,2026-10-04T08:39:17.532849+00:00
.security,.security,Delegation of the .security domain to XYZ.COM LLC,2015-09-15,https://www.iana.org/reports/c.2.9.2.d/20150915-security,https://www.iana.org/domains/root/db/security.html,2026-10-04T08:39:17.537469+00:00
.seek,.seek,Delegation of the .seek domain to Seek Limited,2015-08-10,https://www.iana.org/reports/c.2.9.2.d/20150810-seek,https://www.iana.org/domains/root/db/seek.html,2026-10-04T08:39:24.418708+00:00
.select,.select,Delegation of the .select domain to iSelect Ltd,2016-01-12,https://www.iana.org/reports/c.2.9.2.d/20160112-select,https://www.iana.org/domains/root/db/select.html,2026-10-04T08:39:24.426227+00:00
.select,.select,"Transfer of the .select domain to Registry Services, LLC",2019-08-07,https://www.iana.org/reports/tld-transfer/20190807-select,https://www.iana.org/domains/root/db/select.html,2026-10-04T08:39:24.426227+00:00
.sener,.sener,"Delegation of the .sener domain to Sener Ingeniería y Sistemas, S.A.",2015-04-28,https://www.iana.org/reports/c.2.9.2.d/20150428-sener,https://www.iana.org/domains/root/db/sener.html,2026-10-04T08:39:24.432051+00:00
.services,.services,"Delegation of the .services domain to Fox Castle, LLC",2014-04-09,https://www.iana.org/reports/c.2.9.2.d/20140409-services,https://www.iana.org/domains/root/db/services.html,2026-10-04T08:39:24.434451+00:00
.services,.services,Transfer of the .academy domain and 195 others,2018-03-23,https://www.iana.org/reports/tld-transfer/20180323-binkymoon,https://www.iana.org/domains/root/db/services.html,2026-10-04T08:39:24.434451+00:00
.ses,.ses,Delegation of the .ses domain to SES,2016-07-06,https://www.iana.org/reports/c.2.9.2.d/20160706-ses,https://www.iana.org/domains/root/db/ses.html,2026-10-04T08:39:24.446370+00:00
.ses,.ses,Revocation of the .ses domain,2022-12-16,https://www.iana.org/reports/tld-transfer/20221216-ses,https://www.iana.org/domains/root/db/ses.html,2026-10-04T08:39:24.446370+00:00
.seven,.seven,Delegation of the .seven domain to Seven West Media Ltd,2015-09-25,https://www.iana.org/reports/c.2.9.2.d/20150925-seven,https://www.iana.org/domains/root/db/seven.html,2026-10-04T08:39:24.434548+00:00
.sew,.sew,Delegation of the .sew domain to SEW-EURODRIVE GmbH & Co. KG,2014-12-10,https://www.iana.org/reports/c.2.9.2.d/20141210-sew,https://www.iana.org/domains/root/db/sew.html,2026-10-04T08:39:24.413364+00:00
.sex,.sex,Delegation of the .sex domain to ICM Registry SX LLC,2015-04-16,https://www.iana.org/reports/c.2.9.2.d/20150416-sex,https://www.iana.org/domains/root/db/sex.html,2026-10-04T08:39:24.433571+00:00
.sexy,.sexy,"Delegation of the .SEXY domain to Uniregistry, Corp.",2013-11-11,https://www.iana.org/reports/c.2.9.2.d/20131111-sexy,https://www.iana.org/domains/root/db/sexy.html,2026-10-04T08:39:24.425939+00:00
.sexy,.sexy,Transfer of the .sexy domain to Internet Naming Co.,2022-11-16,https://www.iana.org/reports/tld-transfer/20221116-sexy,https://www.iana.org/domains/root/db/sexy.html,2026-10-04T08:39:24.425939+00:00
.sfr,.sfr,Delegation of the .sfr domain to Societe Francaise du Radiotelephone - SFR,2015-11-24,https://www.iana.org/reports/c.2.9.2.d/20151124-sfr,https://www.iana.org/domains/root/db/sfr.html,2026-10-04T08:39:24.363077+00:00
.shangrila,.shangrila,Delegation of the .shangrila domain to Shangri-La International Hotel Management Limited,2016-06-30,https://www.iana.org/reports/c.2.9.2.d/20160630-shangrila,https://www.iana.org/domains/root/db/shangrila.html,2026-10-04T08:39:31.096356+00:00
.sharp,.sharp,Delegation of the .sharp domain to Sharp Corporation,2015-12-01,https://www.iana.org/reports/c.2.9.2.d/20151201-sharp,https://www.iana.org/domains/root/db/sharp.html,2026-10-04T08:39:31.088332+00:00
.shaw,.shaw,Delegation of the .shaw domain to Shaw Cablesystems G.P.,2016-03-15,https://www.iana.org/reports/c.2.9.2.d/20160315-shaw,https://www.iana.org/domains/root/db/shaw.html,2026-10-04T08:39:31.178351+00:00
.shaw,.shaw,Revocation of the .shaw domain,2024-07-09,https://www.iana.org/reports/tld-transfer/20240709-shaw,https://www.iana.org/domains/root/db/shaw.html,2026-10-04T08:39:31.178351+00:00
.shell,.shell,Delegation of the .shell domain to Shell Information Technology International Inc,2015-12-08,https://www.iana.org/reports/c.2.9.2.d/20151208-shell,https://www.iana.org/domains/root/db/shell.html,2026-10-04T08:39:31.096642+00:00
.shia,.shia,Delegation of the .shia domain to Asia Green IT System Bilgisayar San. ve Tic. Ltd. Sti.,2015-12-01,https://www.iana.org/reports/c.2.9.2.d/20151201-shia,https://www.iana.org/domains/root/db/shia.html,2026-10-04T08:39:31.114469+00:00
.shiksha,.shiksha,Delegation of the .SHIKSHA domain to Afilias Limited,2014-01-17,https://www.iana.org/reports/c.2.9.2.d/20140117-shiksha,https://www.iana.org/domains/root/db/shiksha.html,2026-10-04T08:39:31.085868+00:00
.shoes,.shoes,"Delegation of the .SHOES domain to Binky Galley, LLC",2013-12-12,https://www.iana.org/reports/c.2.9.2.d/20131212-shoes,https://www.iana.org/domains/root/db/shoes.html,2026-10-04T08:39:31.096216+00:00
.shoes,.shoes,Transfer of the .academy domain and 195 others,2018-03-23,https://www.iana.org/reports/tld-transfer/20180323-binkymoon,https://www.iana.org/domains/root/db/shoes.html,2026-10-04T08:39:31.096216+00:00
.shop,.shop,"Delegation of the .shop domain to GMO Registry, Inc.",2016-05-09,https://www.iana.org/reports/c.2.9.2.d/20160509-shop,https://www.iana.org/domains/root/db/shop.html,2026-10-04T06:22:18.500Z
.shopping,.shopping,"Delegation of the .shopping domain to Over Keep, LLC",2016-06-13,https://www.iana.org/reports/c.2.9.2.d/20160613-shopping,https://www.iana.org/domains/root/db/shopping.html,2026-10-04T08:39:31.094460+00:00
.shopping,.shopping,Transfer of the .academy domain and 195 others,2018-03-23,https://www.iana.org/reports/tld-transfer/20180323-binkymoon,https://www.iana.org/domains/root/db/shopping.html,2026-10-04T08:39:31.094460+00:00
.shouji,.shouji,Delegation of the .shouji domain to QIHOO 360 Technology Co. Ltd.,2016-03-25,https://www.iana.org/reports/c.2.9.2.d/20160325-shouji,https://www.iana.org/domains/root/db/shouji.html,2026-10-04T08:39:38.267462+00:00
.shouji,.shouji,"Transfer of the .shouji domain to Beijing Qihu Keji Co., Ltd.",2025-10-24,https://www.iana.org/reports/tld-transfer/20251024-shouji,https://www.iana.org/domains/root/db/shouji.html,2026-10-04T08:39:38.267462+00:00
.show,.show,"Delegation of the .show domain to Snow Beach, LLC",2015-04-14,https://www.iana.org/reports/c.2.9.2.d/20150414-show,https://www.iana.org/domains/root/db/show.html,2026-10-04T08:39:38.260006+00:00
.show,.show,Transfer of the .academy domain and 195 others,2018-03-23,https://www.iana.org/reports/tld-transfer/20180323-binkymoon,https://www.iana.org/domains/root/db/show.html,2026-10-04T08:39:38.260006+00:00
.showtime,.showtime,Delegation of the .showtime domain to CBS Domains Inc.,2016-08-01,https://www.iana.org/reports/c.2.9.2.d/20160801-showtime,https://www.iana.org/domains/root/db/showtime.html,2026-10-04T08:39:38.741477+00:00
.showtime,.showtime,Revocation of the .showtime domain,2023-10-25,https://www.iana.org/reports/tld-transfer/20231025-showtime,https://www.iana.org/domains/root/db/showtime.html,2026-10-04T08:39:38.741477+00:00
.shriram,.shriram,Delegation of the .shriram domain to Shriram Capital Ltd.,2014-12-24,https://www.iana.org/reports/c.2.9.2.d/20141224-shriram,https://www.iana.org/domains/root/db/shriram.html,2026-10-04T08:39:38.343399+00:00
.shriram,.shriram,Revocation of the .shriram domain,2020-11-24,https://www.iana.org/reports/tld-transfer/20201124-shriram,https://www.iana.org/domains/root/db/shriram.html,2026-10-04T08:39:38.343399+00:00
.silk,.silk,"Delegation of the .silk domain to Amazon Registry Services, Inc.",2016-06-02,https://www.iana.org/reports/c.2.9.2.d/20160602-silk,https://www.iana.org/domains/root/db/silk.html,2026-10-04T08:39:38.272706+00:00
.sina,.sina,Delegation of the .sina domain to Sina Corporation,2016-03-28,https://www.iana.org/reports/c.2.9.2.d/20160328-sina,https://www.iana.org/domains/root/db/sina.html,2026-10-04T08:39:38.266599+00:00
.singles,.singles,"Delegation of the .SINGLES domain to Fern Madison, LLC",2013-11-04,https://www.iana.org/reports/c.2.9.2.d/20131104-singles,https://www.iana.org/domains/root/db/singles.html,2026-10-04T08:39:38.211859+00:00
.singles,.singles,Transfer of the .academy domain and 195 others,2018-03-23,https://www.iana.org/reports/tld-transfer/20180323-binkymoon,https://www.iana.org/domains/root/db/singles.html,2026-10-04T08:39:38.211859+00:00
.site,.site,Delegation of the .site domain to DotSite Inc.,2015-03-12,https://www.iana.org/reports/c.2.9.2.d/20150312-site,https://www.iana.org/domains/root/db/site.html,2026-10-04T08:39:38.342133+00:00
.site,.site,Transfer of the .site domain to Radix FZC,2021-08-31,https://www.iana.org/reports/tld-transfer/20210831-site,https://www.iana.org/domains/root/db/site.html,2026-10-04T08:39:38.342133+00:00
.site,.site,Transfer of the .site domain to Radix Technologies Inc.,2024-02-07,https://www.iana.org/reports/tld-transfer/20240207-site,https://www.iana.org/domains/root/db/site.html,2026-10-04T08:39:38.342133+00:00
.ski,.ski,Delegation of the .ski domain to STARTING DOT LIMITED,2015-05-27,https://www.iana.org/reports/c.2.9.2.d/20150527-ski,https://www.iana.org/domains/root/db/ski.html,2026-10-04T08:39:44.643431+00:00
.ski,.ski,Transfer of the .ski domain to Afilias Limited,2019-05-08,https://www.iana.org/reports/tld-transfer/20190508-ski,https://www.iana.org/domains/root/db/ski.html,2026-10-04T08:39:44.643431+00:00
.skin,.skin,Delegation of the .skin domain to L'Oréal,2016-01-11,https://www.iana.org/reports/c.2.9.2.d/20160111-skin,https://www.iana.org/domains/root/db/skin.html,2026-10-04T08:39:44.705600+00:00
.skin,.skin,Transfer of the .skin domain to XYZ.COM LLC,2020-09-15,https://www.iana.org/reports/tld-transfer/20200915-skin,https://www.iana.org/domains/root/db/skin.html,2026-10-04T08:39:44.705600+00:00
.sky,.sky,Delegation of the .sky domain to Sky IP International Ltd,2014-12-05,https://www.iana.org/reports/c.2.9.2.d/20141205-sky,https://www.iana.org/domains/root/db/sky.html,2026-10-04T08:39:44.803403+00:00
.sky,.sky,Transfer of the .sky domain to Sky UK Limited,2024-11-25,https://www.iana.org/reports/tld-transfer/20241125-sky,https://www.iana.org/domains/root/db/sky.html,2026-10-04T08:39:44.803403+00:00
.skype,.skype,Delegation of the .skype domain to Microsoft Corporation,2015-06-22,https://www.iana.org/reports/c.2.9.2.d/20150622-skype,https://www.iana.org/domains/root/db/skype.html,2026-10-04T08:39:44.717595+00:00
.sling,.sling,Delegation of the .sling domain to Hughes Satellite Systems Corporation,2016-08-08,https://www.iana.org/reports/c.2.9.2.d/20160808-sling,https://www.iana.org/domains/root/db/sling.html,2026-10-04T08:39:44.712792+00:00
.sling,.sling,Transfer of the .sling domain to DISH Technologies L.L.C.,2024-04-25,https://www.iana.org/reports/tld-transfer/20240425-sling,https://www.iana.org/domains/root/db/sling.html,2026-10-04T08:39:44.712792+00:00
.smart,.smart,"Delegation of the .smart domain to Smart Communications, Inc. (SMART)",2016-07-12,https://www.iana.org/reports/c.2.9.2.d/20160712-smart,https://www.iana.org/domains/root/db/smart.html,2026-10-04T08:39:44.712363+00:00
.smile,.smile,"Delegation of the .smile domain to Amazon Registry Services, Inc.",2015-12-02,https://www.iana.org/reports/c.2.9.2.d/20151202-smile,https://www.iana.org/domains/root/db/smile.html,2026-10-04T08:39:44.711883+00:00
.sncf,.sncf,Delegation of the .sncf domain to SNCF (Société Nationale des Chemins de fer Francais),2015-05-29,https://www.iana.org/reports/c.2.9.2.d/20150529-sncf,https://www.iana.org/domains/root/db/sncf.html,2026-10-04T08:39:52.508564+00:00
.so,.so,"Report on the Redelegation of the .SO Top-Level Domain to the ""Ministry of Post and Telecommunications of the Transitional Federal Government of Somalia""",2009-02-03,https://www.iana.org/reports/2009/so-report-03feb2009.html,https://www.iana.org/domains/root/db/so.html,2026-10-04T08:39:52.581627+00:00
.soccer,.soccer,"Delegation of the .soccer domain to Foggy Shadow, LLC",2015-05-11,https://www.iana.org/reports/c.2.9.2.d/20150511-soccer,https://www.iana.org/domains/root/db/soccer.html,2026-10-04T08:39:52.572325+00:00
.soccer,.soccer,Transfer of the .academy domain and 195 others,2018-03-23,https://www.iana.org/reports/tld-transfer/20180323-binkymoon,https://www.iana.org/domains/root/db/soccer.html,2026-10-04T08:39:52.572325+00:00
.social,.social,Delegation of the .SOCIAL domain to United TLD Holdco Ltd.,2014-01-10,https://www.iana.org/reports/c.2.9.2.d/20140110-social,https://www.iana.org/domains/root/db/social.html,2026-10-04T08:39:52.574671+00:00
.social,.social,"Transfer of the .social domain to Dog Beach, LLC",2021-06-02,https://www.iana.org/reports/tld-transfer/20210602-social,https://www.iana.org/domains/root/db/social.html,2026-10-04T08:39:52.574671+00:00
.softbank,.softbank,Delegation of the .softbank domain to SoftBank Corp.,2016-01-13,https://www.iana.org/reports/c.2.9.2.d/20160113-softbank,https://www.iana.org/domains/root/db/softbank.html,2026-10-04T08:39:52.569138+00:00
.software,.software,"Delegation of the .software domain to United TLD Holdco, Ltd",2014-05-28,https://www.iana.org/reports/c.2.9.2.d/20140528-software,https://www.iana.org/domains/root/db/software.html,2026-10-04T08:39:52.576559+00:00
.software,.software,"Transfer of the .software domain to Dog Beach, LLC",2021-06-02,https://www.iana.org/reports/tld-transfer/20210602-software,https://www.iana.org/domains/root/db/software.html,2026-10-04T08:39:52.576559+00:00
.sohu,.sohu,Delegation of the .sohu domain to Sohu.com Limited,2014-03-21,https://www.iana.org/reports/c.2.9.2.d/20140321-sohu,https://www.iana.org/domains/root/db/sohu.html,2026-10-04T08:39:52.565389+00:00
.solar,.solar,"Delegation of the .SOLAR domain to Ruby Town, LLC",2013-12-20,https://www.iana.org/reports/c.2.9.2.d/20131220-solar,https://www.iana.org/domains/root/db/solar.html,2026-10-04T08:39:52.560553+00:00
.solar,.solar,Transfer of the .academy domain and 195 others,2018-03-23,https://www.iana.org/reports/tld-transfer/20180323-binkymoon,https://www.iana.org/domains/root/db/solar.html,2026-10-04T08:39:52.560553+00:00
.solutions,.solutions,"Delegation of the .SOLUTIONS domain to Silver Cover, LLC",2013-12-20,https://www.iana.org/reports/c.2.9.2.d/20131220-solutions,https://www.iana.org/domains/root/db/solutions.html,2026-10-04T08:39:52.632325+00:00
.solutions,.solutions,Transfer of the .academy domain and 195 others,2018-03-23,https://www.iana.org/reports/tld-transfer/20180323-binkymoon,https://www.iana.org/domains/root/db/solutions.html,2026-10-04T08:39:52.632325+00:00
.song,.song,"Delegation of the .song domain to Amazon Registry Services, Inc.",2016-02-17,https://www.iana.org/reports/c.2.9.2.d/20160217-song,https://www.iana.org/domains/root/db/song.html,2026-10-04T08:39:52.575101+00:00
.sony,.sony,Delegation of the .sony domain to Sony Corporation,2015-04-14,https://www.iana.org/reports/c.2.9.2.d/20150414-sony,https://www.iana.org/domains/root/db/sony.html,2026-10-04T08:39:58.549976+00:00
.soy,.soy,Delegation of the .soy domain to Charleston Road Registry Inc.,2014-04-16,https://www.iana.org/reports/c.2.9.2.d/20140416-soy,https://www.iana.org/domains/root/db/soy.html,2026-10-04T08:39:58.556189+00:00
.spa,.spa,Delegation of the .spa domain to Asia Spa and Wellness Promotion Council Limited,2020-10-16,https://www.iana.org/reports/tld-transfer/20201016-spa,https://www.iana.org/domains/root/db/spa.html,2026-10-04T08:39:58.563888+00:00
.space,.space,Delegation of the .space domain to DotSpace Inc.,2014-05-27,https://www.iana.org/reports/c.2.9.2.d/20140527-space,https://www.iana.org/domains/root/db/space.html,2026-10-04T08:39:58.570198+00:00
.space,.space,Transfer of the .space domain to Radix FZC,2021-08-26,https://www.iana.org/reports/tld-transfer/20210826-space,https://www.iana.org/domains/root/db/space.html,2026-10-04T08:39:58.570198+00:00
.space,.space,Transfer of the .space domain to Radix Technologies Inc.,2024-02-07,https://www.iana.org/reports/tld-transfer/20240207-space,https://www.iana.org/domains/root/db/space.html,2026-10-04T08:39:58.570198+00:00
.spiegel,.spiegel,Delegation of the .spiegel domain to SPIEGEL-Verlag Rudolf Augstein GmbH & Co. KG,2014-07-16,https://www.iana.org/reports/c.2.9.2.d/20140716-spiegel,https://www.iana.org/domains/root/db/spiegel.html,2026-10-04T08:39:58.623628+00:00
.spiegel,.spiegel,Revocation of the .spiegel domain,2018-12-14,https://www.iana.org/reports/tld-transfer/20181214-spiegel,https://www.iana.org/domains/root/db/spiegel.html,2026-10-04T08:39:58.623628+00:00
.sport,.sport,Delegation of the .sport domain to Global Association of International Sports Federations (GAISF),2018-01-08,https://www.iana.org/reports/tld-transfer/20180108-sport,https://www.iana.org/domains/root/db/sport.html,2026-10-04T08:39:58.566825+00:00
.sport,.sport,Transfer of the .sport domain to SportAccord,2023-07-14,https://www.iana.org/reports/tld-transfer/20230714-sport,https://www.iana.org/domains/root/db/sport.html,2026-10-04T08:39:58.566825+00:00
.spot,.spot,"Delegation of the .spot domain to Amazon Registry Services, Inc.",2016-02-17,https://www.iana.org/reports/c.2.9.2.d/20160217-spot,https://www.iana.org/domains/root/db/spot.html,2026-10-04T08:39:58.546302+00:00
.spreadbetting,.spreadbetting,Delegation of the .spreadbetting domain to Dotspreadbetting Registry Ltd,2015-03-11,https://www.iana.org/reports/c.2.9.2.d/20150311-spreadbetting,https://www.iana.org/domains/root/db/spreadbetting.html,2026-10-04T08:39:58.628621+00:00
.spreadbetting,.spreadbetting,Revocation of the .spreadbetting domain,2021-04-21,https://www.iana.org/reports/tld-transfer/20210421-spreadbetting,https://www.iana.org/domains/root/db/spreadbetting.html,2026-10-04T08:39:58.628621+00:00
.srl,.srl,"Delegation of the .srl domain to InterNetX, Corp.",2015-07-22,https://www.iana.org/reports/c.2.9.2.d/20150722-srl,https://www.iana.org/domains/root/db/srl.html,2026-10-04T08:39:58.569714+00:00
.srt,.srt,Delegation of the .srt domain to FCA US Llc,2016-07-25,https://www.iana.org/reports/c.2.9.2.d/20160725-srt,https://www.iana.org/domains/root/db/srt.html,2026-10-04T08:40:05.726447+00:00
.srt,.srt,Revocation of the .srt domain,2019-11-20,https://www.iana.org/reports/tld-transfer/20191120-srt,https://www.iana.org/domains/root/db/srt.html,2026-10-04T08:40:05.726447+00:00
.ss,.ss,Delegation of the .ss domain,2019-01-08,https://www.iana.org/reports/2019/ss-report-20190108.html,https://www.iana.org/domains/root/db/ss.html,2026-10-04T08:40:05.767518+00:00
.stada,.stada,Delegation of the .stada domain to STADA Arzneimittel AG,2015-09-09,https://www.iana.org/reports/c.2.9.2.d/20150909-stada,https://www.iana.org/domains/root/db/stada.html,2026-10-04T08:40:05.766163+00:00
.staples,.staples,"Delegation of the .staples domain to Staples, Inc.",2016-07-12,https://www.iana.org/reports/c.2.9.2.d/20160712-staples,https://www.iana.org/domains/root/db/staples.html,2026-10-04T08:40:05.823448+00:00
.star,.star,Delegation of the .star domain to Star India Private Limited,2015-12-18,https://www.iana.org/reports/c.2.9.2.d/20151218-star,https://www.iana.org/domains/root/db/star.html,2026-10-04T08:40:05.753308+00:00
.starhub,.starhub,Delegation of the .starhub domain to StarHub Limited,2015-06-16,https://www.iana.org/reports/c.2.9.2.d/20150616-starhub,https://www.iana.org/domains/root/db/starhub.html,2026-10-04T08:40:05.944141+00:00
.starhub,.starhub,Revocation of the .starhub domain,2019-08-03,https://www.iana.org/reports/tld-transfer/20190803-starhub,https://www.iana.org/domains/root/db/starhub.html,2026-10-04T08:40:05.944141+00:00
.statebank,.statebank,Delegation of the .statebank domain to State Bank of India,2016-04-12,https://www.iana.org/reports/c.2.9.2.d/20160412-statebank,https://www.iana.org/domains/root/db/statebank.html,2026-10-04T08:40:05.757508+00:00
.statefarm,.statefarm,Delegation of the .statefarm domain to State Farm Mutual Automobile Insurance Company,2015-12-22,https://www.iana.org/reports/c.2.9.2.d/20151222-statefarm,https://www.iana.org/domains/root/db/statefarm.html,2026-10-04T08:40:05.748605+00:00
.statoil,.statoil,Delegation of the .statoil domain to Statoil ASA,2015-06-16,https://www.iana.org/reports/c.2.9.2.d/20150616-statoil,https://www.iana.org/domains/root/db/statoil.html,2026-10-04T08:40:06.024879+00:00
.statoil,.statoil,Revocation of the .statoil domain,2018-10-03,https://www.iana.org/reports/tld-transfer/20181003-statoil,https://www.iana.org/domains/root/db/statoil.html,2026-10-04T08:40:06.024879+00:00
.stc,.stc,Delegation of the .stc domain to Saudi Telecom Company,2015-08-26,https://www.iana.org/reports/c.2.9.2.d/20150826-stc,https://www.iana.org/domains/root/db/stc.html,2026-10-04T08:40:11.812487+00:00
.stcgroup,.stcgroup,Delegation of the .stcgroup domain to Saudi Telecom Company,2015-08-26,https://www.iana.org/reports/c.2.9.2.d/20150826-stcgroup,https://www.iana.org/domains/root/db/stcgroup.html,2026-10-04T08:40:11.872795+00:00
.stockholm,.stockholm,Delegation of the .stockholm domain to Stockholms Kommun,2015-09-25,https://www.iana.org/reports/c.2.9.2.d/20150925-stockholm,https://www.iana.org/domains/root/db/stockholm.html,2026-10-04T08:40:11.867444+00:00
.storage,.storage,Delegation of the .storage domain to Self Storage Company LLC,2015-12-15,https://www.iana.org/reports/c.2.9.2.d/20151215-storage,https://www.iana.org/domains/root/db/storage.html,2026-10-04T08:40:11.817951+00:00
.store,.store,Delegation of the .store domain to DotStore Inc.,2016-02-17,https://www.iana.org/reports/c.2.9.2.d/20160217-store,https://www.iana.org/domains/root/db/store.html,2026-10-04T08:40:11.855895+00:00
.store,.store,Transfer of the .store domain to Radix FZC,2021-08-26,https://www.iana.org/reports/tld-transfer/20210826-store,https://www.iana.org/domains/root/db/store.html,2026-10-04T08:40:11.855895+00:00
.store,.store,Transfer of the .store domain to Radix Technologies Inc.,2024-02-07,https://www.iana.org/reports/tld-transfer/20240207-store,https://www.iana.org/domains/root/db/store.html,2026-10-04T08:40:11.855895+00:00
.stream,.stream,Delegation of the .stream domain to dot Stream Limited,2016-03-16,https://www.iana.org/reports/c.2.9.2.d/20160316-stream,https://www.iana.org/domains/root/db/stream.html,2026-10-04T08:40:11.877611+00:00
.studio,.studio,"Delegation of the .studio domain to United TLD Holdco, Ltd.",2015-07-06,https://www.iana.org/reports/c.2.9.2.d/20150706-studio,https://www.iana.org/domains/root/db/studio.html,2026-10-04T08:40:12.032268+00:00
.studio,.studio,"Transfer of the .studio domain to Dog Beach, LLC",2021-06-02,https://www.iana.org/reports/tld-transfer/20210602-studio,https://www.iana.org/domains/root/db/studio.html,2026-10-04T08:40:12.032268+00:00
.study,.study,Delegation of the .study domain to Open Universities Australia Pty Ltd,2015-02-24,https://www.iana.org/reports/c.2.9.2.d/20150224-study,https://www.iana.org/domains/root/db/study.html,2026-10-04T08:40:11.871622+00:00
.study,.study,"Transfer of the .study domain to Registry Services, LLC",2022-06-15,https://www.iana.org/reports/tld-transfer/20220615-study,https://www.iana.org/domains/root/db/study.html,2026-10-04T08:40:11.871622+00:00
.style,.style,"Delegation of the .style domain to Binky Moon, LLC",2015-02-03,https://www.iana.org/reports/c.2.9.2.d/20150203-style,https://www.iana.org/domains/root/db/style.html,2026-10-04T08:40:11.856582+00:00
.sucks,.sucks,Delegation of the .sucks domain to Vox Populi Registry Inc.,2015-02-24,https://www.iana.org/reports/c.2.9.2.d/20150224-sucks,https://www.iana.org/domains/root/db/sucks.html,2026-10-04T06:22:18.500Z
.supplies,.supplies,"Delegation of the .supplies domain to Atomic Fields, LLC",2014-02-14,https://www.iana.org/reports/c.2.9.2.d/20140214-supplies,https://www.iana.org/domains/root/db/supplies.html,2026-10-04T08:40:11.870006+00:00
.supplies,.supplies,Transfer of the .academy domain and 195 others,2018-03-23,https://www.iana.org/reports/tld-transfer/20180323-binkymoon,https://www.iana.org/domains/root/db/supplies.html,2026-10-04T08:40:11.870006+00:00
.supply,.supply,"Delegation of the .supply domain to Half Falls, LLC",2014-02-14,https://www.iana.org/reports/c.2.9.2.d/20140214-supply,https://www.iana.org/domains/root/db/supply.html,2026-10-04T08:40:18.728602+00:00
.supply,.supply,Transfer of the .academy domain and 195 others,2018-03-23,https://www.iana.org/reports/tld-transfer/20180323-binkymoon,https://www.iana.org/domains/root/db/supply.html,2026-10-04T08:40:18.728602+00:00
.support,.support,"Delegation of the .SUPPORT domain to Grand Orchard, LLC",2013-12-12,https://www.iana.org/reports/c.2.9.2.d/20131212-support,https://www.iana.org/domains/root/db/support.html,2026-10-04T08:40:18.790921+00:00
.support,.support,Transfer of the .academy domain and 195 others,2018-03-23,https://www.iana.org/reports/tld-transfer/20180323-binkymoon,https://www.iana.org/domains/root/db/support.html,2026-10-04T08:40:18.790921+00:00
.surf,.surf,Delegation of the .surf domain to Top Level Domain Holdings Limited,2014-06-11,https://www.iana.org/reports/c.2.9.2.d/20140611-surf,https://www.iana.org/domains/root/db/surf.html,2026-10-04T08:40:18.799636+00:00
.surf,.surf,"Transfer of the .surf domain to Registry Services, LLC",2021-09-14,https://www.iana.org/reports/tld-transfer/20210914-surf,https://www.iana.org/domains/root/db/surf.html,2026-10-04T08:40:18.799636+00:00
.surgery,.surgery,"Delegation of the .surgery domain to Tin Avenue, LLC",2014-04-21,https://www.iana.org/reports/c.2.9.2.d/20140421-surgery,https://www.iana.org/domains/root/db/surgery.html,2026-10-04T08:40:18.782287+00:00
.surgery,.surgery,Transfer of the .academy domain and 195 others,2018-03-23,https://www.iana.org/reports/tld-transfer/20180323-binkymoon,https://www.iana.org/domains/root/db/surgery.html,2026-10-04T08:40:18.782287+00:00
.suzuki,.suzuki,Delegation of the .suzuki domain to Suzuki Motor Corporation,2014-06-30,https://www.iana.org/reports/c.2.9.2.d/20140630-suzuki,https://www.iana.org/domains/root/db/suzuki.html,2026-10-04T08:40:18.796907+00:00
.swatch,.swatch,Delegation of the .swatch domain to The Swatch Group Ltd,2015-06-24,https://www.iana.org/reports/c.2.9.2.d/20150624-swatch,https://www.iana.org/domains/root/db/swatch.html,2026-10-04T08:40:18.746049+00:00
.swiftcover,.swiftcover,Delegation of the .swiftcover domain to Swiftcover Insurance Services Limited,2016-07-15,https://www.iana.org/reports/c.2.9.2.d/20160715-swiftcover,https://www.iana.org/domains/root/db/swiftcover.html,2026-10-04T08:40:19.179321+00:00
.swiftcover,.swiftcover,Revocation of the .swiftcover domain,2021-10-06,https://www.iana.org/reports/tld-transfer/20211006-swiftcover,https://www.iana.org/domains/root/db/swiftcover.html,2026-10-04T08:40:19.179321+00:00
.swiss,.swiss,Delegation of the .swiss domain to Swiss Confederation,2015-04-23,https://www.iana.org/reports/c.2.9.2.d/20150423-swiss,https://www.iana.org/domains/root/db/swiss.html,2026-10-04T06:22:18.500Z
.sx,.sx,Report on the Delegation of the .SX domain representing Sint Maarten (Dutch part) to SX Registry SA B.V.,2011-11-14,https://www.iana.org/reports/2011/sx-report-20111114.html,https://www.iana.org/domains/root/db/sx.html,2026-10-04T08:40:18.783199+00:00
.sy,.sy,Redelegation of the .SY domain representing the Syrian Arab Republic to the National Agency for Network Services,2011-01-07,https://www.iana.org/reports/2011/sy-report-07jan2011.html,https://www.iana.org/domains/root/db/sy.html,2026-10-04T08:40:18.790115+00:00
.sydney,.sydney,"Delegation of the .sydney domain to State of New South Wales, Department of Premier and Cabinet",2014-10-31,https://www.iana.org/reports/c.2.9.2.d/20141031-sydney,https://www.iana.org/domains/root/db/sydney.html,2026-10-04T08:40:24.813483+00:00
.symantec,.symantec,Delegation of the .symantec domain to Symantec Corporation,2015-12-01,https://www.iana.org/reports/c.2.9.2.d/20151201-symantec,https://www.iana.org/domains/root/db/symantec.html,2026-10-04T08:40:25.035137+00:00
.symantec,.symantec,Revocation of the .symantec domain,2020-07-17,https://www.iana.org/reports/tld-transfer/20200717-symantec,https://www.iana.org/domains/root/db/symantec.html,2026-10-04T08:40:25.035137+00:00
.systems,.systems,"Delegation of the .SYSTEMS domain to Dash Cypress, LLC",2013-12-12,https://www.iana.org/reports/c.2.9.2.d/20131212-systems,https://www.iana.org/domains/root/db/systems.html,2026-10-04T08:40:24.871318+00:00
.systems,.systems,Transfer of the .academy domain and 195 others,2018-03-23,https://www.iana.org/reports/tld-transfer/20180323-binkymoon,https://www.iana.org/domains/root/db/systems.html,2026-10-04T08:40:24.871318+00:00
.tab,.tab,Delegation of the .tab domain to Tabcorp Holdings Limited,2015-11-11,https://www.iana.org/reports/c.2.9.2.d/20151111-tab,https://www.iana.org/domains/root/db/tab.html,2026-10-04T08:40:24.878208+00:00
.taipei,.taipei,Delegation of the .taipei domain to Taipei City Government,2014-10-21,https://www.iana.org/reports/c.2.9.2.d/20141021-taipei,https://www.iana.org/domains/root/db/taipei.html,2026-10-04T08:40:24.877964+00:00
.talk,.talk,"Delegation of the .talk domain to Amazon Registry Services, Inc.",2016-03-23,https://www.iana.org/reports/c.2.9.2.d/20160323-talk,https://www.iana.org/domains/root/db/talk.html,2026-10-04T08:40:24.876416+00:00
.taobao,.taobao,Delegation of the .taobao domain to Alibaba Group Holding Limited,2016-01-19,https://www.iana.org/reports/c.2.9.2.d/20160119-taobao,https://www.iana.org/domains/root/db/taobao.html,2026-10-04T08:40:24.880930+00:00
.target,.target,"Delegation of the .target domain to Target Domain Holdings, LLC",2016-08-02,https://www.iana.org/reports/c.2.9.2.d/20160802-target,https://www.iana.org/domains/root/db/target.html,2026-10-04T08:40:24.882399+00:00
.tatamotors,.tatamotors,Delegation of the .tatamotors domain to Tata Motors Ltd,2015-07-22,https://www.iana.org/reports/c.2.9.2.d/20150722-tatamotors,https://www.iana.org/domains/root/db/tatamotors.html,2026-10-04T08:40:24.880750+00:00
.tatar,.tatar,"Delegation of the .tatar domain to Limited Liability Company ""Coordination Center of Regional Domain of Tatarstan Republic""",2014-08-04,https://www.iana.org/reports/c.2.9.2.d/20140804-tatar,https://www.iana.org/domains/root/db/tatar.html,2026-10-04T08:40:32.048360+00:00
.tattoo,.tattoo,"Delegation of the .TATTOO domain to Uniregistry, Corp.",2013-11-11,https://www.iana.org/reports/c.2.9.2.d/20131111-tattoo,https://www.iana.org/domains/root/db/tattoo.html,2026-10-04T08:40:32.099316+00:00
.tattoo,.tattoo,"Transfer of the .tattoo domain to Top Level Design, LLC",2022-08-10,https://www.iana.org/reports/tld-transfer/20220810-tattoo,https://www.iana.org/domains/root/db/tattoo.html,2026-10-04T08:40:32.099316+00:00
.tattoo,.tattoo,"Transfer of the .tattoo domain to Registry Services, LLC",2023-06-26,https://www.iana.org/reports/tld-transfer/20230626-tattoo,https://www.iana.org/domains/root/db/tattoo.html,2026-10-04T08:40:32.099316+00:00
.tax,.tax,"Delegation of the .tax domain to Storm Orchard, LLC",2014-04-21,https://www.iana.org/reports/c.2.9.2.d/20140421-tax,https://www.iana.org/domains/root/db/tax.html,2026-10-04T08:40:32.099759+00:00
.tax,.tax,Transfer of the .academy domain and 195 others,2018-03-23,https://www.iana.org/reports/tld-transfer/20180323-binkymoon,https://www.iana.org/domains/root/db/tax.html,2026-10-04T08:40:32.099759+00:00
.taxi,.taxi,"Delegation of the .taxi domain to Pine Falls, LLC",2015-05-04,https://www.iana.org/reports/c.2.9.2.d/20150504-taxi,https://www.iana.org/domains/root/db/taxi.html,2026-10-04T08:40:32.042289+00:00
.taxi,.taxi,Transfer of the .academy domain and 195 others,2018-03-23,https://www.iana.org/reports/tld-transfer/20180323-binkymoon,https://www.iana.org/domains/root/db/taxi.html,2026-10-04T08:40:32.042289+00:00
.tci,.tci,Delegation of the .tci domain to Asia Green IT System Bilgisayar San. ve Tic. Ltd. Sti.,2015-12-01,https://www.iana.org/reports/c.2.9.2.d/20151201-tci,https://www.iana.org/domains/root/db/tci.html,2026-10-04T08:40:32.104622+00:00
.td,.td,Transfer of the .TD (Chad) top-level domain to l'Agence de Développement des Technologies de l'Information et de la Communication (ADETIC),2018-02-27,https://www.iana.org/reports/2018/td-report-20180227.html,https://www.iana.org/domains/root/db/td.html,2026-10-04T08:40:32.049106+00:00
.tdk,.tdk,Delegation of the .tdk domain to TDK Corporation,2016-06-02,https://www.iana.org/reports/c.2.9.2.d/20160602-tdk,https://www.iana.org/domains/root/db/tdk.html,2026-10-04T08:40:32.103231+00:00
.team,.team,"Delegation of the .team domain to Atomic Lake, LLC",2015-04-14,https://www.iana.org/reports/c.2.9.2.d/20150414-team,https://www.iana.org/domains/root/db/team.html,2026-10-04T08:40:32.104154+00:00
.team,.team,Transfer of the .academy domain and 195 others,2018-03-23,https://www.iana.org/reports/tld-transfer/20180323-binkymoon,https://www.iana.org/domains/root/db/team.html,2026-10-04T08:40:32.104154+00:00
.tech,.tech,Delegation of the .tech domain to Dot Tech LLC,2015-03-18,https://www.iana.org/reports/c.2.9.2.d/20150318-tech,https://www.iana.org/domains/root/db/tech.html,2026-10-04T08:40:32.104108+00:00
.tech,.tech,Transfer of the .tech domain to Personals TLD Inc.,2021-02-01,https://www.iana.org/reports/tld-transfer/20210201-tech,https://www.iana.org/domains/root/db/tech.html,2026-10-04T08:40:32.104108+00:00
.tech,.tech,Transfer of the .tech domain to Radix FZC,2021-08-26,https://www.iana.org/reports/tld-transfer/20210826-tech,https://www.iana.org/domains/root/db/tech.html,2026-10-04T08:40:32.104108+00:00
.tech,.tech,Transfer of the .tech domain to Radix Technologies Inc.,2024-02-07,https://www.iana.org/reports/tld-transfer/20240207-tech,https://www.iana.org/domains/root/db/tech.html,2026-10-04T08:40:32.104108+00:00
.technology,.technology,Delegation of the .TECHNOLOGY domain to Auburn Falls,2013-11-11,https://www.iana.org/reports/c.2.9.2.d/20131111-technology,https://www.iana.org/domains/root/db/technology.html,2026-10-04T08:40:39.759423+00:00
.technology,.technology,Transfer of the .academy domain and 195 others,2018-03-23,https://www.iana.org/reports/tld-transfer/20180323-binkymoon,https://www.iana.org/domains/root/db/technology.html,2026-10-04T08:40:39.759423+00:00
.tel,.tel,IANA Report on the Delegation of the .TEL Top-Level Domain,2007-01-22,https://www.iana.org/reports/2007/tel-report-22jan2007.html,https://www.iana.org/domains/root/db/tel.html,2026-10-04T06:22:18.500Z
.tel,.tel,Transfer of the .tel domain to Telnames Ltd,2017-05-03,https://www.iana.org/reports/tld-transfer/20170503-tel,https://www.iana.org/domains/root/db/tel.html,2026-10-04T06:22:18.500Z
.telecity,.telecity,Delegation of the .telecity domain to TelecityGroup International Limited,2016-02-23,https://www.iana.org/reports/c.2.9.2.d/20160223-telecity,https://www.iana.org/domains/root/db/telecity.html,2026-10-04T08:40:39.949914+00:00
.telecity,.telecity,Revocation of the .telecity domain,2018-08-10,https://www.iana.org/reports/tld-transfer/20180810-telecity,https://www.iana.org/domains/root/db/telecity.html,2026-10-04T08:40:39.949914+00:00
.telefonica,.telefonica,Delegation of the .telefonica domain to Telefónica S.A.,2015-06-24,https://www.iana.org/reports/c.2.9.2.d/20150624-telefonica,https://www.iana.org/domains/root/db/telefonica.html,2026-10-04T08:40:39.927354+00:00
.telefonica,.telefonica,Revocation of the .telefonica domain,2019-12-24,https://www.iana.org/reports/tld-transfer/20191224-telefonica,https://www.iana.org/domains/root/db/telefonica.html,2026-10-04T08:40:39.927354+00:00
.temasek,.temasek,Delegation of the .temasek domain to Temasek Holdings (Private) Limited,2015-01-21,https://www.iana.org/reports/c.2.9.2.d/20150121-temasek,https://www.iana.org/domains/root/db/temasek.html,2026-10-04T08:40:39.762744+00:00
.tennis,.tennis,"Delegation of the .tennis domain to Cotton Bloom, LLC",2015-02-03,https://www.iana.org/reports/c.2.9.2.d/20150203-tennis,https://www.iana.org/domains/root/db/tennis.html,2026-10-04T08:40:39.740691+00:00
.tennis,.tennis,Transfer of the .academy domain and 195 others,2018-03-23,https://www.iana.org/reports/tld-transfer/20180323-binkymoon,https://www.iana.org/domains/root/db/tennis.html,2026-10-04T08:40:39.740691+00:00
.teva,.teva,Delegation of the .teva domain to Teva Pharmaceutical Industries Limited,2016-04-12,https://www.iana.org/reports/c.2.9.2.d/20160412-teva,https://www.iana.org/domains/root/db/teva.html,2026-10-04T08:40:39.745220+00:00
.tf,.tf,IANA Report on the Redelegation of the .TF Top-Level Domain,2005-08-05,https://www.iana.org/reports/2005/tf-report-05aug2005.pdf,https://www.iana.org/domains/root/db/tf.html,2026-10-04T08:40:39.764294+00:00
.tg,.tg,Redelegation of the .TG domain representing Togo to the Autorite de Reglementation des Secteurs de Postes et de Telecommunications (ART&P),2016-01-18,https://www.iana.org/reports/2016/tg-report-20160118.html,https://www.iana.org/domains/root/db/tg.html,2026-10-04T08:40:39.764425+00:00
.thd,.thd,"Delegation of the .thd domain to Homer TLC, Inc.",2015-05-21,https://www.iana.org/reports/c.2.9.2.d/20150521-thd,https://www.iana.org/domains/root/db/thd.html,2026-10-04T08:40:39.763916+00:00
.thd,.thd,"Transfer of the .thd domain to Home Depot Product Authority, LLC",2017-02-21,https://www.iana.org/reports/tld-transfer/20170221-thd,https://www.iana.org/domains/root/db/thd.html,2026-10-04T08:40:39.763916+00:00
.theater,.theater,"Delegation of the .theater domain to Blue Tigers, LLC",2015-05-01,https://www.iana.org/reports/c.2.9.2.d/20150501-theater,https://www.iana.org/domains/root/db/theater.html,2026-10-04T08:40:45.742468+00:00
.theater,.theater,Transfer of the .academy domain and 195 others,2018-03-23,https://www.iana.org/reports/tld-transfer/20180323-binkymoon,https://www.iana.org/domains/root/db/theater.html,2026-10-04T08:40:45.742468+00:00
.theatre,.theatre,Delegation of the .theatre domain to XYZ.COM LLC,2015-08-26,https://www.iana.org/reports/c.2.9.2.d/20150826-theatre,https://www.iana.org/domains/root/db/theatre.html,2026-10-04T08:40:45.824268+00:00
.tiaa,.tiaa,Delegation of the .tiaa domain to Teachers Insurance and Annuity Association of America,2016-07-15,https://www.iana.org/reports/c.2.9.2.d/20160715-tiaa,https://www.iana.org/domains/root/db/tiaa.html,2026-10-04T08:40:45.805871+00:00
.tickets,.tickets,Delegation of the .tickets domain to Accent Media Limited,2015-03-23,https://www.iana.org/reports/c.2.9.2.d/20150323-tickets,https://www.iana.org/domains/root/db/tickets.html,2026-10-04T08:40:45.824339+00:00
.tickets,.tickets,Transfer of the .tickets domain to XYZ.COM LLC,2021-05-28,https://www.iana.org/reports/tld-transfer/20210528-tickets,https://www.iana.org/domains/root/db/tickets.html,2026-10-04T08:40:45.824339+00:00
.tienda,.tienda,"Delegation of the .TIENDA domain to Victor Manor, LLC",2014-01-17,https://www.iana.org/reports/c.2.9.2.d/20140117-tienda,https://www.iana.org/domains/root/db/tienda.html,2026-10-04T08:40:45.822683+00:00
.tienda,.tienda,Transfer of the .academy domain and 195 others,2018-03-23,https://www.iana.org/reports/tld-transfer/20180323-binkymoon,https://www.iana.org/domains/root/db/tienda.html,2026-10-04T08:40:45.822683+00:00
.tiffany,.tiffany,Delegation of the .tiffany domain to Tiffany and Company,2016-01-19,https://www.iana.org/reports/c.2.9.2.d/20160119-tiffany,https://www.iana.org/domains/root/db/tiffany.html,2026-10-04T08:40:46.261761+00:00
.tiffany,.tiffany,Revocation of the .tiffany domain,2023-07-25,https://www.iana.org/reports/tld-transfer/20230725-tiffany,https://www.iana.org/domains/root/db/tiffany.html,2026-10-04T08:40:46.261761+00:00
.tips,.tips,"Delegation of the .TIPS domain to Corn Willow, LLC",2013-11-18,https://www.iana.org/reports/c.2.9.2.d/20131118-tips,https://www.iana.org/domains/root/db/tips.html,2026-10-04T08:40:45.822864+00:00
.tips,.tips,Transfer of the .academy domain and 195 others,2018-03-23,https://www.iana.org/reports/tld-transfer/20180323-binkymoon,https://www.iana.org/domains/root/db/tips.html,2026-10-04T08:40:45.822864+00:00
.tires,.tires,"Delegation of the .tires domain to Dog Edge, LLC",2014-12-12,https://www.iana.org/reports/c.2.9.2.d/20141212-tires,https://www.iana.org/domains/root/db/tires.html,2026-10-04T08:40:45.818261+00:00
.tires,.tires,Transfer of the .academy domain and 195 others,2018-03-23,https://www.iana.org/reports/tld-transfer/20180323-binkymoon,https://www.iana.org/domains/root/db/tires.html,2026-10-04T08:40:45.818261+00:00
.tirol,.tirol,Delegation of the .tirol domain to punkt Tirol GmbH,2014-06-02,https://www.iana.org/reports/c.2.9.2.d/20140602-tirol,https://www.iana.org/domains/root/db/tirol.html,2026-10-04T08:40:45.818483+00:00
.tj,.tj,IANA Report on Redelegation of the .TJ Top-Level Domain,2003-06-30,https://www.iana.org/reports/2003/tj-report-30jun03.html,https://www.iana.org/domains/root/db/tj.html,2026-10-04T08:40:45.818667+00:00
.tjmaxx,.tjmaxx,"Delegation of the .tjmaxx domain to The TJX Companies, Inc.",2016-07-07,https://www.iana.org/reports/c.2.9.2.d/20160707-tjmaxx,https://www.iana.org/domains/root/db/tjmaxx.html,2026-10-04T08:40:52.335947+00:00
.tjx,.tjx,"Delegation of the .tjx domain to The TJX Companies, Inc.",2016-07-07,https://www.iana.org/reports/c.2.9.2.d/20160707-tjx,https://www.iana.org/domains/root/db/tjx.html,2026-10-04T08:40:52.387847+00:00
.tk,.tk,IANA Report on the Redelegation of the .TK Top-Level Domain,2006-01-31,https://www.iana.org/reports/2006/tk-report-31jan2006.pdf,https://www.iana.org/domains/root/db/tk.html,2026-10-04T08:40:52.390573+00:00
.tkmaxx,.tkmaxx,"Delegation of the .tkmaxx domain to The TJX Companies, Inc.",2016-07-07,https://www.iana.org/reports/c.2.9.2.d/20160707-tkmaxx,https://www.iana.org/domains/root/db/tkmaxx.html,2026-10-04T08:40:52.385966+00:00
.tl,.tl,IANA Report on the Delegation of the .TL Top-Level Domain,2005-08-05,https://www.iana.org/reports/2005/tl-report-05aug05.pdf,https://www.iana.org/domains/root/db/tl.html,2026-10-04T08:40:52.333764+00:00
.tmall,.tmall,Delegation of the .tmall domain to Alibaba Group Holding Limited,2016-01-19,https://www.iana.org/reports/c.2.9.2.d/20160119-tmall,https://www.iana.org/domains/root/db/tmall.html,2026-10-04T08:40:52.399275+00:00
.today,.today,"Delegation of the .TODAY domain to Pearl Woods, LLC",2013-11-16,https://www.iana.org/reports/c.2.9.2.d/20131116-today,https://www.iana.org/domains/root/db/today.html,2026-10-04T08:40:52.405621+00:00
.today,.today,Transfer of the .academy domain and 195 others,2018-03-23,https://www.iana.org/reports/tld-transfer/20180323-binkymoon,https://www.iana.org/domains/root/db/today.html,2026-10-04T08:40:52.405621+00:00
.tokyo,.tokyo,"Delegation of the .TOKYO domain to GMO Registry, Inc.",2014-01-24,https://www.iana.org/reports/c.2.9.2.d/20140124-tokyo,https://www.iana.org/domains/root/db/tokyo.html,2026-10-04T06:22:18.500Z
.tools,.tools,"Delegation of the .TOOLS domain to Pioneer North, LLC",2014-01-17,https://www.iana.org/reports/c.2.9.2.d/20140117-tools,https://www.iana.org/domains/root/db/tools.html,2026-10-04T08:40:58.869890+00:00
.tools,.tools,Transfer of the .academy domain and 195 others,2018-03-23,https://www.iana.org/reports/tld-transfer/20180323-binkymoon,https://www.iana.org/domains/root/db/tools.html,2026-10-04T08:40:58.869890+00:00
.top,.top,"Delegation of the .top domain to Jiangsu Bangning Science & Technology Co.,Ltd.",2014-08-01,https://www.iana.org/reports/c.2.9.2.d/20140801-top,https://www.iana.org/domains/root/db/top.html,2026-10-04T08:40:58.933847+00:00
.top,.top,Transfer of the .top domain to Hong Kong Zhongze International Limited,2026-01-20,https://www.iana.org/reports/tld-transfer/20260120-top,https://www.iana.org/domains/root/db/top.html,2026-10-04T08:40:58.933847+00:00
.toray,.toray,"Delegation of the .toray domain to Toray Industries, Inc.",2015-04-28,https://www.iana.org/reports/c.2.9.2.d/20150428-toray,https://www.iana.org/domains/root/db/toray.html,2026-10-04T08:40:58.912713+00:00
.toshiba,.toshiba,Delegation of the .toshiba domain to Toshiba Corporation,2015-02-02,https://www.iana.org/reports/c.2.9.2.d/20150202-toshiba,https://www.iana.org/domains/root/db/toshiba.html,2026-10-04T08:40:58.934299+00:00
.total,.total,Delegation of the .total domain to Total SA,2016-02-25,https://www.iana.org/reports/c.2.9.2.d/20160225-total,https://www.iana.org/domains/root/db/total.html,2026-10-04T08:40:58.934075+00:00
.tours,.tours,"Delegation of the .tours domain to Sugar Station, LLC",2015-03-18,https://www.iana.org/reports/c.2.9.2.d/20150318-tours,https://www.iana.org/domains/root/db/tours.html,2026-10-04T08:40:58.918984+00:00
.tours,.tours,Transfer of the .academy domain and 195 others,2018-03-23,https://www.iana.org/reports/tld-transfer/20180323-binkymoon,https://www.iana.org/domains/root/db/tours.html,2026-10-04T08:40:58.918984+00:00
.town,.town,"Delegation of the .town domain to Koko Moon, LLC",2014-04-09,https://www.iana.org/reports/c.2.9.2.d/20140409-town,https://www.iana.org/domains/root/db/town.html,2026-10-04T08:40:58.921611+00:00
.town,.town,Transfer of the .academy domain and 195 others,2018-03-23,https://www.iana.org/reports/tld-transfer/20180323-binkymoon,https://www.iana.org/domains/root/db/town.html,2026-10-04T08:40:58.921611+00:00
.toyota,.toyota,Delegation of the .toyota domain to Toyota Motor Corporation,2015-07-24,https://www.iana.org/reports/c.2.9.2.d/20150724-toyota,https://www.iana.org/domains/root/db/toyota.html,2026-10-04T08:40:58.904076+00:00
.toys,.toys,"Delegation of the .toys domain to Pioneer Orchard, LLC",2014-04-09,https://www.iana.org/reports/c.2.9.2.d/20140409-toys,https://www.iana.org/domains/root/db/toys.html,2026-10-04T08:40:58.930633+00:00
.toys,.toys,Transfer of the .academy domain and 195 others,2018-03-23,https://www.iana.org/reports/tld-transfer/20180323-binkymoon,https://www.iana.org/domains/root/db/toys.html,2026-10-04T08:40:58.930633+00:00
.tp,.tp,Removal of the .TP top-level domain representing Portuguese Timor,2015-01-26,https://www.iana.org/reports/2015/tp-report-20150126.html,https://www.iana.org/domains/root/db/tp.html,2026-10-04T06:22:18.500Z
.tr,.tr,Transfer of the .TR (Turkey) country-code top-level domain to Bilgi Teknolojileri ve İletişim Kurumu (BTK),2019-04-17,https://www.iana.org/reports/2019/tr-report-20190417.html,https://www.iana.org/domains/root/db/tr.html,2026-10-04T08:40:58.934226+00:00
.trade,.trade,Delegation of the .trade domain to Elite Registry Limited,2014-03-14,https://www.iana.org/reports/c.2.9.2.d/20140314-trade,https://www.iana.org/domains/root/db/trade.html,2026-10-04T08:41:05.121260+00:00
.trading,.trading,Delegation of the .trading domain to Dottrading Registry Ltd,2015-03-11,https://www.iana.org/reports/c.2.9.2.d/20150311-trading,https://www.iana.org/domains/root/db/trading.html,2026-10-04T08:41:05.118491+00:00
.trading,.trading,"Transfer of the .trading domain to Dog Beach, LLC",2021-06-29,https://www.iana.org/reports/tld-transfer/20210629-trading,https://www.iana.org/domains/root/db/trading.html,2026-10-04T08:41:05.118491+00:00
.training,.training,"Delegation of the .TRAINING domain to Wild Willow, LLC",2013-12-20,https://www.iana.org/reports/c.2.9.2.d/20131220-training,https://www.iana.org/domains/root/db/training.html,2026-10-04T08:41:05.125516+00:00
.training,.training,Transfer of the .academy domain and 195 others,2018-03-23,https://www.iana.org/reports/tld-transfer/20180323-binkymoon,https://www.iana.org/domains/root/db/training.html,2026-10-04T08:41:05.125516+00:00
.travel,.travel,IANA Report on the Delegation of the .TRAVEL Top-Level Domain,2005-08-05,https://www.iana.org/reports/2005/travel-report-05aug2005.pdf,https://www.iana.org/domains/root/db/travel.html,2026-10-04T06:22:18.500Z
.travel,.travel,"Transfer of the .travel domain to Dog Beach, LLC",2018-02-22,https://www.iana.org/reports/tld-transfer/20180222-travel,https://www.iana.org/domains/root/db/travel.html,2026-10-04T06:22:18.500Z
.travelchannel,.travelchannel,"Delegation of the .travelchannel domain to Lifestyle Domain Holdings, Inc.",2016-06-22,https://www.iana.org/reports/c.2.9.2.d/20160622-travelchannel,https://www.iana.org/domains/root/db/travelchannel.html,2026-10-04T08:41:05.431302+00:00
.travelchannel,.travelchannel,Revocation of the .travelchannel domain,2023-06-14,https://www.iana.org/reports/tld-transfer/20230614-travelchannel,https://www.iana.org/domains/root/db/travelchannel.html,2026-10-04T08:41:05.431302+00:00
.travelers,.travelers,"Delegation of the .travelers domain to Travelers TLD, LLC",2015-12-02,https://www.iana.org/reports/c.2.9.2.d/20151202-travelers,https://www.iana.org/domains/root/db/travelers.html,2026-10-04T08:41:05.127697+00:00
.travelersinsurance,.travelersinsurance,"Delegation of the .travelersinsurance domain to Travelers TLD, LLC",2015-12-08,https://www.iana.org/reports/c.2.9.2.d/20151208-travelersinsurance,https://www.iana.org/domains/root/db/travelersinsurance.html,2026-10-04T08:41:05.060178+00:00
.trust,.trust,Delegation of the .trust domain to Artemis Internet Inc,2014-12-01,https://www.iana.org/reports/c.2.9.2.d/20141201-trust,https://www.iana.org/domains/root/db/trust.html,2026-10-04T08:41:05.133020+00:00
.trust,.trust,Transfer of the .trust domain to UNR Corp.,2021-01-18,https://www.iana.org/reports/tld-transfer/20210118-trust,https://www.iana.org/domains/root/db/trust.html,2026-10-04T08:41:05.133020+00:00
.trust,.trust,Transfer of the .trust domain to Internet Naming Co.,2022-11-16,https://www.iana.org/reports/tld-transfer/20221116-trust,https://www.iana.org/domains/root/db/trust.html,2026-10-04T08:41:05.133020+00:00
.trv,.trv,"Delegation of the .trv domain to Travelers TLD, LLC",2015-12-08,https://www.iana.org/reports/c.2.9.2.d/20151208-trv,https://www.iana.org/domains/root/db/trv.html,2026-10-04T08:41:05.132366+00:00
.tube,.tube,Delegation of the .tube domain to Latin American Telecom LLC,2016-01-07,https://www.iana.org/reports/c.2.9.2.d/20160107-tube,https://www.iana.org/domains/root/db/tube.html,2026-10-04T08:41:05.121137+00:00
.tui,.tui,Delegation of the .tui domain to TUI AG,2014-09-26,https://www.iana.org/reports/c.2.9.2.d/20140926-tui,https://www.iana.org/domains/root/db/tui.html,2026-10-04T08:41:11.942896+00:00
.tunes,.tunes,"Delegation of the .tunes domain to Amazon Registry Services, Inc.",2016-02-17,https://www.iana.org/reports/c.2.9.2.d/20160217-tunes,https://www.iana.org/domains/root/db/tunes.html,2026-10-04T08:41:11.919279+00:00
.tushu,.tushu,"Delegation of the .tushu domain to Amazon Registry Services, Inc.",2015-12-08,https://www.iana.org/reports/c.2.9.2.d/20151208-tushu,https://www.iana.org/domains/root/db/tushu.html,2026-10-04T08:41:11.939193+00:00
.tvs,.tvs,Delegation of the .tvs domain to T V Sundram Iyengar & Sons Private Limited,2016-02-09,https://www.iana.org/reports/c.2.9.2.d/20160209-tvs,https://www.iana.org/domains/root/db/tvs.html,2026-10-04T08:41:11.931927+00:00
.tz,.tz,"Report on the Redelegation of the .TZ Top-Level Domain to ""Tanzania Network Information Centre Ltd.""",2010-04-01,https://www.iana.org/reports/2010/tz-report-01apr2010.html,https://www.iana.org/domains/root/db/tz.html,2026-10-04T08:41:11.924094+00:00
.tz,.tz,Transfer of the .TZ (United Republic of Tanzania) domain to the Tanzania Communications Regulatory Authority,2019-10-14,https://www.iana.org/reports/2019/tz-report-20191014.html,https://www.iana.org/domains/root/db/tz.html,2026-10-04T08:41:11.924094+00:00
.ubank,.ubank,Delegation of the .ubank domain to National Australia Bank Limited,2016-08-15,https://www.iana.org/reports/c.2.9.2.d/20160815-ubank,https://www.iana.org/domains/root/db/ubank.html,2026-10-04T08:41:11.902679+00:00
.ubs,.ubs,Delegation of the .ubs domain to UBS AG,2015-07-09,https://www.iana.org/reports/c.2.9.2.d/20150709-ubs,https://www.iana.org/domains/root/db/ubs.html,2026-10-04T08:41:11.918424+00:00
.uconnect,.uconnect,Delegation of the .uconnect domain to FCA US Llc,2016-07-25,https://www.iana.org/reports/c.2.9.2.d/20160725-uconnect,https://www.iana.org/domains/root/db/uconnect.html,2026-10-04T08:41:12.105897+00:00
.uconnect,.uconnect,Revocation of the .uconnect domain,2019-11-20,https://www.iana.org/reports/tld-transfer/20191120-uconnect,https://www.iana.org/domains/root/db/uconnect.html,2026-10-04T08:41:12.105897+00:00
.um,.um,Report on Revocation of the .UM Top-Level Domain,2007-01-10,https://www.iana.org/reports/2007/um-report-10jan2007.html,https://www.iana.org/domains/root/db/um.html,2026-10-04T08:41:20.095197+00:00
.unicom,.unicom,Delegation of the .unicom domain to China United Network Communications Corporation Limited,2016-02-01,https://www.iana.org/reports/c.2.9.2.d/20160201-unicom,https://www.iana.org/domains/root/db/unicom.html,2026-10-04T08:41:19.912946+00:00
.university,.university,"Delegation of the .university domain to Little Station, LLC",2014-04-09,https://www.iana.org/reports/c.2.9.2.d/20140409-university,https://www.iana.org/domains/root/db/university.html,2026-10-04T08:41:19.904977+00:00
.university,.university,Transfer of the .academy domain and 195 others,2018-03-23,https://www.iana.org/reports/tld-transfer/20180323-binkymoon,https://www.iana.org/domains/root/db/university.html,2026-10-04T08:41:19.904977+00:00
.uno,.uno,Delegation of the .UNO domain to Dot Latin LLC,2013-11-26,https://www.iana.org/reports/c.2.9.2.d/20131126-uno,https://www.iana.org/domains/root/db/uno.html,2026-10-04T08:41:19.868331+00:00
.uno,.uno,Transfer of the .uno domain to DotSite Inc.,2019-10-23,https://www.iana.org/reports/tld-transfer/20191023-uno,https://www.iana.org/domains/root/db/uno.html,2026-10-04T08:41:19.868331+00:00
.uno,.uno,Transfer of the .uno domain to Radix FZC,2021-08-26,https://www.iana.org/reports/tld-transfer/20210826-uno,https://www.iana.org/domains/root/db/uno.html,2026-10-04T08:41:19.868331+00:00
.uno,.uno,Transfer of the .uno domain to Radix Technologies Inc.,2024-02-07,https://www.iana.org/reports/tld-transfer/20240207-uno,https://www.iana.org/domains/root/db/uno.html,2026-10-04T08:41:19.868331+00:00
.uol,.uol,Delegation of the .uol domain to UBN Internet Ltda.,2014-08-14,https://www.iana.org/reports/c.2.9.2.d/20140814-uol,https://www.iana.org/domains/root/db/uol.html,2026-10-04T08:41:19.901117+00:00
.ups,.ups,"Delegation of the .ups domain to UPS Market Driver, Inc.",2016-05-26,https://www.iana.org/reports/c.2.9.2.d/20160526-ups,https://www.iana.org/domains/root/db/ups.html,2026-10-04T08:41:19.911919+00:00
.uz,.uz,IANA Report on Redelegation of the .UZ Top-Level Domain,2003-04-10,https://www.iana.org/reports/2003/uz-report-10apr03.html,https://www.iana.org/domains/root/db/uz.html,2026-10-04T08:41:19.890710+00:00
.vacations,.vacations,"Delegation of the .vacations domain to Atomic Tigers, LLC",2014-02-14,https://www.iana.org/reports/c.2.9.2.d/20140214-vacations,https://www.iana.org/domains/root/db/vacations.html,2026-10-04T08:41:26.982662+00:00
.vacations,.vacations,Transfer of the .academy domain and 195 others,2018-03-23,https://www.iana.org/reports/tld-transfer/20180323-binkymoon,https://www.iana.org/domains/root/db/vacations.html,2026-10-04T08:41:26.982662+00:00
.vana,.vana,"Delegation of the .vana domain to Lifestyle Domain Holdings, Inc.",2015-11-06,https://www.iana.org/reports/c.2.9.2.d/20151106-vana,https://www.iana.org/domains/root/db/vana.html,2026-10-04T08:41:26.982767+00:00
.vana,.vana,Transfer of the .vana domain to Internet Naming Co.,2024-01-09,https://www.iana.org/reports/tld-transfer/20240109-vana,https://www.iana.org/domains/root/db/vana.html,2026-10-04T08:41:26.982767+00:00
.vana,.vana,Transfer of the .vana domain to D3 Registry LLC,2024-07-16,https://www.iana.org/reports/tld-transfer/20240716-vana,https://www.iana.org/domains/root/db/vana.html,2026-10-04T08:41:26.982767+00:00
.vanguard,.vanguard,"Delegation of the .vanguard domain to The Vanguard Group, Inc.",2016-08-24,https://www.iana.org/reports/c.2.9.2.d/20160824-vanguard,https://www.iana.org/domains/root/db/vanguard.html,2026-10-04T08:41:26.985740+00:00
.vegas,.vegas,"Delegation of the .vegas domain to Dot Vegas, Inc.",2014-03-27,https://www.iana.org/reports/c.2.9.2.d/20140327-vegas,https://www.iana.org/domains/root/db/vegas.html,2026-10-04T08:41:26.983367+00:00
.ventures,.ventures,"Delegation of the .VENTURES domain to Binky Lake, LLC",2013-11-04,https://www.iana.org/reports/c.2.9.2.d/20131104-ventures,https://www.iana.org/domains/root/db/ventures.html,2026-10-04T08:41:26.988473+00:00
.ventures,.ventures,Transfer of the .academy domain and 195 others,2018-03-23,https://www.iana.org/reports/tld-transfer/20180323-binkymoon,https://www.iana.org/domains/root/db/ventures.html,2026-10-04T08:41:26.988473+00:00
.verisign,.verisign,"Delegation of the .verisign domain to VeriSign, Inc.",2015-11-20,https://www.iana.org/reports/c.2.9.2.d/20151120-verisign,https://www.iana.org/domains/root/db/verisign.html,2026-10-04T08:41:26.902029+00:00
.versicherung,.versicherung,Delegation of the .versicherung domain to dotversicherung-registry GmbH,2014-05-21,https://www.iana.org/reports/c.2.9.2.d/20140521-versicherung,https://www.iana.org/domains/root/db/versicherung.html,2026-10-04T08:41:26.988270+00:00
.versicherung,.versicherung,Transfer of the .versicherung domain to TLD-BOX Registrydienstleistungen GmbH,2017-03-06,https://www.iana.org/reports/tld-transfer/20170306-versicherung,https://www.iana.org/domains/root/db/versicherung.html,2026-10-04T08:41:26.988270+00:00
.vet,.vet,"Delegation of the .vet domain to United TLD Holdco, Ltd",2014-05-28,https://www.iana.org/reports/c.2.9.2.d/20140528-vet,https://www.iana.org/domains/root/db/vet.html,2026-10-04T08:41:35.218114+00:00
.vet,.vet,"Transfer of the .vet domain to Dog Beach, LLC",2021-06-02,https://www.iana.org/reports/tld-transfer/20210602-vet,https://www.iana.org/domains/root/db/vet.html,2026-10-04T08:41:35.218114+00:00
.vg,.vg,Redelegation of the .vg domain representing the British Virgin Islands to the Telecommunications Regulatory Commission,2014-02-03,https://www.iana.org/reports/2014/vg-report-20140203.html,https://www.iana.org/domains/root/db/vg.html,2026-10-04T08:41:35.231280+00:00
.viajes,.viajes,"Delegation of the .VIAJES domain to Black Madison, LLC",2013-12-12,https://www.iana.org/reports/c.2.9.2.d/20131212-viajes,https://www.iana.org/domains/root/db/viajes.html,2026-10-04T08:41:35.236674+00:00
.viajes,.viajes,Transfer of the .academy domain and 195 others,2018-03-23,https://www.iana.org/reports/tld-transfer/20180323-binkymoon,https://www.iana.org/domains/root/db/viajes.html,2026-10-04T08:41:35.236674+00:00
.video,.video,"Delegation of the .video domain to United TLD Holdco, Ltd",2014-12-22,https://www.iana.org/reports/c.2.9.2.d/20141222-video,https://www.iana.org/domains/root/db/video.html,2026-10-04T08:41:35.239657+00:00
.video,.video,"Transfer of the .video domain to Dog Beach, LLC",2021-06-02,https://www.iana.org/reports/tld-transfer/20210602-video,https://www.iana.org/domains/root/db/video.html,2026-10-04T08:41:35.239657+00:00
.vig,.vig,Delegation of the .vig domain to Vienna Insurance Group AG Wiener Versicherung Gruppe,2016-04-01,https://www.iana.org/reports/c.2.9.2.d/20160401-vig,https://www.iana.org/domains/root/db/vig.html,2026-10-04T08:41:35.231426+00:00
.viking,.viking,Delegation of the .viking domain to Viking River Cruises (Bermuda) Ltd.,2016-02-17,https://www.iana.org/reports/c.2.9.2.d/20160217-viking,https://www.iana.org/domains/root/db/viking.html,2026-10-04T08:41:35.223975+00:00
.villas,.villas,"Delegation of the .villas domain to New Sky, LLC",2014-02-07,https://www.iana.org/reports/c.2.9.2.d/20140207-villas,https://www.iana.org/domains/root/db/villas.html,2026-10-04T08:41:35.228585+00:00
.villas,.villas,Transfer of the .academy domain and 195 others,2018-03-23,https://www.iana.org/reports/tld-transfer/20180323-binkymoon,https://www.iana.org/domains/root/db/villas.html,2026-10-04T08:41:35.228585+00:00
.vin,.vin,"Delegation of the .vin domain to Holly Shadow, LLC",2015-07-30,https://www.iana.org/reports/c.2.9.2.d/20150730-vin,https://www.iana.org/domains/root/db/vin.html,2026-10-04T08:41:35.170443+00:00
.vin,.vin,Transfer of the .academy domain and 195 others,2018-03-23,https://www.iana.org/reports/tld-transfer/20180323-binkymoon,https://www.iana.org/domains/root/db/vin.html,2026-10-04T08:41:35.170443+00:00
.vip,.vip,Delegation of the .vip domain to Minds + Machines Group Limited,2015-11-17,https://www.iana.org/reports/c.2.9.2.d/20151117-vip,https://www.iana.org/domains/root/db/vip.html,2026-10-04T08:41:35.171409+00:00
.vip,.vip,"Transfer of the .vip domain to Registry Services, LLC",2021-09-14,https://www.iana.org/reports/tld-transfer/20210914-vip,https://www.iana.org/domains/root/db/vip.html,2026-10-04T08:41:35.171409+00:00
.virgin,.virgin,Delegation of the .virgin domain to Virgin Enterprises Limited,2015-10-05,https://www.iana.org/reports/c.2.9.2.d/20151005-virgin,https://www.iana.org/domains/root/db/virgin.html,2026-10-04T08:41:41.996585+00:00
.visa,.visa,Delegation of the .visa domain to Visa Worldwide Pte. Limited,2016-07-22,https://www.iana.org/reports/c.2.9.2.d/20160722-visa,https://www.iana.org/domains/root/db/visa.html,2026-10-04T08:41:41.979233+00:00
.vision,.vision,"Delegation of the .vision domain to Koko Station, LLC",2014-02-07,https://www.iana.org/reports/c.2.9.2.d/20140207-vision,https://www.iana.org/domains/root/db/vision.html,2026-10-04T08:41:42.000389+00:00
.vision,.vision,Transfer of the .academy domain and 195 others,2018-03-23,https://www.iana.org/reports/tld-transfer/20180323-binkymoon,https://www.iana.org/domains/root/db/vision.html,2026-10-04T08:41:42.000389+00:00
.vista,.vista,Delegation of the .vista domain to Vistaprint Limited,2015-06-16,https://www.iana.org/reports/c.2.9.2.d/20150616-vista,https://www.iana.org/domains/root/db/vista.html,2026-10-04T08:41:42.180369+00:00
.vista,.vista,Revocation of the .vista domain,2018-09-12,https://www.iana.org/reports/tld-transfer/20180912-vista,https://www.iana.org/domains/root/db/vista.html,2026-10-04T08:41:42.180369+00:00
.vistaprint,.vistaprint,Delegation of the .vistaprint domain to Vistaprint Limited,2015-06-16,https://www.iana.org/reports/c.2.9.2.d/20150616-vistaprint,https://www.iana.org/domains/root/db/vistaprint.html,2026-10-04T08:41:42.181465+00:00
.vistaprint,.vistaprint,Revocation of the .vistaprint domain,2020-03-14,https://www.iana.org/reports/tld-transfer/20200314-vistaprint,https://www.iana.org/domains/root/db/vistaprint.html,2026-10-04T08:41:42.181465+00:00
.viva,.viva,Delegation of the .viva domain to Saudi Telecom Company,2015-08-26,https://www.iana.org/reports/c.2.9.2.d/20150826-viva,https://www.iana.org/domains/root/db/viva.html,2026-10-04T08:41:41.992620+00:00
.vivo,.vivo,Delegation of the .vivo domain to Telefonica Brasil S.A.,2016-07-12,https://www.iana.org/reports/c.2.9.2.d/20160712-vivo,https://www.iana.org/domains/root/db/vivo.html,2026-10-04T08:41:42.002079+00:00
.vlaanderen,.vlaanderen,Delegation of the .vlaanderen domain to DNS.be vzw,2014-06-12,https://www.iana.org/reports/c.2.9.2.d/20140612-vlaanderen,https://www.iana.org/domains/root/db/vlaanderen.html,2026-10-04T08:41:41.987158+00:00
.vodka,.vodka,Delegation of the .vodka domain to Top Level Domain Holdings Limited,2014-03-27,https://www.iana.org/reports/c.2.9.2.d/20140327-vodka,https://www.iana.org/domains/root/db/vodka.html,2026-10-04T08:41:41.991695+00:00
.vodka,.vodka,"Transfer of the .vodka domain to Registry Services, LLC",2021-09-14,https://www.iana.org/reports/tld-transfer/20210914-vodka,https://www.iana.org/domains/root/db/vodka.html,2026-10-04T08:41:41.991695+00:00
.volkswagen,.volkswagen,Delegation of the .volkswagen domain to Volkswagen Group of America Inc.,2016-01-06,https://www.iana.org/reports/c.2.9.2.d/20160106-volkswagen,https://www.iana.org/domains/root/db/volkswagen.html,2026-10-04T08:41:49.205379+00:00
.volkswagen,.volkswagen,Revocation of the .volkswagen domain,2023-11-20,https://www.iana.org/reports/tld-transfer/20231120-volkswagen,https://www.iana.org/domains/root/db/volkswagen.html,2026-10-04T08:41:49.205379+00:00
.volvo,.volvo,Delegation of the .volvo domain to Volvo Holding Sverige Aktiebolag,2016-10-24,https://www.iana.org/reports/tld-transfer/20161024-volvo,https://www.iana.org/domains/root/db/volvo.html,2026-10-04T08:41:49.110480+00:00
.vote,.vote,Delegation of the .vote domain to Monolith Registry LLC,2014-02-25,https://www.iana.org/reports/c.2.9.2.d/20140225-vote,https://www.iana.org/domains/root/db/vote.html,2026-10-04T08:41:49.145019+00:00
.voting,.voting,Delegation of the .VOTING domain to Valuetainment Corp.,2014-01-24,https://www.iana.org/reports/c.2.9.2.d/20140124-voting,https://www.iana.org/domains/root/db/voting.html,2026-10-04T08:41:49.144895+00:00
.voto,.voto,Delegation of the .voto domain to Monolith Registry LLC,2014-02-25,https://www.iana.org/reports/c.2.9.2.d/20140225-voto,https://www.iana.org/domains/root/db/voto.html,2026-10-04T08:41:49.128306+00:00
.voyage,.voyage,"Delegation of the .VOYAGE domain to Ruby House, LLC",2013-11-04,https://www.iana.org/reports/c.2.9.2.d/20131104-voyage,https://www.iana.org/domains/root/db/voyage.html,2026-10-04T08:41:49.140412+00:00
.voyage,.voyage,Transfer of the .academy domain and 195 others,2018-03-23,https://www.iana.org/reports/tld-transfer/20180323-binkymoon,https://www.iana.org/domains/root/db/voyage.html,2026-10-04T08:41:49.140412+00:00
.vu,.vu,Transfer of the .vu domain to Telecommunications Radiocommunications and Broadcasting Regulator (TRBR),2019-02-25,https://www.iana.org/reports/2019/vu-report-20190225.html,https://www.iana.org/domains/root/db/vu.html,2026-10-04T08:41:49.123752+00:00
.vuelos,.vuelos,Delegation of the .vuelos domain to Travel Reservations SRL,2016-02-29,https://www.iana.org/reports/c.2.9.2.d/20160229-vuelos,https://www.iana.org/domains/root/db/vuelos.html,2026-10-04T08:41:49.308065+00:00
.vuelos,.vuelos,Revocation of the .vuelos domain,2023-07-07,https://www.iana.org/reports/tld-transfer/20230707-vuelos,https://www.iana.org/domains/root/db/vuelos.html,2026-10-04T08:41:49.308065+00:00
.wales,.wales,Delegation of the .wales domain to Nominet UK,2014-08-05,https://www.iana.org/reports/c.2.9.2.d/20140805-wales,https://www.iana.org/domains/root/db/wales.html,2026-10-04T08:41:49.124923+00:00
.walmart,.walmart,"Delegation of the .walmart domain to Wal-Mart Stores, Inc.",2016-08-16,https://www.iana.org/reports/c.2.9.2.d/20160816-walmart,https://www.iana.org/domains/root/db/walmart.html,2026-10-04T08:41:49.128516+00:00
.walter,.walter,Delegation of the .walter domain to Sandvik AB,2015-05-22,https://www.iana.org/reports/c.2.9.2.d/20150522-walter,https://www.iana.org/domains/root/db/walter.html,2026-10-04T08:41:55.216686+00:00
.wang,.wang,Delegation of the .WANG domain to Zodiac Leo Limited,2013-12-31,https://www.iana.org/reports/c.2.9.2.d/20131231-wang,https://www.iana.org/domains/root/db/wang.html,2026-10-04T08:41:55.276003+00:00
.wang,.wang,Redelegation of the .wang domain to Zodiac Registry Limited,2014-06-16,https://www.iana.org/reports/c.2.9.2.d/20140616-wang,https://www.iana.org/domains/root/db/wang.html,2026-10-04T08:41:55.276003+00:00
.wanggou,.wanggou,"Delegation of the .wanggou domain to Amazon Registry Services, Inc.",2015-12-08,https://www.iana.org/reports/tld-transfer/20151208-wanggou,https://www.iana.org/domains/root/db/wanggou.html,2026-10-04T08:41:55.276266+00:00
.warman,.warman,Delegation of the .warman domain to Weir Group IP Limited,2016-04-29,https://www.iana.org/reports/c.2.9.2.d/20160429-warman,https://www.iana.org/domains/root/db/warman.html,2026-10-04T08:41:55.700725+00:00
.warman,.warman,Revocation of the .warman domain,2019-11-19,https://www.iana.org/reports/tld-transfer/20191119-warman,https://www.iana.org/domains/root/db/warman.html,2026-10-04T08:41:55.700725+00:00
.watch,.watch,"Delegation of the .WATCH domain to Sand Shadow, LLC",2014-01-17,https://www.iana.org/reports/c.2.9.2.d/20140117-watch,https://www.iana.org/domains/root/db/watch.html,2026-10-04T08:41:55.276081+00:00
.watch,.watch,Transfer of the .academy domain and 195 others,2018-03-23,https://www.iana.org/reports/tld-transfer/20180323-binkymoon,https://www.iana.org/domains/root/db/watch.html,2026-10-04T08:41:55.276081+00:00
.watches,.watches,Delegation of the .watches domain to Richemont DNS Inc.,2015-12-08,https://www.iana.org/reports/c.2.9.2.d/20151207-watches,https://www.iana.org/domains/root/db/watches.html,2026-10-04T08:41:55.258687+00:00
.watches,.watches,Transfer of the .watches domain to Afilias Limited,2021-03-08,https://www.iana.org/reports/tld-transfer/20210308-watches,https://www.iana.org/domains/root/db/watches.html,2026-10-04T08:41:55.258687+00:00
.weather,.weather,"Delegation of the .weather domain to The Weather Channel, LLC",2016-01-07,https://www.iana.org/reports/c.2.9.2.d/20160107-weather,https://www.iana.org/domains/root/db/weather.html,2026-10-04T08:41:55.277498+00:00
.weather,.weather,Transfer of the .weather domain to International Business Machines,2017-07-28,https://www.iana.org/reports/tld-transfer/20170728-weather,https://www.iana.org/domains/root/db/weather.html,2026-10-04T08:41:55.277498+00:00
.weatherchannel,.weatherchannel,"Delegation of the .weatherchannel domain to The Weather Channel, LLC",2016-01-26,https://www.iana.org/reports/c.2.9.2.d/20160126-weatherchannel,https://www.iana.org/domains/root/db/weatherchannel.html,2026-10-04T08:41:55.278308+00:00
.weatherchannel,.weatherchannel,Transfer of the .weatherchannel domain to International Business Machines,2017-07-28,https://www.iana.org/reports/tld-transfer/20170728-weatherchannel,https://www.iana.org/domains/root/db/weatherchannel.html,2026-10-04T08:41:55.278308+00:00
.web,.web,"Delegation of the .web domain to VeriSign, Inc.",2026-07-23,https://www.iana.org/reports/tld-transfer/20260723-web,https://www.iana.org/domains/root/db/web.html,2026-10-04T08:41:55.211462+00:00
.webcam,.webcam,Delegation of the .webcam domain to dot Webcam Limited,2014-03-14,https://www.iana.org/reports/c.2.9.2.d/20140314-webcam,https://www.iana.org/domains/root/db/webcam.html,2026-10-04T08:41:55.272701+00:00
.weber,.weber,Delegation of the .weber domain to Saint-Gobain Weber SA,2015-12-18,https://www.iana.org/reports/c.2.9.2.d/20151218-weber,https://www.iana.org/domains/root/db/weber.html,2026-10-04T08:42:01.267941+00:00
.website,.website,Delegation of the .website domain to DotWebsite Inc.,2014-05-27,https://www.iana.org/reports/c.2.9.2.d/20140527-website,https://www.iana.org/domains/root/db/website.html,2026-10-04T08:42:01.344832+00:00
.website,.website,Transfer of the .website domain to Radix FZC,2021-08-26,https://www.iana.org/reports/tld-transfer/20210826-website,https://www.iana.org/domains/root/db/website.html,2026-10-04T08:42:01.344832+00:00
.website,.website,Transfer of the .website domain to Radix Technologies Inc.,2024-02-07,https://www.iana.org/reports/tld-transfer/20240207-website,https://www.iana.org/domains/root/db/website.html,2026-10-04T08:42:01.344832+00:00
.wed,.wed,"Delegation of the .WED domain to Atgron, Inc.",2014-01-17,https://www.iana.org/reports/c.2.9.2.d/20140117-wed,https://www.iana.org/domains/root/db/wed.html,2026-10-04T08:42:01.312595+00:00
.wed,.wed,Transfer of the .wed domain to emergency back-end registry operations,2017-12-08,https://www.iana.org/reports/tld-transfer/20171208-wed,https://www.iana.org/domains/root/db/wed.html,2026-10-04T08:42:01.312595+00:00
.wedding,.wedding,Delegation of the .wedding domain to Top Level Domain Holdings Limited,2014-10-09,https://www.iana.org/reports/c.2.9.2.d/20141009-wedding,https://www.iana.org/domains/root/db/wedding.html,2026-10-04T08:42:01.338131+00:00
.wedding,.wedding,"Transfer of the .wedding domain to Registry Services, LLC",2021-09-14,https://www.iana.org/reports/tld-transfer/20210914-wedding,https://www.iana.org/domains/root/db/wedding.html,2026-10-04T08:42:01.338131+00:00
.weibo,.weibo,Delegation of the .weibo domain to Sina Corporation,2016-03-25,https://www.iana.org/reports/c.2.9.2.d/20160325-weibo,https://www.iana.org/domains/root/db/weibo.html,2026-10-04T08:42:01.340981+00:00
.weir,.weir,Delegation of the .weir domain to Weir Group IP Limited,2015-04-13,https://www.iana.org/reports/c.2.9.2.d/20150413-weir,https://www.iana.org/domains/root/db/weir.html,2026-10-04T08:42:01.344288+00:00
.whoswho,.whoswho,Delegation of the .whoswho domain to Who's Who Registry,2014-07-16,https://www.iana.org/reports/c.2.9.2.d/20140716-whoswho,https://www.iana.org/domains/root/db/whoswho.html,2026-10-04T08:42:01.338596+00:00
.wien,.wien,Delegation of the .WIEN domain to punkt.wien GmbH,2013-12-27,https://www.iana.org/reports/c.2.9.2.d/20131227-wien,https://www.iana.org/domains/root/db/wien.html,2026-10-04T06:22:18.500Z
.wiki,.wiki,"Delegation of the .wiki domain to Top Level Design, LLC",2014-02-13,https://www.iana.org/reports/c.2.9.2.d/20140213-wiki,https://www.iana.org/domains/root/db/wiki.html,2026-10-04T08:42:01.316796+00:00
.wiki,.wiki,"Transfer of the .wiki domain to Registry Services, LLC",2023-06-26,https://www.iana.org/reports/tld-transfer/20230626-wiki,https://www.iana.org/domains/root/db/wiki.html,2026-10-04T08:42:01.316796+00:00
.williamhill,.williamhill,Delegation of the .williamhill domain to William Hill Organization Limited,2014-07-24,https://www.iana.org/reports/c.2.9.2.d/20140724-williamhill,https://www.iana.org/domains/root/db/williamhill.html,2026-10-04T08:42:01.343996+00:00
.win,.win,Delegation of the .win domain to First Registry Limited,2015-03-23,https://www.iana.org/reports/c.2.9.2.d/20150323-win,https://www.iana.org/domains/root/db/win.html,2026-10-04T08:42:08.111115+00:00
.windows,.windows,Delegation of the .windows domain to Microsoft Corporation,2015-06-04,https://www.iana.org/reports/c.2.9.2.d/20150604-windows,https://www.iana.org/domains/root/db/windows.html,2026-10-04T08:42:08.152439+00:00
.wine,.wine,"Delegation of the .wine domain to June Station, LLC",2015-07-30,https://www.iana.org/reports/c.2.9.2.d/20150730-wine,https://www.iana.org/domains/root/db/wine.html,2026-10-04T08:42:08.104284+00:00
.wine,.wine,Transfer of the .academy domain and 195 others,2018-03-23,https://www.iana.org/reports/tld-transfer/20180323-binkymoon,https://www.iana.org/domains/root/db/wine.html,2026-10-04T08:42:08.104284+00:00
.winners,.winners,"Delegation of the .winners domain to The TJX Companies, Inc.",2016-07-07,https://www.iana.org/reports/c.2.9.2.d/20160707-winners,https://www.iana.org/domains/root/db/winners.html,2026-10-04T08:42:08.148253+00:00
.wme,.wme,"Delegation of the .wme domain to William Morris Endeavor Entertainment, LLC",2014-09-05,https://www.iana.org/reports/c.2.9.2.d/20140905-wme,https://www.iana.org/domains/root/db/wme.html,2026-10-04T08:42:08.142706+00:00
.wolterskluwer,.wolterskluwer,Delegation of the .wolterskluwer domain to Wolters Kluwer N.V.,2016-02-09,https://www.iana.org/reports/c.2.9.2.d/20160209-wolterskluwer,https://www.iana.org/domains/root/db/wolterskluwer.html,2026-10-04T08:42:08.432139+00:00
.wolterskluwer,.wolterskluwer,Revocation of the .wolterskluwer domain,2026-02-13,https://www.iana.org/reports/tld-transfer/20260213-wolterskluwer,https://www.iana.org/domains/root/db/wolterskluwer.html,2026-10-04T08:42:08.432139+00:00
.woodside,.woodside,Delegation of the .woodside domain to Woodside Petroleum Limited,2016-06-20,https://www.iana.org/reports/c.2.9.2.d/20160620-woodside,https://www.iana.org/domains/root/db/woodside.html,2026-10-04T08:42:08.150761+00:00
.work,.work,Delegation of the .work domain to Top Level Domain Holdings Limited,2014-09-19,https://www.iana.org/reports/c.2.9.2.d/20140919-work,https://www.iana.org/domains/root/db/work.html,2026-10-04T08:42:08.108345+00:00
.work,.work,"Transfer of the .work domain to Registry Services, LLC",2021-09-14,https://www.iana.org/reports/tld-transfer/20210914-work,https://www.iana.org/domains/root/db/work.html,2026-10-04T08:42:08.108345+00:00
.works,.works,"Delegation of the .WORKS domain to Little Dynamite, LLC",2014-01-17,https://www.iana.org/reports/c.2.9.2.d/20140117-works,https://www.iana.org/domains/root/db/works.html,2026-10-04T08:42:08.138831+00:00
.works,.works,Transfer of the .academy domain and 195 others,2018-03-23,https://www.iana.org/reports/tld-transfer/20180323-binkymoon,https://www.iana.org/domains/root/db/works.html,2026-10-04T08:42:08.138831+00:00
.world,.world,"Delegation of the .world domain to Bitter Fields, LLC",2014-09-12,https://www.iana.org/reports/c.2.9.2.d/20140912-world,https://www.iana.org/domains/root/db/world.html,2026-10-04T08:42:08.154308+00:00
.world,.world,Transfer of the .academy domain and 195 others,2018-03-23,https://www.iana.org/reports/tld-transfer/20180323-binkymoon,https://www.iana.org/domains/root/db/world.html,2026-10-04T08:42:08.154308+00:00
.wow,.wow,"Delegation of the .wow domain to Amazon Registry Services, Inc.",2016-09-21,https://www.iana.org/reports/tld-transfer/20160921-wow,https://www.iana.org/domains/root/db/wow.html,2026-10-04T08:42:14.689998+00:00
.wtc,.wtc,"Delegation of the .wtc domain to World Trade Centers Association, Inc.",2014-04-24,https://www.iana.org/reports/c.2.9.2.d/20140424-wtc,https://www.iana.org/domains/root/db/wtc.html,2026-10-04T08:42:14.718139+00:00
.wtf,.wtf,"Delegation of the .wtf domain to Hidden Way, LLC",2014-04-21,https://www.iana.org/reports/c.2.9.2.d/20140421-wtf,https://www.iana.org/domains/root/db/wtf.html,2026-10-04T06:22:18.500Z
.wtf,.wtf,Transfer of the .academy domain and 195 others,2018-03-23,https://www.iana.org/reports/tld-transfer/20180323-binkymoon,https://www.iana.org/domains/root/db/wtf.html,2026-10-04T06:22:18.500Z
.xbox,.xbox,Delegation of the .xbox domain to Microsoft Corporation,2015-06-02,https://www.iana.org/reports/c.2.9.2.d/20150602-xbox,https://www.iana.org/domains/root/db/xbox.html,2026-10-04T08:42:14.693172+00:00
.xerox,.xerox,Delegation of the .xerox domain to Xerox DNHC LLC,2015-04-14,https://www.iana.org/reports/c.2.9.2.d/20150414-xerox,https://www.iana.org/domains/root/db/xerox.html,2026-10-04T08:42:14.704340+00:00
.xfinity,.xfinity,"Delegation of the .xfinity domain to Comcast IP Holdings I, LLC",2016-07-05,https://www.iana.org/reports/c.2.9.2.d/20160705-xfinity,https://www.iana.org/domains/root/db/xfinity.html,2026-10-04T08:42:14.777073+00:00
.xfinity,.xfinity,Revocation of the .xfinity domain,2024-02-07,https://www.iana.org/reports/tld-transfer/20240207-xfinity,https://www.iana.org/domains/root/db/xfinity.html,2026-10-04T08:42:14.777073+00:00
.xihuan,.xihuan,Delegation of the .xihuan domain to QIHOO 360 Technology Co. Ltd.,2016-03-25,https://www.iana.org/reports/c.2.9.2.d/20160325-xihuan,https://www.iana.org/domains/root/db/xihuan.html,2026-10-04T08:42:14.716589+00:00
.xihuan,.xihuan,"Transfer of the .xihuan domain to Beijing Qihu Keji Co., Ltd.",2025-10-24,https://www.iana.org/reports/tld-transfer/20251024-xihuan,https://www.iana.org/domains/root/db/xihuan.html,2026-10-04T08:42:14.716589+00:00
.xin,.xin,Delegation of the .xin domain to Elegant Leader Limited,2015-03-02,https://www.iana.org/reports/c.2.9.2.d/20150302-xin,https://www.iana.org/domains/root/db/xin.html,2026-10-04T08:42:14.704403+00:00
.测试,.xn--0zwm56d,Report on Delegation of Eleven Evaluative Internationalised Top-Level Domains,2007-08-01,https://www.iana.org/reports/2007/testetal-report-01aug2007.html,https://www.iana.org/domains/root/db/xn--0zwm56d.html,2026-10-04T08:42:14.893688+00:00
.कॉम,.xn--11b4c3d,Delegation of the .कॉम domain to VeriSign Sarl,2015-07-26,https://www.iana.org/reports/c.2.9.2.d/20150726-xn--11b4c3d,https://www.iana.org/domains/root/db/xn--11b4c3d.html,2026-10-04T08:42:14.716454+00:00
.परीक्षा,.xn--11b5bs3a9aj6g,Report on Delegation of Eleven Evaluative Internationalised Top-Level Domains,2007-08-01,https://www.iana.org/reports/2007/testetal-report-01aug2007.html,https://www.iana.org/domains/root/db/xn--11b5bs3a9aj6g.html,2026-10-04T08:42:21.205401+00:00
.セール,.xn--1ck2e1b,"Delegation of the .セール domain to Amazon Registry Services, Inc.",2016-02-17,https://www.iana.org/reports/c.2.9.2.d/20160217-xn--1ck2e1b,https://www.iana.org/domains/root/db/xn--1ck2e1b.html,2026-10-04T08:42:21.127012+00:00
.佛山,.xn--1qqw23a,"Delegation of the .佛山 domain to Guangzhou YU Wei Information Technology Co., Ltd.",2014-08-11,https://www.iana.org/reports/c.2.9.2.d/20140811-xn--1qqw23a,https://www.iana.org/domains/root/db/xn--1qqw23a.html,2026-10-04T08:42:21.124098+00:00
.ಭಾರತ,.xn--2scrj9c,Delegation of eight top-level domains representing India in various languages to the National Internet Exchange of India,2017-06-09,https://www.iana.org/reports/2017/india-report-20170609.html,https://www.iana.org/domains/root/db/xn--2scrj9c.html,2026-10-04T08:42:21.122886+00:00
.慈善,.xn--30rr7y,Delegation of the .慈善 domain to Excellent First Limited,2015-03-25,https://www.iana.org/reports/c.2.9.2.d/20150325-xn--30rr7y,https://www.iana.org/domains/root/db/xn--30rr7y.html,2026-10-04T08:42:21.126417+00:00
.集团,.xn--3bst00m,Delegation of the .集团 domain to Eagle Horizon Limited,2013-12-31,https://www.iana.org/reports/c.2.9.2.d/20131231-xn--3bst00m,https://www.iana.org/domains/root/db/xn--3bst00m.html,2026-10-04T08:42:21.118963+00:00
.在线,.xn--3ds443g,Delegation of the .在线 domain to TLD Registry Limited,2013-12-27,https://www.iana.org/reports/c.2.9.2.d/20131227-xn--3ds443g,https://www.iana.org/domains/root/db/xn--3ds443g.html,2026-10-04T08:42:21.122558+00:00
.在线,.xn--3ds443g,Transfer of the .在线 domain to Beijing Tld Registry Technology Limited,2024-12-09,https://www.iana.org/reports/tld-transfer/20241209-xn--3ds443g,https://www.iana.org/domains/root/db/xn--3ds443g.html,2026-10-04T08:42:21.122558+00:00
.한국,.xn--3e0b707e,"Delegation of the .한국 (""Hanguk"") domain representing the Republic of Korea in Korean",2011-01-07,https://www.iana.org/reports/2011/hanguk-report-07jan2011.html,https://www.iana.org/domains/root/db/xn--3e0b707e.html,2026-10-04T08:42:21.124666+00:00
.ଭାରତ,.xn--3hcrj9c,Delegation of eight top-level domains representing India in various languages to the National Internet Exchange of India,2017-06-09,https://www.iana.org/reports/2017/india-report-20170609.html,https://www.iana.org/domains/root/db/xn--3hcrj9c.html,2026-10-04T08:42:21.123654+00:00
.大众汽车,.xn--3oq18vl8pn36a,"Delegation of the .大众汽车 domain to Volkswagen (China) Investment Co., Ltd.",2016-08-12,https://www.iana.org/reports/c.2.9.2.d/20160812-xn--3oq18vl8pn36a,https://www.iana.org/domains/root/db/xn--3oq18vl8pn36a.html,2026-10-04T08:42:21.292468+00:00
.大众汽车,.xn--3oq18vl8pn36a,Revocation of the .大众汽车 domain,2021-10-27,https://www.iana.org/reports/tld-transfer/20211027-xn--3oq18vl8pn36a,https://www.iana.org/domains/root/db/xn--3oq18vl8pn36a.html,2026-10-04T08:42:21.292468+00:00
.点看,.xn--3pxu8k,Delegation of the .点看 domain to VeriSign Sarl,2015-07-26,https://www.iana.org/reports/c.2.9.2.d/20150726-xn--3pxu8k,https://www.iana.org/domains/root/db/xn--3pxu8k.html,2026-10-04T08:42:28.419181+00:00
.คอม,.xn--42c2d9a,Delegation of the .คอม domain to VeriSign Sarl,2015-07-26,https://www.iana.org/reports/c.2.9.2.d/20150726-xn--42c2d9a,https://www.iana.org/domains/root/db/xn--42c2d9a.html,2026-10-04T08:42:28.495903+00:00
.ভাৰত,.xn--45br5cyl,Delegation of eight top-level domains representing India in various languages to the National Internet Exchange of India,2017-06-09,https://www.iana.org/reports/2017/india-report-20170609.html,https://www.iana.org/domains/root/db/xn--45br5cyl.html,2026-10-04T08:42:28.485847+00:00
.ভারত,.xn--45brj9c,Delegation of the seven top-level domains representing India in various languages,2011-01-07,https://www.iana.org/reports/2011/india-report-07jan2011.html,https://www.iana.org/domains/root/db/xn--45brj9c.html,2026-10-04T08:42:28.499027+00:00
.八卦,.xn--45q11c,Delegation of the .八卦 domain to Zodiac Scorpio Limited,2014-11-17,https://www.iana.org/reports/c.2.9.2.d/20141117-xn--45q11c,https://www.iana.org/domains/root/db/xn--45q11c.html,2026-10-04T08:42:28.436737+00:00
.ישראל,.xn--4dbrk0ce,Delegation of the ישראל. (“Israel”) domain representing Israel in Hebrew script to the Israel Internet Association,2021-01-14,https://www.iana.org/reports/2021/israel-report-20210114.html,https://www.iana.org/domains/root/db/xn--4dbrk0ce.html,2026-10-04T08:42:28.431251+00:00
.موقع,.xn--4gbrim,Delegation of the .موقع domain to Suhub Electronic Establishment,2014-05-22,https://www.iana.org/reports/c.2.9.2.d/20140522-xn--4gbrim,https://www.iana.org/domains/root/db/xn--4gbrim.html,2026-10-04T08:42:28.420338+00:00
.موقع,.xn--4gbrim,Transfer of the .موقع domain to Helium TLDs Ltd,2021-11-24,https://www.iana.org/reports/tld-transfer/20211124-xn--4gbrim,https://www.iana.org/domains/root/db/xn--4gbrim.html,2026-10-04T08:42:28.420338+00:00
.বাংলা,.xn--54b7fta0cc,"Delegation of the .বাংলা (“bangla”) domain representing Bangladesh in Bengali script to the Ministry of Posts, Telecommunications and Information Technology, Posts and Telecommunications Division",2016-09-02,https://www.iana.org/reports/2016/bangla-report-20160902.html,https://www.iana.org/domains/root/db/xn--54b7fta0cc.html,2026-10-04T08:42:28.437165+00:00
.公益,.xn--55qw42g,Delegation of the .公益 domain to China Organizational Name Administration Center,2013-12-13,https://www.iana.org/reports/c.2.9.2.d/20131213-xn--55qw42g,https://www.iana.org/domains/root/db/xn--55qw42g.html,2026-10-04T08:42:28.487460+00:00
.公司,.xn--55qx5d,Delegation of the .公司 domain to Computer Network Information Center of Chinese Academy of Sciences,2014-01-16,https://www.iana.org/reports/c.2.9.2.d/20140116-xn--55qx5d,https://www.iana.org/domains/root/db/xn--55qx5d.html,2026-10-04T08:42:34.423407+00:00
.香格里拉,.xn--5su34j936bgsg,Delegation of the .香格里拉 domain to Shangri-La International Hotel Management Limited,2016-06-30,https://www.iana.org/reports/c.2.9.2.d/20160630-xn--5su34j936bgsg,https://www.iana.org/domains/root/db/xn--5su34j936bgsg.html,2026-10-04T08:42:34.501798+00:00
.网站,.xn--5tzm5g,Delegation of the .网站 domain to Global Website TLD Asia Limited,2016-04-13,https://www.iana.org/reports/c.2.9.2.d/20160413-xn--5tzm5g,https://www.iana.org/domains/root/db/xn--5tzm5g.html,2026-10-04T08:42:34.501017+00:00
.移动,.xn--6frz82g,Delegation of the .移动 domain to Afilias Limited,2014-01-29,https://www.iana.org/reports/c.2.9.2.d/20140129-xn--6frz82g,https://www.iana.org/domains/root/db/xn--6frz82g.html,2026-10-04T08:42:34.501477+00:00
.我爱你,.xn--6qq986b3xl,Delegation of the .我爱你 domain to Tycoon Treasure Limited,2013-12-31,https://www.iana.org/reports/c.2.9.2.d/20131231-xn--6qq986b3xl,https://www.iana.org/domains/root/db/xn--6qq986b3xl.html,2026-10-04T08:42:34.501285+00:00
.москва,.xn--80adxhks,Delegation of the .москва domain to Foundation for Assistance for Internet Technologies and Infrastructure Development,2014-04-18,https://www.iana.org/reports/c.2.9.2.d/20140418-xn--80adxhks,https://www.iana.org/domains/root/db/xn--80adxhks.html,2026-10-04T08:42:34.493104+00:00
.испытание,.xn--80akhbyknj4f,Report on Delegation of Eleven Evaluative Internationalised Top-Level Domains,2007-08-01,https://www.iana.org/reports/2007/testetal-report-01aug2007.html,https://www.iana.org/domains/root/db/xn--80akhbyknj4f.html,2026-10-04T08:42:34.550897+00:00
.қаз,.xn--80ao21a,"Report on the Delegation of .қаз (""kaz"") representing Kazakhstan in Cyrillic",2012-01-09,https://www.iana.org/reports/2012/kaz-report-20120109.html,https://www.iana.org/domains/root/db/xn--80ao21a.html,2026-10-04T08:42:34.505496+00:00
.католик,.xn--80aqecdr1a,Delegation of the .католик domain to Pontificium Consilium de Comunicationibus Socialibus (PCCS) (Pontifical Council for Social Communication),2016-11-30,https://www.iana.org/reports/tld-transfer/20161130-xn--80aqecdr1a,https://www.iana.org/domains/root/db/xn--80aqecdr1a.html,2026-10-04T08:42:34.502932+00:00
.онлайн,.xn--80asehdb,Delegation of the .онлайн domain to CORE Association,2013-10-22,https://www.iana.org/reports/c.2.9.2.d/20131022-xn--80asehdb,https://www.iana.org/domains/root/db/xn--80asehdb.html,2026-10-04T08:42:34.497050+00:00
.сайт,.xn--80aswg,Delegation of the .сайт domain to CORE Association,2013-10-22,https://www.iana.org/reports/c.2.9.2.d/20131022-xn--80aswg,https://www.iana.org/domains/root/db/xn--80aswg.html,2026-10-04T08:42:40.871439+00:00
.联通,.xn--8y0a063a,Delegation of the .联通 domain to China United Network Communications Corporation Limited,2016-02-03,https://www.iana.org/reports/c.2.9.2.d/20160203-xn--8y0a063a,https://www.iana.org/domains/root/db/xn--8y0a063a.html,2026-10-04T08:42:40.893754+00:00
.срб,.xn--90a3ac,Report on the Delegation of the .срб (“srb”) domain representing Serbia in Cyrillic,2011-04-01,https://www.iana.org/reports/2011/serbia-report-20110401.html,https://www.iana.org/domains/root/db/xn--90a3ac.html,2026-10-04T08:42:40.899691+00:00
.бг,.xn--90ae,Delegation of the .бг (“bg”) domain representing Bulgaria in Bulgarian language to Imena.BG AD,2016-06-10,https://www.iana.org/reports/2016/bg-report-20160610.html,https://www.iana.org/domains/root/db/xn--90ae.html,2026-10-04T08:42:40.888691+00:00
.бел,.xn--90ais,Delegation of the .бел domain to Reliable Software Inc.,2015-01-27,https://www.iana.org/reports/2015/bel-report-20150127.html,https://www.iana.org/domains/root/db/xn--90ais.html,2026-10-04T08:42:40.899924+00:00
.бел,.xn--90ais,Transfer of the .BY top-level domain and the .бел (“bel”) top-level domain representing Belarus to Belarusian Cloud Technologies LLC,2022-05-27,https://www.iana.org/reports/2022/belarus-report-20220527.html,https://www.iana.org/domains/root/db/xn--90ais.html,2026-10-04T08:42:40.899924+00:00
.קום,.xn--9dbq2a,Delegation of the .קום domain to VeriSign Sarl,2015-07-26,https://www.iana.org/reports/c.2.9.2.d/20150726-xn--9dbq2a,https://www.iana.org/domains/root/db/xn--9dbq2a.html,2026-10-04T08:42:40.826939+00:00
.时尚,.xn--9et52u,Delegation of the .时尚 domain to Rise Victory Limited,2015-03-25,https://www.iana.org/reports/c.2.9.2.d/20150325-xn--9et52u,https://www.iana.org/domains/root/db/xn--9et52u.html,2026-10-04T08:42:40.892202+00:00
.微博,.xn--9krt00a,Delegation of the .微博 domain to Sina Corporation,2016-03-28,https://www.iana.org/reports/c.2.9.2.d/20160328-xn--9krt00a,https://www.iana.org/domains/root/db/xn--9krt00a.html,2026-10-04T08:42:40.824110+00:00
.테스트,.xn--9t4b11yi5a,Report on Delegation of Eleven Evaluative Internationalised Top-Level Domains,2007-08-01,https://www.iana.org/reports/2007/testetal-report-01aug2007.html,https://www.iana.org/domains/root/db/xn--9t4b11yi5a.html,2026-10-04T08:42:40.948957+00:00
.淡马锡,.xn--b4w605ferd,Delegation of the .淡马锡 domain to Temasek Holdings (Private) Limited,2015-01-21,https://www.iana.org/reports/c.2.9.2.d/20150121-xn--b4w605ferd,https://www.iana.org/domains/root/db/xn--b4w605ferd.html,2026-10-04T08:42:40.900248+00:00
.ファッション,.xn--bck1b9a5dre4c,"Delegation of the .ファッション domain to Amazon Registry Services, Inc.",2016-02-17,https://www.iana.org/reports/c.2.9.2.d/20160217-xn--bck1b9a5dre4c,https://www.iana.org/domains/root/db/xn--bck1b9a5dre4c.html,2026-10-04T08:42:48.065569+00:00
.орг,.xn--c1avg,Delegation of the .орг domain to Public Interest Registry,2014-03-04,https://www.iana.org/reports/c.2.9.2.d/20140304-xn--c1avg,https://www.iana.org/domains/root/db/xn--c1avg.html,2026-10-04T08:42:48.045296+00:00
.नेट,.xn--c2br7g,Delegation of the .नेट domain to VeriSign Sarl,2015-07-26,https://www.iana.org/reports/c.2.9.2.d/20150726-xn--c2br7g,https://www.iana.org/domains/root/db/xn--c2br7g.html,2026-10-04T08:42:48.051642+00:00
.ストア,.xn--cck2b3b,"Delegation of the .ストア domain to Amazon Registry Services, Inc.",2016-02-17,https://www.iana.org/reports/c.2.9.2.d/20160217-xn--cck2b3b,https://www.iana.org/domains/root/db/xn--cck2b3b.html,2026-10-04T08:42:48.039447+00:00
.アマゾン,.xn--cckwcxetd,"Delegation of the .アマゾン domain to Amazon Registry Services, Inc.",2020-06-02,https://www.iana.org/reports/tld-transfer/20200602-xn--cckwcxetd,https://www.iana.org/domains/root/db/xn--cckwcxetd.html,2026-10-04T08:42:48.062789+00:00
.삼성,.xn--cg4bki,"Delegation of the .삼성 domain to SAMSUNG SDS CO., LTD",2014-02-17,https://www.iana.org/reports/c.2.9.2.d/20140217-xn--cg4bki,https://www.iana.org/domains/root/db/xn--cg4bki.html,2026-10-04T08:42:48.057440+00:00
.சிங்கப்பூர்,.xn--clchc0ea0b2g2a9gcd,"Delegation of the .新加坡 (""Singapore"") domain, and the .சிங்கப்பூர் (""Singapore"") domain, representing Singapore in Chinese and Tamil",2011-01-07,https://www.iana.org/reports/2011/singapore-report-07jan2011.html,https://www.iana.org/domains/root/db/xn--clchc0ea0b2g2a9gcd.html,2026-10-04T08:42:48.069170+00:00
.商标,.xn--czr694b,Delegation of the .商标 domain to Huyi Global Information Resources (Holding) Company Hong Kong Limited,2014-05-15,https://www.iana.org/reports/c.2.9.2.d/20140515-xn--czr694b,https://www.iana.org/domains/root/db/xn--czr694b.html,2026-10-04T08:42:48.070923+00:00
.商店,.xn--czrs0t,"Delegation of the .商店 domain to Wild Island, LLC",2014-12-03,https://www.iana.org/reports/c.2.9.2.d/20141203-xn--czrs0t,https://www.iana.org/domains/root/db/xn--czrs0t.html,2026-10-04T08:42:48.068992+00:00
.商店,.xn--czrs0t,Transfer of the .academy domain and 195 others,2018-03-23,https://www.iana.org/reports/tld-transfer/20180323-binkymoon,https://www.iana.org/domains/root/db/xn--czrs0t.html,2026-10-04T08:42:48.068992+00:00
.商城,.xn--czru2d,Delegation of the .商城 domain to Zodiac Capricorn Limited,2014-03-27,https://www.iana.org/reports/c.2.9.2.d/20140327-xn--czru2d,https://www.iana.org/domains/root/db/xn--czru2d.html,2026-10-04T08:42:48.035665+00:00
.商城,.xn--czru2d,Redelegation of the .商城 domain to Zodiac Aquarius Limited,2014-07-23,https://www.iana.org/reports/c.2.9.2.d/20140723-xn--czru2d,https://www.iana.org/domains/root/db/xn--czru2d.html,2026-10-04T08:42:48.035665+00:00
.дети,.xn--d1acj3b,Delegation of the .дети domain to The Foundation for Network Initiatives “The Smart Internet”,2014-02-24,https://www.iana.org/reports/c.2.9.2.d/20140224-xn--d1acj3b,https://www.iana.org/domains/root/db/xn--d1acj3b.html,2026-10-04T08:42:55.795492+00:00
.мкд,.xn--d1alf,Redelegation of the .MK domain and Delegation of the .мкд domain representing the Former Yugoslav Republic of Macedonia to Macedonian Academic Research Network Skopje,2014-09-26,https://www.iana.org/reports/2014/mk-report-20140926.html,https://www.iana.org/domains/root/db/xn--d1alf.html,2026-10-04T08:42:55.845493+00:00
.טעסט,.xn--deba0ad,Report on Delegation of Eleven Evaluative Internationalised Top-Level Domains,2007-08-01,https://www.iana.org/reports/2007/testetal-report-01aug2007.html,https://www.iana.org/domains/root/db/xn--deba0ad.html,2026-10-04T08:42:56.041506+00:00
.ею,.xn--e1a4c,Delegation of the ею (“eu”) domain representing the European Union in Cyrillic script to EURid vzw/asbl,2016-01-18,https://www.iana.org/reports/2016/eu-report-20160118.html,https://www.iana.org/domains/root/db/xn--e1a4c.html,2026-10-04T06:22:18.500Z
.ポイント,.xn--eckvdtc9d,"Delegation of the .ポイント domain to Amazon Registry Services, Inc.",2015-12-08,https://www.iana.org/reports/c.2.9.2.d/20151208-xn--eckvdtc9d,https://www.iana.org/domains/root/db/xn--eckvdtc9d.html,2026-10-04T08:42:55.858581+00:00
.新闻,.xn--efvy88h,Delegation of the .新闻 domain to Xinhua News Agency Guangdong Branch 新华通讯社广东分社,2015-08-17,https://www.iana.org/reports/c.2.9.2.d/20150817-xn--efvy88h,https://www.iana.org/domains/root/db/xn--efvy88h.html,2026-10-04T08:42:55.852340+00:00
.新闻,.xn--efvy88h,"Transfer of the .新闻 domain to Guangzhou YU Wei Information Technology Co., Ltd",2018-03-26,https://www.iana.org/reports/tld-transfer/20180326-xn--efvy88h,https://www.iana.org/domains/root/db/xn--efvy88h.html,2026-10-04T08:42:55.852340+00:00
.工行,.xn--estv75g,Delegation of the .工行 domain to Industrial and Commercial Bank of China Limited,2015-05-05,https://www.iana.org/reports/c.2.9.2.d/20150505-xn--estv75g,https://www.iana.org/domains/root/db/xn--estv75g.html,2026-10-04T08:42:55.943744+00:00
.工行,.xn--estv75g,Revocation of the .工行 domain,2020-04-01,https://www.iana.org/reports/tld-transfer/20200401-xn--estv75g,https://www.iana.org/domains/root/db/xn--estv75g.html,2026-10-04T08:42:55.943744+00:00
.家電,.xn--fct429k,"Delegation of the .家電 domain to Amazon Registry Services, Inc.",2016-03-23,https://www.iana.org/reports/c.2.9.2.d/20160323-xn--fct429k,https://www.iana.org/domains/root/db/xn--fct429k.html,2026-10-04T08:42:55.846848+00:00
.كوم,.xn--fhbei,Delegation of the .كوم domain to VeriSign Sarl,2015-07-26,https://www.iana.org/reports/c.2.9.2.d/20150726-xn--fhbei,https://www.iana.org/domains/root/db/xn--fhbei.html,2026-10-04T08:42:55.860034+00:00
.中文网,.xn--fiq228c5hs,Delegation of the .中文网 domain to TLD Registry Limited,2013-12-27,https://www.iana.org/reports/c.2.9.2.d/20131227-xn--fiq228c5hs,https://www.iana.org/domains/root/db/xn--fiq228c5hs.html,2026-10-04T08:42:55.858040+00:00
.中文网,.xn--fiq228c5hs,Transfer of the .中文网 domain to Beijing TLD Registry Technology Limited,2025-11-24,https://www.iana.org/reports/tld-transfer/20251124-xn--fiq228c5hs,https://www.iana.org/domains/root/db/xn--fiq228c5hs.html,2026-10-04T08:42:55.858040+00:00
.中信,.xn--fiq64b,Delegation of the .中信 domain to CITIC Group Corporation,2014-01-17,https://www.iana.org/reports/c.2.9.2.d/20140117-xn--fiq64b,https://www.iana.org/domains/root/db/xn--fiq64b.html,2026-10-04T08:42:55.853017+00:00
.中国,.xn--fiqs8s,Report on the Delegation of the .中国 and .中國 (“Zhongguo”) domains representing China in Chinese to China Internet Network Information Center,2010-06-07,https://www.iana.org/reports/2010/zhongguo-report-07jun2010.html,https://www.iana.org/domains/root/db/xn--fiqs8s.html,2026-10-04T08:43:02.581038+00:00
.中國,.xn--fiqz9s,Report on the Delegation of the .中国 and .中國 (“Zhongguo”) domains representing China in Chinese to China Internet Network Information Center,2010-06-07,https://www.iana.org/reports/2010/zhongguo-report-07jun2010.html,https://www.iana.org/domains/root/db/xn--fiqz9s.html,2026-10-04T08:43:02.535010+00:00
.娱乐,.xn--fjq720a,"Delegation of the .娱乐 domain to Will Bloom, LLC",2015-05-06,https://www.iana.org/reports/c.2.9.2.d/20150506-xn--fjq720a,https://www.iana.org/domains/root/db/xn--fjq720a.html,2026-10-04T08:43:02.533081+00:00
.娱乐,.xn--fjq720a,Transfer of the .academy domain and 195 others,2018-03-23,https://www.iana.org/reports/tld-transfer/20180323-binkymoon,https://www.iana.org/domains/root/db/xn--fjq720a.html,2026-10-04T08:43:02.533081+00:00
.谷歌,.xn--flw351e,Delegation of the .谷歌 domain to Charleston Road Registry Inc.,2014-11-13,https://www.iana.org/reports/c.2.9.2.d/20141113-xn--flw351e,https://www.iana.org/domains/root/db/xn--flw351e.html,2026-10-04T08:43:02.544298+00:00
.భారత్,.xn--fpcrj9c3d,Delegation of the seven top-level domains representing India in various languages,2011-01-07,https://www.iana.org/reports/2011/india-report-07jan2011.html,https://www.iana.org/domains/root/db/xn--fpcrj9c3d.html,2026-10-04T08:43:02.542155+00:00
.ලංකා,.xn--fzc2c9e2c,"Report on the Delegation of the .ලංකා (“Lanka”) domain representing Sri Lanka in Sinhalese, and இலங்கை (“Ilangai”) domain representing Sri Lanka in Tamil, to L K Domain Registry",2010-07-16,https://www.iana.org/reports/2010/lanka-report-16jul2010.html,https://www.iana.org/domains/root/db/xn--fzc2c9e2c.html,2026-10-04T08:43:02.527148+00:00
.電訊盈科,.xn--fzys8d69uvgm,Delegation of the .電訊盈科 domain to PCCW Enterprises Limited,2016-05-10,https://www.iana.org/reports/c.2.9.2.d/20160510-xn--fzys8d69uvgm,https://www.iana.org/domains/root/db/xn--fzys8d69uvgm.html,2026-10-04T08:43:02.535309+00:00
.购物,.xn--g2xx48c,Delegation of the .购物 domain to Minds + Machines Group Limited,2016-01-13,https://www.iana.org/reports/c.2.9.2.d/20160113-xn--g2xx48c,https://www.iana.org/domains/root/db/xn--g2xx48c.html,2026-10-04T08:43:02.466657+00:00
.购物,.xn--g2xx48c,"Transfer of the .xn--g2xx48c domain to Nawang Heli(Xiamen) Network Service Co., LTD.",2020-11-11,https://www.iana.org/reports/tld-transfer/20201111-xn--g2xx48c,https://www.iana.org/domains/root/db/xn--g2xx48c.html,2026-10-04T08:43:02.466657+00:00
.測試,.xn--g6w251d,Report on Delegation of Eleven Evaluative Internationalised Top-Level Domains,2007-08-01,https://www.iana.org/reports/2007/testetal-report-01aug2007.html,https://www.iana.org/domains/root/db/xn--g6w251d.html,2026-10-04T08:43:02.645362+00:00
.クラウド,.xn--gckr3f0f,"Delegation of the .クラウド domain to Amazon Registry Services, Inc.",2016-02-17,https://www.iana.org/reports/c.2.9.2.d/20160217-xn--gckr3f0f,https://www.iana.org/domains/root/db/xn--gckr3f0f.html,2026-10-04T08:43:02.540541+00:00
.ભારત,.xn--gecrj9c,Delegation of the seven top-level domains representing India in various languages,2011-01-07,https://www.iana.org/reports/2011/india-report-07jan2011.html,https://www.iana.org/domains/root/db/xn--gecrj9c.html,2026-10-04T08:43:10.252073+00:00
.通販,.xn--gk3at1e,"Delegation of the .通販 domain to Amazon Registry Services, Inc.",2016-09-21,https://www.iana.org/reports/tld-transfer/20160921-xn--gk3at1e,https://www.iana.org/domains/root/db/xn--gk3at1e.html,2026-10-04T08:43:10.339633+00:00
.भारतम्,.xn--h2breg3eve,Delegation of eight top-level domains representing India in various languages to the National Internet Exchange of India,2017-06-09,https://www.iana.org/reports/2017/india-report-20170609.html,https://www.iana.org/domains/root/db/xn--h2breg3eve.html,2026-10-04T08:43:10.326034+00:00
.भारत,.xn--h2brj9c,Delegation of the seven top-level domains representing India in various languages,2011-01-07,https://www.iana.org/reports/2011/india-report-07jan2011.html,https://www.iana.org/domains/root/db/xn--h2brj9c.html,2026-10-04T08:43:10.249756+00:00
.भारोत,.xn--h2brj9c8c,Delegation of eight top-level domains representing India in various languages to the National Internet Exchange of India,2017-06-09,https://www.iana.org/reports/2017/india-report-20170609.html,https://www.iana.org/domains/root/db/xn--h2brj9c8c.html,2026-10-04T08:43:10.305946+00:00
.آزمایشی,.xn--hgbk6aj7f53bba,Report on Delegation of Eleven Evaluative Internationalised Top-Level Domains,2007-08-01,https://www.iana.org/reports/2007/testetal-report-01aug2007.html,https://www.iana.org/domains/root/db/xn--hgbk6aj7f53bba.html,2026-10-04T08:43:10.409875+00:00
.பரிட்சை,.xn--hlcj6aya9esc7a,Report on Delegation of Eleven Evaluative Internationalised Top-Level Domains,2007-08-01,https://www.iana.org/reports/2007/testetal-report-01aug2007.html,https://www.iana.org/domains/root/db/xn--hlcj6aya9esc7a.html,2026-10-04T08:43:10.456326+00:00
.网店,.xn--hxt814e,Delegation of the .网店 domain to Zodiac Libra Limited,2014-11-26,https://www.iana.org/reports/c.2.9.2.d/20141126-xn--hxt814e,https://www.iana.org/domains/root/db/xn--hxt814e.html,2026-10-04T08:43:10.314629+00:00
.संगठन,.xn--i1b6b1a6a2e,Delegation of the .संगठन domain to Public Interest Registry,2014-03-04,https://www.iana.org/reports/c.2.9.2.d/20140304-xn--i1b6b1a6a2e,https://www.iana.org/domains/root/db/xn--i1b6b1a6a2e.html,2026-10-04T08:43:10.684718+00:00
.餐厅,.xn--imr513n,Delegation of the .餐厅 domain to Hu Yi Global Information Resources (Holding) Company. Hong Kong Limited,2015-05-22,https://www.iana.org/reports/c.2.9.2.d/20150522-xn--imr513n,https://www.iana.org/domains/root/db/xn--imr513n.html,2026-10-04T08:43:10.317370+00:00
.网络,.xn--io0a7i,Delegation of the .网络 domain to Computer Network Information Center of Chinese Academy of Sciences,2014-01-16,https://www.iana.org/reports/c.2.9.2.d/20140116-xn--io0a7i,https://www.iana.org/domains/root/db/xn--io0a7i.html,2026-10-04T08:43:16.565265+00:00
.ком,.xn--j1aef,Delegation of the .ком domain to VeriSign Sarl,2015-07-26,https://www.iana.org/reports/c.2.9.2.d/20150726-xn--j1aef,https://www.iana.org/domains/root/db/xn--j1aef.html,2026-10-04T08:43:16.547217+00:00
.укр,.xn--j1amh,Report on the Delegation of the .укр (“ukr”) domain representing Ukraine in Cyrillic,2013-02-19,https://www.iana.org/reports/2013/ukr-report-20130219.html,https://www.iana.org/domains/root/db/xn--j1amh.html,2026-10-04T08:43:16.692020+00:00
.香港,.xn--j6w193g,Report on the Delegation of the .香港 (“Hong Kong”) domain representing Hong Kong in Chinese to Hong Kong Internet Registration Corporation Limited,2010-06-07,https://www.iana.org/reports/2010/hongkong-report-07jun2010.html,https://www.iana.org/domains/root/db/xn--j6w193g.html,2026-10-04T08:43:16.594326+00:00
.亚马逊,.xn--jlq480n2rg,"Delegation of the .亚马逊 domain to Amazon Registry Services, Inc.",2020-06-02,https://www.iana.org/reports/tld-transfer/20200602-xn--jlq480n2rg,https://www.iana.org/domains/root/db/xn--jlq480n2rg.html,2026-10-04T08:43:16.601171+00:00
.诺基亚,.xn--jlq61u9w7b,Revocation of the .诺基亚 domain,2022-12-06,https://www.iana.org/reports/tld-transfer/20221206-xn--jlq61u9w7b,https://www.iana.org/domains/root/db/xn--jlq61u9w7b.html,2026-10-04T08:43:17.111702+00:00
.食品,.xn--jvr189m,"Delegation of the .食品 domain to Amazon Registry Services, Inc.",2016-02-17,https://www.iana.org/reports/c.2.9.2.d/20160217-xn--jvr189m,https://www.iana.org/domains/root/db/xn--jvr189m.html,2026-10-04T08:43:16.628572+00:00
.δοκιμή,.xn--jxalpdlp,Report on Delegation of Eleven Evaluative Internationalised Top-Level Domains,2007-08-01,https://www.iana.org/reports/2007/testetal-report-01aug2007.html,https://www.iana.org/domains/root/db/xn--jxalpdlp.html,2026-10-04T08:43:16.808492+00:00
.飞利浦,.xn--kcrx77d1x4a,Delegation of the .飞利浦 domain to Koninklijke Philips N.V.,2015-04-03,https://www.iana.org/reports/c.2.9.2.d/20150403-xn--kcrx77d1x4a,https://www.iana.org/domains/root/db/xn--kcrx77d1x4a.html,2026-10-04T08:43:17.100778+00:00
.إختبار,.xn--kgbechtv,Report on Delegation of Eleven Evaluative Internationalised Top-Level Domains,2007-08-01,https://www.iana.org/reports/2007/testetal-report-01aug2007.html,https://www.iana.org/domains/root/db/xn--kgbechtv.html,2026-10-04T08:43:16.770047+00:00
.手表,.xn--kpu716f,Delegation of the .手表 domain to Richemont DNS Inc.,2015-12-08,https://www.iana.org/reports/c.2.9.2.d/20151207-xn--kpu716f,https://www.iana.org/domains/root/db/xn--kpu716f.html,2026-10-04T08:43:23.650973+00:00
.手表,.xn--kpu716f,Revocation of the .手表 domain,2020-06-26,https://www.iana.org/reports/tld-transfer/20200626-xn--kpu716f,https://www.iana.org/domains/root/db/xn--kpu716f.html,2026-10-04T08:43:23.650973+00:00
.手机,.xn--kput3i,"Delegation of the .手机 domain to Beijing RITT-Net Technology Development Co., Ltd",2014-06-13,https://www.iana.org/reports/c.2.9.2.d/20140613-xn--kput3i,https://www.iana.org/domains/root/db/xn--kput3i.html,2026-10-04T08:43:23.650153+00:00
.мон,.xn--l1acc,Report on the Delegation of the .мон (“mon”) domain representing Mongolia in Cyrillic to Datacom LLC,2013-05-25,https://www.iana.org/reports/2013/mon-report-20130525.html,https://www.iana.org/domains/root/db/xn--l1acc.html,2026-10-04T08:43:23.562696+00:00
.الجزائر,.xn--lgbbat1ad8j,"Report on the Delegation of the .الجزائر (""al-Jazair"") domain representing Algeria in Arabic",2011-04-01,https://www.iana.org/reports/2011/algeria-report-20110401.html,https://www.iana.org/domains/root/db/xn--lgbbat1ad8j.html,2026-10-04T08:43:23.545707+00:00
.عمان,.xn--mgb9awbf,"Report on the Delegation of .عمان (""Oman"") representing Oman in Arabic",2012-06-12,https://www.iana.org/reports/2012/oman-report-20120612.html,https://www.iana.org/domains/root/db/xn--mgb9awbf.html,2026-10-04T08:43:23.549852+00:00
.ارامكو,.xn--mgba3a3ejt,Delegation of the .ارامكو domain to Aramco Services Company,2015-10-13,https://www.iana.org/reports/c.2.9.2.d/20151013-xn--mgba3a3ejt,https://www.iana.org/domains/root/db/xn--mgba3a3ejt.html,2026-10-04T08:43:23.560266+00:00
.ایران,.xn--mgba3a4f16a,Report on the Delegation of the ایران. (“Iran”) domain representing the Islamic Republic of Iran in Arabic,2013-09-13,https://www.iana.org/reports/2013/iran-report-20130913.html,https://www.iana.org/domains/root/db/xn--mgba3a4f16a.html,2026-10-04T08:43:23.550747+00:00
.العليان,.xn--mgba7c0bbn0a,Delegation of the .العليان domain to Crescent Holding GmbH,2016-04-29,https://www.iana.org/reports/c.2.9.2.d/20160429-xn--mgba7c0bbn0a,https://www.iana.org/domains/root/db/xn--mgba7c0bbn0a.html,2026-10-04T08:43:23.563643+00:00
.العليان,.xn--mgba7c0bbn0a,Transfer of the .العليان domain to Competrol (Luxembourg) Sarl,2024-05-08,https://www.iana.org/reports/tld-transfer/20240508-xn--mgba7c0bbn0a,https://www.iana.org/domains/root/db/xn--mgba7c0bbn0a.html,2026-10-04T08:43:23.563643+00:00
.اتصالات,.xn--mgbaakc7dvf,Delegation of the .اتصالات domain to Emirates Telecommunications Corporation (trading as Etisalat),2017-06-09,https://www.iana.org/reports/tld-transfer/20170609-xn--mgbaakc7dvf,https://www.iana.org/domains/root/db/xn--mgbaakc7dvf.html,2026-10-04T08:43:30.503410+00:00
.اتصالات,.xn--mgbaakc7dvf,Revocation of the .اتصالات domain,2023-11-17,https://www.iana.org/reports/tld-transfer/20231117-xn--mgbaakc7dvf,https://www.iana.org/domains/root/db/xn--mgbaakc7dvf.html,2026-10-04T08:43:30.503410+00:00
.امارات,.xn--mgbaam7a8h,"Report on the Delegation of the امارات. (“Emarat”) domain representing United Arab Emirates in Arabic to ""Telecommunications Regulatory Authority""",2010-04-07,https://www.iana.org/reports/2010/emarat-report-07apr2010.html,https://www.iana.org/domains/root/db/xn--mgbaam7a8h.html,2026-10-04T08:43:30.090121+00:00
.بازار,.xn--mgbab2bd,Delegation of the .بازار domain to CORE Association,2014-02-14,https://www.iana.org/reports/c.2.9.2.d/20140214-xn--mgbab2bd,https://www.iana.org/domains/root/db/xn--mgbab2bd.html,2026-10-04T08:43:30.129785+00:00
.موريتانيا,.xn--mgbah1a3hjkrd,Delegation of the موريتانيا. domain to Université de Nouakchott Al Aasriya,2019-01-08,https://www.iana.org/reports/2019/xn--mgbah1a3hjkrd-report-20190108.html,https://www.iana.org/domains/root/db/xn--mgbah1a3hjkrd.html,2026-10-04T08:43:30.134214+00:00
.پاکستان,.xn--mgbai9azgqp6j,Delegation of the .پاکستان (“Pakistan”) domain representing Pakistan in Arabic Script to National Telecommunication Corporation,2017-01-17,https://www.iana.org/reports/2017/pakistan-report-20170117.html,https://www.iana.org/domains/root/db/xn--mgbai9azgqp6j.html,2026-10-04T08:43:30.092644+00:00
.الاردن,.xn--mgbayh7gpa,Report on the Delegation of the الاردن. (“al-Ordon”) domain representing Jordan in Arabic to the National Information Technology Center,2010-07-16,https://www.iana.org/reports/2010/alordon-report-16jul2010.html,https://www.iana.org/domains/root/db/xn--mgbayh7gpa.html,2026-10-04T08:43:30.129190+00:00
.موبايلي,.xn--mgbb9fbpob,Delegation of the .موبايلي domain to GreenTech Consultancy Company W.L.L.,2015-12-18,https://www.iana.org/reports/c.2.9.2.d/20151218-xn--mgbb9fbpob,https://www.iana.org/domains/root/db/xn--mgbb9fbpob.html,2026-10-04T08:43:30.507915+00:00
.موبايلي,.xn--mgbb9fbpob,Revocation of the .موبايلي domain,2019-09-09,https://www.iana.org/reports/tld-transfer/20190909-xn--mgbb9fbpob,https://www.iana.org/domains/root/db/xn--mgbb9fbpob.html,2026-10-04T08:43:30.507915+00:00
.بارت,.xn--mgbbh1a,Delegation of eight top-level domains representing India in various languages to the National Internet Exchange of India,2017-06-09,https://www.iana.org/reports/2017/india-report-20170609.html,https://www.iana.org/domains/root/db/xn--mgbbh1a.html,2026-10-04T08:43:30.117980+00:00
.بھارت,.xn--mgbbh1a71e,Delegation of the seven top-level domains representing India in various languages,2011-01-07,https://www.iana.org/reports/2011/india-report-07jan2011.html,https://www.iana.org/domains/root/db/xn--mgbbh1a71e.html,2026-10-04T08:43:30.128194+00:00
.المغرب,.xn--mgbc0a9azcg,Report on the Delegation of the domain المغرب. (“al-Maghrib”) representing Morocco in Arabic,2011-04-01,https://www.iana.org/reports/2011/morocco-report-20110401.html,https://www.iana.org/domains/root/db/xn--mgbc0a9azcg.html,2026-10-04T08:43:30.130878+00:00
.ابوظبي,.xn--mgbca7dzdo,Delegation of the .ابوظبي domain to Abu Dhabi Systems and Information Centre,2016-04-05,https://www.iana.org/reports/c.2.9.2.d/20160405-xn--mgbca7dzdo,https://www.iana.org/domains/root/db/xn--mgbca7dzdo.html,2026-10-04T08:43:36.559361+00:00
.البحرين,.xn--mgbcpq6gpa1a,Delegation of the البحرين. (“albahrain”) domain representing Bahrain in Arabic script to the Telecommunications Regulatory Authority (TRA),2020-01-10,https://www.iana.org/reports/2020/xn--mgbcpq6gpa1a-report-20200110.html,https://www.iana.org/domains/root/db/xn--mgbcpq6gpa1a.html,2026-10-04T08:43:36.623050+00:00
.السعودية,.xn--mgberp4a5d4ar,"Report on the Delegation of the السعودية. (“al-Saudiah”) domain representing Saudi Arabia in Arabic to the ""Communications and Information Technology Commission""",2010-04-07,https://www.iana.org/reports/2010/alsaudiah-report-07apr2010.html,https://www.iana.org/domains/root/db/xn--mgberp4a5d4ar.html,2026-10-04T08:43:36.624869+00:00
.ڀارت,.xn--mgbgu82a,Delegation of eight top-level domains representing India in various languages to the National Internet Exchange of India,2017-06-09,https://www.iana.org/reports/2017/india-report-20170609.html,https://www.iana.org/domains/root/db/xn--mgbgu82a.html,2026-10-04T08:43:36.626479+00:00
.كاثوليك,.xn--mgbi4ecexp,Delegation of the .كاثوليك domain to Pontificium Consilium de Comunicationibus Socialibus (PCCS) (Pontifical Council for Social Communication),2016-11-30,https://www.iana.org/reports/tld-transfer/20161130-xn--mgbi4ecexp,https://www.iana.org/domains/root/db/xn--mgbi4ecexp.html,2026-10-04T08:43:36.617387+00:00
.سودان,.xn--mgbpl2fh,Delegation of the سودان (“sudan”) country code top-level domain representing Sudan in Arabic script to Sudan Internet Society,2015-04-14,https://www.iana.org/reports/2015/sudan-report-20150414.html,https://www.iana.org/domains/root/db/xn--mgbpl2fh.html,2026-10-04T08:43:36.613561+00:00
.همراه,.xn--mgbt3dhd,Delegation of the .همراه domain to Asia Green IT System Bilgisayar San. ve Tic. Ltd. Sti.,2015-12-04,https://www.iana.org/reports/c.2.9.2.d/20151204-xn--mgbt3dhd,https://www.iana.org/domains/root/db/xn--mgbt3dhd.html,2026-10-04T08:43:36.629927+00:00
.عراق,.xn--mgbtx2b,Delegation of the عراق (“Iraq”) domain representing Iraq in Arabic script to Communications and Media Commission (CMC),2015-10-05,https://www.iana.org/reports/2015/iraq-report-20151005.html,https://www.iana.org/domains/root/db/xn--mgbtx2b.html,2026-10-04T08:43:36.605494+00:00
.مليسيا,.xn--mgbx4cd0ab,Report on the Delegation of the مليسيا domain representing Malaysia in Arabic,2012-08-09,https://www.iana.org/reports/2012/malaysia-report-20120809.html,https://www.iana.org/domains/root/db/xn--mgbx4cd0ab.html,2026-10-04T08:43:36.610926+00:00
.澳門,.xn--mix891f,Delegation of the 澳門 (“Macao”) domain representing Macao in Traditional Chinese script to the Bureau of Telecommunications Regulation (DSRT),2016-01-18,https://www.iana.org/reports/2016/macao-report-20160118.html,https://www.iana.org/domains/root/db/xn--mix891f.html,2026-10-04T08:43:36.626010+00:00
.닷컴,.xn--mk1bu44c,Delegation of the .닷컴 domain to VeriSign Sarl,2015-07-26,https://www.iana.org/reports/c.2.9.2.d/20150726-xn--mk1bu44c,https://www.iana.org/domains/root/db/xn--mk1bu44c.html,2026-10-04T08:43:43.167475+00:00
.政府,.xn--mxtq1m,"Delegation of the .政府 domain to Net-Chinese Co., Ltd.",2015-02-27,https://www.iana.org/reports/c.2.9.2.d/20150227-xn--mxtq1m,https://www.iana.org/domains/root/db/xn--mxtq1m.html,2026-10-04T08:43:43.230967+00:00
.شبكة,.xn--ngbc5azd,Delegation of the .شبكة domain to International Domain Registry Pty. Ltd.,2013-10-21,https://www.iana.org/reports/c.2.9.2.d/20131021-xn--ngbc5azd,https://www.iana.org/domains/root/db/xn--ngbc5azd.html,2026-10-04T08:43:43.215733+00:00
.بيتك,.xn--ngbe9e0a,Delegation of the .بيتك domain to Kuwait Finance House,2015-12-11,https://www.iana.org/reports/c.2.9.2.d/20151211-xn--ngbe9e0a,https://www.iana.org/domains/root/db/xn--ngbe9e0a.html,2026-10-04T08:43:43.232439+00:00
.عرب,.xn--ngbrx,Delegation of the .عرب domain to League of Arab States,2017-05-22,https://www.iana.org/reports/tld-transfer/20170522-xn--ngbrx,https://www.iana.org/domains/root/db/xn--ngbrx.html,2026-10-04T08:43:43.216849+00:00
.გე,.xn--node,Delegation of the გე (“ge”) domain representing Georgia in Georgian (Mkhedruli) script to the Information Technologies Development Center,2014-09-26,https://www.iana.org/reports/2014/georgia-report-20140926.html,https://www.iana.org/domains/root/db/xn--node.html,2026-10-04T08:43:43.229861+00:00
.机构,.xn--nqv7f,Delegation of the .机构 domain to Public Interest Registry,2014-03-04,https://www.iana.org/reports/c.2.9.2.d/20140304-xn--nqv7f,https://www.iana.org/domains/root/db/xn--nqv7f.html,2026-10-04T08:43:43.229979+00:00
.组织机构,.xn--nqv7fs00ema,Delegation of the .组织机构 domain to Public Interest Registry,2014-03-04,https://www.iana.org/reports/c.2.9.2.d/20140304-xn--nqv7fs00ema,https://www.iana.org/domains/root/db/xn--nqv7fs00ema.html,2026-10-04T08:43:43.700235+00:00
.健康,.xn--nyqy26a,Delegation of the .健康 domain to Stable Tone Limited,2015-03-31,https://www.iana.org/reports/c.2.9.2.d/20150331-xn--nyqy26a,https://www.iana.org/domains/root/db/xn--nyqy26a.html,2026-10-04T08:43:43.174689+00:00
.ไทย,.xn--o3cw4h,Report on the Delegation of the .ไทย (“Thai”) domain representing Thailand in Thai to Thai Network Information Center Foundation,2010-07-16,https://www.iana.org/reports/2010/thai-report-16jul2010.html,https://www.iana.org/domains/root/db/xn--o3cw4h.html,2026-10-04T08:43:43.387060+00:00
.سورية,.xn--ogbpf8fl,"Delegation of the .سورية (""Sourya"") domain representing the Syrian Arab Republic in Arabic",2011-01-07,https://www.iana.org/reports/2011/syria-report-07jan2011.html,https://www.iana.org/domains/root/db/xn--ogbpf8fl.html,2026-10-04T08:43:50.603846+00:00
.招聘,.xn--otu796d,Delegation of the .招聘 domain to Dot Trademark TLD Holding Company Limited,2018-01-18,https://www.iana.org/reports/tld-transfer/20180118-xn--otu796d,https://www.iana.org/domains/root/db/xn--otu796d.html,2026-10-04T08:43:50.359773+00:00
.招聘,.xn--otu796d,Transfer of the .招聘 domain to Jiang Yu Liang Cai Technology Company Limited,2024-04-22,https://www.iana.org/reports/tld-transfer/20240422-xn--otu796d,https://www.iana.org/domains/root/db/xn--otu796d.html,2026-10-04T08:43:50.359773+00:00
.рус,.xn--p1acf,Delegation of the .рус domain to Rusnames Limited,2014-09-26,https://www.iana.org/reports/c.2.9.2.d/20140926-xn--p1acf,https://www.iana.org/domains/root/db/xn--p1acf.html,2026-10-04T08:43:50.405560+00:00
.рф,.xn--p1ai,"Report on the Delegation of the .рф (“R.F.”) domain representing the Russian Federation in Cyrillic to ""Coordination Center for TLD RU""",2010-04-07,https://www.iana.org/reports/2010/rf-report-07apr2010.html,https://www.iana.org/domains/root/db/xn--p1ai.html,2026-10-04T08:43:50.427716+00:00
.珠宝,.xn--pbt977c,Delegation of the .珠宝 domain to Richemont DNS Inc.,2015-12-08,https://www.iana.org/reports/c.2.9.2.d/20151207-xn--pbt977c,https://www.iana.org/domains/root/db/xn--pbt977c.html,2026-10-04T08:43:50.602877+00:00
.珠宝,.xn--pbt977c,Revocation of the .珠宝 domain,2020-06-26,https://www.iana.org/reports/tld-transfer/20200626-xn--pbt977c,https://www.iana.org/domains/root/db/xn--pbt977c.html,2026-10-04T08:43:50.602877+00:00
.تونس,.xn--pgbs0dh,"Report on the Delegation of تونس. (""Tunis"") representing Tunisia in Arabic to Agence Tunisienne d’Internet",2010-07-16,https://www.iana.org/reports/2010/tunis-report-16jul2010.html,https://www.iana.org/domains/root/db/xn--pgbs0dh.html,2026-10-04T08:43:50.425014+00:00
.大拿,.xn--pssy2u,Delegation of the .大拿 domain to VeriSign Sarl,2015-07-26,https://www.iana.org/reports/c.2.9.2.d/20150726-xn--pssy2u,https://www.iana.org/domains/root/db/xn--pssy2u.html,2026-10-04T08:43:50.421132+00:00
.ລາວ,.xn--q7ce6a,Delegation of the .ລາວ (“Lao”) domain representing the Lao People’s Democratic Republic in Lao script to the Lao National Internet Center (LANIC),2020-01-10,https://www.iana.org/reports/2020/xn--q7ce6a-report-20200110.html,https://www.iana.org/domains/root/db/xn--q7ce6a.html,2026-10-04T08:43:50.428291+00:00
.みんな,.xn--q9jyb4c,Delegation of the .みんな domain to Charleston Road Registry Inc.,2013-11-19,https://www.iana.org/reports/c.2.9.2.d/20131119-xn--q9jyb4c,https://www.iana.org/domains/root/db/xn--q9jyb4c.html,2026-10-04T08:43:50.420913+00:00
.グーグル,.xn--qcka1pmc,Delegation of the .グーグル domain to Charleston Road Registry Inc.,2014-11-13,https://www.iana.org/reports/c.2.9.2.d/20141113-xn--qcka1pmc,https://www.iana.org/domains/root/db/xn--qcka1pmc.html,2026-10-04T08:43:50.425349+00:00
.ευ,.xn--qxa6a,Delegation of the .ευ domain representing the European Union in Greek script to EURid vzw/asbl,2019-08-22,https://www.iana.org/reports/2019/xn--qxa6a-report-20190822.html,https://www.iana.org/domains/root/db/xn--qxa6a.html,2026-10-04T06:22:18.500Z
.ελ,.xn--qxam,Delegation of the ελ (“el”) domain representing Greece in Greek script to ICS-FORTH GR,2015-10-05,https://www.iana.org/reports/2015/greece-report-20151005.html,https://www.iana.org/domains/root/db/xn--qxam.html,2026-10-04T08:43:56.533813+00:00
.世界,.xn--rhqv96g,Delegation of the .世界 domain to Stable Tone Limited,2014-03-10,https://www.iana.org/reports/c.2.9.2.d/20140310-xn--rhqv96g,https://www.iana.org/domains/root/db/xn--rhqv96g.html,2026-10-04T08:43:56.508764+00:00
.書籍,.xn--rovu88b,"Delegation of the .書籍 domain to Amazon Registry Services, Inc.",2016-02-17,https://www.iana.org/reports/c.2.9.2.d/20160217-xn--rovu88b,https://www.iana.org/domains/root/db/xn--rovu88b.html,2026-10-04T08:43:56.528155+00:00
.ഭാരതം,.xn--rvc1e0am3e,Delegation of eight top-level domains representing India in various languages to the National Internet Exchange of India,2017-06-09,https://www.iana.org/reports/2017/india-report-20170609.html,https://www.iana.org/domains/root/db/xn--rvc1e0am3e.html,2026-10-04T08:43:56.533295+00:00
.ਭਾਰਤ,.xn--s9brj9c,Delegation of the seven top-level domains representing India in various languages,2011-01-07,https://www.iana.org/reports/2011/india-report-07jan2011.html,https://www.iana.org/domains/root/db/xn--s9brj9c.html,2026-10-04T08:43:56.553555+00:00
.网址,.xn--ses554g,Delegation of the .网址 domain to Hu Yi Global Information Resources (Holding) Company,2014-04-04,https://www.iana.org/reports/c.2.9.2.d/20140404-xn--ses554g,https://www.iana.org/domains/root/db/xn--ses554g.html,2026-10-04T08:43:56.547962+00:00
.网址,.xn--ses554g,"Redelegation of the .网址 domain to KNET Co., Ltd",2015-01-21,https://www.iana.org/reports/c.2.9.2.d/20150121-xn--ses554g,https://www.iana.org/domains/root/db/xn--ses554g.html,2026-10-04T08:43:56.547962+00:00
.닷넷,.xn--t60b56a,Delegation of the .닷넷 domain to VeriSign Sarl,2015-07-26,https://www.iana.org/reports/c.2.9.2.d/20150726-xn--t60b56a,https://www.iana.org/domains/root/db/xn--t60b56a.html,2026-10-04T08:43:56.562678+00:00
.コム,.xn--tckwe,Delegation of the .コム domain to VeriSign Sarl,2015-07-26,https://www.iana.org/reports/c.2.9.2.d/20150726-xn--tckwe,https://www.iana.org/domains/root/db/xn--tckwe.html,2026-10-04T08:43:56.497377+00:00
.天主教,.xn--tiq49xqyj,Delegation of the .天主教 domain to Pontificium Consilium de Comunicationibus Socialibus (PCCS) (Pontifical Council for Social Communication),2016-11-30,https://www.iana.org/reports/tld-transfer/20161130-xn--tiq49xqyj,https://www.iana.org/domains/root/db/xn--tiq49xqyj.html,2026-10-04T08:43:56.566970+00:00
.游戏,.xn--unup4y,"Delegation of the .游戏 domain to Spring Fields, LLC",2013-10-22,https://www.iana.org/reports/c.2.9.2.d/20131022-xn--unup4y,https://www.iana.org/domains/root/db/xn--unup4y.html,2026-10-04T08:43:56.562451+00:00
.游戏,.xn--unup4y,Transfer of the .academy domain and 195 others,2018-03-23,https://www.iana.org/reports/tld-transfer/20180323-binkymoon,https://www.iana.org/domains/root/db/xn--unup4y.html,2026-10-04T08:43:56.562451+00:00
.vermögensberater,.xn--vermgensberater-ctb,Delegation of the .vermögensberater domain to Deutsche Vermögensberatung Aktiengesellschaft DVAG,2014-09-26,https://www.iana.org/reports/c.2.9.2.d/20140926-xn--vermgensberater-ctb,https://www.iana.org/domains/root/db/xn--vermgensberater-ctb.html,2026-10-04T08:44:03.573416+00:00
.vermögensberatung,.xn--vermgensberatung-pwb,Delegation of the .vermögensberatung domain to Deutsche Vermögensberatung Aktiengesellschaft DVAG,2014-09-26,https://www.iana.org/reports/c.2.9.2.d/20140926-xn--vermgensberatung-pwb,https://www.iana.org/domains/root/db/xn--vermgensberatung-pwb.html,2026-10-04T08:44:03.722694+00:00
.企业,.xn--vhquv,"Delegation of the .企业 domain to Dash McCook, LLC",2014-08-21,https://www.iana.org/reports/c.2.9.2.d/20140821-xn--vhquv,https://www.iana.org/domains/root/db/xn--vhquv.html,2026-10-04T08:44:03.575275+00:00
.企业,.xn--vhquv,Transfer of the .academy domain and 195 others,2018-03-23,https://www.iana.org/reports/tld-transfer/20180323-binkymoon,https://www.iana.org/domains/root/db/xn--vhquv.html,2026-10-04T08:44:03.575275+00:00
.信息,.xn--vuq861b,"Delegation of the .信息 domain to Beijing Tele-info Network Technology Co., Ltd.",2015-03-13,https://www.iana.org/reports/c.2.9.2.d/20150313-xn--vuq861b,https://www.iana.org/domains/root/db/xn--vuq861b.html,2026-10-04T08:44:03.615128+00:00
.嘉里大酒店,.xn--w4r85el8fhu5dnra,Delegation of the .嘉里大酒店 domain to Kerry Trading Co. Limited,2016-03-02,https://www.iana.org/reports/c.2.9.2.d/20160302-xn--w4r85el8fhu5dnra,https://www.iana.org/domains/root/db/xn--w4r85el8fhu5dnra.html,2026-10-04T08:44:03.623559+00:00
.嘉里,.xn--w4rs40l,Delegation of the .嘉里 domain to Kerry Trading Co. Limited,2016-05-12,https://www.iana.org/reports/c.2.9.2.d/20160512-xn--w4rs40l,https://www.iana.org/domains/root/db/xn--w4rs40l.html,2026-10-04T08:44:03.576198+00:00
.مصر,.xn--wgbh1c,"Report on the Delegation of the مصر. (“Misr”) domain representing Egypt in Arabic to the ""National Telecommunication Regulatory Authority""",2010-04-21,https://www.iana.org/reports/2010/misr-report-21apr2010.html,https://www.iana.org/domains/root/db/xn--wgbh1c.html,2026-10-04T08:44:03.622429+00:00
.قطر,.xn--wgbl6a,Delegation of the قطر. (“Qatar”) domain representing Qatar in Arabic,2010-10-10,https://www.iana.org/reports/2010/qatar-report-10oct2010.html,https://www.iana.org/domains/root/db/xn--wgbl6a.html,2026-10-04T08:44:03.619372+00:00
.广东,.xn--xhq521b,"Delegation of the .广东 domain to Guangzhou YU Wei Information Technology Co., Ltd.",2014-08-11,https://www.iana.org/reports/c.2.9.2.d/20140811-xn--xhq521b,https://www.iana.org/domains/root/db/xn--xhq521b.html,2026-10-04T08:44:03.628219+00:00
.இலங்கை,.xn--xkc2al3hye2a,"Report on the Delegation of the .ලංකා (“Lanka”) domain representing Sri Lanka in Sinhalese, and இலங்கை (“Ilangai”) domain representing Sri Lanka in Tamil, to L K Domain Registry",2010-07-16,https://www.iana.org/reports/2010/lanka-report-16jul2010.html,https://www.iana.org/domains/root/db/xn--xkc2al3hye2a.html,2026-10-04T08:44:03.621910+00:00
.இந்தியா,.xn--xkc2dl3a5ee0h,Delegation of the seven top-level domains representing India in various languages,2011-01-07,https://www.iana.org/reports/2011/india-report-07jan2011.html,https://www.iana.org/domains/root/db/xn--xkc2dl3a5ee0h.html,2026-10-04T08:44:11.236785+00:00
.հայ,.xn--y9a3aq,Delegation of the .հայ (“hye”) domain representing Armenia in Armenian script to Internet Society of Armenia,2015-04-13,https://www.iana.org/reports/2015/armenia-report-20150413.html,https://www.iana.org/domains/root/db/xn--y9a3aq.html,2026-10-04T08:44:11.284352+00:00
.新加坡,.xn--yfro4i67o,"Delegation of the .新加坡 (""Singapore"") domain, and the .சிங்கப்பூர் (""Singapore"") domain, representing Singapore in Chinese and Tamil",2011-01-07,https://www.iana.org/reports/2011/singapore-report-07jan2011.html,https://www.iana.org/domains/root/db/xn--yfro4i67o.html,2026-10-04T08:44:11.290901+00:00
.فلسطين,.xn--ygbi2ammx,"Report on the Delegation of فلسطين. (""Falasteen"") representing the Occupied Palestinian Territory in Arabic",2010-07-16,https://www.iana.org/reports/2010/falasteen-report-16jul2010.html,https://www.iana.org/domains/root/db/xn--ygbi2ammx.html,2026-10-04T08:44:11.291763+00:00
.テスト,.xn--zckzah,Report on Delegation of Eleven Evaluative Internationalised Top-Level Domains,2007-08-01,https://www.iana.org/reports/2007/testetal-report-01aug2007.html,https://www.iana.org/domains/root/db/xn--zckzah.html,2026-10-04T08:44:11.455026+00:00
.政务,.xn--zfr164b,Delegation of the .政务 domain to China Organizational Name Administration Center,2013-12-13,https://www.iana.org/reports/c.2.9.2.d/20131213-xn--zfr164b,https://www.iana.org/domains/root/db/xn--zfr164b.html,2026-10-04T08:44:11.282164+00:00
.xperia,.xperia,Delegation of the .xperia domain to Sony Mobile Communications AB,2015-08-03,https://www.iana.org/reports/c.2.9.2.d/20150803-xperia,https://www.iana.org/domains/root/db/xperia.html,2026-10-04T08:44:11.454178+00:00
.xperia,.xperia,Revocation of the .xperia domain,2018-07-11,https://www.iana.org/reports/tld-transfer/20180711-xperia,https://www.iana.org/domains/root/db/xperia.html,2026-10-04T08:44:11.454178+00:00
.xxx,.xxx,Report on the Delegation of the .XXX Top-Level Domain,2011-04-07,https://www.iana.org/reports/2011/xxx-report-20110407.pdf,https://www.iana.org/domains/root/db/xxx.html,2026-10-04T06:22:18.500Z
.xyz,.xyz,Delegation of the .xyz domain to XYZ.COM LLC,2014-02-12,https://www.iana.org/reports/c.2.9.2.d/20140212-xyz,https://www.iana.org/domains/root/db/xyz.html,2026-10-04T08:44:11.283660+00:00
.yachts,.yachts,"Delegation of the .yachts domain to DERYachts, LLC",2014-05-14,https://www.iana.org/reports/c.2.9.2.d/20140514-yachts,https://www.iana.org/domains/root/db/yachts.html,2026-10-04T08:44:11.227314+00:00
.yachts,.yachts,Transfer of the .yachts domain to XYZ.COM LLC,2021-04-05,https://www.iana.org/reports/tld-transfer/20210405-yachts,https://www.iana.org/domains/root/db/yachts.html,2026-10-04T08:44:11.227314+00:00
.yahoo,.yahoo,Delegation of the .yahoo domain to Yahoo! Domain Services Inc.,2016-02-09,https://www.iana.org/reports/c.2.9.2.d/20160209-yahoo,https://www.iana.org/domains/root/db/yahoo.html,2026-10-04T08:44:11.237386+00:00
.yahoo,.yahoo,Transfer of the .yahoo domain to OATH INC,2021-07-08,https://www.iana.org/reports/tld-transfer/20210708-yahoo,https://www.iana.org/domains/root/db/yahoo.html,2026-10-04T08:44:11.237386+00:00
.yamaxun,.yamaxun,"Delegation of the .yamaxun domain to Amazon Registry Services, Inc.",2015-10-06,https://www.iana.org/reports/c.2.9.2.d/20151006-yamaxun,https://www.iana.org/domains/root/db/yamaxun.html,2026-10-04T08:44:18.244291+00:00
.yandex,.yandex,"Delegation of the .yandex domain to YANDEX, LLC",2014-07-14,https://www.iana.org/reports/c.2.9.2.d/20140714-yandex,https://www.iana.org/domains/root/db/yandex.html,2026-10-04T08:44:18.275554+00:00
.yandex,.yandex,Transfer of the .yandex domain to Yandex Europe B.V.,2020-02-07,https://www.iana.org/reports/tld-transfer/20200207-yandex,https://www.iana.org/domains/root/db/yandex.html,2026-10-04T08:44:18.275554+00:00
.yandex,.yandex,Transfer of the .yandex domain to YANDEX LLC,2025-03-14,https://www.iana.org/reports/tld-transfer/20250314-yandex,https://www.iana.org/domains/root/db/yandex.html,2026-10-04T08:44:18.275554+00:00
.yodobashi,.yodobashi,"Delegation of the .yodobashi domain to Yodobashi Camera Co., Ltd.",2015-02-17,https://www.iana.org/reports/c.2.9.2.d/20150217-yodobashi,https://www.iana.org/domains/root/db/yodobashi.html,2026-10-04T08:44:18.224549+00:00
.yoga,.yoga,Delegation of the .yoga domain to Top Level Domain Holdings Limited,2014-10-13,https://www.iana.org/reports/c.2.9.2.d/20141013-yoga,https://www.iana.org/domains/root/db/yoga.html,2026-10-04T08:44:18.161348+00:00
.yoga,.yoga,"Transfer of the .yoga domain to Registry Services, LLC",2021-09-14,https://www.iana.org/reports/tld-transfer/20210914-yoga,https://www.iana.org/domains/root/db/yoga.html,2026-10-04T08:44:18.161348+00:00
.yokohama,.yokohama,"Delegation of the .yokohama domain to GMO Registry, Inc.",2014-03-31,https://www.iana.org/reports/c.2.9.2.d/20140331-yokohama,https://www.iana.org/domains/root/db/yokohama.html,2026-10-04T08:44:18.223005+00:00
.you,.you,"Delegation of the .you domain to Amazon Registry Services, Inc.",2016-03-23,https://www.iana.org/reports/c.2.9.2.d/20160323-you,https://www.iana.org/domains/root/db/you.html,2026-10-04T08:44:18.220680+00:00
.youtube,.youtube,Delegation of the .youtube domain to Charleston Road Registry Inc.,2014-08-27,https://www.iana.org/reports/c.2.9.2.d/20140827-youtube,https://www.iana.org/domains/root/db/youtube.html,2026-10-04T08:44:18.202408+00:00
.yun,.yun,Delegation of the .yun domain to QIHOO 360 Technology Co. Ltd.,2016-03-25,https://www.iana.org/reports/c.2.9.2.d/20160325-yun,https://www.iana.org/domains/root/db/yun.html,2026-10-04T08:44:18.211005+00:00
.yun,.yun,"Transfer of the .yun domain to Beijing Qihu Keji Co., Ltd.",2025-10-24,https://www.iana.org/reports/tld-transfer/20251024-yun,https://www.iana.org/domains/root/db/yun.html,2026-10-04T08:44:18.211005+00:00
.za,.za,IANA Report on the Redelegation of the .ZA Top-Level Domain,2005-08-05,https://www.iana.org/reports/2005/za-report-05aug05.pdf,https://www.iana.org/domains/root/db/za.html,2026-10-04T08:44:25.514497+00:00
.zappos,.zappos,"Delegation of the .zappos domain to Amazon Registry Services, Inc.",2016-05-31,https://www.iana.org/reports/c.2.9.2.d/20160531-zappos,https://www.iana.org/domains/root/db/zappos.html,2026-10-04T08:44:25.530473+00:00
.zara,.zara,"Delegation of the .zara domain to Industria de Diseño Textil, S.A. (INDITEX, S.A.)",2015-10-20,https://www.iana.org/reports/c.2.9.2.d/20151020-zara,https://www.iana.org/domains/root/db/zara.html,2026-10-04T08:44:25.523684+00:00
.zero,.zero,"Delegation of the .zero domain to Amazon Registry Services, Inc.",2015-12-02,https://www.iana.org/reports/c.2.9.2.d/20151202-zero,https://www.iana.org/domains/root/db/zero.html,2026-10-04T08:44:25.474157+00:00
.zip,.zip,Delegation of the .zip domain to Charleston Road Registry Inc.,2014-09-10,https://www.iana.org/reports/c.2.9.2.d/20140910-zip,https://www.iana.org/domains/root/db/zip.html,2026-10-04T08:44:25.520001+00:00
.zippo,.zippo,Delegation of the .zippo domain to Zadco Company,2016-06-30,https://www.iana.org/reports/c.2.9.2.d/20160630-zippo,https://www.iana.org/domains/root/db/zippo.html,2026-10-04T08:44:25.601634+00:00
.zippo,.zippo,Revocation of the .zippo domain,2019-02-14,https://www.iana.org/reports/tld-transfer/20190214-zippo,https://www.iana.org/domains/root/db/zippo.html,2026-10-04T08:44:25.601634+00:00
.zm,.zm,Redelegation of the .zm domain to Zambia Information and Communications Technology Authority,2014-02-01,https://www.iana.org/reports/2014/zm-report-20140201.html,https://www.iana.org/domains/root/db/zm.html,2026-10-04T08:44:25.523760+00:00
.zone,.zone,"Delegation of the .ZONE domain to Outer Falls, LLC",2014-01-10,https://www.iana.org/reports/c.2.9.2.d/20140110-zone,https://www.iana.org/domains/root/db/zone.html,2026-10-04T08:44:25.529672+00:00
.zone,.zone,Transfer of the .academy domain and 195 others,2018-03-23,https://www.iana.org/reports/tld-transfer/20180323-binkymoon,https://www.iana.org/domains/root/db/zone.html,2026-10-04T08:44:25.529672+00:00
.zuerich,.zuerich,Delegation of the .zuerich domain to Kanton Zürich,2014-12-22,https://www.iana.org/reports/c.2.9.2.d/20141222-zuerich,https://www.iana.org/domains/root/db/zuerich.html,2026-10-04T06:22:18.500Z
