string,ascii_string,period,status,event_class,type,entity,geography,detail,outcome,current,provenance,sources
.aaa,.aaa,2015-08-13,ianaRegistration,iana-registration,generic,"American Automobile Association, Inc.",United States of America (the),,,no,,https://www.iana.org/domains/root/db/aaa.html
.aaa,.aaa,2015-08-26,ianaDelegationReport,iana-report,generic,,,"Delegation of the .aaa domain to American Automobile Association, Inc.",,no,,https://www.iana.org/reports/c.2.9.2.d/20150826-aaa
.aaa,.aaa,2026-10-04,delegated,current-snapshot,generic,"American Automobile Association, Inc.",United States of America (the),,,yes,,https://www.iana.org/domains/root/db/aaa.html
.aarp,.aarp,2015-10-22,ianaRegistration,iana-registration,generic,AARP,United States of America (the),,,no,,https://www.iana.org/domains/root/db/aarp.html
.aarp,.aarp,2015-10-30,ianaDelegationReport,iana-report,generic,,,Delegation of the .aarp domain to AARP,,no,,https://www.iana.org/reports/c.2.9.2.d/20151030-aarp
.aarp,.aarp,2026-10-04,delegated,current-snapshot,generic,AARP,United States of America (the),,,yes,,https://www.iana.org/domains/root/db/aarp.html
.abarth,.abarth,2016-07-14,ianaRegistration,iana-registration,generic,,,,,no,,https://www.iana.org/domains/root/db/abarth.html
.abarth,.abarth,2016-08-01,ianaDelegationReport,iana-report,generic,,,Delegation of the .abarth domain to Fiat Chrysler Automobiles N.V.,,no,,https://www.iana.org/reports/c.2.9.2.d/20160801-abarth
.abarth,.abarth,2023-06-05,ianaRevocationReport,iana-report,generic,,,Revocation of the .abarth domain,,no,,https://www.iana.org/reports/tld-transfer/20230605-abarth
.abarth,.abarth,2026-10-04,notDelegated,current-snapshot,generic,,,,,yes,,https://www.iana.org/domains/root/db/abarth.html
.abb,.abb,2015-04-09,ianaRegistration,iana-registration,generic,ABB Ltd,Switzerland,,,no,,https://www.iana.org/domains/root/db/abb.html
.abb,.abb,2015-04-21,ianaDelegationReport,iana-report,generic,,,Delegation of the .abb domain to ABB Ltd,,no,,https://www.iana.org/reports/c.2.9.2.d/20150421-abb
.abb,.abb,2026-10-04,delegated,current-snapshot,generic,ABB Ltd,Switzerland,,,yes,,https://www.iana.org/domains/root/db/abb.html
.abbott,.abbott,2014-11-20,ianaRegistration,iana-registration,generic,"Abbott Laboratories, Inc.",United States of America (the),,,no,,https://www.iana.org/domains/root/db/abbott.html
.abbott,.abbott,2015-03-04,ianaDelegationReport,iana-report,generic,,,"Delegation of the .abbott domain to Abbott Laboratories, Inc.",,no,,https://www.iana.org/reports/c.2.9.2.d/20150304-abbott
.abbott,.abbott,2026-10-04,delegated,current-snapshot,generic,"Abbott Laboratories, Inc.",United States of America (the),,,yes,,https://www.iana.org/domains/root/db/abbott.html
.abbvie,.abbvie,2016-02-26,ianaRegistration,iana-registration,generic,AbbVie Inc.,United States of America (the),,,no,,https://www.iana.org/domains/root/db/abbvie.html
.abbvie,.abbvie,2016-04-04,ianaDelegationReport,iana-report,generic,,,Delegation of the .abbvie domain to AbbVie Inc.,,no,,https://www.iana.org/reports/c.2.9.2.d/20160404-abbvie
.abbvie,.abbvie,2026-10-04,delegated,current-snapshot,generic,AbbVie Inc.,United States of America (the),,,yes,,https://www.iana.org/domains/root/db/abbvie.html
.abc,.abc,2016-07-21,ianaRegistration,iana-registration,generic,"Disney Enterprises, Inc.",United States of America (the),,,no,,https://www.iana.org/domains/root/db/abc.html
.abc,.abc,2016-07-25,ianaDelegationReport,iana-report,generic,,,"Delegation of the .abc domain to Disney Enterprises, Inc.",,no,,https://www.iana.org/reports/c.2.9.2.d/20160725-abc
.abc,.abc,2026-10-04,delegated,current-snapshot,generic,"Disney Enterprises, Inc.",United States of America (the),,,yes,,https://www.iana.org/domains/root/db/abc.html
.able,.able,2016-03-03,ianaRegistration,iana-registration,generic,Able Inc.,Japan,,,no,,https://www.iana.org/domains/root/db/able.html
.able,.able,2016-06-15,ianaDelegationReport,iana-report,generic,,,Delegation of the .able domain to Able Inc.,,no,,https://www.iana.org/reports/c.2.9.2.d/20160615-able
.able,.able,2026-10-04,delegated,current-snapshot,generic,Able Inc.,Japan,,,yes,,https://www.iana.org/domains/root/db/able.html
.abogado,.abogado,2014-07-10,ianaRegistration,iana-registration,generic,"Registry Services, LLC",United States of America (the),,,no,,https://www.iana.org/domains/root/db/abogado.html
.abogado,.abogado,2014-10-09,ianaDelegationReport,iana-report,generic,,,Delegation of the .abogado domain to Top Level Domain Holdings Limited,,no,,https://www.iana.org/reports/c.2.9.2.d/20141009-abogado
.abogado,.abogado,2021-09-14,ianaTransferReport,iana-report,generic,,,"Transfer of the .abogado domain to Registry Services, LLC",,no,,https://www.iana.org/reports/tld-transfer/20210914-abogado
.abogado,.abogado,2026-10-04,delegated,current-snapshot,generic,"Registry Services, LLC",United States of America (the),,,yes,,https://www.iana.org/domains/root/db/abogado.html
.abudhabi,.abudhabi,2016-02-26,ianaRegistration,iana-registration,generic,Abu Dhabi Systems and Information Centre,United Arab Emirates (the),,,no,,https://www.iana.org/domains/root/db/abudhabi.html
.abudhabi,.abudhabi,2016-04-05,ianaDelegationReport,iana-report,generic,,,Delegation of the .abudhabi domain to Abu Dhabi Systems and Information Centre,,no,,https://www.iana.org/reports/c.2.9.2.d/20160405-abudhabi
.abudhabi,.abudhabi,2026-10-04,delegated,current-snapshot,generic,Abu Dhabi Systems and Information Centre,United Arab Emirates (the),,,yes,,https://www.iana.org/domains/root/db/abudhabi.html
.ac,.ac,1997-12-19,ianaRegistration,iana-registration,country-code,Internet Computer Bureau Limited,Ascension Island,,,no,,https://www.iana.org/domains/root/db/ac.html
.ac,.ac,2026-10-04,delegated,current-snapshot,country-code,Internet Computer Bureau Limited,Ascension Island,,,yes,,https://www.iana.org/domains/root/db/ac.html
.academy,.academy,2013-12-12,ianaDelegationReport,iana-report,generic,,,"Delegation of the .ACADEMY domain to Half Oaks, LLC",,no,,https://www.iana.org/reports/c.2.9.2.d/20131212-academy
.academy,.academy,2013-12-12,ianaRegistration,iana-registration,generic,"Binky Moon, LLC",United States of America (the),,,no,,https://www.iana.org/domains/root/db/academy.html
.academy,.academy,2018-03-23,ianaTransferReport,iana-report,generic,,,Transfer of the .academy domain and 195 others,,no,,https://www.iana.org/reports/tld-transfer/20180323-binkymoon
.academy,.academy,2026-10-04,delegated,current-snapshot,generic,"Binky Moon, LLC",United States of America (the),,,yes,,https://www.iana.org/domains/root/db/academy.html
.accenture,.accenture,2015-04-30,ianaRegistration,iana-registration,generic,Accenture plc,Ireland,,,no,,https://www.iana.org/domains/root/db/accenture.html
.accenture,.accenture,2015-05-06,ianaDelegationReport,iana-report,generic,,,Delegation of the .accenture domain to Accenture plc,,no,,https://www.iana.org/reports/c.2.9.2.d/20150506-accenture
.accenture,.accenture,2026-10-04,delegated,current-snapshot,generic,Accenture plc,Ireland,,,yes,,https://www.iana.org/domains/root/db/accenture.html
.accountant,.accountant,2015-02-05,ianaRegistration,iana-registration,generic,dot Accountant Limited,Gibraltar,,,no,,https://www.iana.org/domains/root/db/accountant.html
.accountant,.accountant,2015-03-23,ianaDelegationReport,iana-report,generic,,,Delegation of the .accountant domain to dot Accountant Limited,,no,,https://www.iana.org/reports/c.2.9.2.d/20150323-accountant
.accountant,.accountant,2026-10-04,delegated,current-snapshot,generic,dot Accountant Limited,Gibraltar,,,yes,,https://www.iana.org/domains/root/db/accountant.html
.accountants,.accountants,2014-04-24,ianaRegistration,iana-registration,generic,"Binky Moon, LLC",United States of America (the),,,no,,https://www.iana.org/domains/root/db/accountants.html
.accountants,.accountants,2014-05-02,ianaDelegationReport,iana-report,generic,,,"Delegation of the .accountants domain to Knob Town, LLC",,no,,https://www.iana.org/reports/c.2.9.2.d/20140502-accountants
.accountants,.accountants,2018-03-23,ianaTransferReport,iana-report,generic,,,Transfer of the .academy domain and 195 others,,no,,https://www.iana.org/reports/tld-transfer/20180323-binkymoon
.accountants,.accountants,2026-10-04,delegated,current-snapshot,generic,"Binky Moon, LLC",United States of America (the),,,yes,,https://www.iana.org/domains/root/db/accountants.html
.aco,.aco,2015-07-16,ianaRegistration,iana-registration,generic,ACO Severin Ahlmann GmbH & Co. KG,Germany,,,no,,https://www.iana.org/domains/root/db/aco.html
.aco,.aco,2015-08-25,ianaDelegationReport,iana-report,generic,,,Delegation of the .aco domain to ACO Severin Ahlmann GmbH & Co. KG,,no,,https://www.iana.org/reports/c.2.9.2.d/20150825-aco
.aco,.aco,2026-10-04,delegated,current-snapshot,generic,ACO Severin Ahlmann GmbH & Co. KG,Germany,,,yes,,https://www.iana.org/domains/root/db/aco.html
.active,.active,2014-06-19,ianaRegistration,iana-registration,generic,,,,,no,,https://www.iana.org/domains/root/db/active.html
.active,.active,2014-06-23,ianaDelegationReport,iana-report,generic,,,"Delegation of the .active domain to The Active Network, Inc",,no,,https://www.iana.org/reports/c.2.9.2.d/20140623-active
.active,.active,2019-02-15,ianaRevocationReport,iana-report,generic,,,Revocation of the .active domain,,no,,https://www.iana.org/reports/tld-transfer/20190215-active
.active,.active,2026-10-04,notDelegated,current-snapshot,generic,,,,,yes,,https://www.iana.org/domains/root/db/active.html
.actor,.actor,2014-02-20,ianaRegistration,iana-registration,generic,"Dog Beach, LLC",United States of America (the),,,no,,https://www.iana.org/domains/root/db/actor.html
.actor,.actor,2014-02-25,ianaDelegationReport,iana-report,generic,,,Delegation of the .actor domain to United TLD Holdco Ltd.,,no,,https://www.iana.org/reports/c.2.9.2.d/20140225-actor
.actor,.actor,2021-06-02,ianaTransferReport,iana-report,generic,,,"Transfer of the .actor domain to Dog Beach, LLC",,no,,https://www.iana.org/reports/tld-transfer/20210602-actor
.actor,.actor,2026-10-04,delegated,current-snapshot,generic,"Dog Beach, LLC",United States of America (the),,,yes,,https://www.iana.org/domains/root/db/actor.html
.ad,.ad,1996-01-09,ianaRegistration,iana-registration,country-code,Andorra Telecom,Andorra,,,no,,https://www.iana.org/domains/root/db/ad.html
.ad,.ad,2026-10-04,delegated,current-snapshot,country-code,Andorra Telecom,Andorra,,,yes,,https://www.iana.org/domains/root/db/ad.html
.adac,.adac,2015-11-20,ianaRegistration,iana-registration,generic,,,,,no,,https://www.iana.org/domains/root/db/adac.html
.adac,.adac,2016-01-21,ianaDelegationReport,iana-report,generic,,,Delegation of the .adac domain to Allgemeiner Deutscher Automobil-Club e.V. (ADAC),,no,,https://www.iana.org/reports/c.2.9.2.d/20160121-adac
.adac,.adac,2022-11-26,ianaRevocationReport,iana-report,generic,,,Revocation of the .adac domain,,no,,https://www.iana.org/reports/tld-transfer/20221126-adac
.adac,.adac,2026-10-04,notDelegated,current-snapshot,generic,,,,,yes,,https://www.iana.org/domains/root/db/adac.html
.ads,.ads,2000,applicationSubmitted,application,generic,"Name.Space, Incorporated",United States,2000-001,,no,,https://archive.icann.org/en/tlds/tld-applications-lodged-02oct00.htm
.ads,.ads,2015-02-05,ianaRegistration,iana-registration,generic,Charleston Road Registry Inc.,United States of America (the),,,no,,https://www.iana.org/domains/root/db/ads.html
.ads,.ads,2015-03-18,ianaDelegationReport,iana-report,generic,,,Delegation of the .ads domain to Charleston Road Registry Inc.,,no,,https://www.iana.org/reports/c.2.9.2.d/20150318-ads
.ads,.ads,2026-10-04,delegated,current-snapshot,generic,Charleston Road Registry Inc.,United States of America (the),,,yes,,https://www.iana.org/domains/root/db/ads.html
.adult,.adult,2014-11-26,ianaRegistration,iana-registration,generic,ICM Registry AD LLC,United States of America (the),,,no,,https://www.iana.org/domains/root/db/adult.html
.adult,.adult,2014-12-03,ianaDelegationReport,iana-report,generic,,,Delegation of the .adult domain to ICM Registry AD LLC,,no,,https://www.iana.org/reports/c.2.9.2.d/20141203-adult
.adult,.adult,2026-10-04,delegated,current-snapshot,generic,ICM Registry AD LLC,United States of America (the),,,yes,,https://www.iana.org/domains/root/db/adult.html
.ae,.ae,1992-12-01,ianaRegistration,iana-registration,country-code,Telecommunications and Digital Government Regulatory Authority (TDRA),United Arab Emirates (the),,,no,,https://www.iana.org/domains/root/db/ae.html
.ae,.ae,2008-01-23,ianaTransferReport,iana-report,country-code,,,"Report on the Redelegation of the .AE Top-Level Domain to the ""Telecommunications Regulatory Authority""",,no,,https://www.iana.org/reports/2008/ae-report-23jan2008.html
.ae,.ae,2026-10-04,delegated,current-snapshot,country-code,Telecommunications and Digital Government Regulatory Authority (TDRA),United Arab Emirates (the),,,yes,,https://www.iana.org/domains/root/db/ae.html
.aeg,.aeg,2015-06-11,ianaRegistration,iana-registration,generic,Aktiebolaget Electrolux,Sweden,,,no,,https://www.iana.org/domains/root/db/aeg.html
.aeg,.aeg,2015-06-18,ianaDelegationReport,iana-report,generic,,,Delegation of the .aeg domain to Aktiebolaget Electrolux,,no,,https://www.iana.org/reports/c.2.9.2.d/20150618-aeg
.aeg,.aeg,2026-10-04,delegated,current-snapshot,generic,Aktiebolaget Electrolux,Sweden,,,yes,,https://www.iana.org/domains/root/db/aeg.html
.aer,.aer,2000,applicationSubmitted,application,notApplicable,Société Internationale de Télécommunications Aéronautiques (SITA),Belgium / Switzerland,2000-003,,no,,https://archive.icann.org/en/tlds/tld-applications-lodged-02oct00.htm
.aer,.aer,2026-10-04,notDelegated,current-snapshot,notApplicable,Société Internationale de Télécommunications Aéronautiques (SITA),,,,yes,,https://archive.icann.org/en/tlds/tld-applications-lodged-02oct00.htm
.aero,.aero,2000,applicationSubmitted,application,sponsored,Société Internationale de Télécommunications Aéronautiques (SITA),Belgium / Switzerland,2000-003,,no,,https://archive.icann.org/en/tlds/tld-applications-lodged-02oct00.htm
.aero,.aero,2001-12-19,ianaReportEvent,iana-report,sponsored,,,IANA Report on Establishment of the .AERO Top-Level Domain,,no,,https://www.iana.org/reports/2001/aero-report-19dec01.html
.aero,.aero,2001-12-21,ianaRegistration,iana-registration,sponsored,Societe Internationale de Telecommunications Aeronautique (SITA INC USA),United States of America (the),,,no,,https://www.iana.org/domains/root/db/aero.html
.aero,.aero,2026-10-04,delegated,current-snapshot,sponsored,Societe Internationale de Telecommunications Aeronautique (SITA INC USA),United States of America (the),,,yes,,https://www.iana.org/domains/root/db/aero.html
.aetna,.aetna,2016-04-21,ianaRegistration,iana-registration,generic,Aetna Life Insurance Company,United States of America (the),,,no,,https://www.iana.org/domains/root/db/aetna.html
.aetna,.aetna,2016-05-18,ianaDelegationReport,iana-report,generic,,,Delegation of the .aetna domain to Aetna Life Insurance Company,,no,,https://www.iana.org/reports/c.2.9.2.d/20160518-aetna
.aetna,.aetna,2026-10-04,delegated,current-snapshot,generic,Aetna Life Insurance Company,United States of America (the),,,yes,,https://www.iana.org/domains/root/db/aetna.html
.af,.af,1997-10-16,ianaRegistration,iana-registration,country-code,Ministry of Communications and IT,Afghanistan,,,no,,https://www.iana.org/domains/root/db/af.html
.af,.af,2003-01-08,ianaTransferReport,iana-report,country-code,,,IANA Report on Redelegation of the .AF Top-Level Domain,,no,,https://www.iana.org/reports/2003/af-report-08jan2003.html
.af,.af,2026-10-04,delegated,current-snapshot,country-code,Ministry of Communications and IT,Afghanistan,,,yes,,https://www.iana.org/domains/root/db/af.html
.afamilycompany,.afamilycompany,2016-07-14,ianaRegistration,iana-registration,generic,,,,,no,,https://www.iana.org/domains/root/db/afamilycompany.html
.afamilycompany,.afamilycompany,2016-07-26,ianaDelegationReport,iana-report,generic,,,"Delegation of the .afamilycompany domain to Johnson Shareholdings, Inc.",,no,,https://www.iana.org/reports/c.2.9.2.d/20160726-afamilycompany
.afamilycompany,.afamilycompany,2021-12-03,ianaRevocationReport,iana-report,generic,,,Revocation of the .afamilycompany domain,,no,,https://www.iana.org/reports/tld-transfer/20211203-afamilycompany
.afamilycompany,.afamilycompany,2026-10-04,notDelegated,current-snapshot,generic,,,,,yes,,https://www.iana.org/domains/root/db/afamilycompany.html
.afl,.afl,2015-02-19,ianaRegistration,iana-registration,generic,Australian Football League,Australia,,,no,,https://www.iana.org/domains/root/db/afl.html
.afl,.afl,2015-03-26,ianaDelegationReport,iana-report,generic,,,Delegation of the .afl domain to Australian Football League,,no,,https://www.iana.org/reports/c.2.9.2.d/20150326-afl
.afl,.afl,2026-10-04,delegated,current-snapshot,generic,Australian Football League,Australia,,,yes,,https://www.iana.org/domains/root/db/afl.html
.africa,.africa,2000,applicationSubmitted,application,generic,Rathbawn Computers Limited,United States / Australia,2000-002,,no,,https://archive.icann.org/en/tlds/tld-applications-lodged-02oct00.htm
.africa,.africa,2017-02-11,ianaRegistration,iana-registration,generic,ZA Central Registry NPC trading as Registry.Africa,South Africa,,,no,,https://www.iana.org/domains/root/db/africa.html
.africa,.africa,2017-02-14,ianaDelegationReport,iana-report,generic,,,Delegation of the .africa domain to ZA Central Registry NPC trading as Registry.Africa,,no,,https://www.iana.org/reports/tld-transfer/20170214-africa
.africa,.africa,2026-10-04,delegated,current-snapshot,generic,ZA Central Registry NPC trading as Registry.Africa,South Africa,,,yes,,https://www.iana.org/domains/root/db/africa.html
.ag,.ag,1991-09-03,ianaRegistration,iana-registration,country-code,UHSA School of Medicine,Antigua and Barbuda,,,no,,https://www.iana.org/domains/root/db/ag.html
.ag,.ag,2026-10-04,delegated,current-snapshot,country-code,UHSA School of Medicine,Antigua and Barbuda,,,yes,,https://www.iana.org/domains/root/db/ag.html
.agakhan,.agakhan,2016-03-31,ianaRegistration,iana-registration,generic,Fondation Aga Khan (Aga Khan Foundation),Switzerland,,,no,,https://www.iana.org/domains/root/db/agakhan.html
.agakhan,.agakhan,2016-04-13,ianaDelegationReport,iana-report,generic,,,Delegation of the .agakhan domain to Fondation Aga Khan (Aga Khan Foundation),,no,,https://www.iana.org/reports/c.2.9.2.d/20160413-agakhan
.agakhan,.agakhan,2026-10-04,delegated,current-snapshot,generic,Fondation Aga Khan (Aga Khan Foundation),Switzerland,,,yes,,https://www.iana.org/domains/root/db/agakhan.html
.agency,.agency,2000,applicationSubmitted,application,generic,"Name.Space, Incorporated",United States,2000-001,,no,,https://archive.icann.org/en/tlds/tld-applications-lodged-02oct00.htm
.agency,.agency,2014-01-09,ianaRegistration,iana-registration,generic,"Binky Moon, LLC",United States of America (the),,,no,,https://www.iana.org/domains/root/db/agency.html
.agency,.agency,2014-01-10,ianaDelegationReport,iana-report,generic,,,"Delegation of the .AGENCY domain to Steel Falls, LLC",,no,,https://www.iana.org/reports/c.2.9.2.d/20140110-agency
.agency,.agency,2018-03-23,ianaTransferReport,iana-report,generic,,,Transfer of the .academy domain and 195 others,,no,,https://www.iana.org/reports/tld-transfer/20180323-binkymoon
.agency,.agency,2026-10-04,delegated,current-snapshot,generic,"Binky Moon, LLC",United States of America (the),,,yes,,https://www.iana.org/domains/root/db/agency.html
.ai,.ai,1995-02-16,ianaRegistration,,,,,,,no,,https://www.iana.org/domains/root/db/ai.html
.ai,.ai,2026-10-04,delegated,,country-code,Government of Anguilla,Anguilla,,,yes,,https://www.iana.org/domains/root/db/ai.html
.aids,.aids,2000,applicationSubmitted,application,notApplicable,"Name.Space, Incorporated",United States,2000-001,,no,,https://archive.icann.org/en/tlds/tld-applications-lodged-02oct00.htm
.aids,.aids,2026-10-04,notDelegated,current-snapshot,notApplicable,"Name.Space, Incorporated",,,,yes,,https://archive.icann.org/en/tlds/tld-applications-lodged-02oct00.htm
.aig,.aig,2015-04-09,ianaRegistration,iana-registration,generic,"American International Group, Inc.",United States of America (the),,,no,,https://www.iana.org/domains/root/db/aig.html
.aig,.aig,2015-04-29,ianaDelegationReport,iana-report,generic,,,"Delegation of the .aig domain to American International Group, Inc.",,no,,https://www.iana.org/reports/c.2.9.2.d/20150429-aig
.aig,.aig,2026-10-04,delegated,current-snapshot,generic,"American International Group, Inc.",United States of America (the),,,yes,,https://www.iana.org/domains/root/db/aig.html
.aigo,.aigo,2016-08-04,ianaRegistration,iana-registration,generic,,,,,no,,https://www.iana.org/domains/root/db/aigo.html
.aigo,.aigo,2016-08-12,ianaDelegationReport,iana-report,generic,,,"Delegation of the .aigo domain to aigo Digital Technology Co,Ltd.",,no,,https://www.iana.org/reports/c.2.9.2.d/20160812-aigo
.aigo,.aigo,2020-06-27,ianaRevocationReport,iana-report,generic,,,Revocation of the .aigo domain,,no,,https://www.iana.org/reports/tld-transfer/20200627-aigo
.aigo,.aigo,2026-10-04,notDelegated,current-snapshot,generic,,,,,yes,,https://www.iana.org/domains/root/db/aigo.html
.air,.air,2000,applicationSubmitted,application,notApplicable,"Name.Space, Incorporated",United States,2000-001,,no,,https://archive.icann.org/en/tlds/tld-applications-lodged-02oct00.htm
.air,.air,2000,applicationSubmitted,application,notApplicable,Société Internationale de Télécommunications Aéronautiques (SITA),Belgium / Switzerland,2000-003,,no,,https://archive.icann.org/en/tlds/tld-applications-lodged-02oct00.htm
.air,.air,2026-10-04,notDelegated,current-snapshot,notApplicable,,,,,yes,,https://archive.icann.org/en/tlds/tld-applications-lodged-02oct00.htm
.airbus,.airbus,2016-05-26,ianaRegistration,iana-registration,generic,Airbus S.A.S.,France,,,no,,https://www.iana.org/domains/root/db/airbus.html
.airbus,.airbus,2016-06-07,ianaDelegationReport,iana-report,generic,,,Delegation of the .airbus domain to Airbus S.A.S.,,no,,https://www.iana.org/reports/c.2.9.2.d/20160607-airbus
.airbus,.airbus,2026-10-04,delegated,current-snapshot,generic,Airbus S.A.S.,France,,,yes,,https://www.iana.org/domains/root/db/airbus.html
.airforce,.airforce,2014-04-17,ianaRegistration,iana-registration,generic,"Dog Beach, LLC",United States of America (the),,,no,,https://www.iana.org/domains/root/db/airforce.html
.airforce,.airforce,2014-04-28,ianaDelegationReport,iana-report,generic,,,Delegation of the .airforce domain to United TLD Holdco Ltd.,,no,,https://www.iana.org/reports/c.2.9.2.d/20140428-airforce
.airforce,.airforce,2021-06-02,ianaTransferReport,iana-report,generic,,,"Transfer of the .airforce domain to Dog Beach, LLC",,no,,https://www.iana.org/reports/tld-transfer/20210602-airforce
.airforce,.airforce,2026-10-04,delegated,current-snapshot,generic,"Dog Beach, LLC",United States of America (the),,,yes,,https://www.iana.org/domains/root/db/airforce.html
.airtel,.airtel,2015-06-18,ianaRegistration,iana-registration,generic,Bharti Airtel Limited,India,,,no,,https://www.iana.org/domains/root/db/airtel.html
.airtel,.airtel,2015-07-06,ianaDelegationReport,iana-report,generic,,,Delegation of the .airtel domain to Bharti Airtel Limited,,no,,https://www.iana.org/reports/c.2.9.2.d/20150706-airtel
.airtel,.airtel,2026-10-04,delegated,current-snapshot,generic,Bharti Airtel Limited,India,,,yes,,https://www.iana.org/domains/root/db/airtel.html
.akdn,.akdn,2016-03-31,ianaRegistration,iana-registration,generic,Fondation Aga Khan (Aga Khan Foundation),Switzerland,,,no,,https://www.iana.org/domains/root/db/akdn.html
.akdn,.akdn,2016-04-13,ianaDelegationReport,iana-report,generic,,,Delegation of the .akdn domain to Fondation Aga Khan (Aga Khan Foundation),,no,,https://www.iana.org/reports/c.2.9.2.d/20160413-akdn
.akdn,.akdn,2026-10-04,delegated,current-snapshot,generic,Fondation Aga Khan (Aga Khan Foundation),Switzerland,,,yes,,https://www.iana.org/domains/root/db/akdn.html
.al,.al,1992-04-21,ianaRegistration,iana-registration,country-code,Electronic and Postal Communications Authority - AKEP,Albania,,,no,,https://www.iana.org/domains/root/db/al.html
.al,.al,2026-10-04,delegated,current-snapshot,country-code,Electronic and Postal Communications Authority - AKEP,Albania,,,yes,,https://www.iana.org/domains/root/db/al.html
.alfaromeo,.alfaromeo,2016-07-21,ianaRegistration,iana-registration,generic,,,,,no,,https://www.iana.org/domains/root/db/alfaromeo.html
.alfaromeo,.alfaromeo,2016-08-01,ianaDelegationReport,iana-report,generic,,,Delegation of the .alfaromeo domain to Fiat Chrysler Automobiles N.V.,,no,,https://www.iana.org/reports/c.2.9.2.d/20160801-alfaromeo
.alfaromeo,.alfaromeo,2023-06-05,ianaRevocationReport,iana-report,generic,,,Revocation of the .alfaromeo domain,,no,,https://www.iana.org/reports/tld-transfer/20230605-alfaromeo
.alfaromeo,.alfaromeo,2026-10-04,notDelegated,current-snapshot,generic,,,,,yes,,https://www.iana.org/domains/root/db/alfaromeo.html
.alibaba,.alibaba,2016-01-08,ianaRegistration,iana-registration,generic,Alibaba Group Holding Limited,Cayman Islands (the),,,no,,https://www.iana.org/domains/root/db/alibaba.html
.alibaba,.alibaba,2016-01-13,ianaDelegationReport,iana-report,generic,,,Delegation of the .alibaba domain to Alibaba Group Holding Limited,,no,,https://www.iana.org/reports/c.2.9.2.d/20160113-alibaba
.alibaba,.alibaba,2026-10-04,delegated,current-snapshot,generic,Alibaba Group Holding Limited,Cayman Islands (the),,,yes,,https://www.iana.org/domains/root/db/alibaba.html
.alipay,.alipay,2016-01-08,ianaRegistration,iana-registration,generic,Alibaba Group Holding Limited,Cayman Islands (the),,,no,,https://www.iana.org/domains/root/db/alipay.html
.alipay,.alipay,2016-01-13,ianaDelegationReport,iana-report,generic,,,Delegation of the .alipay domain to Alibaba Group Holding Limited,,no,,https://www.iana.org/reports/c.2.9.2.d/20160113-alipay
.alipay,.alipay,2026-10-04,delegated,current-snapshot,generic,Alibaba Group Holding Limited,Cayman Islands (the),,,yes,,https://www.iana.org/domains/root/db/alipay.html
.allfinanz,.allfinanz,2014-09-25,ianaRegistration,iana-registration,generic,Allfinanz Deutsche Vermögensberatung Aktiengesellschaft,Germany,,,no,,https://www.iana.org/domains/root/db/allfinanz.html
.allfinanz,.allfinanz,2014-09-26,ianaDelegationReport,iana-report,generic,,,Delegation of the .allfinanz domain to Allfinanz Deutsche Vermögensberatung Aktiengesellschaft,,no,,https://www.iana.org/reports/c.2.9.2.d/20140926-allfinanz
.allfinanz,.allfinanz,2026-10-04,delegated,current-snapshot,generic,Allfinanz Deutsche Vermögensberatung Aktiengesellschaft,Germany,,,yes,,https://www.iana.org/domains/root/db/allfinanz.html
.allstate,.allstate,2016-02-05,ianaRegistration,iana-registration,generic,Allstate Fire and Casualty Insurance Company,United States of America (the),,,no,,https://www.iana.org/domains/root/db/allstate.html
.allstate,.allstate,2016-07-11,ianaDelegationReport,iana-report,generic,,,Delegation of the .allstate domain to Allstate Fire and Casualty Insurance Company,,no,,https://www.iana.org/reports/c.2.9.2.d/20160711-allstate
.allstate,.allstate,2026-10-04,delegated,current-snapshot,generic,Allstate Fire and Casualty Insurance Company,United States of America (the),,,yes,,https://www.iana.org/domains/root/db/allstate.html
.ally,.ally,2015-10-22,ianaRegistration,iana-registration,generic,Ally Financial Inc.,United States of America (the),,,no,,https://www.iana.org/domains/root/db/ally.html
.ally,.ally,2016-03-22,ianaDelegationReport,iana-report,generic,,,Delegation of the .ally domain to Ally Financial Inc.,,no,,https://www.iana.org/reports/c.2.9.2.d/20160322-ally
.ally,.ally,2026-10-04,delegated,current-snapshot,generic,Ally Financial Inc.,United States of America (the),,,yes,,https://www.iana.org/domains/root/db/ally.html
.alsace,.alsace,2014-09-18,ianaRegistration,iana-registration,generic,REGION GRAND EST,France,,,no,,https://www.iana.org/domains/root/db/alsace.html
.alsace,.alsace,2014-10-02,ianaDelegationReport,iana-report,generic,,,Delegation of the .alsace domain to REGION D ALSACE,,no,,https://www.iana.org/reports/c.2.9.2.d/20141002-alsace
.alsace,.alsace,2026-10-04,delegated,current-snapshot,generic,REGION GRAND EST,France,,,yes,,https://www.iana.org/domains/root/db/alsace.html
.alstom,.alstom,2015-12-04,ianaRegistration,iana-registration,generic,ALSTOM,France,,,no,,https://www.iana.org/domains/root/db/alstom.html
.alstom,.alstom,2016-06-09,ianaDelegationReport,iana-report,generic,,,Delegation of the .alstom domain to Alstom,,no,,https://www.iana.org/reports/c.2.9.2.d/20160609-alstom
.alstom,.alstom,2026-10-04,delegated,current-snapshot,generic,ALSTOM,France,,,yes,,https://www.iana.org/domains/root/db/alstom.html
.am,.am,1994-08-26,ianaRegistration,iana-registration,country-code,"""Internet Society"" Non-governmental Organization",Armenia,,,no,,https://www.iana.org/domains/root/db/am.html
.am,.am,2026-10-04,delegated,current-snapshot,country-code,"""Internet Society"" Non-governmental Organization",Armenia,,,yes,,https://www.iana.org/domains/root/db/am.html
.amazon,.amazon,2020-05-28,ianaRegistration,iana-registration,generic,"Amazon Registry Services, Inc.",United States of America (the),,,no,,https://www.iana.org/domains/root/db/amazon.html
.amazon,.amazon,2020-06-02,ianaDelegationReport,iana-report,generic,,,"Delegation of the .amazon domain to Amazon Registry Services, Inc.",,no,,https://www.iana.org/reports/tld-transfer/20200602-amazon
.amazon,.amazon,2026-10-04,delegated,current-snapshot,generic,"Amazon Registry Services, Inc.",United States of America (the),,,yes,,https://www.iana.org/domains/root/db/amazon.html
.americanexpress,.americanexpress,2016-07-22,ianaRegistration,iana-registration,generic,"American Express Travel Related Services Company, Inc.",United States of America (the),,,no,,https://www.iana.org/domains/root/db/americanexpress.html
.americanexpress,.americanexpress,2016-08-02,ianaDelegationReport,iana-report,generic,,,"Delegation of the .americanexpress domain to American Express Travel Related Services Company, Inc.",,no,,https://www.iana.org/reports/c.2.9.2.d/20160802-americanexpress
.americanexpress,.americanexpress,2026-10-04,delegated,current-snapshot,generic,"American Express Travel Related Services Company, Inc.",United States of America (the),,,yes,,https://www.iana.org/domains/root/db/americanexpress.html
.americanfamily,.americanfamily,2016-07-14,ianaRegistration,iana-registration,generic,"AmFam, Inc.",United States of America (the),,,no,,https://www.iana.org/domains/root/db/americanfamily.html
.americanfamily,.americanfamily,2016-07-20,ianaDelegationReport,iana-report,generic,,,"Delegation of the .americanfamily domain to AmFam, Inc.",,no,,https://www.iana.org/reports/c.2.9.2.d/20160720-americanfamily
.americanfamily,.americanfamily,2026-10-04,delegated,current-snapshot,generic,"AmFam, Inc.",United States of America (the),,,yes,,https://www.iana.org/domains/root/db/americanfamily.html
.amex,.amex,2016-07-21,ianaRegistration,iana-registration,generic,"American Express Travel Related Services Company, Inc.",United States of America (the),,,no,,https://www.iana.org/domains/root/db/amex.html
.amex,.amex,2016-08-02,ianaDelegationReport,iana-report,generic,,,"Delegation of the .amex domain to American Express Travel Related Services Company, Inc.",,no,,https://www.iana.org/reports/c.2.9.2.d/20160802-amex
.amex,.amex,2026-10-04,delegated,current-snapshot,generic,"American Express Travel Related Services Company, Inc.",United States of America (the),,,yes,,https://www.iana.org/domains/root/db/amex.html
.amfam,.amfam,2016-07-14,ianaRegistration,iana-registration,generic,"AmFam, Inc.",United States of America (the),,,no,,https://www.iana.org/domains/root/db/amfam.html
.amfam,.amfam,2016-07-20,ianaDelegationReport,iana-report,generic,,,"Delegation of the .amfam domain to AmFam, Inc.",,no,,https://www.iana.org/reports/c.2.9.2.d/20160720-amfam
.amfam,.amfam,2026-10-04,delegated,current-snapshot,generic,"AmFam, Inc.",United States of America (the),,,yes,,https://www.iana.org/domains/root/db/amfam.html
.amica,.amica,2015-08-06,ianaRegistration,iana-registration,generic,Amica Mutual Insurance Company,United States of America (the),,,no,,https://www.iana.org/domains/root/db/amica.html
.amica,.amica,2015-08-26,ianaDelegationReport,iana-report,generic,,,Delegation of the .amica domain to Amica Mutual Insurance Company,,no,,https://www.iana.org/reports/c.2.9.2.d/20150826-amica
.amica,.amica,2026-10-04,delegated,current-snapshot,generic,Amica Mutual Insurance Company,United States of America (the),,,yes,,https://www.iana.org/domains/root/db/amica.html
.amsterdam,.amsterdam,2014-11-20,ianaRegistration,,,,,,,no,,https://www.iana.org/domains/root/db/amsterdam.html
.amsterdam,.amsterdam,2014-12-22,ianaDelegationReport,iana-report,generic,,,Delegation of the .amsterdam domain to Gemeente Amsterdam,,no,,https://www.iana.org/reports/c.2.9.2.d/20141222-amsterdam
.amsterdam,.amsterdam,2026-10-04,delegated,,generic,Gemeente Amsterdam,Netherlands (the),,,yes,,https://www.iana.org/domains/root/db/amsterdam.html
.an,.an,1993,delegated,,country-code,,Netherlands Antilles,,,no,,https://www.iana.org/reports/2011/cw-report-20111003.html
.an,.an,1993-09-09,ianaRegistration,iana-registration,country-code,,,,,no,,https://www.iana.org/domains/root/db/an.html
.an,.an,2010 → retirement,retired,,country-code,,Netherlands Antilles,,,no,,https://www.iana.org/reports/2011/cw-report-20111003.html
.an,.an,2011-10-03,ianaReportEvent,iana-report,country-code,,,"Report on the Delegation of the .CW domain representing Curaçao to the University of the Netherlands Antilles, and transitional arrangements for the .AN domain representing the Netherlands Antilles",,no,,https://www.iana.org/reports/2011/cw-report-20111003.html
.an,.an,2026-10-04,retired,current-snapshot,country-code,,Netherlands Antilles,,,yes,,https://www.iana.org/domains/root/db/an.html
.analytics,.analytics,2015-11-20,ianaRegistration,iana-registration,generic,Campus IP LLC,United States of America (the),,,no,,https://www.iana.org/domains/root/db/analytics.html
.analytics,.analytics,2015-12-16,ianaDelegationReport,iana-report,generic,,,Delegation of the .analytics domain to Campus IP LLC,,no,,https://www.iana.org/reports/c.2.9.2.d/20151216-analytics
.analytics,.analytics,2026-10-04,delegated,current-snapshot,generic,Campus IP LLC,United States of America (the),,,yes,,https://www.iana.org/domains/root/db/analytics.html
.android,.android,2014-10-30,ianaRegistration,iana-registration,generic,Charleston Road Registry Inc.,United States of America (the),,,no,,https://www.iana.org/domains/root/db/android.html
.android,.android,2014-11-07,ianaDelegationReport,iana-report,generic,,,Delegation of the .android domain to Charleston Road Registry Inc.,,no,,https://www.iana.org/reports/c.2.9.2.d/20141107-android
.android,.android,2026-10-04,delegated,current-snapshot,generic,Charleston Road Registry Inc.,United States of America (the),,,yes,,https://www.iana.org/domains/root/db/android.html
.anquan,.anquan,2016-03-18,ianaRegistration,iana-registration,generic,"Beijing Qihu Keji Co., Ltd.",China,,,no,,https://www.iana.org/domains/root/db/anquan.html
.anquan,.anquan,2016-03-25,ianaDelegationReport,iana-report,generic,,,Delegation of the .anquan domain to QIHOO 360 Technology Co. Ltd.,,no,,https://www.iana.org/reports/c.2.9.2.d/20160325-anquan
.anquan,.anquan,2025-10-24,ianaTransferReport,iana-report,generic,,,"Transfer of the .anquan domain to Beijing Qihu Keji Co., Ltd.",,no,,https://www.iana.org/reports/tld-transfer/20251024-anquan
.anquan,.anquan,2026-10-04,delegated,current-snapshot,generic,"Beijing Qihu Keji Co., Ltd.",China,,,yes,,https://www.iana.org/domains/root/db/anquan.html
.antiques,.antiques,2000,applicationSubmitted,application,notApplicable,"Name.Space, Incorporated",United States,2000-001,,no,,https://archive.icann.org/en/tlds/tld-applications-lodged-02oct00.htm
.antiques,.antiques,2026-10-04,notDelegated,current-snapshot,notApplicable,"Name.Space, Incorporated",,,,yes,,https://archive.icann.org/en/tlds/tld-applications-lodged-02oct00.htm
.anz,.anz,2016-06-09,ianaRegistration,iana-registration,generic,Australia and New Zealand Banking Group Limited,Australia,,,no,,https://www.iana.org/domains/root/db/anz.html
.anz,.anz,2016-06-15,ianaDelegationReport,iana-report,generic,,,Delegation of the .anz domain to Australia and New Zealand Banking Group Limited,,no,,https://www.iana.org/reports/c.2.9.2.d/20160615-anz
.anz,.anz,2026-10-04,delegated,current-snapshot,generic,Australia and New Zealand Banking Group Limited,Australia,,,yes,,https://www.iana.org/domains/root/db/anz.html
.ao,.ao,1995-11-15,ianaRegistration,iana-registration,country-code,Ministry of Telecommunications and Information Technologies (MTTI),Angola,,,no,,https://www.iana.org/domains/root/db/ao.html
.ao,.ao,2020-06-05,ianaTransferReport,iana-report,country-code,,,Transfer of the .AO (Angola) top-level domain to the Ministry of Telecommunications and Information Technologies,,no,,https://www.iana.org/reports/2020/ao-report-20200605.html
.ao,.ao,2026-10-04,delegated,current-snapshot,country-code,Ministry of Telecommunications and Information Technologies (MTTI),Angola,,,yes,,https://www.iana.org/domains/root/db/ao.html
.aol,.aol,2016-10-27,ianaRegistration,iana-registration,generic,AOL Media LLC,United States of America (the),,,no,,https://www.iana.org/domains/root/db/aol.html
.aol,.aol,2016-11-03,ianaDelegationReport,iana-report,generic,,,Delegation of the .aol domain to AOL Inc.,,no,,https://www.iana.org/reports/tld-transfer/20161103-aol
.aol,.aol,2026-05-26,ianaTransferReport,iana-report,generic,,,Transfer of the .aol domain to AOL Media LLC,,no,,https://www.iana.org/reports/tld-transfer/20260526-aol
.aol,.aol,2026-10-04,delegated,current-snapshot,generic,AOL Media LLC,United States of America (the),,,yes,,https://www.iana.org/domains/root/db/aol.html
.apartments,.apartments,2015-02-05,ianaRegistration,iana-registration,generic,"Binky Moon, LLC",United States of America (the),,,no,,https://www.iana.org/domains/root/db/apartments.html
.apartments,.apartments,2015-02-09,ianaDelegationReport,iana-report,generic,,,"Delegation of the .apartments domain to June Maple, LLC",,no,,https://www.iana.org/reports/c.2.9.2.d/20150209-apartments
.apartments,.apartments,2018-03-23,ianaTransferReport,iana-report,generic,,,Transfer of the .academy domain and 195 others,,no,,https://www.iana.org/reports/tld-transfer/20180323-binkymoon
.apartments,.apartments,2026-10-04,delegated,current-snapshot,generic,"Binky Moon, LLC",United States of America (the),,,yes,,https://www.iana.org/domains/root/db/apartments.html
.app,.app,2012,application,,generic,,,,,no,,https://newgtlds.icann.org/en/program-status/statistics
.app,.app,2015-06-25,ianaRegistration,,,,,,,no,,https://www.iana.org/domains/root/db/app.html
.app,.app,2015-06-29,ianaDelegationReport,iana-report,generic,,,Delegation of the .app domain to Charleston Road Registry Inc.,,no,,https://www.iana.org/reports/c.2.9.2.d/20150629-app
.app,.app,2026-10-04,delegated,,generic,Charleston Road Registry Inc.,United States of America (the),,,yes,,https://www.iana.org/domains/root/db/app.html
.apple,.apple,2015-07-02,ianaRegistration,iana-registration,generic,Apple Inc.,United States of America (the),,,no,,https://www.iana.org/domains/root/db/apple.html
.apple,.apple,2015-10-27,ianaDelegationReport,iana-report,generic,,,Delegation of the .apple domain to Apple Inc.,,no,,https://www.iana.org/reports/c.2.9.2.d/20151027-apple
.apple,.apple,2026-10-04,delegated,current-snapshot,generic,Apple Inc.,United States of America (the),,,yes,,https://www.iana.org/domains/root/db/apple.html
.aq,.aq,1992-02-26,ianaRegistration,,,,,,,no,,https://www.iana.org/domains/root/db/aq.html
.aq,.aq,2026-10-04,delegated,,country-code,Antarctica Network Information Centre Limited,New Zealand,,,yes,,https://www.iana.org/domains/root/db/aq.html
.aquarelle,.aquarelle,2014-11-06,ianaRegistration,iana-registration,generic,Aquarelle.com,France,,,no,,https://www.iana.org/domains/root/db/aquarelle.html
.aquarelle,.aquarelle,2014-11-25,ianaDelegationReport,iana-report,generic,,,Delegation of the .aquarelle domain to Aquarelle.com,,no,,https://www.iana.org/reports/c.2.9.2.d/20141125-aquarelle
.aquarelle,.aquarelle,2026-10-04,delegated,current-snapshot,generic,Aquarelle.com,France,,,yes,,https://www.iana.org/domains/root/db/aquarelle.html
.ar,.ar,1987-09-23,ianaRegistration,iana-registration,country-code,"Presidencia de la Nación , Secretaría Legal y Técnica",Argentina,,,no,,https://www.iana.org/domains/root/db/ar.html
.ar,.ar,2026-10-04,delegated,current-snapshot,country-code,"Presidencia de la Nación , Secretaría Legal y Técnica",Argentina,,,yes,,https://www.iana.org/domains/root/db/ar.html
.arab,.arab,2017-05-11,ianaRegistration,iana-registration,generic,League of Arab States,Egypt,,,no,,https://www.iana.org/domains/root/db/arab.html
.arab,.arab,2017-05-22,ianaDelegationReport,iana-report,generic,,,Delegation of the .arab domain to League of Arab States,,no,,https://www.iana.org/reports/tld-transfer/20170522-arab
.arab,.arab,2026-10-04,delegated,current-snapshot,generic,League of Arab States,Egypt,,,yes,,https://www.iana.org/domains/root/db/arab.html
.aramco,.aramco,2015-08-20,ianaRegistration,iana-registration,generic,Aramco Services Company,United States of America (the),,,no,,https://www.iana.org/domains/root/db/aramco.html
.aramco,.aramco,2015-10-13,ianaDelegationReport,iana-report,generic,,,Delegation of the .aramco domain to Aramco Services Company,,no,,https://www.iana.org/reports/c.2.9.2.d/20151013-aramco
.aramco,.aramco,2026-10-04,delegated,current-snapshot,generic,Aramco Services Company,United States of America (the),,,yes,,https://www.iana.org/domains/root/db/aramco.html
.archi,.archi,2014-03-20,ianaRegistration,iana-registration,generic,Identity Digital Limited,United States of America (the),,,no,,https://www.iana.org/domains/root/db/archi.html
.archi,.archi,2014-03-27,ianaDelegationReport,iana-report,generic,,,Delegation of the .archi domain to STARTING DOT LIMITED,,no,,https://www.iana.org/reports/c.2.9.2.d/20140327-archi
.archi,.archi,2019-05-08,ianaTransferReport,iana-report,generic,,,Transfer of the .archi domain to Afilias Limited,,no,,https://www.iana.org/reports/tld-transfer/20190508-archi
.archi,.archi,2026-10-04,delegated,current-snapshot,generic,Identity Digital Limited,United States of America (the),,,yes,,https://www.iana.org/domains/root/db/archi.html
.army,.army,2014-05-29,ianaRegistration,iana-registration,generic,"Dog Beach, LLC",United States of America (the),,,no,,https://www.iana.org/domains/root/db/army.html
.army,.army,2014-06-02,ianaDelegationReport,iana-report,generic,,,"Delegation of the .army domain to United TLD Holdco, Ltd",,no,,https://www.iana.org/reports/c.2.9.2.d/20140602-army
.army,.army,2021-06-02,ianaTransferReport,iana-report,generic,,,"Transfer of the .army domain to Dog Beach, LLC",,no,,https://www.iana.org/reports/tld-transfer/20210602-army
.army,.army,2026-10-04,delegated,current-snapshot,generic,"Dog Beach, LLC",United States of America (the),,,yes,,https://www.iana.org/domains/root/db/army.html
.arpa,.arpa,1985-01-01,ianaRegistration,,,,,,,no,,https://www.iana.org/domains/root/db/arpa.html
.arpa,.arpa,2026-10-04,delegated,,infrastructure,Internet Architecture Board (IAB),United States of America (the),,,yes,,https://www.iana.org/domains/root/db/arpa.html
.art,.art,2000,applicationSubmitted,application,generic,"Name.Space, Incorporated",United States,2000-001,,no,,https://archive.icann.org/en/tlds/tld-applications-lodged-02oct00.htm
.art,.art,2012,application,,generic,,,,,no,,https://newgtlds.icann.org/en/program-status/statistics
.art,.art,2016-06-09,ianaRegistration,,,,,,,no,,https://www.iana.org/domains/root/db/art.html
.art,.art,2016-06-22,ianaDelegationReport,iana-report,generic,,,Delegation of the .art domain to UK Creative Ideas Limited,,no,,https://www.iana.org/reports/c.2.9.2.d/20160622-art
.art,.art,2026-10-04,delegated,,generic,UK Creative Ideas Limited,United Kingdom of Great Britain and Northern Ireland (the),,,yes,,https://www.iana.org/domains/root/db/art.html
.arte,.arte,2015-09-24,ianaRegistration,iana-registration,generic,Association Relative à la Télévision Européenne G.E.I.E.,France,,,no,,https://www.iana.org/domains/root/db/arte.html
.arte,.arte,2015-10-16,ianaDelegationReport,iana-report,generic,,,Delegation of the .arte domain to Association Relative à la Télévision Européenne G.E.I.E.,,no,,https://www.iana.org/reports/c.2.9.2.d/20151016-arte
.arte,.arte,2026-10-04,delegated,current-snapshot,generic,Association Relative à la Télévision Européenne G.E.I.E.,France,,,yes,,https://www.iana.org/domains/root/db/arte.html
.artists,.artists,2000,applicationSubmitted,application,notApplicable,"Name.Space, Incorporated",United States,2000-001,,no,,https://archive.icann.org/en/tlds/tld-applications-lodged-02oct00.htm
.artists,.artists,2026-10-04,notDelegated,current-snapshot,notApplicable,"Name.Space, Incorporated",,,,yes,,https://archive.icann.org/en/tlds/tld-applications-lodged-02oct00.htm
.as,.as,1997-06-12,ianaRegistration,iana-registration,country-code,AS Domain Registry,American Samoa,,,no,,https://www.iana.org/domains/root/db/as.html
.as,.as,2026-10-04,delegated,current-snapshot,country-code,AS Domain Registry,American Samoa,,,yes,,https://www.iana.org/domains/root/db/as.html
.asda,.asda,2016-07-21,ianaRegistration,iana-registration,generic,Asda Stores Limited,United Kingdom of Great Britain and Northern Ireland (the),,,no,,https://www.iana.org/domains/root/db/asda.html
.asda,.asda,2016-08-10,ianaDelegationReport,iana-report,generic,,,"Delegation of the .asda domain to Wal-Mart Stores, Inc.",,no,,https://www.iana.org/reports/c.2.9.2.d/20160810-asda
.asda,.asda,2024-12-17,ianaTransferReport,iana-report,generic,,,Transfer of the .asda domain to Asda Stores Limited,,no,,https://www.iana.org/reports/tld-transfer/20241217-asda
.asda,.asda,2026-10-04,delegated,current-snapshot,generic,Asda Stores Limited,United Kingdom of Great Britain and Northern Ireland (the),,,yes,,https://www.iana.org/domains/root/db/asda.html
.asia,.asia,2004,application,,sponsored,DotAsia Organisation Limited,"Hong Kong, China",,,no,,https://www.icann.org/en/announcements/details/icann-progress-in-process-for-introducing-new-sponsored-top-level-domains-19-3-2004-en
.asia,.asia,2004,applicationSubmitted,application,sponsored,DotAsia Organisation Limited,"Hong Kong, China",2004-001,outcome_delegated,no,,https://www.icann.org/en/announcements/details/icann-progress-in-process-for-introducing-new-sponsored-top-level-domains-19-3-2004-en
.asia,.asia,2007-04-12,ianaDelegationReport,iana-report,sponsored,,,IANA Report on the Delegation of the .ASIA Top-Level Domain,,no,,https://www.iana.org/reports/2007/asia-report-12apr2007.html
.asia,.asia,2007-05-02,ianaRegistration,,,,,,,no,,https://www.iana.org/domains/root/db/asia.html
.asia,.asia,2026-10-04,delegated,,sponsored,DotAsia Organisation Ltd.,Hong Kong,,,yes,,https://www.iana.org/domains/root/db/asia.html
.associates,.associates,2014-04-03,ianaRegistration,iana-registration,generic,"Binky Moon, LLC",United States of America (the),,,no,,https://www.iana.org/domains/root/db/associates.html
.associates,.associates,2014-04-09,ianaDelegationReport,iana-report,generic,,,"Delegation of the .associates domain to Baxter Hill, LLC",,no,,https://www.iana.org/reports/c.2.9.2.d/20140409-associates
.associates,.associates,2018-03-23,ianaTransferReport,iana-report,generic,,,Transfer of the .academy domain and 195 others,,no,,https://www.iana.org/reports/tld-transfer/20180323-binkymoon
.associates,.associates,2026-10-04,delegated,current-snapshot,generic,"Binky Moon, LLC",United States of America (the),,,yes,,https://www.iana.org/domains/root/db/associates.html
.at,.at,1988-01-20,ianaRegistration,iana-registration,country-code,nic.at GmbH,Austria,,,no,,https://www.iana.org/domains/root/db/at.html
.at,.at,2026-10-04,delegated,current-snapshot,country-code,nic.at GmbH,Austria,,,yes,,https://www.iana.org/domains/root/db/at.html
.athleta,.athleta,2016-07-14,ianaRegistration,iana-registration,generic,"The Gap, Inc.",United States of America (the),,,no,,https://www.iana.org/domains/root/db/athleta.html
.athleta,.athleta,2016-08-01,ianaDelegationReport,iana-report,generic,,,"Delegation of the .athleta domain to The Gap, Inc.",,no,,https://www.iana.org/reports/c.2.9.2.d/20160801-athleta
.athleta,.athleta,2026-10-04,delegated,current-snapshot,generic,"The Gap, Inc.",United States of America (the),,,yes,,https://www.iana.org/domains/root/db/athleta.html
.attorney,.attorney,2014-05-22,ianaRegistration,iana-registration,generic,"Dog Beach, LLC",United States of America (the),,,no,,https://www.iana.org/domains/root/db/attorney.html
.attorney,.attorney,2014-05-28,ianaDelegationReport,iana-report,generic,,,"Delegation of the .attorney domain to United TLD Holdco, Ltd",,no,,https://www.iana.org/reports/c.2.9.2.d/20140528-attorney
.attorney,.attorney,2021-06-02,ianaTransferReport,iana-report,generic,,,"Transfer of the .attorney domain to Dog Beach, LLC",,no,,https://www.iana.org/reports/tld-transfer/20210602-attorney
.attorney,.attorney,2026-10-04,delegated,current-snapshot,generic,"Dog Beach, LLC",United States of America (the),,,yes,,https://www.iana.org/domains/root/db/attorney.html
.au,.au,1986-03-05,ianaRegistration,iana-registration,country-code,.au Domain Administration (auDA),Australia,,,no,,https://www.iana.org/domains/root/db/au.html
.au,.au,2001-08-31,ianaTransferReport,iana-report,country-code,,,IANA Report on Request for Redelegation of the .AU Top-Level Domain,,no,,https://www.iana.org/reports/2001/au-report-31aug01.html
.au,.au,2001-11-19,ianaTransferReport,iana-report,country-code,,,Second IANA Report on Request for Redelegation of the .AU Top-Level Domain,,no,,https://www.iana.org/reports/2001/au-report-19nov01.html
.au,.au,2026-10-04,delegated,current-snapshot,country-code,.au Domain Administration (auDA),Australia,,,yes,,https://www.iana.org/domains/root/db/au.html
.auction,.auction,2000,applicationSubmitted,application,generic,"Name.Space, Incorporated",United States,2000-001,,no,,https://archive.icann.org/en/tlds/tld-applications-lodged-02oct00.htm
.auction,.auction,2014-04-24,ianaRegistration,iana-registration,generic,"Dog Beach, LLC",United States of America (the),,,no,,https://www.iana.org/domains/root/db/auction.html
.auction,.auction,2014-07-14,ianaDelegationReport,iana-report,generic,,,"Delegation of the .auction domain to Sand Galley, LLC",,no,,https://www.iana.org/reports/c.2.9.2.d/20140714-auction
.auction,.auction,2021-06-02,ianaTransferReport,iana-report,generic,,,"Transfer of the .auction domain to Dog Beach, LLC",,no,,https://www.iana.org/reports/tld-transfer/20210602-auction
.auction,.auction,2026-10-04,delegated,current-snapshot,generic,"Dog Beach, LLC",United States of America (the),,,yes,,https://www.iana.org/domains/root/db/auction.html
.audi,.audi,2015-11-12,ianaRegistration,iana-registration,generic,AUDI Aktiengesellschaft,Germany,,,no,,https://www.iana.org/domains/root/db/audi.html
.audi,.audi,2015-11-17,ianaDelegationReport,iana-report,generic,,,Delegation of the .audi domain to Audi Aktiengesellschaft,,no,,https://www.iana.org/reports/c.2.9.2.d/20151117-audi
.audi,.audi,2026-10-04,delegated,current-snapshot,generic,AUDI Aktiengesellschaft,Germany,,,yes,,https://www.iana.org/domains/root/db/audi.html
.audible,.audible,2016-05-19,ianaRegistration,iana-registration,generic,"Amazon Registry Services, Inc.",United States of America (the),,,no,,https://www.iana.org/domains/root/db/audible.html
.audible,.audible,2016-06-03,ianaDelegationReport,iana-report,generic,,,"Delegation of the .audible domain to Amazon Registry Services, Inc.",,no,,https://www.iana.org/reports/c.2.9.2.d/20160603-audible
.audible,.audible,2026-10-04,delegated,current-snapshot,generic,"Amazon Registry Services, Inc.",United States of America (the),,,yes,,https://www.iana.org/domains/root/db/audible.html
.audio,.audio,2000,applicationSubmitted,application,generic,"Name.Space, Incorporated",United States,2000-001,,no,,https://archive.icann.org/en/tlds/tld-applications-lodged-02oct00.htm
.audio,.audio,2014-05-08,ianaRegistration,iana-registration,generic,XYZ.COM LLC,United States of America (the),,,no,,https://www.iana.org/domains/root/db/audio.html
.audio,.audio,2014-05-12,ianaDelegationReport,iana-report,generic,,,"Delegation of the .audio domain to Uniregistry, Corp.",,no,,https://www.iana.org/reports/c.2.9.2.d/20140512-audio
.audio,.audio,2022-03-23,ianaTransferReport,iana-report,generic,,,Transfer of the .audio domain to XYZ.COM LLC,,no,,https://www.iana.org/reports/tld-transfer/20220323-audio
.audio,.audio,2026-10-04,delegated,current-snapshot,generic,XYZ.COM LLC,United States of America (the),,,yes,,https://www.iana.org/domains/root/db/audio.html
.auspost,.auspost,2016-08-11,ianaRegistration,iana-registration,generic,Australian Postal Corporation,Australia,,,no,,https://www.iana.org/domains/root/db/auspost.html
.auspost,.auspost,2016-08-15,ianaDelegationReport,iana-report,generic,,,Delegation of the .auspost domain to Australian Postal Corporation,,no,,https://www.iana.org/reports/c.2.9.2.d/20160815-auspost
.auspost,.auspost,2026-10-04,delegated,current-snapshot,generic,Australian Postal Corporation,Australia,,,yes,,https://www.iana.org/domains/root/db/auspost.html
.author,.author,2015-11-12,ianaRegistration,iana-registration,generic,"Amazon Registry Services, Inc.",United States of America (the),,,no,,https://www.iana.org/domains/root/db/author.html
.author,.author,2015-12-02,ianaDelegationReport,iana-report,generic,,,"Delegation of the .author domain to Amazon Registry Services, Inc.",,no,,https://www.iana.org/reports/c.2.9.2.d/20151202-author
.author,.author,2026-10-04,delegated,current-snapshot,generic,"Amazon Registry Services, Inc.",United States of America (the),,,yes,,https://www.iana.org/domains/root/db/author.html
.auto,.auto,2015-03-12,ianaRegistration,iana-registration,generic,XYZ.COM LLC,United States of America (the),,,no,,https://www.iana.org/domains/root/db/auto.html
.auto,.auto,2015-04-29,ianaDelegationReport,iana-report,generic,,,"Delegation of the .auto domain to Uniregistry, Corp.",,no,,https://www.iana.org/reports/c.2.9.2.d/20150429-auto
.auto,.auto,2020-09-22,ianaTransferReport,iana-report,generic,,,Transfer of the .auto domain to XYZ.COM LLC,,no,,https://www.iana.org/reports/tld-transfer/20200922-auto
.auto,.auto,2026-10-04,delegated,current-snapshot,generic,XYZ.COM LLC,United States of America (the),,,yes,,https://www.iana.org/domains/root/db/auto.html
.autos,.autos,2014-05-01,ianaRegistration,iana-registration,generic,XYZ.COM LLC,United States of America (the),,,no,,https://www.iana.org/domains/root/db/autos.html
.autos,.autos,2014-05-19,ianaDelegationReport,iana-report,generic,,,"Delegation of the .autos domain to DERAutos, LLC",,no,,https://www.iana.org/reports/c.2.9.2.d/20140519-autos
.autos,.autos,2021-04-05,ianaTransferReport,iana-report,generic,,,Transfer of the .autos domain to XYZ.COM LLC,,no,,https://www.iana.org/reports/tld-transfer/20210405-autos
.autos,.autos,2026-10-04,delegated,current-snapshot,generic,XYZ.COM LLC,United States of America (the),,,yes,,https://www.iana.org/domains/root/db/autos.html
.avianca,.avianca,2016-02-26,ianaRegistration,iana-registration,generic,,,,,no,,https://www.iana.org/domains/root/db/avianca.html
.avianca,.avianca,2016-03-07,ianaDelegationReport,iana-report,generic,,,Delegation of the .avianca domain to Aerovias del Continente Americano S.A. Avianca,,no,,https://www.iana.org/reports/c.2.9.2.d/20160307-avianca
.avianca,.avianca,2019-12-11,ianaTransferReport,iana-report,generic,,,Transfer of the .avianca domain to Avianca Holdings S.A.,,no,,https://www.iana.org/reports/tld-transfer/20191211-avianca
.avianca,.avianca,2024-03-27,ianaRevocationReport,iana-report,generic,,,Revocation of the .avianca domain,,no,,https://www.iana.org/reports/tld-transfer/20240327-avianca
.avianca,.avianca,2026-10-04,notDelegated,current-snapshot,generic,,,,,yes,,https://www.iana.org/domains/root/db/avianca.html
.aw,.aw,1996-02-20,ianaRegistration,iana-registration,country-code,SETAR,Aruba,,,no,,https://www.iana.org/domains/root/db/aw.html
.aw,.aw,2026-10-04,delegated,current-snapshot,country-code,SETAR,Aruba,,,yes,,https://www.iana.org/domains/root/db/aw.html
.aws,.aws,2016-03-18,ianaRegistration,iana-registration,generic,AWS Registry LLC,United States of America (the),,,no,,https://www.iana.org/domains/root/db/aws.html
.aws,.aws,2016-03-23,ianaDelegationReport,iana-report,generic,,,"Delegation of the .aws domain to Amazon Registry Services, Inc.",,no,,https://www.iana.org/reports/c.2.9.2.d/20160323-aws
.aws,.aws,2021-01-05,ianaTransferReport,iana-report,generic,,,Transfer of the .aws domain to AWS Registry LLC,,no,,https://www.iana.org/reports/tld-transfer/20210105-aws
.aws,.aws,2026-10-04,delegated,current-snapshot,generic,AWS Registry LLC,United States of America (the),,,yes,,https://www.iana.org/domains/root/db/aws.html
.ax,.ax,2006-06-09,ianaDelegationReport,iana-report,country-code,,,IANA Report on the Delegation of the .AX Top-Level Domain,,no,,https://www.iana.org/reports/2006/ax-report-09jun2006.pdf
.ax,.ax,2006-06-21,ianaRegistration,iana-registration,country-code,Ålands landskapsregering,Åland Islands,,,no,,https://www.iana.org/domains/root/db/ax.html
.ax,.ax,2026-10-04,delegated,current-snapshot,country-code,Ålands landskapsregering,Åland Islands,,,yes,,https://www.iana.org/domains/root/db/ax.html
.axa,.axa,2014-03-13,ianaRegistration,iana-registration,generic,AXA Group Operations SAS,France,,,no,,https://www.iana.org/domains/root/db/axa.html
.axa,.axa,2014-03-17,ianaDelegationReport,iana-report,generic,,,Delegation of the .axa domain to AXA SA,,no,,https://www.iana.org/reports/c.2.9.2.d/20140317-axa
.axa,.axa,2020-11-11,ianaTransferReport,iana-report,generic,,,Transfer of the .axa domain to AXA Group Operations SAS,,no,,https://www.iana.org/reports/tld-transfer/20201111-axa
.axa,.axa,2026-10-04,delegated,current-snapshot,generic,AXA Group Operations SAS,France,,,yes,,https://www.iana.org/domains/root/db/axa.html
.az,.az,1993-08-25,ianaRegistration,iana-registration,country-code,IntraNS,Azerbaijan,,,no,,https://www.iana.org/domains/root/db/az.html
.az,.az,2026-10-04,delegated,current-snapshot,country-code,IntraNS,Azerbaijan,,,yes,,https://www.iana.org/domains/root/db/az.html
.azure,.azure,2015-04-30,ianaRegistration,iana-registration,generic,Microsoft Corporation,United States of America (the),,,no,,https://www.iana.org/domains/root/db/azure.html
.azure,.azure,2015-06-04,ianaDelegationReport,iana-report,generic,,,Delegation of the .azure domain to Microsoft Corporation,,no,,https://www.iana.org/reports/c.2.9.2.d/20150604-azure
.azure,.azure,2026-10-04,delegated,current-snapshot,generic,Microsoft Corporation,United States of America (the),,,yes,,https://www.iana.org/domains/root/db/azure.html
.ba,.ba,1996-08-14,ianaRegistration,iana-registration,country-code,University Tele-Informatic Center (UTIC),Bosnia and Herzegovina,,,no,,https://www.iana.org/domains/root/db/ba.html
.ba,.ba,2026-10-04,delegated,current-snapshot,country-code,University Tele-Informatic Center (UTIC),Bosnia and Herzegovina,,,yes,,https://www.iana.org/domains/root/db/ba.html
.baby,.baby,2016-01-14,ianaRegistration,iana-registration,generic,XYZ.COM LLC,United States of America (the),,,no,,https://www.iana.org/domains/root/db/baby.html
.baby,.baby,2016-04-06,ianaDelegationReport,iana-report,generic,,,"Delegation of the .baby domain to Johnson & Johnson Services, Inc.",,no,,https://www.iana.org/reports/c.2.9.2.d/20160406-baby
.baby,.baby,2019-03-24,ianaTransferReport,iana-report,generic,,,Transfer of the .baby domain to XYZ.COM LLC,,no,,https://www.iana.org/reports/tld-transfer/20190324-baby
.baby,.baby,2026-10-04,delegated,current-snapshot,generic,XYZ.COM LLC,United States of America (the),,,yes,,https://www.iana.org/domains/root/db/baby.html
.baidu,.baidu,2015-12-17,ianaRegistration,iana-registration,generic,"Baidu, Inc.",China,,,no,,https://www.iana.org/domains/root/db/baidu.html
.baidu,.baidu,2015-12-29,ianaDelegationReport,iana-report,generic,,,"Delegation of the .baidu domain to Baidu, Inc.",,no,,https://www.iana.org/reports/c.2.9.2.d/20151229-baidu
.baidu,.baidu,2026-10-04,delegated,current-snapshot,generic,"Baidu, Inc.",China,,,yes,,https://www.iana.org/domains/root/db/baidu.html
.banamex,.banamex,2016-07-21,ianaRegistration,iana-registration,generic,Citigroup Inc.,United States of America (the),,,no,,https://www.iana.org/domains/root/db/banamex.html
.banamex,.banamex,2016-07-26,ianaDelegationReport,iana-report,generic,,,Delegation of the .banamex domain to Citigroup Inc.,,no,,https://www.iana.org/reports/c.2.9.2.d/20160726-banamex
.banamex,.banamex,2026-10-04,delegated,current-snapshot,generic,Citigroup Inc.,United States of America (the),,,yes,,https://www.iana.org/domains/root/db/banamex.html
.bananarepublic,.bananarepublic,2016-07-14,ianaRegistration,iana-registration,generic,,,,,no,,https://www.iana.org/domains/root/db/bananarepublic.html
.bananarepublic,.bananarepublic,2016-08-01,ianaDelegationReport,iana-report,generic,,,"Delegation of the .bananarepublic domain to The Gap, Inc.",,no,,https://www.iana.org/reports/c.2.9.2.d/20160801-bananarepublic
.bananarepublic,.bananarepublic,2024-01-22,ianaRevocationReport,iana-report,generic,,,Revocation of the .bananarepublic domain,,no,,https://www.iana.org/reports/tld-transfer/20240122-bananarepublic
.bananarepublic,.bananarepublic,2026-10-04,notDelegated,current-snapshot,generic,,,,,yes,,https://www.iana.org/domains/root/db/bananarepublic.html
.band,.band,2014-10-01,ianaRegistration,iana-registration,generic,"Dog Beach, LLC",United States of America (the),,,no,,https://www.iana.org/domains/root/db/band.html
.band,.band,2014-10-02,ianaDelegationReport,iana-report,generic,,,"Delegation of the .band domain to United TLD Holdco, Ltd",,no,,https://www.iana.org/reports/c.2.9.2.d/20141002-band
.band,.band,2021-06-02,ianaTransferReport,iana-report,generic,,,"Transfer of the .band domain to Dog Beach, LLC",,no,,https://www.iana.org/reports/tld-transfer/20210602-band
.band,.band,2026-10-04,delegated,current-snapshot,generic,"Dog Beach, LLC",United States of America (the),,,yes,,https://www.iana.org/domains/root/db/band.html
.bank,.bank,2014-11-26,ianaRegistration,,,,,,,no,,https://www.iana.org/domains/root/db/bank.html
.bank,.bank,2015-01-05,ianaDelegationReport,iana-report,generic,,,"Delegation of the .bank domain to fTLD Registry Services, LLC",,no,,https://www.iana.org/reports/c.2.9.2.d/20150105-bank
.bank,.bank,2026-10-04,delegated,,generic,"fTLD Registry Services, LLC",United States of America (the),,,yes,,https://www.iana.org/domains/root/db/bank.html
.bar,.bar,2014-02-13,ianaRegistration,iana-registration,generic,Punto 2012 Sociedad Anonima Promotora de Inversion de Capital Variable,Mexico,,,no,,https://www.iana.org/domains/root/db/bar.html
.bar,.bar,2014-02-25,ianaDelegationReport,iana-report,generic,,,Delegation of the .bar domain to Punto 2012 Sociedad Anonima Promotora de Inversion de Capital Variable,,no,,https://www.iana.org/reports/c.2.9.2.d/20140225-bar
.bar,.bar,2026-10-04,delegated,current-snapshot,generic,Punto 2012 Sociedad Anonima Promotora de Inversion de Capital Variable,Mexico,,,yes,,https://www.iana.org/domains/root/db/bar.html
.barcelona,.barcelona,2015-06-04,ianaRegistration,,,,,,,no,,https://www.iana.org/domains/root/db/barcelona.html
.barcelona,.barcelona,2015-07-06,ianaDelegationReport,iana-report,generic,,,Delegation of the .barcelona domain to Municipi de Barcelona,,no,,https://www.iana.org/reports/c.2.9.2.d/20150706-barcelona
.barcelona,.barcelona,2026-10-04,delegated,,generic,Municipi de Barcelona,Spain,,,yes,,https://www.iana.org/domains/root/db/barcelona.html
.barclaycard,.barclaycard,2015-01-08,ianaRegistration,iana-registration,generic,Barclays Bank PLC,United Kingdom of Great Britain and Northern Ireland (the),,,no,,https://www.iana.org/domains/root/db/barclaycard.html
.barclaycard,.barclaycard,2015-01-21,ianaDelegationReport,iana-report,generic,,,Delegation of the .barclaycard domain to Barclays Bank PLC,,no,,https://www.iana.org/reports/c.2.9.2.d/20150121-barclaycard
.barclaycard,.barclaycard,2026-10-04,delegated,current-snapshot,generic,Barclays Bank PLC,United Kingdom of Great Britain and Northern Ireland (the),,,yes,,https://www.iana.org/domains/root/db/barclaycard.html
.barclays,.barclays,2015-01-08,ianaRegistration,iana-registration,generic,Barclays Bank PLC,United Kingdom of Great Britain and Northern Ireland (the),,,no,,https://www.iana.org/domains/root/db/barclays.html
.barclays,.barclays,2015-01-21,ianaDelegationReport,iana-report,generic,,,Delegation of the .barclays domain to Barclays Bank PLC,,no,,https://www.iana.org/reports/c.2.9.2.d/20150121-barclays
.barclays,.barclays,2026-10-04,delegated,current-snapshot,generic,Barclays Bank PLC,United Kingdom of Great Britain and Northern Ireland (the),,,yes,,https://www.iana.org/domains/root/db/barclays.html
.barefoot,.barefoot,2015-10-24,ianaRegistration,iana-registration,generic,"Gallo Vineyards, Inc.",United States of America (the),,,no,,https://www.iana.org/domains/root/db/barefoot.html
.barefoot,.barefoot,2016-03-22,ianaDelegationReport,iana-report,generic,,,"Delegation of the .barefoot domain to Gallo Vineyards, Inc.",,no,,https://www.iana.org/reports/c.2.9.2.d/20160322-barefoot
.barefoot,.barefoot,2026-10-04,delegated,current-snapshot,generic,"Gallo Vineyards, Inc.",United States of America (the),,,yes,,https://www.iana.org/domains/root/db/barefoot.html
.bargains,.bargains,2014-01-16,ianaRegistration,iana-registration,generic,"Binky Moon, LLC",United States of America (the),,,no,,https://www.iana.org/domains/root/db/bargains.html
.bargains,.bargains,2014-01-17,ianaDelegationReport,iana-report,generic,,,"Delegation of the .BARGAINS domain to Half Hallow, LLC",,no,,https://www.iana.org/reports/c.2.9.2.d/20140117-bargains
.bargains,.bargains,2018-03-23,ianaTransferReport,iana-report,generic,,,Transfer of the .academy domain and 195 others,,no,,https://www.iana.org/reports/tld-transfer/20180323-binkymoon
.bargains,.bargains,2026-10-04,delegated,current-snapshot,generic,"Binky Moon, LLC",United States of America (the),,,yes,,https://www.iana.org/domains/root/db/bargains.html
.baseball,.baseball,2016-09-29,ianaRegistration,iana-registration,generic,"MLB Advanced Media DH, LLC",United States of America (the),,,no,,https://www.iana.org/domains/root/db/baseball.html
.baseball,.baseball,2016-10-28,ianaDelegationReport,iana-report,generic,,,"Delegation of the .baseball domain to MLB Advanced Media DH, LLC",,no,,https://www.iana.org/reports/tld-transfer/20161028-baseball
.baseball,.baseball,2026-10-04,delegated,current-snapshot,generic,"MLB Advanced Media DH, LLC",United States of America (the),,,yes,,https://www.iana.org/domains/root/db/baseball.html
.basketball,.basketball,2016-10-13,ianaRegistration,iana-registration,generic,Fédération Internationale de Basketball (FIBA),Switzerland,,,no,,https://www.iana.org/domains/root/db/basketball.html
.basketball,.basketball,2016-10-18,ianaDelegationReport,iana-report,generic,,,Delegation of the .basketball domain to Fédération Internationale de Basketball (FIBA),,no,,https://www.iana.org/reports/tld-transfer/20161018-basketball
.basketball,.basketball,2026-10-04,delegated,current-snapshot,generic,Fédération Internationale de Basketball (FIBA),Switzerland,,,yes,,https://www.iana.org/domains/root/db/basketball.html
.bauhaus,.bauhaus,2015-03-12,ianaRegistration,iana-registration,generic,Werkhaus GmbH,Germany,,,no,,https://www.iana.org/domains/root/db/bauhaus.html
.bauhaus,.bauhaus,2015-04-03,ianaDelegationReport,iana-report,generic,,,Delegation of the .bauhaus domain to Werkhaus GmbH,,no,,https://www.iana.org/reports/c.2.9.2.d/20150403-bauhaus
.bauhaus,.bauhaus,2026-10-04,delegated,current-snapshot,generic,Werkhaus GmbH,Germany,,,yes,,https://www.iana.org/domains/root/db/bauhaus.html
.bayern,.bayern,2014-03-13,ianaRegistration,iana-registration,generic,Bayern Connect GmbH,Germany,,,no,,https://www.iana.org/domains/root/db/bayern.html
.bayern,.bayern,2014-04-29,ianaDelegationReport,iana-report,generic,,,Delegation of the .bayern domain to Bayern Connect GmbH,,no,,https://www.iana.org/reports/c.2.9.2.d/20140429-bayern
.bayern,.bayern,2026-10-04,delegated,current-snapshot,generic,Bayern Connect GmbH,Germany,,,yes,,https://www.iana.org/domains/root/db/bayern.html
.bb,.bb,1991-09-03,ianaRegistration,iana-registration,country-code,"Ministry of Innovation, Science and Smart Technology",Barbados,,,no,,https://www.iana.org/domains/root/db/bb.html
.bb,.bb,2007-11-20,ianaTransferReport,iana-report,country-code,,,"Report on the Redelegation of the .BB Top-Level Domain to the ""Ministry of Economic Affairs and Development’s Telecommunications Unit""",,no,,https://www.iana.org/reports/2007/bb-report-20nov2007.html
.bb,.bb,2026-10-04,delegated,current-snapshot,country-code,"Ministry of Innovation, Science and Smart Technology",Barbados,,,yes,,https://www.iana.org/domains/root/db/bb.html
.bbc,.bbc,2015-03-12,ianaRegistration,iana-registration,generic,British Broadcasting Corporation,United Kingdom of Great Britain and Northern Ireland (the),,,no,,https://www.iana.org/domains/root/db/bbc.html
.bbc,.bbc,2015-03-18,ianaDelegationReport,iana-report,generic,,,Delegation of the .bbc domain to British Broadcasting Corporation,,no,,https://www.iana.org/reports/c.2.9.2.d/20150318-bbc
.bbc,.bbc,2026-10-04,delegated,current-snapshot,generic,British Broadcasting Corporation,United Kingdom of Great Britain and Northern Ireland (the),,,yes,,https://www.iana.org/domains/root/db/bbc.html
.bbs,.bbs,2000,applicationSubmitted,application,notApplicable,"Name.Space, Incorporated",United States,2000-001,,no,,https://archive.icann.org/en/tlds/tld-applications-lodged-02oct00.htm
.bbs,.bbs,2026-10-04,notDelegated,current-snapshot,notApplicable,"Name.Space, Incorporated",,,,yes,,https://archive.icann.org/en/tlds/tld-applications-lodged-02oct00.htm
.bbt,.bbt,2016-05-12,ianaRegistration,iana-registration,generic,BB&T Corporation,United States of America (the),,,no,,https://www.iana.org/domains/root/db/bbt.html
.bbt,.bbt,2016-07-13,ianaDelegationReport,iana-report,generic,,,Delegation of the .bbt domain to BB&T Corporation,,no,,https://www.iana.org/reports/c.2.9.2.d/20160713-bbt
.bbt,.bbt,2026-10-04,delegated,current-snapshot,generic,BB&T Corporation,United States of America (the),,,yes,,https://www.iana.org/domains/root/db/bbt.html
.bbva,.bbva,2015-04-23,ianaRegistration,iana-registration,generic,"BANCO BILBAO VIZCAYA ARGENTARIA, S.A.",Spain,,,no,,https://www.iana.org/domains/root/db/bbva.html
.bbva,.bbva,2015-05-22,ianaDelegationReport,iana-report,generic,,,"Delegation of the .bbva domain to Banco Bilbao Vizcaya Argentaria, S.A.",,no,,https://www.iana.org/reports/c.2.9.2.d/20150522-bbva
.bbva,.bbva,2026-10-04,delegated,current-snapshot,generic,"BANCO BILBAO VIZCAYA ARGENTARIA, S.A.",Spain,,,yes,,https://www.iana.org/domains/root/db/bbva.html
.bcg,.bcg,2016-02-11,ianaRegistration,iana-registration,generic,"The Boston Consulting Group, Inc.",United States of America (the),,,no,,https://www.iana.org/domains/root/db/bcg.html
.bcg,.bcg,2016-03-07,ianaDelegationReport,iana-report,generic,,,"Delegation of the .bcg domain to The Boston Consulting Group, Inc.",,no,,https://www.iana.org/reports/c.2.9.2.d/20160307-bcg
.bcg,.bcg,2026-10-04,delegated,current-snapshot,generic,"The Boston Consulting Group, Inc.",United States of America (the),,,yes,,https://www.iana.org/domains/root/db/bcg.html
.bcn,.bcn,2015-06-04,ianaRegistration,iana-registration,generic,Municipi de Barcelona,Spain,,,no,,https://www.iana.org/domains/root/db/bcn.html
.bcn,.bcn,2015-07-06,ianaDelegationReport,iana-report,generic,,,Delegation of the .bcn domain to Municipi de Barcelona,,no,,https://www.iana.org/reports/c.2.9.2.d/20150706-bcn
.bcn,.bcn,2026-10-04,delegated,current-snapshot,generic,Municipi de Barcelona,Spain,,,yes,,https://www.iana.org/domains/root/db/bcn.html
.bd,.bd,1999-05-20,ianaRegistration,iana-registration,country-code,Posts and Telecommunications Division,Bangladesh,,,no,,https://www.iana.org/domains/root/db/bd.html
.bd,.bd,2026-10-04,delegated,current-snapshot,country-code,Posts and Telecommunications Division,Bangladesh,,,yes,,https://www.iana.org/domains/root/db/bd.html
.be,.be,1988-08-05,ianaRegistration,iana-registration,country-code,DNS Belgium vzw/asbl,Belgium,,,no,,https://www.iana.org/domains/root/db/be.html
.be,.be,2026-10-04,delegated,current-snapshot,country-code,DNS Belgium vzw/asbl,Belgium,,,yes,,https://www.iana.org/domains/root/db/be.html
.beats,.beats,2015-08-13,ianaRegistration,iana-registration,generic,"Beats Electronics, LLC",United States of America (the),,,no,,https://www.iana.org/domains/root/db/beats.html
.beats,.beats,2015-10-27,ianaDelegationReport,iana-report,generic,,,"Delegation of the .beats domain to Beats Electronics, LLC",,no,,https://www.iana.org/reports/c.2.9.2.d/20151027-beats
.beats,.beats,2026-10-04,delegated,current-snapshot,generic,"Beats Electronics, LLC",United States of America (the),,,yes,,https://www.iana.org/domains/root/db/beats.html
.beauty,.beauty,2016-04-07,ianaRegistration,iana-registration,generic,XYZ.COM LLC,United States of America (the),,,no,,https://www.iana.org/domains/root/db/beauty.html
.beauty,.beauty,2016-07-13,ianaDelegationReport,iana-report,generic,,,Delegation of the .beauty domain to L'Oréal,,no,,https://www.iana.org/reports/c.2.9.2.d/20160713-beauty
.beauty,.beauty,2020-09-15,ianaTransferReport,iana-report,generic,,,Transfer of the .beauty domain to XYZ.COM LLC,,no,,https://www.iana.org/reports/tld-transfer/20200915-beauty
.beauty,.beauty,2026-10-04,delegated,current-snapshot,generic,XYZ.COM LLC,United States of America (the),,,yes,,https://www.iana.org/domains/root/db/beauty.html
.beer,.beer,2014-03-13,ianaRegistration,,,,,,,no,,https://www.iana.org/domains/root/db/beer.html
.beer,.beer,2014-05-12,ianaDelegationReport,iana-report,generic,,,Delegation of the .beer domain to Top Level Domain Holdings Limited,,no,,https://www.iana.org/reports/c.2.9.2.d/20140512-beer
.beer,.beer,2021-09-14,ianaTransferReport,iana-report,generic,,,"Transfer of the .beer domain to Registry Services, LLC",,no,,https://www.iana.org/reports/tld-transfer/20210914-beer
.beer,.beer,2026-10-04,delegated,,generic,"Registry Services, LLC",United States of America (the),,,yes,,https://www.iana.org/domains/root/db/beer.html
.bentley,.bentley,2015-05-14,ianaRegistration,iana-registration,generic,,,,,no,,https://www.iana.org/domains/root/db/bentley.html
.bentley,.bentley,2015-07-07,ianaDelegationReport,iana-report,generic,,,Delegation of the .bentley domain to Bentley Motors Limited,,no,,https://www.iana.org/reports/c.2.9.2.d/20150707-bentley
.bentley,.bentley,2025-04-23,ianaRevocationReport,iana-report,generic,,,Revocation of the .bentley domain,,no,,https://www.iana.org/reports/tld-transfer/20250423-bentley
.bentley,.bentley,2026-10-04,notDelegated,current-snapshot,generic,,,,,yes,,https://www.iana.org/domains/root/db/bentley.html
.berlin,.berlin,1999,idea,,geographic,,Berlin,,,no,,https://newgtlds.icann.org/en/announcements-and-media/case-studies/berlin-a4-13feb19-en.pdf
.berlin,.berlin,2012,application,,geographic,,Berlin,,,no,,https://newgtlds.icann.org/en/program-status/statistics
.berlin,.berlin,2013-12-19,ianaRegistration,,,,,,,no,,https://www.iana.org/domains/root/db/berlin.html
.berlin,.berlin,2014,delegated,,geographic,,Berlin,,,no,,https://newgtlds.icann.org/en/announcements-and-media/case-studies/berlin-a4-13feb19-en.pdf
.berlin,.berlin,2014-01-03,ianaDelegationReport,iana-report,generic,,,Delegation of the .BERLIN domain to dotBERLIN GmbH & Co. KG,,no,,https://www.iana.org/reports/c.2.9.2.d/20140103-berlin
.berlin,.berlin,2026-10-04,delegated,,generic,dotBERLIN GmbH & Co. KG,Germany,,,yes,,https://www.iana.org/domains/root/db/berlin.html
.best,.best,2014-02-20,ianaRegistration,iana-registration,generic,BestTLD Pty Ltd,Australia,,,no,,https://www.iana.org/domains/root/db/best.html
.best,.best,2014-02-25,ianaDelegationReport,iana-report,generic,,,Delegation of the .best domain to BestTLD Pty Ltd,,no,,https://www.iana.org/reports/c.2.9.2.d/20140225-best
.best,.best,2026-10-04,delegated,current-snapshot,generic,BestTLD Pty Ltd,Australia,,,yes,,https://www.iana.org/domains/root/db/best.html
.bestbuy,.bestbuy,2015-12-10,ianaRegistration,iana-registration,generic,"BBY Solutions, Inc.",United States of America (the),,,no,,https://www.iana.org/domains/root/db/bestbuy.html
.bestbuy,.bestbuy,2016-07-15,ianaDelegationReport,iana-report,generic,,,"Delegation of the .bestbuy domain to BBY Solutions, Inc.",,no,,https://www.iana.org/reports/c.2.9.2.d/20160715-bestbuy
.bestbuy,.bestbuy,2026-10-04,delegated,current-snapshot,generic,"BBY Solutions, Inc.",United States of America (the),,,yes,,https://www.iana.org/domains/root/db/bestbuy.html
.bet,.bet,2015-07-16,ianaRegistration,iana-registration,generic,Identity Digital Limited,United States of America (the),,,no,,https://www.iana.org/domains/root/db/bet.html
.bet,.bet,2015-07-21,ianaDelegationReport,iana-report,generic,,,Delegation of the .bet domain to Afilias plc,,no,,https://www.iana.org/reports/c.2.9.2.d/20150721-bet
.bet,.bet,2026-10-04,delegated,current-snapshot,generic,Identity Digital Limited,United States of America (the),,,yes,,https://www.iana.org/domains/root/db/bet.html
.bf,.bf,1993-03-29,ianaRegistration,iana-registration,country-code,Autorité de Régulation des Communications Electroniques et des Postes (ARCEP),Burkina Faso,,,no,,https://www.iana.org/domains/root/db/bf.html
.bf,.bf,2011-01-07,ianaTransferReport,iana-report,country-code,,,Report on the Redelegation of the .BF domain representing Burkina Faso to the Autorité de Régulation des Communications Electroniques,,no,,https://www.iana.org/reports/2011/bf-report-07jan2011.html
.bf,.bf,2026-10-04,delegated,current-snapshot,country-code,Autorité de Régulation des Communications Electroniques et des Postes (ARCEP),Burkina Faso,,,yes,,https://www.iana.org/domains/root/db/bf.html
.bg,.bg,1995-01-03,ianaRegistration,iana-registration,country-code,Register.BG,Bulgaria,,,no,,https://www.iana.org/domains/root/db/bg.html
.bg,.bg,2026-10-04,delegated,current-snapshot,country-code,Register.BG,Bulgaria,,,yes,,https://www.iana.org/domains/root/db/bg.html
.bh,.bh,1994-02-01,ianaRegistration,iana-registration,country-code,Telecommunications Regulatory Authority (TRA),Bahrain,,,no,,https://www.iana.org/domains/root/db/bh.html
.bh,.bh,2012-01-08,ianaTransferReport,iana-report,country-code,,,Report on the Redelegation of the .BH domain representing Bahrain to the Telecommunications Regulatory Authority,,no,,https://www.iana.org/reports/2012/bh-report-20120108.html
.bh,.bh,2026-10-04,delegated,current-snapshot,country-code,Telecommunications Regulatory Authority (TRA),Bahrain,,,yes,,https://www.iana.org/domains/root/db/bh.html
.bharti,.bharti,2015-05-08,ianaRegistration,iana-registration,generic,Bharti Enterprises (Holding) Private Limited,India,,,no,,https://www.iana.org/domains/root/db/bharti.html
.bharti,.bharti,2015-06-09,ianaDelegationReport,iana-report,generic,,,Delegation of the .bharti domain to Bharti Enterprises (Holding) Private Limited,,no,,https://www.iana.org/reports/c.2.9.2.d/20150609-bharti
.bharti,.bharti,2026-10-04,delegated,current-snapshot,generic,Bharti Enterprises (Holding) Private Limited,India,,,yes,,https://www.iana.org/domains/root/db/bharti.html
.bi,.bi,1996-10-21,ianaRegistration,iana-registration,country-code,Centre National de l'Informatique,Burundi,,,no,,https://www.iana.org/domains/root/db/bi.html
.bi,.bi,2002-07-16,ianaTransferReport,iana-report,country-code,,,IANA Report on Redelegation of the .BI Top-Level Domain,,no,,https://www.iana.org/reports/2002/bi-report-16jul02.html
.bi,.bi,2026-10-04,delegated,current-snapshot,country-code,Centre National de l'Informatique,Burundi,,,yes,,https://www.iana.org/domains/root/db/bi.html
.bible,.bible,2015-05-14,ianaRegistration,,,,,,,no,,https://www.iana.org/domains/root/db/bible.html
.bible,.bible,2015-05-29,ianaDelegationReport,iana-report,generic,,,Delegation of the .bible domain to American Bible Society,,no,,https://www.iana.org/reports/c.2.9.2.d/20150529-bible
.bible,.bible,2026-10-04,delegated,,generic,American Bible Society,United States of America (the),,,yes,,https://www.iana.org/domains/root/db/bible.html
.bid,.bid,2014-02-13,ianaRegistration,iana-registration,generic,dot Bid Limited,Gibraltar,,,no,,https://www.iana.org/domains/root/db/bid.html
.bid,.bid,2014-02-26,ianaDelegationReport,iana-report,generic,,,Delegation of the .bid domain to dot Bid Limited,,no,,https://www.iana.org/reports/c.2.9.2.d/20140226-bid
.bid,.bid,2026-10-04,delegated,current-snapshot,generic,dot Bid Limited,Gibraltar,,,yes,,https://www.iana.org/domains/root/db/bid.html
.bike,.bike,2013-11-08,ianaRegistration,iana-registration,generic,"Binky Moon, LLC",United States of America (the),,,no,,https://www.iana.org/domains/root/db/bike.html
.bike,.bike,2013-11-11,ianaDelegationReport,iana-report,generic,,,"Delegation of the .BIKE domain to Grand Hollow, LLC",,no,,https://www.iana.org/reports/c.2.9.2.d/20131111-bike
.bike,.bike,2018-03-23,ianaTransferReport,iana-report,generic,,,Transfer of the .academy domain and 195 others,,no,,https://www.iana.org/reports/tld-transfer/20180323-binkymoon
.bike,.bike,2026-10-04,delegated,current-snapshot,generic,"Binky Moon, LLC",United States of America (the),,,yes,,https://www.iana.org/domains/root/db/bike.html
.bing,.bing,2015-04-30,ianaRegistration,iana-registration,generic,Microsoft Corporation,United States of America (the),,,no,,https://www.iana.org/domains/root/db/bing.html
.bing,.bing,2015-06-04,ianaDelegationReport,iana-report,generic,,,Delegation of the .bing domain to Microsoft Corporation,,no,,https://www.iana.org/reports/c.2.9.2.d/20150604-bing
.bing,.bing,2026-10-04,delegated,current-snapshot,generic,Microsoft Corporation,United States of America (the),,,yes,,https://www.iana.org/domains/root/db/bing.html
.bingo,.bingo,2015-01-29,ianaRegistration,iana-registration,generic,"Binky Moon, LLC",United States of America (the),,,no,,https://www.iana.org/domains/root/db/bingo.html
.bingo,.bingo,2015-02-03,ianaDelegationReport,iana-report,generic,,,"Delegation of the .bingo domain to Sand Cedar, LLC",,no,,https://www.iana.org/reports/c.2.9.2.d/20150203-bingo
.bingo,.bingo,2018-03-23,ianaTransferReport,iana-report,generic,,,Transfer of the .academy domain and 195 others,,no,,https://www.iana.org/reports/tld-transfer/20180323-binkymoon
.bingo,.bingo,2026-10-04,delegated,current-snapshot,generic,"Binky Moon, LLC",United States of America (the),,,yes,,https://www.iana.org/domains/root/db/bingo.html
.bio,.bio,2014-05-15,ianaRegistration,iana-registration,generic,Identity Digital Limited,United States of America (the),,,no,,https://www.iana.org/domains/root/db/bio.html
.bio,.bio,2014-05-29,ianaDelegationReport,iana-report,generic,,,Delegation of the .bio domain to Starting Dot Limited,,no,,https://www.iana.org/reports/c.2.9.2.d/20140529-bio
.bio,.bio,2019-05-08,ianaTransferReport,iana-report,generic,,,Transfer of the .bio domain to Afilias Limited,,no,,https://www.iana.org/reports/tld-transfer/20190508-bio
.bio,.bio,2026-10-04,delegated,current-snapshot,generic,Identity Digital Limited,United States of America (the),,,yes,,https://www.iana.org/domains/root/db/bio.html
.biz,.biz,2000,applicationSubmitted,application,generic-restricted,"JVTeam, LLC",United States,2000-004,,no,,https://archive.icann.org/en/tlds/tld-applications-lodged-02oct00.htm
.biz,.biz,2000,applicationSubmitted,application,generic-restricted,"Abacus America, Inc.",United States,2000-005,,no,,https://archive.icann.org/en/tlds/tld-applications-lodged-02oct00.htm
.biz,.biz,2000,applicationSubmitted,application,generic-restricted,"Affinity Internet, Inc. / biz Regulatory and Advisory Council (bizTRAC)",United States,2000-006,,no,,https://archive.icann.org/en/tlds/tld-applications-lodged-02oct00.htm
.biz,.biz,2000,applicationSubmitted,application,generic-restricted,"iDomains, Inc.",United States,2000-007,,no,,https://archive.icann.org/en/tlds/tld-applications-lodged-02oct00.htm
.biz,.biz,2000,applicationSubmitted,application,generic-restricted,"KDD Internet Solutions Co., Ltd.",Japan,2000-008,,no,,https://archive.icann.org/en/tlds/tld-applications-lodged-02oct00.htm
.biz,.biz,2001-06-25,ianaReportEvent,iana-report,generic-restricted,,,IANA Report on Establishment of the .BIZ and .INFO Top-Level Domains,,no,,https://www.iana.org/reports/2001/biz-info-report-25jun01.html
.biz,.biz,2001-06-26,ianaRegistration,iana-registration,generic-restricted,"Registry Services, LLC",United States of America (the),,,no,,https://www.iana.org/domains/root/db/biz.html
.biz,.biz,2020-10-19,ianaTransferReport,iana-report,generic-restricted,,,"Transfer of the .biz domain to Registry Services, LLC",,no,,https://www.iana.org/reports/tld-transfer/20201019-biz
.biz,.biz,2026-10-04,delegated,current-snapshot,generic-restricted,"Registry Services, LLC",United States of America (the),,,yes,,https://www.iana.org/domains/root/db/biz.html
.bj,.bj,1996-01-18,ianaRegistration,iana-registration,country-code,Autorité de Régulation des Communications Electroniques et de la Poste du Bénin (ARCEP BENIN),Benin,,,no,,https://www.iana.org/domains/root/db/bj.html
.bj,.bj,2019-06-07,ianaTransferReport,iana-report,country-code,,,Transfer of the .BJ (Benin) top-level domain to Autorité de Régulation des Communications Electroniques et de la Poste du Bénin (ARCEP BENIN),,no,,https://www.iana.org/reports/2019/bj-report-20190607.html
.bj,.bj,2026-10-04,delegated,current-snapshot,country-code,Autorité de Régulation des Communications Electroniques et de la Poste du Bénin (ARCEP BENIN),Benin,,,yes,,https://www.iana.org/domains/root/db/bj.html
.bl,.bl,2007-10-11,ianaRegistration,iana-registration,country-code,,,,,no,,https://www.iana.org/domains/root/db/bl.html
.bl,.bl,2026-10-04,notDelegated,current-snapshot,country-code,,,,,yes,,https://www.iana.org/domains/root/db/bl.html
.black,.black,2014-03-20,ianaRegistration,iana-registration,generic,Identity Digital Limited,United States of America (the),,,no,,https://www.iana.org/domains/root/db/black.html
.black,.black,2014-03-25,ianaDelegationReport,iana-report,generic,,,Delegation of the .black domain to Afilias Limited,,no,,https://www.iana.org/reports/c.2.9.2.d/20140325-black
.black,.black,2026-10-04,delegated,current-snapshot,generic,Identity Digital Limited,United States of America (the),,,yes,,https://www.iana.org/domains/root/db/black.html
.blackfriday,.blackfriday,2014-04-17,ianaRegistration,iana-registration,generic,"Registry Services, LLC",United States of America (the),,,no,,https://www.iana.org/domains/root/db/blackfriday.html
.blackfriday,.blackfriday,2014-04-18,ianaDelegationReport,iana-report,generic,,,"Delegation of the .blackfriday domain to Uniregistry, Corp.",,no,,https://www.iana.org/reports/c.2.9.2.d/20140418-blackfriday
.blackfriday,.blackfriday,2022-06-07,ianaTransferReport,iana-report,generic,,,"Transfer of the .blackfriday domain to Registry Services, LLC",,no,,https://www.iana.org/reports/tld-transfer/20220607-blackfriday
.blackfriday,.blackfriday,2026-10-04,delegated,current-snapshot,generic,"Registry Services, LLC",United States of America (the),,,yes,,https://www.iana.org/domains/root/db/blackfriday.html
.blanco,.blanco,2016-06-03,ianaRegistration,iana-registration,generic,,,,,no,,https://www.iana.org/domains/root/db/blanco.html
.blanco,.blanco,2016-06-16,ianaDelegationReport,iana-report,generic,,,Delegation of the .blanco domain to Blanco GmbH + Co. KG,,no,,https://www.iana.org/reports/c.2.9.2.d/20160616-blanco
.blanco,.blanco,2019-02-12,ianaRevocationReport,iana-report,generic,,,Revocation of the .blanco domain,,no,,https://www.iana.org/reports/tld-transfer/20190212-blanco
.blanco,.blanco,2026-10-04,notDelegated,current-snapshot,generic,,,,,yes,,https://www.iana.org/domains/root/db/blanco.html
.blockbuster,.blockbuster,2016-06-30,ianaRegistration,iana-registration,generic,Dish DBS Corporation,United States of America (the),,,no,,https://www.iana.org/domains/root/db/blockbuster.html
.blockbuster,.blockbuster,2016-07-29,ianaDelegationReport,iana-report,generic,,,Delegation of the .blockbuster domain to Dish DBS Corporation,,no,,https://www.iana.org/reports/c.2.9.2.d/20160729-blockbuster
.blockbuster,.blockbuster,2026-10-04,delegated,current-snapshot,generic,Dish DBS Corporation,United States of America (the),,,yes,,https://www.iana.org/domains/root/db/blockbuster.html
.blog,.blog,2012,application,,generic,,,,,no,,https://newgtlds.icann.org/en/program-status/statistics
.blog,.blog,2016-05-12,ianaRegistration,,,,,,,no,,https://www.iana.org/domains/root/db/blog.html
.blog,.blog,2016-05-16,ianaDelegationReport,iana-report,generic,,,"Delegation of the .blog domain to Knock Knock WHOIS There, LLC",,no,,https://www.iana.org/reports/c.2.9.2.d/20160516-blog
.blog,.blog,2026-10-04,delegated,,generic,"Knock Knock WHOIS There, LLC",United States of America (the),,,yes,,https://www.iana.org/domains/root/db/blog.html
.bloomberg,.bloomberg,2014-10-16,ianaRegistration,iana-registration,generic,Bloomberg IP Holdings LLC,United States of America (the),,,no,,https://www.iana.org/domains/root/db/bloomberg.html
.bloomberg,.bloomberg,2014-10-31,ianaDelegationReport,iana-report,generic,,,Delegation of the .bloomberg domain to Bloomberg IP Holdings LLC,,no,,https://www.iana.org/reports/c.2.9.2.d/20141031-bloomberg
.bloomberg,.bloomberg,2026-10-04,delegated,current-snapshot,generic,Bloomberg IP Holdings LLC,United States of America (the),,,yes,,https://www.iana.org/domains/root/db/bloomberg.html
.blue,.blue,2014-01-23,ianaRegistration,iana-registration,generic,Identity Digital Limited,United States of America (the),,,no,,https://www.iana.org/domains/root/db/blue.html
.blue,.blue,2014-01-29,ianaDelegationReport,iana-report,generic,,,Delegation of the .blue domain to Afilias Limited,,no,,https://www.iana.org/reports/c.2.9.2.d/20140129-blue
.blue,.blue,2026-10-04,delegated,current-snapshot,generic,Identity Digital Limited,United States of America (the),,,yes,,https://www.iana.org/domains/root/db/blue.html
.bm,.bm,1993-03-31,ianaRegistration,iana-registration,country-code,"Registry General Department, Ministry of Home Affairs",Bermuda,,,no,,https://www.iana.org/domains/root/db/bm.html
.bm,.bm,2007-10-16,ianaTransferReport,iana-report,country-code,,,"Report on the Redelegation of the .BM Top-Level Domain to the ""Registrar General of Bermuda""",,no,,https://www.iana.org/reports/2007/bm-report-16oct2007.html
.bm,.bm,2026-10-04,delegated,current-snapshot,country-code,"Registry General Department, Ministry of Home Affairs",Bermuda,,,yes,,https://www.iana.org/domains/root/db/bm.html
.bms,.bms,2015-09-10,ianaRegistration,iana-registration,generic,Bristol-Myers Squibb Company,United States of America (the),,,no,,https://www.iana.org/domains/root/db/bms.html
.bms,.bms,2015-09-15,ianaDelegationReport,iana-report,generic,,,Delegation of the .bms domain to Bristol-Myers Squibb Company,,no,,https://www.iana.org/reports/c.2.9.2.d/20150917-bms
.bms,.bms,2026-10-04,delegated,current-snapshot,generic,Bristol-Myers Squibb Company,United States of America (the),,,yes,,https://www.iana.org/domains/root/db/bms.html
.bmw,.bmw,2014-06-05,ianaRegistration,iana-registration,generic,Bayerische Motoren Werke Aktiengesellschaft,Germany,,,no,,https://www.iana.org/domains/root/db/bmw.html
.bmw,.bmw,2014-06-18,ianaDelegationReport,iana-report,generic,,,Delegation of the .bmw domain to Bayerische Motoren Werke Aktiengesellschaft,,no,,https://www.iana.org/reports/c.2.9.2.d/20140618-bmw
.bmw,.bmw,2026-10-04,delegated,current-snapshot,generic,Bayerische Motoren Werke Aktiengesellschaft,Germany,,,yes,,https://www.iana.org/domains/root/db/bmw.html
.bn,.bn,1994-06-03,ianaRegistration,iana-registration,country-code,Authority for Info-communications Technology Industry of Brunei Darussalam (AITI),Brunei Darussalam,,,no,,https://www.iana.org/domains/root/db/bn.html
.bn,.bn,2015-04-13,ianaTransferReport,iana-report,country-code,,,Redelegation of the .BN domain representing Brunei Darussalam to Brunei Darussalam Network Information Centre Sdn Bhd (BNNIC),,no,,https://www.iana.org/reports/2015/bn-report-20150413.html
.bn,.bn,2026-10-04,delegated,current-snapshot,country-code,Authority for Info-communications Technology Industry of Brunei Darussalam (AITI),Brunei Darussalam,,,yes,,https://www.iana.org/domains/root/db/bn.html
.bnl,.bnl,2015-06-11,ianaRegistration,iana-registration,generic,,,,,no,,https://www.iana.org/domains/root/db/bnl.html
.bnl,.bnl,2015-06-23,ianaDelegationReport,iana-report,generic,,,Delegation of the .bnl domain to Banca Nazionale del Lavoro,,no,,https://www.iana.org/reports/c.2.9.2.d/20150623-bnl
.bnl,.bnl,2019-07-29,ianaRevocationReport,iana-report,generic,,,Revocation of the .bnl domain,,no,,https://www.iana.org/reports/tld-transfer/20190729-bnl
.bnl,.bnl,2026-10-04,notDelegated,current-snapshot,generic,,,,,yes,,https://www.iana.org/domains/root/db/bnl.html
.bnpparibas,.bnpparibas,2014-07-31,ianaRegistration,iana-registration,generic,BNP Paribas,France,,,no,,https://www.iana.org/domains/root/db/bnpparibas.html
.bnpparibas,.bnpparibas,2014-08-11,ianaDelegationReport,iana-report,generic,,,Delegation of the .bnpparibas domain to BNP Paribas,,no,,https://www.iana.org/reports/c.2.9.2.d/20140811-bnpparibas
.bnpparibas,.bnpparibas,2026-10-04,delegated,current-snapshot,generic,BNP Paribas,France,,,yes,,https://www.iana.org/domains/root/db/bnpparibas.html
.bo,.bo,1991-02-26,ianaRegistration,iana-registration,country-code,Agencia de Gobierno Electrónico y Tecnologías de Información y Comunicación,Bolivia (Plurinational State of),,,no,,https://www.iana.org/domains/root/db/bo.html
.bo,.bo,2026-10-04,delegated,current-snapshot,country-code,Agencia de Gobierno Electrónico y Tecnologías de Información y Comunicación,Bolivia (Plurinational State of),,,yes,,https://www.iana.org/domains/root/db/bo.html
.boats,.boats,2015-02-13,ianaRegistration,iana-registration,generic,XYZ.COM LLC,United States of America (the),,,no,,https://www.iana.org/domains/root/db/boats.html
.boats,.boats,2015-02-23,ianaDelegationReport,iana-report,generic,,,"Delegation of the .boats domain to DERBoats, LLC",,no,,https://www.iana.org/reports/c.2.9.2.d/20150223-boats
.boats,.boats,2021-04-05,ianaTransferReport,iana-report,generic,,,Transfer of the .boats domain to XYZ.COM LLC,,no,,https://www.iana.org/reports/tld-transfer/20210405-boats
.boats,.boats,2026-10-04,delegated,current-snapshot,generic,XYZ.COM LLC,United States of America (the),,,yes,,https://www.iana.org/domains/root/db/boats.html
.boehringer,.boehringer,2015-11-06,ianaRegistration,iana-registration,generic,Boehringer Ingelheim International GmbH,Germany,,,no,,https://www.iana.org/domains/root/db/boehringer.html
.boehringer,.boehringer,2015-11-17,ianaDelegationReport,iana-report,generic,,,Delegation of the .boehringer domain to Boehringer Ingelheim International GmbH,,no,,https://www.iana.org/reports/c.2.9.2.d/20151117-boehringer
.boehringer,.boehringer,2026-10-04,delegated,current-snapshot,generic,Boehringer Ingelheim International GmbH,Germany,,,yes,,https://www.iana.org/domains/root/db/boehringer.html
.bofa,.bofa,2016-07-28,ianaRegistration,iana-registration,generic,Bank of America Corporation,United States of America (the),,,no,,https://www.iana.org/domains/root/db/bofa.html
.bofa,.bofa,2016-08-01,ianaDelegationReport,iana-report,generic,,,"Delegation of the .bofa domain to NMS Services, Inc.",,no,,https://www.iana.org/reports/c.2.9.2.d/20160801-bofa
.bofa,.bofa,2017-10-09,ianaTransferReport,iana-report,generic,,,Transfer of the .bofa domain to Bank of America Corporation,,no,,https://www.iana.org/reports/tld-transfer/20171009-bofa
.bofa,.bofa,2026-10-04,delegated,current-snapshot,generic,Bank of America Corporation,United States of America (the),,,yes,,https://www.iana.org/domains/root/db/bofa.html
.bom,.bom,2015-05-29,ianaRegistration,iana-registration,generic,Núcleo de Informação e Coordenação do Ponto BR - NIC.br,Brazil,,,no,,https://www.iana.org/domains/root/db/bom.html
.bom,.bom,2015-09-25,ianaDelegationReport,iana-report,generic,,,Delegation of the .bom domain to Núcleo de Informação e Coordenação do Ponto BR - NIC.br,,no,,https://www.iana.org/reports/c.2.9.2.d/20150925-bom
.bom,.bom,2026-10-04,delegated,current-snapshot,generic,Núcleo de Informação e Coordenação do Ponto BR - NIC.br,Brazil,,,yes,,https://www.iana.org/domains/root/db/bom.html
.bond,.bond,2014-10-30,ianaRegistration,iana-registration,generic,Shortdot SA,Luxembourg,,,no,,https://www.iana.org/domains/root/db/bond.html
.bond,.bond,2015-03-23,ianaDelegationReport,iana-report,generic,,,Delegation of the .bond domain to Bond University Limited,,no,,https://www.iana.org/reports/c.2.9.2.d/20150323-bond
.bond,.bond,2019-09-20,ianaTransferReport,iana-report,generic,,,Transfer of the .bond domain to Shortdot SA,,no,,https://www.iana.org/reports/tld-transfer/20190920-bond
.bond,.bond,2026-10-04,delegated,current-snapshot,generic,Shortdot SA,Luxembourg,,,yes,,https://www.iana.org/domains/root/db/bond.html
.boo,.boo,2014-06-12,ianaRegistration,iana-registration,generic,Charleston Road Registry Inc.,United States of America (the),,,no,,https://www.iana.org/domains/root/db/boo.html
.boo,.boo,2014-08-28,ianaDelegationReport,iana-report,generic,,,Delegation of the .boo domain to Charleston Road Registry Inc.,,no,,https://www.iana.org/reports/c.2.9.2.d/20140828-boo
.boo,.boo,2026-10-04,delegated,current-snapshot,generic,Charleston Road Registry Inc.,United States of America (the),,,yes,,https://www.iana.org/domains/root/db/boo.html
.book,.book,2012,application,,generic,,,,,no,,https://newgtlds.icann.org/en/program-status/statistics
.book,.book,2015-11-12,ianaRegistration,,,,,,,no,,https://www.iana.org/domains/root/db/book.html
.book,.book,2015-12-02,ianaDelegationReport,iana-report,generic,,,"Delegation of the .book domain to Amazon Registry Services, Inc.",,no,,https://www.iana.org/reports/c.2.9.2.d/20151202-book
.book,.book,2026-10-04,delegated,,generic,"Amazon Registry Services, Inc.",United States of America (the),,,yes,,https://www.iana.org/domains/root/db/book.html
.booking,.booking,2016-07-07,ianaRegistration,iana-registration,generic,Booking.com B.V.,Netherlands (the),,,no,,https://www.iana.org/domains/root/db/booking.html
.booking,.booking,2016-07-19,ianaDelegationReport,iana-report,generic,,,Delegation of the .booking domain to Booking.com B.V.,,no,,https://www.iana.org/reports/c.2.9.2.d/20160719-booking
.booking,.booking,2026-10-04,delegated,current-snapshot,generic,Booking.com B.V.,Netherlands (the),,,yes,,https://www.iana.org/domains/root/db/booking.html
.books,.books,2000,applicationSubmitted,application,notApplicable,"Name.Space, Incorporated",United States,2000-001,,no,,https://archive.icann.org/en/tlds/tld-applications-lodged-02oct00.htm
.books,.books,2026-10-04,notDelegated,current-snapshot,notApplicable,"Name.Space, Incorporated",,,,yes,,https://archive.icann.org/en/tlds/tld-applications-lodged-02oct00.htm
.boots,.boots,2015-06-18,ianaRegistration,iana-registration,generic,,,,,no,,https://www.iana.org/domains/root/db/boots.html
.boots,.boots,2015-08-03,ianaDelegationReport,iana-report,generic,,,Delegation of the .boots domain to The Boots Company PLC,,no,,https://www.iana.org/reports/c.2.9.2.d/20150803-boots
.boots,.boots,2018-04-05,ianaRevocationReport,iana-report,generic,,,Revocation of the .boots domain,,no,,https://www.iana.org/reports/tld-transfer/20180405-boots
.boots,.boots,2026-10-04,notDelegated,current-snapshot,generic,,,,,yes,,https://www.iana.org/domains/root/db/boots.html
.bosch,.bosch,2015-12-18,ianaRegistration,iana-registration,generic,Robert Bosch GMBH,Germany,,,no,,https://www.iana.org/domains/root/db/bosch.html
.bosch,.bosch,2015-12-22,ianaDelegationReport,iana-report,generic,,,Delegation of the .bosch domain to Robert Bosch GMBH,,no,,https://www.iana.org/reports/c.2.9.2.d/20151222-bosch
.bosch,.bosch,2026-10-04,delegated,current-snapshot,generic,Robert Bosch GMBH,Germany,,,yes,,https://www.iana.org/domains/root/db/bosch.html
.bostik,.bostik,2015-11-06,ianaRegistration,iana-registration,generic,Bostik SA,France,,,no,,https://www.iana.org/domains/root/db/bostik.html
.bostik,.bostik,2015-11-20,ianaDelegationReport,iana-report,generic,,,Delegation of the .bostik domain to Bostik SA,,no,,https://www.iana.org/reports/c.2.9.2.d/20151120-bostik
.bostik,.bostik,2026-10-04,delegated,current-snapshot,generic,Bostik SA,France,,,yes,,https://www.iana.org/domains/root/db/bostik.html
.boston,.boston,2016-11-21,ianaRegistration,iana-registration,generic,"Registry Services, LLC",United States of America (the),,,no,,https://www.iana.org/domains/root/db/boston.html
.boston,.boston,2016-11-28,ianaDelegationReport,iana-report,generic,,,"Delegation of the .boston domain to Boston TLD Management, LLC",,no,,https://www.iana.org/reports/tld-transfer/20161128-boston
.boston,.boston,2022-01-21,ianaTransferReport,iana-report,generic,,,"Transfer of the .boston domain to Registry Services, LLC",,no,,https://www.iana.org/reports/tld-transfer/20220121-boston
.boston,.boston,2026-10-04,delegated,current-snapshot,generic,"Registry Services, LLC",United States of America (the),,,yes,,https://www.iana.org/domains/root/db/boston.html
.bot,.bot,2015-11-12,ianaRegistration,iana-registration,generic,"Amazon Registry Services, Inc.",United States of America (the),,,no,,https://www.iana.org/domains/root/db/bot.html
.bot,.bot,2015-12-02,ianaDelegationReport,iana-report,generic,,,"Delegation of the .bot domain to Amazon Registry Services, Inc.",,no,,https://www.iana.org/reports/c.2.9.2.d/20151202-bot
.bot,.bot,2026-10-04,delegated,current-snapshot,generic,"Amazon Registry Services, Inc.",United States of America (the),,,yes,,https://www.iana.org/domains/root/db/bot.html
.boutique,.boutique,2014-01-16,ianaRegistration,iana-registration,generic,"Binky Moon, LLC",United States of America (the),,,no,,https://www.iana.org/domains/root/db/boutique.html
.boutique,.boutique,2014-01-17,ianaDelegationReport,iana-report,generic,,,"Delegation of the .BOUTIQUE domain to Over Galley, LLC",,no,,https://www.iana.org/reports/c.2.9.2.d/20140117-boutique
.boutique,.boutique,2018-03-23,ianaTransferReport,iana-report,generic,,,Transfer of the .academy domain and 195 others,,no,,https://www.iana.org/reports/tld-transfer/20180323-binkymoon
.boutique,.boutique,2026-10-04,delegated,current-snapshot,generic,"Binky Moon, LLC",United States of America (the),,,yes,,https://www.iana.org/domains/root/db/boutique.html
.box,.box,2016-10-27,ianaRegistration,iana-registration,generic,Intercap Registry Inc.,Cayman Islands (the),,,no,,https://www.iana.org/domains/root/db/box.html
.box,.box,2016-11-11,ianaDelegationReport,iana-report,generic,,,Delegation of the .box domain to NS1 Limited,,no,,https://www.iana.org/reports/tld-transfer/20161111-box
.box,.box,2020-07-23,ianaTransferReport,iana-report,generic,,,Transfer of the .box domain to .Box Inc.,,no,,https://www.iana.org/reports/tld-transfer/20200723-box
.box,.box,2020-10-09,ianaTransferReport,iana-report,generic,,,Transfer of the .box domain to Intercap Registry Inc.,,no,,https://www.iana.org/reports/tld-transfer/20201009-box
.box,.box,2026-10-04,delegated,current-snapshot,generic,Intercap Registry Inc.,Cayman Islands (the),,,yes,,https://www.iana.org/domains/root/db/box.html
.bq,.bq,2010-12-20,ianaRegistration,iana-registration,country-code,,,,,no,,https://www.iana.org/domains/root/db/bq.html
.bq,.bq,2026-10-04,notDelegated,current-snapshot,country-code,,,,,yes,,https://www.iana.org/domains/root/db/bq.html
.br,.br,1989-04-18,ianaRegistration,iana-registration,country-code,Comite Gestor da Internet no Brasil,Brazil,,,no,,https://www.iana.org/domains/root/db/br.html
.br,.br,2026-10-04,delegated,current-snapshot,country-code,Comite Gestor da Internet no Brasil,Brazil,,,yes,,https://www.iana.org/domains/root/db/br.html
.bradesco,.bradesco,2015-05-29,ianaRegistration,iana-registration,generic,Banco Bradesco S.A.,Brazil,,,no,,https://www.iana.org/domains/root/db/bradesco.html
.bradesco,.bradesco,2015-06-24,ianaDelegationReport,iana-report,generic,,,Delegation of the .bradesco domain to Banco Bradesco S.A.,,no,,https://www.iana.org/reports/c.2.9.2.d/20150624-bradesco
.bradesco,.bradesco,2026-10-04,delegated,current-snapshot,generic,Banco Bradesco S.A.,Brazil,,,yes,,https://www.iana.org/domains/root/db/bradesco.html
.bridgestone,.bridgestone,2015-04-16,ianaRegistration,iana-registration,generic,Bridgestone Corporation,Japan,,,no,,https://www.iana.org/domains/root/db/bridgestone.html
.bridgestone,.bridgestone,2015-04-28,ianaDelegationReport,iana-report,generic,,,Delegation of the .bridgestone domain to Bridgestone Corporation,,no,,https://www.iana.org/reports/c.2.9.2.d/20150428-bridgestone
.bridgestone,.bridgestone,2026-10-04,delegated,current-snapshot,generic,Bridgestone Corporation,Japan,,,yes,,https://www.iana.org/domains/root/db/bridgestone.html
.broadway,.broadway,2015-10-08,ianaRegistration,iana-registration,generic,"Celebrate Broadway, Inc.",United States of America (the),,,no,,https://www.iana.org/domains/root/db/broadway.html
.broadway,.broadway,2015-11-16,ianaDelegationReport,iana-report,generic,,,"Delegation of the .broadway domain to Celebrate Broadway, Inc.",,no,,https://www.iana.org/reports/c.2.9.2.d/20151116-broadway
.broadway,.broadway,2026-10-04,delegated,current-snapshot,generic,"Celebrate Broadway, Inc.",United States of America (the),,,yes,,https://www.iana.org/domains/root/db/broadway.html
.broker,.broker,2015-03-06,ianaRegistration,iana-registration,generic,"Dog Beach, LLC",United States of America (the),,,no,,https://www.iana.org/domains/root/db/broker.html
.broker,.broker,2015-04-20,ianaDelegationReport,iana-report,generic,,,Delegation of the .broker domain to Dotbroker Registry Ltd,,no,,https://www.iana.org/reports/c.2.9.2.d/20150420-broker
.broker,.broker,2021-06-29,ianaTransferReport,iana-report,generic,,,"Transfer of the .broker domain to Dog Beach, LLC",,no,,https://www.iana.org/reports/tld-transfer/20210629-broker
.broker,.broker,2026-10-04,delegated,current-snapshot,generic,"Dog Beach, LLC",United States of America (the),,,yes,,https://www.iana.org/domains/root/db/broker.html
.brother,.brother,2015-04-09,ianaRegistration,iana-registration,generic,"Brother Industries, Ltd.",Japan,,,no,,https://www.iana.org/domains/root/db/brother.html
.brother,.brother,2015-05-08,ianaDelegationReport,iana-report,generic,,,"Delegation of the .brother domain to Brother Industries, Ltd.",,no,,https://www.iana.org/reports/c.2.9.2.d/20150508-brother
.brother,.brother,2026-10-04,delegated,current-snapshot,generic,"Brother Industries, Ltd.",Japan,,,yes,,https://www.iana.org/domains/root/db/brother.html
.brussels,.brussels,2014-06-05,ianaRegistration,iana-registration,generic,DNS.be vzw,Belgium,,,no,,https://www.iana.org/domains/root/db/brussels.html
.brussels,.brussels,2014-06-12,ianaDelegationReport,iana-report,generic,,,Delegation of the .brussels domain to DNS.be vzw,,no,,https://www.iana.org/reports/c.2.9.2.d/20140612-brussels
.brussels,.brussels,2026-10-04,delegated,current-snapshot,generic,DNS.be vzw,Belgium,,,yes,,https://www.iana.org/domains/root/db/brussels.html
.bs,.bs,1991-09-03,ianaRegistration,iana-registration,country-code,University of The Bahamas,Bahamas (the),,,no,,https://www.iana.org/domains/root/db/bs.html
.bs,.bs,2026-10-04,delegated,current-snapshot,country-code,University of The Bahamas,Bahamas (the),,,yes,,https://www.iana.org/domains/root/db/bs.html
.bt,.bt,1997-07-16,ianaRegistration,iana-registration,country-code,Ministry of Information and Communications,Bhutan,,,no,,https://www.iana.org/domains/root/db/bt.html
.bt,.bt,2026-10-04,delegated,current-snapshot,country-code,Ministry of Information and Communications,Bhutan,,,yes,,https://www.iana.org/domains/root/db/bt.html
.budapest,.budapest,2014-02-28,ianaRegistration,iana-registration,generic,,,,,no,,https://www.iana.org/domains/root/db/budapest.html
.budapest,.budapest,2014-09-19,ianaDelegationReport,iana-report,generic,,,Delegation of the .budapest domain to Top Level Domain Holdings Limited,,no,,https://www.iana.org/reports/c.2.9.2.d/20140919-budapest
.budapest,.budapest,2022-02-17,ianaRevocationReport,iana-report,generic,,,Revocation of the .budapest domain,,no,,https://www.iana.org/reports/tld-transfer/20220217-budapest
.budapest,.budapest,2026-10-04,notDelegated,current-snapshot,generic,,,,,yes,,https://www.iana.org/domains/root/db/budapest.html
.bugatti,.bugatti,2015-11-12,ianaRegistration,iana-registration,generic,,,,,no,,https://www.iana.org/domains/root/db/bugatti.html
.bugatti,.bugatti,2015-11-17,ianaDelegationReport,iana-report,generic,,,Delegation of the .bugatti domain to Bugatti International SA,,no,,https://www.iana.org/reports/c.2.9.2.d/20151117-bugatti
.bugatti,.bugatti,2022-10-07,ianaRevocationReport,iana-report,generic,,,Revocation of the .bugatti domain,,no,,https://www.iana.org/reports/tld-transfer/20221007-bugatti
.bugatti,.bugatti,2026-10-04,notDelegated,current-snapshot,generic,,,,,yes,,https://www.iana.org/domains/root/db/bugatti.html
.build,.build,2014-01-09,ianaRegistration,iana-registration,generic,Plan Bee LLC,United States of America (the),,,no,,https://www.iana.org/domains/root/db/build.html
.build,.build,2014-01-16,ianaDelegationReport,iana-report,generic,,,Delegation of the .BUILD domain to Plan Bee LLC,,no,,https://www.iana.org/reports/c.2.9.2.d/20140116-build
.build,.build,2026-10-04,delegated,current-snapshot,generic,Plan Bee LLC,United States of America (the),,,yes,,https://www.iana.org/domains/root/db/build.html
.builders,.builders,2013-12-19,ianaRegistration,iana-registration,generic,"Binky Moon, LLC",United States of America (the),,,no,,https://www.iana.org/domains/root/db/builders.html
.builders,.builders,2013-12-20,ianaDelegationReport,iana-report,generic,,,"Delegation of the .BUILDERS domain to Atomic Madison, LLC",,no,,https://www.iana.org/reports/c.2.9.2.d/20131220-builders
.builders,.builders,2018-03-23,ianaTransferReport,iana-report,generic,,,Transfer of the .academy domain and 195 others,,no,,https://www.iana.org/reports/tld-transfer/20180323-binkymoon
.builders,.builders,2026-10-04,delegated,current-snapshot,generic,"Binky Moon, LLC",United States of America (the),,,yes,,https://www.iana.org/domains/root/db/builders.html
.business,.business,2014-08-18,ianaRegistration,iana-registration,generic,"Binky Moon, LLC",United States of America (the),,,no,,https://www.iana.org/domains/root/db/business.html
.business,.business,2014-08-21,ianaDelegationReport,iana-report,generic,,,"Delegation of the .business domain to Spring Cross, LLC",,no,,https://www.iana.org/reports/c.2.9.2.d/20140821-business
.business,.business,2018-03-23,ianaTransferReport,iana-report,generic,,,Transfer of the .academy domain and 195 others,,no,,https://www.iana.org/reports/tld-transfer/20180323-binkymoon
.business,.business,2026-10-04,delegated,current-snapshot,generic,"Binky Moon, LLC",United States of America (the),,,yes,,https://www.iana.org/domains/root/db/business.html
.buy,.buy,2015-11-20,ianaRegistration,iana-registration,generic,"Amazon Registry Services, INC",United States of America (the),,,no,,https://www.iana.org/domains/root/db/buy.html
.buy,.buy,2015-12-02,ianaDelegationReport,iana-report,generic,,,"Delegation of the .buy domain to Amazon Registry Services, Inc.",,no,,https://www.iana.org/reports/c.2.9.2.d/20151202-buy
.buy,.buy,2026-10-04,delegated,current-snapshot,generic,"Amazon Registry Services, INC",United States of America (the),,,yes,,https://www.iana.org/domains/root/db/buy.html
.buzz,.buzz,2013-12-12,ianaRegistration,iana-registration,generic,DOTSTRATEGY CO.,United States of America (the),,,no,,https://www.iana.org/domains/root/db/buzz.html
.buzz,.buzz,2013-12-16,ianaDelegationReport,iana-report,generic,,,Delegation of the .BUZZ domain to DOTSTRATEGY CO.,,no,,https://www.iana.org/reports/c.2.9.2.d/20131216-buzz
.buzz,.buzz,2026-10-04,delegated,current-snapshot,generic,DOTSTRATEGY CO.,United States of America (the),,,yes,,https://www.iana.org/domains/root/db/buzz.html
.bv,.bv,1997-08-21,ianaRegistration,,,,,,,no,,https://www.iana.org/domains/root/db/bv.html
.bv,.bv,2026-10-04,delegated,,country-code,Norid A/S,Norway,,,yes,,https://www.iana.org/domains/root/db/bv.html
.bw,.bw,1993-03-19,ianaRegistration,iana-registration,country-code,Botswana Communications Regulatory Authority (BOCRA),Botswana,,,no,,https://www.iana.org/domains/root/db/bw.html
.bw,.bw,2013-08-08,ianaTransferReport,iana-report,country-code,,,Report on the Redelegation of the .BW domain representing Botswana to Botswana Communications Regulatory Authority,,no,,https://www.iana.org/reports/2013/bw-report-20130808.html
.bw,.bw,2026-10-04,delegated,current-snapshot,country-code,Botswana Communications Regulatory Authority (BOCRA),Botswana,,,yes,,https://www.iana.org/domains/root/db/bw.html
.by,.by,1994-05-10,ianaRegistration,iana-registration,country-code,Belarusian Cloud Technologies LLC,Belarus,,,no,,https://www.iana.org/domains/root/db/by.html
.by,.by,2009-02-03,ianaTransferReport,iana-report,country-code,,,"Report on the Redelegation of the .BY Top-Level Domain to ""Open Contact Ltd""",,no,,https://www.iana.org/reports/2009/by-report-03feb2009.html
.by,.by,2012-01-07,ianaTransferReport,iana-report,country-code,,,Report on the Redelegation of the .BY domain representing Belarus to Reliable Software Inc.,,no,,https://www.iana.org/reports/2012/by-report-20120107.html
.by,.by,2022-05-27,ianaTransferReport,iana-report,country-code,,,Transfer of the .BY top-level domain and the .бел (“bel”) top-level domain representing Belarus to Belarusian Cloud Technologies LLC,,no,,https://www.iana.org/reports/2022/belarus-report-20220527.html
.by,.by,2026-10-04,delegated,current-snapshot,country-code,Belarusian Cloud Technologies LLC,Belarus,,,yes,,https://www.iana.org/domains/root/db/by.html
.bz,.bz,1991-09-03,ianaRegistration,iana-registration,country-code,University of Belize,Belize,,,no,,https://www.iana.org/domains/root/db/bz.html
.bz,.bz,2026-10-04,delegated,current-snapshot,country-code,University of Belize,Belize,,,yes,,https://www.iana.org/domains/root/db/bz.html
.bzh,.bzh,2014-05-29,ianaRegistration,iana-registration,generic,Association www.bzh,France,,,no,,https://www.iana.org/domains/root/db/bzh.html
.bzh,.bzh,2014-06-12,ianaDelegationReport,iana-report,generic,,,Delegation of the .bzh domain to Association www.bzh,,no,,https://www.iana.org/reports/c.2.9.2.d/20140612-bzh
.bzh,.bzh,2026-10-04,delegated,current-snapshot,generic,Association www.bzh,France,,,yes,,https://www.iana.org/domains/root/db/bzh.html
.ca,.ca,1987-05-14,ianaRegistration,iana-registration,country-code,Canadian Internet Registration Authority (CIRA) Autorité Canadienne pour les enregistrements Internet (ACEI),Canada,,,no,,https://www.iana.org/domains/root/db/ca.html
.ca,.ca,2000-12-01,ianaTransferReport,iana-report,country-code,,,IANA Report on Request for Redelegation of .CA Top-Level Domain,,no,,https://www.iana.org/reports/2000/ca-report-01dec00.html
.ca,.ca,2026-10-04,delegated,current-snapshot,country-code,Canadian Internet Registration Authority (CIRA) Autorité Canadienne pour les enregistrements Internet (ACEI),Canada,,,yes,,https://www.iana.org/domains/root/db/ca.html
.cab,.cab,2013-12-12,ianaDelegationReport,iana-report,generic,,,"Delegation of the .CAB domain to Half Sunset, LLC",,no,,https://www.iana.org/reports/c.2.9.2.d/20131212-cab
.cab,.cab,2013-12-12,ianaRegistration,iana-registration,generic,"Binky Moon, LLC",United States of America (the),,,no,,https://www.iana.org/domains/root/db/cab.html
.cab,.cab,2018-03-23,ianaTransferReport,iana-report,generic,,,Transfer of the .academy domain and 195 others,,no,,https://www.iana.org/reports/tld-transfer/20180323-binkymoon
.cab,.cab,2026-10-04,delegated,current-snapshot,generic,"Binky Moon, LLC",United States of America (the),,,yes,,https://www.iana.org/domains/root/db/cab.html
.cafe,.cafe,2000,applicationSubmitted,application,generic,"Name.Space, Incorporated",United States,2000-001,,no,,https://archive.icann.org/en/tlds/tld-applications-lodged-02oct00.htm
.cafe,.cafe,2015-03-12,ianaRegistration,iana-registration,generic,"Binky Moon, LLC",United States of America (the),,,no,,https://www.iana.org/domains/root/db/cafe.html
.cafe,.cafe,2015-04-03,ianaDelegationReport,iana-report,generic,,,"Delegation of the .cafe domain to Pioneer Canyon, LLC",,no,,https://www.iana.org/reports/c.2.9.2.d/20150403-cafe
.cafe,.cafe,2018-03-23,ianaTransferReport,iana-report,generic,,,Transfer of the .academy domain and 195 others,,no,,https://www.iana.org/reports/tld-transfer/20180323-binkymoon
.cafe,.cafe,2026-10-04,delegated,current-snapshot,generic,"Binky Moon, LLC",United States of America (the),,,yes,,https://www.iana.org/domains/root/db/cafe.html
.cal,.cal,2014-09-04,ianaRegistration,iana-registration,generic,Charleston Road Registry Inc.,United States of America (the),,,no,,https://www.iana.org/domains/root/db/cal.html
.cal,.cal,2014-09-10,ianaDelegationReport,iana-report,generic,,,Delegation of the .cal domain to Charleston Road Registry Inc.,,no,,https://www.iana.org/reports/c.2.9.2.d/20140910-cal
.cal,.cal,2026-10-04,delegated,current-snapshot,generic,Charleston Road Registry Inc.,United States of America (the),,,yes,,https://www.iana.org/domains/root/db/cal.html
.call,.call,2015-11-12,ianaRegistration,iana-registration,generic,"Amazon Registry Services, Inc.",United States of America (the),,,no,,https://www.iana.org/domains/root/db/call.html
.call,.call,2015-12-02,ianaDelegationReport,iana-report,generic,,,"Delegation of the .call domain to Amazon Registry Services, Inc.",,no,,https://www.iana.org/reports/c.2.9.2.d/20151202-call
.call,.call,2026-10-04,delegated,current-snapshot,generic,"Amazon Registry Services, Inc.",United States of America (the),,,yes,,https://www.iana.org/domains/root/db/call.html
.calvinklein,.calvinklein,2016-07-28,ianaRegistration,iana-registration,generic,PVH gTLD Holdings LLC,United States of America (the),,,no,,https://www.iana.org/domains/root/db/calvinklein.html
.calvinklein,.calvinklein,2016-08-01,ianaDelegationReport,iana-report,generic,,,Delegation of the .calvinklein domain to PVH gTLD Holdings LLC,,no,,https://www.iana.org/reports/c.2.9.2.d/20160801-calvinklein
.calvinklein,.calvinklein,2026-10-04,delegated,current-snapshot,generic,PVH gTLD Holdings LLC,United States of America (the),,,yes,,https://www.iana.org/domains/root/db/calvinklein.html
.cam,.cam,2000,applicationSubmitted,application,generic,"Name.Space, Incorporated",United States,2000-001,,no,,https://archive.icann.org/en/tlds/tld-applications-lodged-02oct00.htm
.cam,.cam,2016-06-09,ianaRegistration,iana-registration,generic,CAM Connecting SarL,Monaco,,,no,,https://www.iana.org/domains/root/db/cam.html
.cam,.cam,2016-06-13,ianaDelegationReport,iana-report,generic,,,Delegation of the .cam domain to AC Webconnecting Holding B.V.,,no,,https://www.iana.org/reports/c.2.9.2.d/20160613-cam
.cam,.cam,2022-02-07,ianaTransferReport,iana-report,generic,,,Transfer of the .cam domain to CAM Connecting SARL,,no,,https://www.iana.org/reports/tld-transfer/20220207-cam
.cam,.cam,2026-10-04,delegated,current-snapshot,generic,CAM Connecting SarL,Monaco,,,yes,,https://www.iana.org/domains/root/db/cam.html
.camera,.camera,2013-10-31,ianaRegistration,iana-registration,generic,"Binky Moon, LLC",United States of America (the),,,no,,https://www.iana.org/domains/root/db/camera.html
.camera,.camera,2013-11-04,ianaDelegationReport,iana-report,generic,,,"Delegation of the .CAMERA domain to Atomic Maple, LLC",,no,,https://www.iana.org/reports/c.2.9.2.d/20131104-camera
.camera,.camera,2018-03-23,ianaTransferReport,iana-report,generic,,,Transfer of the .academy domain and 195 others,,no,,https://www.iana.org/reports/tld-transfer/20180323-binkymoon
.camera,.camera,2026-10-04,delegated,current-snapshot,generic,"Binky Moon, LLC",United States of America (the),,,yes,,https://www.iana.org/domains/root/db/camera.html
.camp,.camp,2013-12-12,ianaDelegationReport,iana-report,generic,,,"Delegation of the .CAMP domain to Delta Dynamite, LLC",,no,,https://www.iana.org/reports/c.2.9.2.d/20131212-camp
.camp,.camp,2013-12-12,ianaRegistration,iana-registration,generic,"Binky Moon, LLC",United States of America (the),,,no,,https://www.iana.org/domains/root/db/camp.html
.camp,.camp,2018-03-23,ianaTransferReport,iana-report,generic,,,Transfer of the .academy domain and 195 others,,no,,https://www.iana.org/reports/tld-transfer/20180323-binkymoon
.camp,.camp,2026-10-04,delegated,current-snapshot,generic,"Binky Moon, LLC",United States of America (the),,,yes,,https://www.iana.org/domains/root/db/camp.html
.cancerresearch,.cancerresearch,2014-06-19,ianaRegistration,iana-registration,generic,,,,,no,,https://www.iana.org/domains/root/db/cancerresearch.html
.cancerresearch,.cancerresearch,2014-06-25,ianaDelegationReport,iana-report,generic,,,Delegation of the .cancerresearch domain to Australian Cancer Research Foundation,,no,,https://www.iana.org/reports/c.2.9.2.d/20140625-cancerresearch
.cancerresearch,.cancerresearch,2022-10-06,ianaRevocationReport,iana-report,generic,,,Revocation of the .cancerresearch domain,,no,,https://www.iana.org/reports/tld-transfer/20221006-cancerresearch
.cancerresearch,.cancerresearch,2026-10-04,notDelegated,current-snapshot,generic,,,,,yes,,https://www.iana.org/domains/root/db/cancerresearch.html
.canon,.canon,2015-01-29,ianaRegistration,iana-registration,generic,Canon Inc.,Japan,,,no,,https://www.iana.org/domains/root/db/canon.html
.canon,.canon,2015-02-02,ianaDelegationReport,iana-report,generic,,,Delegation of the .canon domain to Canon Inc.,,no,,https://www.iana.org/reports/c.2.9.2.d/20150202-canon
.canon,.canon,2026-10-04,delegated,current-snapshot,generic,Canon Inc.,Japan,,,yes,,https://www.iana.org/domains/root/db/canon.html
.capetown,.capetown,2014-06-05,ianaRegistration,iana-registration,generic,ZA Central Registry NPC trading as ZA Central Registry,South Africa,,,no,,https://www.iana.org/domains/root/db/capetown.html
.capetown,.capetown,2014-06-17,ianaDelegationReport,iana-report,generic,,,Delegation of the .capetown domain to ZA Central Registry NPC trading as ZA Central Registry,,no,,https://www.iana.org/reports/c.2.9.2.d/20140617-capetown
.capetown,.capetown,2026-10-04,delegated,current-snapshot,generic,ZA Central Registry NPC trading as ZA Central Registry,South Africa,,,yes,,https://www.iana.org/domains/root/db/capetown.html
.capital,.capital,2014-04-03,ianaRegistration,iana-registration,generic,"Binky Moon, LLC",United States of America (the),,,no,,https://www.iana.org/domains/root/db/capital.html
.capital,.capital,2014-04-09,ianaDelegationReport,iana-report,generic,,,"Delegation of the .capital domain to Delta Mill, LLC",,no,,https://www.iana.org/reports/c.2.9.2.d/20140409-capital
.capital,.capital,2026-10-04,delegated,current-snapshot,generic,"Binky Moon, LLC",United States of America (the),,,yes,,https://www.iana.org/domains/root/db/capital.html
.capitalone,.capitalone,2016-08-04,ianaRegistration,iana-registration,generic,Capital One Financial Corporation,United States of America (the),,,no,,https://www.iana.org/domains/root/db/capitalone.html
.capitalone,.capitalone,2016-08-08,ianaDelegationReport,iana-report,generic,,,Delegation of the .capitalone domain to Capital One Financial Corporation,,no,,https://www.iana.org/reports/c.2.9.2.d/20160808-capitalone
.capitalone,.capitalone,2026-10-04,delegated,current-snapshot,generic,Capital One Financial Corporation,United States of America (the),,,yes,,https://www.iana.org/domains/root/db/capitalone.html
.car,.car,2015-08-26,ianaRegistration,iana-registration,generic,XYZ.COM LLC,United States of America (the),,,no,,https://www.iana.org/domains/root/db/car.html
.car,.car,2015-08-31,ianaDelegationReport,iana-report,generic,,,Delegation of the .car domain to Cars Registry Limited,,no,,https://www.iana.org/reports/c.2.9.2.d/20150828-car
.car,.car,2020-09-22,ianaTransferReport,iana-report,generic,,,Transfer of the .car domain to XYZ.COM LLC,,no,,https://www.iana.org/reports/tld-transfer/20200922-car
.car,.car,2026-10-04,delegated,current-snapshot,generic,XYZ.COM LLC,United States of America (the),,,yes,,https://www.iana.org/domains/root/db/car.html
.caravan,.caravan,2014-05-22,ianaRegistration,iana-registration,generic,"Caravan International, Inc.",United States of America (the),,,no,,https://www.iana.org/domains/root/db/caravan.html
.caravan,.caravan,2014-08-12,ianaDelegationReport,iana-report,generic,,,"Delegation of the .caravan domain to Caravan International, Inc.",,no,,https://www.iana.org/reports/c.2.9.2.d/20140812-caravan
.caravan,.caravan,2026-10-04,delegated,current-snapshot,generic,"Caravan International, Inc.",United States of America (the),,,yes,,https://www.iana.org/domains/root/db/caravan.html
.card,.card,2000,applicationSubmitted,application,notApplicable,"Name.Space, Incorporated",United States,2000-001,,no,,https://archive.icann.org/en/tlds/tld-applications-lodged-02oct00.htm
.card,.card,2026-10-04,notDelegated,current-snapshot,notApplicable,"Name.Space, Incorporated",,,,yes,,https://archive.icann.org/en/tlds/tld-applications-lodged-02oct00.htm
.cards,.cards,2014-02-06,ianaRegistration,iana-registration,generic,"Binky Moon, LLC",United States of America (the),,,no,,https://www.iana.org/domains/root/db/cards.html
.cards,.cards,2014-02-07,ianaDelegationReport,iana-report,generic,,,"Delegation of the .cards domain to Foggy Hollow, LLC",,no,,https://www.iana.org/reports/c.2.9.2.d/20140207-cards
.cards,.cards,2018-03-23,ianaTransferReport,iana-report,generic,,,Transfer of the .academy domain and 195 others,,no,,https://www.iana.org/reports/tld-transfer/20180323-binkymoon
.cards,.cards,2026-10-04,delegated,current-snapshot,generic,"Binky Moon, LLC",United States of America (the),,,yes,,https://www.iana.org/domains/root/db/cards.html
.care,.care,2014-04-17,ianaRegistration,iana-registration,generic,"Binky Moon, LLC",United States of America (the),,,no,,https://www.iana.org/domains/root/db/care.html
.care,.care,2014-04-21,ianaDelegationReport,iana-report,generic,,,Delegation of the .care domain to Goose Cross,,no,,https://www.iana.org/reports/c.2.9.2.d/20140421-care
.care,.care,2018-03-23,ianaTransferReport,iana-report,generic,,,Transfer of the .academy domain and 195 others,,no,,https://www.iana.org/reports/tld-transfer/20180323-binkymoon
.care,.care,2026-10-04,delegated,current-snapshot,generic,"Binky Moon, LLC",United States of America (the),,,yes,,https://www.iana.org/domains/root/db/care.html
.career,.career,2014-03-20,ianaRegistration,iana-registration,generic,dotCareer LLC,United States of America (the),,,no,,https://www.iana.org/domains/root/db/career.html
.career,.career,2014-04-09,ianaDelegationReport,iana-report,generic,,,Delegation of the .career domain to dotCareer LLC,,no,,https://www.iana.org/reports/c.2.9.2.d/20140409-career
.career,.career,2026-10-04,delegated,current-snapshot,generic,dotCareer LLC,United States of America (the),,,yes,,https://www.iana.org/domains/root/db/career.html
.careers,.careers,2013-12-12,ianaDelegationReport,iana-report,generic,,,"Delegation of the .CAREERS domain to Wild Corner, LLC",,no,,https://www.iana.org/reports/c.2.9.2.d/20131212-careers
.careers,.careers,2013-12-12,ianaRegistration,iana-registration,generic,"Binky Moon, LLC",United States of America (the),,,no,,https://www.iana.org/domains/root/db/careers.html
.careers,.careers,2018-03-23,ianaTransferReport,iana-report,generic,,,Transfer of the .academy domain and 195 others,,no,,https://www.iana.org/reports/tld-transfer/20180323-binkymoon
.careers,.careers,2026-10-04,delegated,current-snapshot,generic,"Binky Moon, LLC",United States of America (the),,,yes,,https://www.iana.org/domains/root/db/careers.html
.cars,.cars,2000,applicationSubmitted,application,generic,"Name.Space, Incorporated",United States,2000-001,,no,,https://archive.icann.org/en/tlds/tld-applications-lodged-02oct00.htm
.cars,.cars,2015-03-12,ianaRegistration,iana-registration,generic,XYZ.COM LLC,United States of America (the),,,no,,https://www.iana.org/domains/root/db/cars.html
.cars,.cars,2015-04-29,ianaDelegationReport,iana-report,generic,,,"Delegation of the .cars domain to Uniregistry, Corp.",,no,,https://www.iana.org/reports/c.2.9.2.d/20150429-cars
.cars,.cars,2020-09-22,ianaTransferReport,iana-report,generic,,,Transfer of the .cars domain to XYZ.COM LLC,,no,,https://www.iana.org/reports/tld-transfer/20200922-cars
.cars,.cars,2026-10-04,delegated,current-snapshot,generic,XYZ.COM LLC,United States of America (the),,,yes,,https://www.iana.org/domains/root/db/cars.html
.cartier,.cartier,2014-11-20,ianaRegistration,iana-registration,generic,,,,,no,,https://www.iana.org/domains/root/db/cartier.html
.cartier,.cartier,2014-12-09,ianaDelegationReport,iana-report,generic,,,Delegation of the .cartier domain to Richemont DNS Inc.,,no,,https://www.iana.org/reports/c.2.9.2.d/20141209-cartier
.cartier,.cartier,2019-11-15,ianaRevocationReport,iana-report,generic,,,Revocation of the .cartier domain,,no,,https://www.iana.org/reports/tld-transfer/20191115-cartier
.cartier,.cartier,2026-10-04,notDelegated,current-snapshot,generic,,,,,yes,,https://www.iana.org/domains/root/db/cartier.html
.casa,.casa,2014-08-18,ianaRegistration,iana-registration,generic,"Registry Services, LLC",United States of America (the),,,no,,https://www.iana.org/domains/root/db/casa.html
.casa,.casa,2014-09-19,ianaDelegationReport,iana-report,generic,,,Delegation of the .casa domain to Top Level Domain Holdings Limited,,no,,https://www.iana.org/reports/c.2.9.2.d/20140919-casa
.casa,.casa,2021-09-14,ianaTransferReport,iana-report,generic,,,"Transfer of the .casa domain to Registry Services, LLC",,no,,https://www.iana.org/reports/tld-transfer/20210914-casa
.casa,.casa,2026-10-04,delegated,current-snapshot,generic,"Registry Services, LLC",United States of America (the),,,yes,,https://www.iana.org/domains/root/db/casa.html
.case,.case,2016-10-27,ianaRegistration,iana-registration,generic,"Digity, LLC",United States of America (the),,,no,,https://www.iana.org/domains/root/db/case.html
.case,.case,2016-10-28,ianaDelegationReport,iana-report,generic,,,Delegation of the .case domain to CNH Industrial N.V.,,no,,https://www.iana.org/reports/tld-transfer/20161028-case
.case,.case,2023-05-31,ianaTransferReport,iana-report,generic,,,"Transfer of the .case domain to Digity, LLC",,no,,https://www.iana.org/reports/tld-transfer/20230531-case
.case,.case,2026-10-04,delegated,current-snapshot,generic,"Digity, LLC",United States of America (the),,,yes,,https://www.iana.org/domains/root/db/case.html
.caseih,.caseih,2016-10-27,ianaRegistration,iana-registration,generic,,,,,no,,https://www.iana.org/domains/root/db/caseih.html
.caseih,.caseih,2016-10-28,ianaDelegationReport,iana-report,generic,,,Delegation of the .caseih domain to CNH Industrial N.V.,,no,,https://www.iana.org/reports/tld-transfer/20161028-caseih
.caseih,.caseih,2021-02-19,ianaRevocationReport,iana-report,generic,,,Revocation of the .caseih domain,,no,,https://www.iana.org/reports/tld-transfer/20210219-caseih
.caseih,.caseih,2026-10-04,notDelegated,current-snapshot,generic,,,,,yes,,https://www.iana.org/domains/root/db/caseih.html
.cash,.cash,2000,applicationSubmitted,application,generic,Diebold Incorporated,United States,2000-009,,no,,https://archive.icann.org/en/tlds/tld-applications-lodged-02oct00.htm
.cash,.cash,2014-04-17,ianaRegistration,iana-registration,generic,"Binky Moon, LLC",United States of America (the),,,no,,https://www.iana.org/domains/root/db/cash.html
.cash,.cash,2014-04-21,ianaDelegationReport,iana-report,generic,,,"Delegation of the .cash domain to Delta Lake, LLC",,no,,https://www.iana.org/reports/c.2.9.2.d/20140421-cash
.cash,.cash,2018-03-23,ianaTransferReport,iana-report,generic,,,Transfer of the .academy domain and 195 others,,no,,https://www.iana.org/reports/tld-transfer/20180323-binkymoon
.cash,.cash,2026-10-04,delegated,current-snapshot,generic,"Binky Moon, LLC",United States of America (the),,,yes,,https://www.iana.org/domains/root/db/cash.html
.casino,.casino,2015-02-13,ianaRegistration,iana-registration,generic,"Binky Moon, LLC",United States of America (the),,,no,,https://www.iana.org/domains/root/db/casino.html
.casino,.casino,2015-02-16,ianaDelegationReport,iana-report,generic,,,"Delegation of the .casino domain to Binky Sky, LLC",,no,,https://www.iana.org/reports/c.2.9.2.d/20150216-casino
.casino,.casino,2018-03-23,ianaTransferReport,iana-report,generic,,,Transfer of the .academy domain and 195 others,,no,,https://www.iana.org/reports/tld-transfer/20180323-binkymoon
.casino,.casino,2026-10-04,delegated,current-snapshot,generic,"Binky Moon, LLC",United States of America (the),,,yes,,https://www.iana.org/domains/root/db/casino.html
.cat,.cat,2004,application,,sponsored,Fundació puntCAT,Spain / Catalan-speaking community,,,no,,https://www.icann.org/en/announcements/details/icann-progress-in-process-for-introducing-new-sponsored-top-level-domains-19-3-2004-en
.cat,.cat,2004,applicationSubmitted,application,sponsored,Fundació puntCAT,Spain / Catalan-speaking community,2004-002,outcome_delegated,no,,https://www.icann.org/en/announcements/details/icann-progress-in-process-for-introducing-new-sponsored-top-level-domains-19-3-2004-en
.cat,.cat,2005,delegated,,sponsored,Fundació puntCAT,Spain / Catalan-speaking community,,,no,,https://www.iana.org/reports/2005/cat-report-18nov2005.html
.cat,.cat,2005-11-18,ianaDelegationReport,iana-report,sponsored,,,IANA Report on the Delegation of the .CAT Top-Level Domain,,no,,https://www.iana.org/reports/2005/cat-report-18nov2005.html
.cat,.cat,2005-12-19,ianaRegistration,,,,,,,no,,https://www.iana.org/domains/root/db/cat.html
.cat,.cat,2026-10-04,delegated,,sponsored,Fundacio puntCAT,Spain,,,yes,,https://www.iana.org/domains/root/db/cat.html
.catering,.catering,2014-01-30,ianaRegistration,iana-registration,generic,"Binky Moon, LLC",United States of America (the),,,no,,https://www.iana.org/domains/root/db/catering.html
.catering,.catering,2014-01-31,ianaDelegationReport,iana-report,generic,,,"Delegation of the .catering domain to New Falls, LLC",,no,,https://www.iana.org/reports/c.2.9.2.d/20140131-catering
.catering,.catering,2018-03-23,ianaTransferReport,iana-report,generic,,,Transfer of the .academy domain and 195 others,,no,,https://www.iana.org/reports/tld-transfer/20180323-binkymoon
.catering,.catering,2026-10-04,delegated,current-snapshot,generic,"Binky Moon, LLC",United States of America (the),,,yes,,https://www.iana.org/domains/root/db/catering.html
.catholic,.catholic,2016-11-16,ianaRegistration,iana-registration,generic,Pontificium Consilium de Comunicationibus Socialibus (PCCS) (Pontifical Council for Social Communication),Holy See (the),,,no,,https://www.iana.org/domains/root/db/catholic.html
.catholic,.catholic,2016-11-30,ianaDelegationReport,iana-report,generic,,,Delegation of the .catholic domain to Pontificium Consilium de Comunicationibus Socialibus (PCCS) (Pontifical Council for Social Communication),,no,,https://www.iana.org/reports/tld-transfer/20161130-catholic
.catholic,.catholic,2026-10-04,delegated,current-snapshot,generic,Pontificium Consilium de Comunicationibus Socialibus (PCCS) (Pontifical Council for Social Communication),Holy See (the),,,yes,,https://www.iana.org/domains/root/db/catholic.html
.cba,.cba,2015-03-26,ianaRegistration,iana-registration,generic,COMMONWEALTH BANK OF AUSTRALIA,Australia,,,no,,https://www.iana.org/domains/root/db/cba.html
.cba,.cba,2015-06-18,ianaDelegationReport,iana-report,generic,,,Delegation of the .cba domain to Commonwealth Bank of Australia,,no,,https://www.iana.org/reports/c.2.9.2.d/20150618-cba
.cba,.cba,2026-10-04,delegated,current-snapshot,generic,COMMONWEALTH BANK OF AUSTRALIA,Australia,,,yes,,https://www.iana.org/domains/root/db/cba.html
.cbn,.cbn,2014-11-20,ianaRegistration,iana-registration,generic,"The Christian Broadcasting Network, Inc.",United States of America (the),,,no,,https://www.iana.org/domains/root/db/cbn.html
.cbn,.cbn,2015-02-11,ianaDelegationReport,iana-report,generic,,,"Delegation of the .cbn domain to The Christian Broadcasting Network, Inc.",,no,,https://www.iana.org/reports/c.2.9.2.d/20150211-cbn
.cbn,.cbn,2026-10-04,delegated,current-snapshot,generic,"The Christian Broadcasting Network, Inc.",United States of America (the),,,yes,,https://www.iana.org/domains/root/db/cbn.html
.cbre,.cbre,2016-06-16,ianaRegistration,iana-registration,generic,"CBRE, Inc.",United States of America (the),,,no,,https://www.iana.org/domains/root/db/cbre.html
.cbre,.cbre,2016-06-30,ianaDelegationReport,iana-report,generic,,,"Delegation of the .cbre domain to CBRE, Inc.",,no,,https://www.iana.org/reports/c.2.9.2.d/20160630-cbre
.cbre,.cbre,2026-10-04,delegated,current-snapshot,generic,"CBRE, Inc.",United States of America (the),,,yes,,https://www.iana.org/domains/root/db/cbre.html
.cbs,.cbs,2016-07-21,ianaRegistration,iana-registration,generic,,,,,no,,https://www.iana.org/domains/root/db/cbs.html
.cbs,.cbs,2016-08-01,ianaDelegationReport,iana-report,generic,,,Delegation of the .cbs domain to CBS Domains Inc.,,no,,https://www.iana.org/reports/c.2.9.2.d/20160801-cbs
.cbs,.cbs,2023-10-25,ianaRevocationReport,iana-report,generic,,,Revocation of the .cbs domain,,no,,https://www.iana.org/reports/tld-transfer/20231025-cbs
.cbs,.cbs,2026-10-04,notDelegated,current-snapshot,generic,,,,,yes,,https://www.iana.org/domains/root/db/cbs.html
.cc,.cc,1997-10-13,ianaRegistration,iana-registration,country-code,eNIC Cocos (Keeling) Islands Pty. Ltd. d/b/a Island Internet Services,Australia,,,no,,https://www.iana.org/domains/root/db/cc.html
.cc,.cc,2026-10-04,delegated,current-snapshot,country-code,eNIC Cocos (Keeling) Islands Pty. Ltd. d/b/a Island Internet Services,Australia,,,yes,,https://www.iana.org/domains/root/db/cc.html
.cd,.cd,1997-08-20,ianaRegistration,iana-registration,country-code,Office Congolais des Postes et Télécommunications - OCPT,Congo (the Democratic Republic of the),,,no,,https://www.iana.org/domains/root/db/cd.html
.cd,.cd,2011-01-07,ianaTransferReport,iana-report,country-code,,,Redelegation of the .CD domain representing the Democratic Republic of the Congo to Office Congolais des Postes et Telecommunications,,no,,https://www.iana.org/reports/2011/cd-report-07jan2011.html
.cd,.cd,2026-10-04,delegated,current-snapshot,country-code,Office Congolais des Postes et Télécommunications - OCPT,Congo (the Democratic Republic of the),,,yes,,https://www.iana.org/domains/root/db/cd.html
.ceb,.ceb,2015-07-02,ianaRegistration,iana-registration,generic,,,,,no,,https://www.iana.org/domains/root/db/ceb.html
.ceb,.ceb,2020-12-09,ianaRevocationReport,iana-report,generic,,,Revocation of the .ceb domain,,no,,https://www.iana.org/reports/tld-transfer/20201209-ceb
.ceb,.ceb,2026-10-04,notDelegated,current-snapshot,generic,,,,,yes,,https://www.iana.org/domains/root/db/ceb.html
.center,.center,2000,applicationSubmitted,application,generic,"Name.Space, Incorporated",United States,2000-001,,no,,https://archive.icann.org/en/tlds/tld-applications-lodged-02oct00.htm
.center,.center,2013-12-12,ianaDelegationReport,iana-report,generic,,,"Delegation of the .CENTER domain to Tin Mill, LLC",,no,,https://www.iana.org/reports/c.2.9.2.d/20131212-center
.center,.center,2013-12-12,ianaRegistration,iana-registration,generic,"Binky Moon, LLC",United States of America (the),,,no,,https://www.iana.org/domains/root/db/center.html
.center,.center,2018-03-23,ianaTransferReport,iana-report,generic,,,Transfer of the .academy domain and 195 others,,no,,https://www.iana.org/reports/tld-transfer/20180323-binkymoon
.center,.center,2026-10-04,delegated,current-snapshot,generic,"Binky Moon, LLC",United States of America (the),,,yes,,https://www.iana.org/domains/root/db/center.html
.ceo,.ceo,2013-12-19,ianaRegistration,iana-registration,generic,XYZ.COM LLC,United States of America (the),,,no,,https://www.iana.org/domains/root/db/ceo.html
.ceo,.ceo,2013-12-23,ianaDelegationReport,iana-report,generic,,,Delegation of the .CEO domain to CEOTLD Pty Ltd,,no,,https://www.iana.org/reports/c.2.9.2.d/20131223-ceo
.ceo,.ceo,2023-10-24,ianaTransferReport,iana-report,generic,,,Transfer of the .ceo domain to XYZ.COM LLC,,no,,https://www.iana.org/reports/tld-transfer/20231024-ceo
.ceo,.ceo,2026-10-04,delegated,current-snapshot,generic,XYZ.COM LLC,United States of America (the),,,yes,,https://www.iana.org/domains/root/db/ceo.html
.cern,.cern,2014-08-13,ianaRegistration,iana-registration,generic,"European Organization for Nuclear Research (""CERN"")",Switzerland,,,no,,https://www.iana.org/domains/root/db/cern.html
.cern,.cern,2014-08-15,ianaDelegationReport,iana-report,generic,,,"Delegation of the .cern domain to European Organization for Nuclear Research (""CERN"")",,no,,https://www.iana.org/reports/c.2.9.2.d/20140815-cern
.cern,.cern,2026-10-04,delegated,current-snapshot,generic,"European Organization for Nuclear Research (""CERN"")",Switzerland,,,yes,,https://www.iana.org/domains/root/db/cern.html
.cf,.cf,1996-04-24,ianaRegistration,iana-registration,country-code,Societe Centrafricaine de Telecommunications (SOCATEL),Central African Republic (the),,,no,,https://www.iana.org/domains/root/db/cf.html
.cf,.cf,2026-10-04,delegated,current-snapshot,country-code,Societe Centrafricaine de Telecommunications (SOCATEL),Central African Republic (the),,,yes,,https://www.iana.org/domains/root/db/cf.html
.cfa,.cfa,2015-04-16,ianaRegistration,iana-registration,generic,CFA Institute,United States of America (the),,,no,,https://www.iana.org/domains/root/db/cfa.html
.cfa,.cfa,2015-04-29,ianaDelegationReport,iana-report,generic,,,Delegation of the .cfa domain to CFA Institute,,no,,https://www.iana.org/reports/c.2.9.2.d/20150429-cfa
.cfa,.cfa,2026-10-04,delegated,current-snapshot,generic,CFA Institute,United States of America (the),,,yes,,https://www.iana.org/domains/root/db/cfa.html
.cfd,.cfd,2015-03-06,ianaRegistration,iana-registration,generic,Shortdot SA,Luxembourg,,,no,,https://www.iana.org/domains/root/db/cfd.html
.cfd,.cfd,2015-03-11,ianaDelegationReport,iana-report,generic,,,Delegation of the .cfd domain to DotCFD Registry Ltd,,no,,https://www.iana.org/reports/c.2.9.2.d/20150311-cfd
.cfd,.cfd,2024-04-29,ianaTransferReport,iana-report,generic,,,Transfer of the .cfd domain to Shortdot SA,,no,,https://www.iana.org/reports/tld-transfer/20240429-cfd
.cfd,.cfd,2026-10-04,delegated,current-snapshot,generic,Shortdot SA,Luxembourg,,,yes,,https://www.iana.org/domains/root/db/cfd.html
.cg,.cg,1997-01-14,ianaRegistration,iana-registration,country-code,Interpoint Switzerland,Congo (the),,,no,,https://www.iana.org/domains/root/db/cg.html
.cg,.cg,2026-10-04,delegated,current-snapshot,country-code,Interpoint Switzerland,Congo (the),,,yes,,https://www.iana.org/domains/root/db/cg.html
.ch,.ch,1987-05-20,ianaRegistration,iana-registration,country-code,SWITCH The Swiss Education & Research Network,Switzerland,,,no,,https://www.iana.org/domains/root/db/ch.html
.ch,.ch,2026-10-04,delegated,current-snapshot,country-code,SWITCH The Swiss Education & Research Network,Switzerland,,,yes,,https://www.iana.org/domains/root/db/ch.html
.chanel,.chanel,2015-06-18,ianaRegistration,iana-registration,generic,Chanel International B.V.,Netherlands (the),,,no,,https://www.iana.org/domains/root/db/chanel.html
.chanel,.chanel,2015-07-30,ianaDelegationReport,iana-report,generic,,,Delegation of the .chanel domain to Chanel International B.V.,,no,,https://www.iana.org/reports/c.2.9.2.d/20150730-chanel
.chanel,.chanel,2026-10-04,delegated,current-snapshot,generic,Chanel International B.V.,Netherlands (the),,,yes,,https://www.iana.org/domains/root/db/chanel.html
.channel,.channel,2000,applicationSubmitted,application,generic,"Name.Space, Incorporated",United States,2000-001,,no,,https://archive.icann.org/en/tlds/tld-applications-lodged-02oct00.htm
.channel,.channel,2014-08-23,ianaRegistration,iana-registration,generic,Charleston Road Registry Inc.,United States of America (the),,,no,,https://www.iana.org/domains/root/db/channel.html
.channel,.channel,2014-09-10,ianaDelegationReport,iana-report,generic,,,Delegation of the .channel domain to Charleston Road Registry Inc.,,no,,https://www.iana.org/reports/c.2.9.2.d/20140910-channel
.channel,.channel,2026-10-04,delegated,current-snapshot,generic,Charleston Road Registry Inc.,United States of America (the),,,yes,,https://www.iana.org/domains/root/db/channel.html
.charity,.charity,2018-05-17,ianaRegistration,iana-registration,generic,Public Interest Registry (PIR),United States of America (the),,,no,,https://www.iana.org/domains/root/db/charity.html
.charity,.charity,2018-06-04,ianaDelegationReport,iana-report,generic,,,"Delegation of the .charity domain to Corn Lake, LLC",,no,,https://www.iana.org/reports/tld-transfer/20180604-charity
.charity,.charity,2021-06-09,ianaTransferReport,iana-report,generic,,,"Transfer of the .charity domain to Binky Moon, LLC",,no,,https://www.iana.org/reports/tld-transfer/20210609-charity
.charity,.charity,2022-08-25,ianaTransferReport,iana-report,generic,,,Transfer of the .charity domain to Public Interest Registry,,no,,https://www.iana.org/reports/tld-transfer/20220825-charity
.charity,.charity,2026-10-04,delegated,current-snapshot,generic,Public Interest Registry (PIR),United States of America (the),,,yes,,https://www.iana.org/domains/root/db/charity.html
.chase,.chase,2016-01-14,ianaRegistration,iana-registration,generic,"JPMorgan Chase Bank, National Association",United States of America (the),,,no,,https://www.iana.org/domains/root/db/chase.html
.chase,.chase,2016-02-25,ianaDelegationReport,iana-report,generic,,,Delegation of the .chase domain to JPMorgan Chase & Co.,,no,,https://www.iana.org/reports/c.2.9.2.d/20160225-chase
.chase,.chase,2016-07-18,ianaTransferReport,iana-report,generic,,,"Redelegation of the .chase domain to JPMorgan Chase Bank, National Association",,no,,https://www.iana.org/reports/c.2.9.2.d/20160718-chase
.chase,.chase,2026-10-04,delegated,current-snapshot,generic,"JPMorgan Chase Bank, National Association",United States of America (the),,,yes,,https://www.iana.org/domains/root/db/chase.html
.chat,.chat,2015-01-29,ianaRegistration,iana-registration,generic,"Binky Moon, LLC",United States of America (the),,,no,,https://www.iana.org/domains/root/db/chat.html
.chat,.chat,2015-02-03,ianaDelegationReport,iana-report,generic,,,"Delegation of the .chat domain to Sand Fields, LLC",,no,,https://www.iana.org/reports/c.2.9.2.d/20150203-chat
.chat,.chat,2018-03-23,ianaTransferReport,iana-report,generic,,,Transfer of the .academy domain and 195 others,,no,,https://www.iana.org/reports/tld-transfer/20180323-binkymoon
.chat,.chat,2026-10-04,delegated,current-snapshot,generic,"Binky Moon, LLC",United States of America (the),,,yes,,https://www.iana.org/domains/root/db/chat.html
.cheap,.cheap,2014-01-09,ianaRegistration,iana-registration,generic,"Binky Moon, LLC",United States of America (the),,,no,,https://www.iana.org/domains/root/db/cheap.html
.cheap,.cheap,2014-01-10,ianaDelegationReport,iana-report,generic,,,"Delegation of the .CHEAP domain to Sand Cover, LLC",,no,,https://www.iana.org/reports/c.2.9.2.d/20140110-cheap
.cheap,.cheap,2018-03-23,ianaTransferReport,iana-report,generic,,,Transfer of the .academy domain and 195 others,,no,,https://www.iana.org/reports/tld-transfer/20180323-binkymoon
.cheap,.cheap,2026-10-04,delegated,current-snapshot,generic,"Binky Moon, LLC",United States of America (the),,,yes,,https://www.iana.org/domains/root/db/cheap.html
.chintai,.chintai,2016-03-03,ianaRegistration,iana-registration,generic,CHINTAI Corporation,Japan,,,no,,https://www.iana.org/domains/root/db/chintai.html
.chintai,.chintai,2016-06-03,ianaDelegationReport,iana-report,generic,,,Delegation of the .chintai domain to Chintai Corporation,,no,,https://www.iana.org/reports/c.2.9.2.d/20160603-chintai
.chintai,.chintai,2026-10-04,delegated,current-snapshot,generic,CHINTAI Corporation,Japan,,,yes,,https://www.iana.org/domains/root/db/chintai.html
.chloe,.chloe,2015-01-08,ianaRegistration,iana-registration,generic,,,,,no,,https://www.iana.org/domains/root/db/chloe.html
.chloe,.chloe,2015-03-06,ianaDelegationReport,iana-report,generic,,,Delegation of the .chloe domain to Richemont DNS Inc.,,no,,https://www.iana.org/reports/c.2.9.2.d/20150306-chloe
.chloe,.chloe,2017-09-29,ianaRevocationReport,iana-report,generic,,,Revocation of the .chloe domain,,no,,https://www.iana.org/reports/tld-transfer/20170929-chloe
.chloe,.chloe,2026-10-04,notDelegated,current-snapshot,generic,,,,,yes,,https://www.iana.org/domains/root/db/chloe.html
.christmas,.christmas,2014-02-13,ianaRegistration,iana-registration,generic,XYZ.COM LLC,United States of America (the),,,no,,https://www.iana.org/domains/root/db/christmas.html
.christmas,.christmas,2014-02-19,ianaDelegationReport,iana-report,generic,,,"Delegation of the .christmas domain to Uniregistry, Corp.",,no,,https://www.iana.org/reports/c.2.9.2.d/20140219-christmas
.christmas,.christmas,2022-03-23,ianaTransferReport,iana-report,generic,,,Transfer of the .christmas domain to XYZ.COM LLC,,no,,https://www.iana.org/reports/tld-transfer/20220323-christmas
.christmas,.christmas,2026-10-04,delegated,current-snapshot,generic,XYZ.COM LLC,United States of America (the),,,yes,,https://www.iana.org/domains/root/db/christmas.html
.chrome,.chrome,2014-09-04,ianaRegistration,iana-registration,generic,Charleston Road Registry Inc.,United States of America (the),,,no,,https://www.iana.org/domains/root/db/chrome.html
.chrome,.chrome,2014-09-10,ianaDelegationReport,iana-report,generic,,,Delegation of the .chrome domain to Charleston Road Registry Inc.,,no,,https://www.iana.org/reports/c.2.9.2.d/20140910-chrome
.chrome,.chrome,2026-10-04,delegated,current-snapshot,generic,Charleston Road Registry Inc.,United States of America (the),,,yes,,https://www.iana.org/domains/root/db/chrome.html
.chrysler,.chrysler,2016-07-07,ianaRegistration,iana-registration,generic,,,,,no,,https://www.iana.org/domains/root/db/chrysler.html
.chrysler,.chrysler,2016-07-25,ianaDelegationReport,iana-report,generic,,,Delegation of the .chrysler domain to FCA US Llc,,no,,https://www.iana.org/reports/c.2.9.2.d/20160725-chrysler
.chrysler,.chrysler,2019-11-20,ianaRevocationReport,iana-report,generic,,,Revocation of the .chrysler domain,,no,,https://www.iana.org/reports/tld-transfer/20191120-chrysler
.chrysler,.chrysler,2026-10-04,notDelegated,current-snapshot,generic,,,,,yes,,https://www.iana.org/domains/root/db/chrysler.html
.church,.church,2000,applicationSubmitted,application,generic,"Name.Space, Incorporated",United States,2000-001,,no,,https://archive.icann.org/en/tlds/tld-applications-lodged-02oct00.htm
.church,.church,2014-05-08,ianaRegistration,iana-registration,generic,"Binky Moon, LLC",United States of America (the),,,no,,https://www.iana.org/domains/root/db/church.html
.church,.church,2014-05-09,ianaDelegationReport,iana-report,generic,,,"Delegation of the .church domain to Holly Fields, LLC",,no,,https://www.iana.org/reports/c.2.9.2.d/20140509-church
.church,.church,2018-03-23,ianaTransferReport,iana-report,generic,,,Transfer of the .academy domain and 195 others,,no,,https://www.iana.org/reports/tld-transfer/20180323-binkymoon
.church,.church,2026-10-04,delegated,current-snapshot,generic,"Binky Moon, LLC",United States of America (the),,,yes,,https://www.iana.org/domains/root/db/church.html
.ci,.ci,1995-02-14,ianaRegistration,iana-registration,country-code,Autorité de Régulation des Télécommunications/TIC de Côte d’lvoire (ARTCI),Côte d'Ivoire,,,no,,https://www.iana.org/domains/root/db/ci.html
.ci,.ci,2017-09-07,ianaTransferReport,iana-report,country-code,,,Transfer of the .CI (Cote d’Ivoire) top-level domain to Autorité de Régulation des Télécommunications/TIC de Côte d’lvoire (ARTCI),,no,,https://www.iana.org/reports/2017/ci-report-20170907.html
.ci,.ci,2026-10-04,delegated,current-snapshot,country-code,Autorité de Régulation des Télécommunications/TIC de Côte d’lvoire (ARTCI),Côte d'Ivoire,,,yes,,https://www.iana.org/domains/root/db/ci.html
.cipriani,.cipriani,2015-07-30,ianaRegistration,iana-registration,generic,Hotel Cipriani Srl,Italy,,,no,,https://www.iana.org/domains/root/db/cipriani.html
.cipriani,.cipriani,2015-10-07,ianaDelegationReport,iana-report,generic,,,Delegation of the .cipriani domain to Hotel Cipriani Srl,,no,,https://www.iana.org/reports/c.2.9.2.d/20151007-cipriani
.cipriani,.cipriani,2026-10-04,delegated,current-snapshot,generic,Hotel Cipriani Srl,Italy,,,yes,,https://www.iana.org/domains/root/db/cipriani.html
.circle,.circle,2015-11-12,ianaRegistration,iana-registration,generic,"Jolly Host, LLC",United States of America (the),,,no,,https://www.iana.org/domains/root/db/circle.html
.circle,.circle,2015-12-02,ianaDelegationReport,iana-report,generic,,,"Delegation of the .circle domain to Amazon Registry Services, Inc.",,no,,https://www.iana.org/reports/tld-transfer/20151202-circle
.circle,.circle,2026-04-20,ianaTransferReport,iana-report,generic,,,"Transfer of the .circle domain to Jolly Host, LLC",,no,,https://www.iana.org/reports/tld-transfer/20260420-circle
.circle,.circle,2026-10-04,delegated,current-snapshot,generic,"Jolly Host, LLC",United States of America (the),,,yes,,https://www.iana.org/domains/root/db/circle.html
.cisco,.cisco,2015-04-16,ianaRegistration,iana-registration,generic,"Cisco Technology, Inc.",United States of America (the),,,no,,https://www.iana.org/domains/root/db/cisco.html
.cisco,.cisco,2015-05-13,ianaDelegationReport,iana-report,generic,,,"Delegation of the .cisco domain to Cisco Technology, Inc.",,no,,https://www.iana.org/reports/c.2.9.2.d/20150513-cisco
.cisco,.cisco,2026-10-04,delegated,current-snapshot,generic,"Cisco Technology, Inc.",United States of America (the),,,yes,,https://www.iana.org/domains/root/db/cisco.html
.citadel,.citadel,2016-06-30,ianaRegistration,iana-registration,generic,Citadel Domain LLC,United States of America (the),,,no,,https://www.iana.org/domains/root/db/citadel.html
.citadel,.citadel,2016-07-18,ianaDelegationReport,iana-report,generic,,,Delegation of the .citadel domain to Citadel Domain LLC,,no,,https://www.iana.org/reports/c.2.9.2.d/20160718-citadel
.citadel,.citadel,2026-10-04,delegated,current-snapshot,generic,Citadel Domain LLC,United States of America (the),,,yes,,https://www.iana.org/domains/root/db/citadel.html
.citi,.citi,2016-07-21,ianaRegistration,iana-registration,generic,Citigroup Inc.,United States of America (the),,,no,,https://www.iana.org/domains/root/db/citi.html
.citi,.citi,2016-07-26,ianaDelegationReport,iana-report,generic,,,Delegation of the .citi domain to Citigroup Inc.,,no,,https://www.iana.org/reports/c.2.9.2.d/20160726-citi
.citi,.citi,2026-10-04,delegated,current-snapshot,generic,Citigroup Inc.,United States of America (the),,,yes,,https://www.iana.org/domains/root/db/citi.html
.citic,.citic,2014-04-17,ianaRegistration,iana-registration,generic,CITIC Group Corporation,China,,,no,,https://www.iana.org/domains/root/db/citic.html
.citic,.citic,2014-04-25,ianaDelegationReport,iana-report,generic,,,Delegation of the .citic domain to CITIC Group Corporation,,no,,https://www.iana.org/reports/c.2.9.2.d/20140425-citic
.citic,.citic,2026-10-04,delegated,current-snapshot,generic,CITIC Group Corporation,China,,,yes,,https://www.iana.org/domains/root/db/citic.html
.city,.city,2000,applicationSubmitted,application,generic,"Name.Space, Incorporated",United States,2000-001,,no,,https://archive.icann.org/en/tlds/tld-applications-lodged-02oct00.htm
.city,.city,2014-07-03,ianaRegistration,iana-registration,generic,"Binky Moon, LLC",United States of America (the),,,no,,https://www.iana.org/domains/root/db/city.html
.city,.city,2014-07-09,ianaDelegationReport,iana-report,generic,,,"Delegation of the .city domain to Snow Sky, LLC",,no,,https://www.iana.org/reports/c.2.9.2.d/20140709-city
.city,.city,2018-03-23,ianaTransferReport,iana-report,generic,,,Transfer of the .academy domain and 195 others,,no,,https://www.iana.org/reports/tld-transfer/20180323-binkymoon
.city,.city,2026-10-04,delegated,current-snapshot,generic,"Binky Moon, LLC",United States of America (the),,,yes,,https://www.iana.org/domains/root/db/city.html
.cityeats,.cityeats,2015-09-24,ianaRegistration,iana-registration,generic,,,,,no,,https://www.iana.org/domains/root/db/cityeats.html
.cityeats,.cityeats,2015-11-06,ianaDelegationReport,iana-report,generic,,,"Delegation of the .cityeats domain to Lifestyle Domain Holdings, Inc.",,no,,https://www.iana.org/reports/c.2.9.2.d/20151106-cityeats
.cityeats,.cityeats,2023-10-18,ianaRevocationReport,iana-report,generic,,,Revocation of the .cityeats domain,,no,,https://www.iana.org/reports/tld-transfer/20231018-cityeats
.cityeats,.cityeats,2026-10-04,notDelegated,current-snapshot,generic,,,,,yes,,https://www.iana.org/domains/root/db/cityeats.html
.ck,.ck,1995-08-08,ianaRegistration,iana-registration,country-code,Telecom Cook Islands Ltd.,Cook Islands (the),,,no,,https://www.iana.org/domains/root/db/ck.html
.ck,.ck,2026-10-04,delegated,current-snapshot,country-code,Telecom Cook Islands Ltd.,Cook Islands (the),,,yes,,https://www.iana.org/domains/root/db/ck.html
.cl,.cl,1987-12-15,ianaRegistration,iana-registration,country-code,NIC Chile (University of Chile),Chile,,,no,,https://www.iana.org/domains/root/db/cl.html
.cl,.cl,2026-10-04,delegated,current-snapshot,country-code,NIC Chile (University of Chile),Chile,,,yes,,https://www.iana.org/domains/root/db/cl.html
.claims,.claims,2014-05-01,ianaRegistration,iana-registration,generic,"Binky Moon, LLC",United States of America (the),,,no,,https://www.iana.org/domains/root/db/claims.html
.claims,.claims,2014-05-02,ianaDelegationReport,iana-report,generic,,,"Delegation of the .claims domain to Black Corner, LLC",,no,,https://www.iana.org/reports/c.2.9.2.d/20140502-claims
.claims,.claims,2018-03-23,ianaTransferReport,iana-report,generic,,,Transfer of the .academy domain and 195 others,,no,,https://www.iana.org/reports/tld-transfer/20180323-binkymoon
.claims,.claims,2026-10-04,delegated,current-snapshot,generic,"Binky Moon, LLC",United States of America (the),,,yes,,https://www.iana.org/domains/root/db/claims.html
.cleaning,.cleaning,2014-01-30,ianaRegistration,iana-registration,generic,"Binky Moon, LLC",United States of America (the),,,no,,https://www.iana.org/domains/root/db/cleaning.html
.cleaning,.cleaning,2014-01-31,ianaDelegationReport,iana-report,generic,,,"Delegation of the .cleaning domain to Fox Shadow, LLC",,no,,https://www.iana.org/reports/c.2.9.2.d/20140131-cleaning
.cleaning,.cleaning,2018-03-23,ianaTransferReport,iana-report,generic,,,Transfer of the .academy domain and 195 others,,no,,https://www.iana.org/reports/tld-transfer/20180323-binkymoon
.cleaning,.cleaning,2026-10-04,delegated,current-snapshot,generic,"Binky Moon, LLC",United States of America (the),,,yes,,https://www.iana.org/domains/root/db/cleaning.html
.click,.click,2014-08-15,ianaDelegationReport,iana-report,generic,,,"Delegation of the .click domain to Uniregistry, Corp.",,no,,https://www.iana.org/reports/c.2.9.2.d/20140815-click
.click,.click,2014-08-15,ianaRegistration,iana-registration,generic,Internet Naming Co.,Cayman Islands (the),,,no,,https://www.iana.org/domains/root/db/click.html
.click,.click,2022-11-16,ianaTransferReport,iana-report,generic,,,Transfer of the .click domain to Internet Naming Co.,,no,,https://www.iana.org/reports/tld-transfer/20221116-click
.click,.click,2026-10-04,delegated,current-snapshot,generic,Internet Naming Co.,Cayman Islands (the),,,yes,,https://www.iana.org/domains/root/db/click.html
.clinic,.clinic,2014-04-11,ianaRegistration,iana-registration,generic,"Binky Moon, LLC",United States of America (the),,,no,,https://www.iana.org/domains/root/db/clinic.html
.clinic,.clinic,2014-04-14,ianaDelegationReport,iana-report,generic,,,"Delegation of the .clinic domain to Goose Park, LLC",,no,,https://www.iana.org/reports/c.2.9.2.d/20140414-clinic
.clinic,.clinic,2018-03-23,ianaTransferReport,iana-report,generic,,,Transfer of the .academy domain and 195 others,,no,,https://www.iana.org/reports/tld-transfer/20180323-binkymoon
.clinic,.clinic,2026-10-04,delegated,current-snapshot,generic,"Binky Moon, LLC",United States of America (the),,,yes,,https://www.iana.org/domains/root/db/clinic.html
.clinique,.clinique,2015-12-10,ianaRegistration,iana-registration,generic,The Estée Lauder Companies Inc.,United States of America (the),,,no,,https://www.iana.org/domains/root/db/clinique.html
.clinique,.clinique,2015-12-24,ianaDelegationReport,iana-report,generic,,,Delegation of the .clinique domain to The Estée Lauder Companies Inc.,,no,,https://www.iana.org/reports/c.2.9.2.d/20151224-clinique
.clinique,.clinique,2026-10-04,delegated,current-snapshot,generic,The Estée Lauder Companies Inc.,United States of America (the),,,yes,,https://www.iana.org/domains/root/db/clinique.html
.clothing,.clothing,2013-10-31,ianaRegistration,iana-registration,generic,"Binky Moon, LLC",United States of America (the),,,no,,https://www.iana.org/domains/root/db/clothing.html
.clothing,.clothing,2013-11-04,ianaDelegationReport,iana-report,generic,,,"Delegation of the .CLOTHING domain to Steel Lake, LLC",,no,,https://www.iana.org/reports/c.2.9.2.d/20131104-clothing
.clothing,.clothing,2018-03-23,ianaTransferReport,iana-report,generic,,,Transfer of the .academy domain and 195 others,,no,,https://www.iana.org/reports/tld-transfer/20180323-binkymoon
.clothing,.clothing,2026-10-04,delegated,current-snapshot,generic,"Binky Moon, LLC",United States of America (the),,,yes,,https://www.iana.org/domains/root/db/clothing.html
.cloud,.cloud,2015-06-18,ianaRegistration,iana-registration,generic,ARUBA PEC S.p.A.,Italy,,,no,,https://www.iana.org/domains/root/db/cloud.html
.cloud,.cloud,2015-06-23,ianaDelegationReport,iana-report,generic,,,Delegation of the .cloud domain to ARUBA S.p.A.,,no,,https://www.iana.org/reports/c.2.9.2.d/20150623-cloud
.cloud,.cloud,2026-10-04,delegated,current-snapshot,generic,ARUBA PEC S.p.A.,Italy,,,yes,,https://www.iana.org/domains/root/db/cloud.html
.club,.club,2000,applicationSubmitted,application,generic,"Name.Space, Incorporated",United States,2000-001,,no,,https://archive.icann.org/en/tlds/tld-applications-lodged-02oct00.htm
.club,.club,2014-01-09,ianaRegistration,iana-registration,generic,"Registry Services, LLC",United States of America (the),,,no,,https://www.iana.org/domains/root/db/club.html
.club,.club,2014-01-16,ianaDelegationReport,iana-report,generic,,,"Delegation of the .CLUB domain to .CLUB Domains, LLC",,no,,https://www.iana.org/reports/c.2.9.2.d/20140116-club
.club,.club,2021-08-17,ianaTransferReport,iana-report,generic,,,"Transfer of the .club domain to Registry Services, LLC",,no,,https://www.iana.org/reports/tld-transfer/20210817-club
.club,.club,2026-10-04,delegated,current-snapshot,generic,"Registry Services, LLC",United States of America (the),,,yes,,https://www.iana.org/domains/root/db/club.html
.clubmed,.clubmed,2015-09-24,ianaRegistration,iana-registration,generic,Club Méditerranée S.A.,France,,,no,,https://www.iana.org/domains/root/db/clubmed.html
.clubmed,.clubmed,2015-09-29,ianaDelegationReport,iana-report,generic,,,Delegation of the .clubmed domain to Club Méditerranée S.A.,,no,,https://www.iana.org/reports/c.2.9.2.d/20150929-clubmed
.clubmed,.clubmed,2026-10-04,delegated,current-snapshot,generic,Club Méditerranée S.A.,France,,,yes,,https://www.iana.org/domains/root/db/clubmed.html
.cm,.cm,1995-04-29,ianaRegistration,iana-registration,country-code,Agence Nationale des Technologies de l'Information et de la Communication (ANTIC),Cameroon,,,no,,https://www.iana.org/domains/root/db/cm.html
.cm,.cm,2024-01-21,ianaTransferReport,iana-report,country-code,,,Transfer of the .CM (Cameroon) top-level domain to Agence Nationale des Technologies de l'Information et de la Communication,,no,,https://www.iana.org/reports/2024/cm-report-20240121.html
.cm,.cm,2026-10-04,delegated,current-snapshot,country-code,Agence Nationale des Technologies de l'Information et de la Communication (ANTIC),Cameroon,,,yes,,https://www.iana.org/domains/root/db/cm.html
.cn,.cn,1990-11-28,ianaRegistration,iana-registration,country-code,China Internet Network Information Center (CNNIC),China,,,no,,https://www.iana.org/domains/root/db/cn.html
.cn,.cn,2026-10-04,delegated,current-snapshot,country-code,China Internet Network Information Center (CNNIC),China,,,yes,,https://www.iana.org/domains/root/db/cn.html
.co,.co,1991-12-24,ianaRegistration,,,,,,,no,,https://www.iana.org/domains/root/db/co.html
.co,.co,2009-11-24,ianaTransferReport,iana-report,country-code,,,"Report on the Redelegation of the .CO Top-Level Domain to "".CO Internet SAS""",,no,,https://www.iana.org/reports/2009/co-report-24nov2009.html
.co,.co,2020-09-04,ianaTransferReport,iana-report,country-code,,,Transfer of the .CO (Colombia) top-level domain to the Ministry of Information and Communications Technologies,,no,,https://www.iana.org/reports/2020/co-report-20200904.html
.co,.co,2026-10-04,delegated,,country-code,Ministry of Information and Communications Technologies (MinTIC),Colombia,,,yes,,https://www.iana.org/domains/root/db/co.html
.co-op,.co-op,2000,applicationSubmitted,application,notApplicable,Cooperative League of the USA dba National Cooperative Business Association,United States,2000-010,,no,,https://archive.icann.org/en/tlds/tld-applications-lodged-02oct00.htm
.co-op,.co-op,2026-10-04,notDelegated,current-snapshot,notApplicable,Cooperative League of the USA dba National Cooperative Business Association,,,,yes,,https://archive.icann.org/en/tlds/tld-applications-lodged-02oct00.htm
.coach,.coach,2014-11-20,ianaRegistration,iana-registration,generic,"Binky Moon, LLC",United States of America (the),,,no,,https://www.iana.org/domains/root/db/coach.html
.coach,.coach,2014-11-24,ianaDelegationReport,iana-report,generic,,,"Delegation of the .coach domain to Koko Island, LLC",,no,,https://www.iana.org/reports/c.2.9.2.d/20141124-coach
.coach,.coach,2018-03-23,ianaTransferReport,iana-report,generic,,,Transfer of the .academy domain and 195 others,,no,,https://www.iana.org/reports/tld-transfer/20180323-binkymoon
.coach,.coach,2026-10-04,delegated,current-snapshot,generic,"Binky Moon, LLC",United States of America (the),,,yes,,https://www.iana.org/domains/root/db/coach.html
.codes,.codes,2013-12-19,ianaRegistration,iana-registration,generic,"Binky Moon, LLC",United States of America (the),,,no,,https://www.iana.org/domains/root/db/codes.html
.codes,.codes,2013-12-20,ianaDelegationReport,iana-report,generic,,,"Delegation of the .CODES domain to Puff Willow, LLC",,no,,https://www.iana.org/reports/c.2.9.2.d/20131220-codes
.codes,.codes,2018-03-23,ianaTransferReport,iana-report,generic,,,Transfer of the .academy domain and 195 others,,no,,https://www.iana.org/reports/tld-transfer/20180323-binkymoon
.codes,.codes,2026-10-04,delegated,current-snapshot,generic,"Binky Moon, LLC",United States of America (the),,,yes,,https://www.iana.org/domains/root/db/codes.html
.coffee,.coffee,2013-12-19,ianaRegistration,iana-registration,generic,"Binky Moon, LLC",United States of America (the),,,no,,https://www.iana.org/domains/root/db/coffee.html
.coffee,.coffee,2013-12-20,ianaDelegationReport,iana-report,generic,,,"Delegation of the .COFFEE domain to Trixy Cover, LLC",,no,,https://www.iana.org/reports/c.2.9.2.d/20131220-coffee
.coffee,.coffee,2018-03-23,ianaTransferReport,iana-report,generic,,,Transfer of the .academy domain and 195 others,,no,,https://www.iana.org/reports/tld-transfer/20180323-binkymoon
.coffee,.coffee,2026-10-04,delegated,current-snapshot,generic,"Binky Moon, LLC",United States of America (the),,,yes,,https://www.iana.org/domains/root/db/coffee.html
.college,.college,2014-03-13,ianaRegistration,iana-registration,generic,XYZ.COM LLC,United States of America (the),,,no,,https://www.iana.org/domains/root/db/college.html
.college,.college,2014-04-02,ianaDelegationReport,iana-report,generic,,,Delegation of the .college domain to XYZ.COM LLC,,no,,https://www.iana.org/reports/c.2.9.2.d/20140402-college
.college,.college,2026-10-04,delegated,current-snapshot,generic,XYZ.COM LLC,United States of America (the),,,yes,,https://www.iana.org/domains/root/db/college.html
.cologne,.cologne,2014-03-13,ianaRegistration,iana-registration,generic,dotKoeln GmbH,Austria,,,no,,https://www.iana.org/domains/root/db/cologne.html
.cologne,.cologne,2014-03-14,ianaDelegationReport,iana-report,generic,,,Delegation of the .cologne domain to NetCologne Gesellschaft für Telekommunikation mbH,,no,,https://www.iana.org/reports/c.2.9.2.d/20140314-cologne
.cologne,.cologne,2018-04-30,ianaTransferReport,iana-report,generic,,,Transfer of the .cologne domain to punkt.wien GmbH,,no,,https://www.iana.org/reports/tld-transfer/20180430-cologne
.cologne,.cologne,2018-06-20,ianaTransferReport,iana-report,generic,,,Transfer of the .cologne domain to dotKoeln GmbH,,no,,https://www.iana.org/reports/tld-transfer/20180620-cologne
.cologne,.cologne,2026-10-04,delegated,current-snapshot,generic,dotKoeln GmbH,Austria,,,yes,,https://www.iana.org/domains/root/db/cologne.html
.com,.com,1985-01-01,ianaRegistration,,,,,,,no,,https://www.iana.org/domains/root/db/com.html
.com,.com,2026-10-04,delegated,,generic,VeriSign Global Registry Services,United States of America (the),,,yes,,https://www.iana.org/domains/root/db/com.html
.comcast,.comcast,2016-06-16,ianaRegistration,iana-registration,generic,,,,,no,,https://www.iana.org/domains/root/db/comcast.html
.comcast,.comcast,2016-07-05,ianaDelegationReport,iana-report,generic,,,"Delegation of the .comcast domain to Comcast IP Holdings I, LLC",,no,,https://www.iana.org/reports/c.2.9.2.d/20160705-comcast
.comcast,.comcast,2024-02-07,ianaRevocationReport,iana-report,generic,,,Revocation of the .comcast domain,,no,,https://www.iana.org/reports/tld-transfer/20240207-comcast
.comcast,.comcast,2026-10-04,notDelegated,current-snapshot,generic,,,,,yes,,https://www.iana.org/domains/root/db/comcast.html
.commbank,.commbank,2015-03-26,ianaRegistration,iana-registration,generic,COMMONWEALTH BANK OF AUSTRALIA,Australia,,,no,,https://www.iana.org/domains/root/db/commbank.html
.commbank,.commbank,2015-06-18,ianaDelegationReport,iana-report,generic,,,Delegation of the .commbank domain to Commonwealth Bank of Australia,,no,,https://www.iana.org/reports/c.2.9.2.d/20150618-commbank
.commbank,.commbank,2026-10-04,delegated,current-snapshot,generic,COMMONWEALTH BANK OF AUSTRALIA,Australia,,,yes,,https://www.iana.org/domains/root/db/commbank.html
.commerce,.commerce,2000,applicationSubmitted,application,notApplicable,"Name.Space, Incorporated",United States,2000-001,,no,,https://archive.icann.org/en/tlds/tld-applications-lodged-02oct00.htm
.commerce,.commerce,2026-10-04,notDelegated,current-snapshot,notApplicable,"Name.Space, Incorporated",,,,yes,,https://archive.icann.org/en/tlds/tld-applications-lodged-02oct00.htm
.community,.community,2014-01-23,ianaRegistration,iana-registration,generic,"Binky Moon, LLC",United States of America (the),,,no,,https://www.iana.org/domains/root/db/community.html
.community,.community,2014-01-24,ianaDelegationReport,iana-report,generic,,,"Delegation of the .COMMUNITY domain to Fox Orchard, LLC",,no,,https://www.iana.org/reports/c.2.9.2.d/20140124-community
.community,.community,2018-03-23,ianaTransferReport,iana-report,generic,,,Transfer of the .academy domain and 195 others,,no,,https://www.iana.org/reports/tld-transfer/20180323-binkymoon
.community,.community,2026-10-04,delegated,current-snapshot,generic,"Binky Moon, LLC",United States of America (the),,,yes,,https://www.iana.org/domains/root/db/community.html
.company,.company,2013-12-12,ianaDelegationReport,iana-report,generic,,,"Delegation of the .COMPANY domain to Silver Avenue, LLC",,no,,https://www.iana.org/reports/c.2.9.2.d/20131212-company
.company,.company,2013-12-12,ianaRegistration,iana-registration,generic,"Binky Moon, LLC",United States of America (the),,,no,,https://www.iana.org/domains/root/db/company.html
.company,.company,2018-03-23,ianaTransferReport,iana-report,generic,,,Transfer of the .academy domain and 195 others,,no,,https://www.iana.org/reports/tld-transfer/20180323-binkymoon
.company,.company,2026-10-04,delegated,current-snapshot,generic,"Binky Moon, LLC",United States of America (the),,,yes,,https://www.iana.org/domains/root/db/company.html
.compare,.compare,2015-12-23,ianaRegistration,iana-registration,generic,"Registry Services, LLC",United States of America (the),,,no,,https://www.iana.org/domains/root/db/compare.html
.compare,.compare,2016-01-12,ianaDelegationReport,iana-report,generic,,,Delegation of the .compare domain to iSelect Ltd,,no,,https://www.iana.org/reports/c.2.9.2.d/20160112-compare
.compare,.compare,2019-08-07,ianaTransferReport,iana-report,generic,,,"Transfer of the .compare domain to Registry Services, LLC",,no,,https://www.iana.org/reports/tld-transfer/20190807-compare
.compare,.compare,2026-10-04,delegated,current-snapshot,generic,"Registry Services, LLC",United States of America (the),,,yes,,https://www.iana.org/domains/root/db/compare.html
.computer,.computer,2013-12-12,ianaDelegationReport,iana-report,generic,,,"Delegation of the .COMPUTER domain to Pine Mill, LLC",,no,,https://www.iana.org/reports/c.2.9.2.d/20131212-computer
.computer,.computer,2013-12-12,ianaRegistration,iana-registration,generic,"Binky Moon, LLC",United States of America (the),,,no,,https://www.iana.org/domains/root/db/computer.html
.computer,.computer,2018-03-23,ianaTransferReport,iana-report,generic,,,Transfer of the .academy domain and 195 others,,no,,https://www.iana.org/reports/tld-transfer/20180323-binkymoon
.computer,.computer,2026-10-04,delegated,current-snapshot,generic,"Binky Moon, LLC",United States of America (the),,,yes,,https://www.iana.org/domains/root/db/computer.html
.computers,.computers,2000,applicationSubmitted,application,notApplicable,"Name.Space, Incorporated",United States,2000-001,,no,,https://archive.icann.org/en/tlds/tld-applications-lodged-02oct00.htm
.computers,.computers,2026-10-04,notDelegated,current-snapshot,notApplicable,"Name.Space, Incorporated",,,,yes,,https://archive.icann.org/en/tlds/tld-applications-lodged-02oct00.htm
.comsec,.comsec,2015-10-08,ianaRegistration,iana-registration,generic,"VeriSign, Inc.",United States of America (the),,,no,,https://www.iana.org/domains/root/db/comsec.html
.comsec,.comsec,2015-11-12,ianaDelegationReport,iana-report,generic,,,"Delegation of the .comsec domain to VeriSign, Inc.",,no,,https://www.iana.org/reports/c.2.9.2.d/20151112-comsec
.comsec,.comsec,2026-10-04,delegated,current-snapshot,generic,"VeriSign, Inc.",United States of America (the),,,yes,,https://www.iana.org/domains/root/db/comsec.html
.condos,.condos,2014-02-06,ianaRegistration,iana-registration,generic,"Binky Moon, LLC",United States of America (the),,,no,,https://www.iana.org/domains/root/db/condos.html
.condos,.condos,2014-02-07,ianaDelegationReport,iana-report,generic,,,"Delegation of the .condos domain to Pine House, LLC",,no,,https://www.iana.org/reports/c.2.9.2.d/20140207-condos
.condos,.condos,2018-03-23,ianaTransferReport,iana-report,generic,,,Transfer of the .academy domain and 195 others,,no,,https://www.iana.org/reports/tld-transfer/20180323-binkymoon
.condos,.condos,2026-10-04,delegated,current-snapshot,generic,"Binky Moon, LLC",United States of America (the),,,yes,,https://www.iana.org/domains/root/db/condos.html
.construction,.construction,2013-11-08,ianaRegistration,iana-registration,generic,"Binky Moon, LLC",United States of America (the),,,no,,https://www.iana.org/domains/root/db/construction.html
.construction,.construction,2013-11-11,ianaDelegationReport,iana-report,generic,,,"Delegation of the .CONSTRUCTION domain to Fox Dynamite, LLC",,no,,https://www.iana.org/reports/c.2.9.2.d/20131111-construction
.construction,.construction,2018-03-23,ianaTransferReport,iana-report,generic,,,Transfer of the .academy domain and 195 others,,no,,https://www.iana.org/reports/tld-transfer/20180323-binkymoon
.construction,.construction,2026-10-04,delegated,current-snapshot,generic,"Binky Moon, LLC",United States of America (the),,,yes,,https://www.iana.org/domains/root/db/construction.html
.consulting,.consulting,2000,applicationSubmitted,application,generic,"Name.Space, Incorporated",United States,2000-001,,no,,https://archive.icann.org/en/tlds/tld-applications-lodged-02oct00.htm
.consulting,.consulting,2014-01-30,ianaRegistration,iana-registration,generic,"Dog Beach, LLC",United States of America (the),,,no,,https://www.iana.org/domains/root/db/consulting.html
.consulting,.consulting,2021-06-02,ianaTransferReport,iana-report,generic,,,"Transfer of the .consulting domain to Dog Beach, LLC",,no,,https://www.iana.org/reports/tld-transfer/20210602-consulting
.consulting,.consulting,2026-10-04,delegated,current-snapshot,generic,"Dog Beach, LLC",United States of America (the),,,yes,,https://www.iana.org/domains/root/db/consulting.html
.contact,.contact,2015-12-10,ianaRegistration,iana-registration,generic,"Dog Beach, LLC",United States of America (the),,,no,,https://www.iana.org/domains/root/db/contact.html
.contact,.contact,2015-12-16,ianaDelegationReport,iana-report,generic,,,"Delegation of the .contact domain to Top Level Spectrum, Inc.",,no,,https://www.iana.org/reports/c.2.9.2.d/20151216-contact
.contact,.contact,2026-10-04,delegated,current-snapshot,generic,"Dog Beach, LLC",United States of America (the),,,yes,,https://www.iana.org/domains/root/db/contact.html
.contractors,.contractors,2013-11-08,ianaRegistration,iana-registration,generic,"Binky Moon, LLC",United States of America (the),,,no,,https://www.iana.org/domains/root/db/contractors.html
.contractors,.contractors,2013-11-11,ianaDelegationReport,iana-report,generic,,,"Delegation of the .CONTRACTORS domain to Magic Woods, LLC",,no,,https://www.iana.org/reports/c.2.9.2.d/20131111-contractors
.contractors,.contractors,2018-03-23,ianaTransferReport,iana-report,generic,,,Transfer of the .academy domain and 195 others,,no,,https://www.iana.org/reports/tld-transfer/20180323-binkymoon
.contractors,.contractors,2026-10-04,delegated,current-snapshot,generic,"Binky Moon, LLC",United States of America (the),,,yes,,https://www.iana.org/domains/root/db/contractors.html
.cooking,.cooking,2014-02-28,ianaRegistration,iana-registration,generic,"Registry Services, LLC",United States of America (the),,,no,,https://www.iana.org/domains/root/db/cooking.html
.cooking,.cooking,2014-03-27,ianaDelegationReport,iana-report,generic,,,Delegation of the .cooking domain to Top Level Domain Holdings Limited,,no,,https://www.iana.org/reports/c.2.9.2.d/20140327-cooking
.cooking,.cooking,2021-09-14,ianaTransferReport,iana-report,generic,,,"Transfer of the .cooking domain to Registry Services, LLC",,no,,https://www.iana.org/reports/tld-transfer/20210914-cooking
.cooking,.cooking,2026-10-04,delegated,current-snapshot,generic,"Registry Services, LLC",United States of America (the),,,yes,,https://www.iana.org/domains/root/db/cooking.html
.cookingchannel,.cookingchannel,2016-05-05,ianaRegistration,iana-registration,generic,,,,,no,,https://www.iana.org/domains/root/db/cookingchannel.html
.cookingchannel,.cookingchannel,2016-06-22,ianaDelegationReport,iana-report,generic,,,"Delegation of the .cookingchannel domain to Lifestyle Domain Holdings, Inc.",,no,,https://www.iana.org/reports/c.2.9.2.d/20160622-cookingchannel
.cookingchannel,.cookingchannel,2023-06-14,ianaRevocationReport,iana-report,generic,,,Revocation of the .cookingchannel domain,,no,,https://www.iana.org/reports/tld-transfer/20230614-cookingchannel
.cookingchannel,.cookingchannel,2026-10-04,notDelegated,current-snapshot,generic,,,,,yes,,https://www.iana.org/domains/root/db/cookingchannel.html
.cool,.cool,2000,applicationSubmitted,application,generic,"Abacus America, Inc.",United States,2000-005,,no,,https://archive.icann.org/en/tlds/tld-applications-lodged-02oct00.htm
.cool,.cool,2014-01-16,ianaRegistration,iana-registration,generic,"Binky Moon, LLC",United States of America (the),,,no,,https://www.iana.org/domains/root/db/cool.html
.cool,.cool,2014-01-17,ianaDelegationReport,iana-report,generic,,,"Delegation of the .COOL domain to Koko Lake, LLC",,no,,https://www.iana.org/reports/c.2.9.2.d/20140117-cool
.cool,.cool,2018-03-23,ianaTransferReport,iana-report,generic,,,Transfer of the .academy domain and 195 others,,no,,https://www.iana.org/reports/tld-transfer/20180323-binkymoon
.cool,.cool,2026-10-04,delegated,current-snapshot,generic,"Binky Moon, LLC",United States of America (the),,,yes,,https://www.iana.org/domains/root/db/cool.html
.coop,.coop,2000,applicationSubmitted,application,sponsored,Cooperative League of the USA dba National Cooperative Business Association,United States,2000-010,,no,,https://archive.icann.org/en/tlds/tld-applications-lodged-02oct00.htm
.coop,.coop,2001-12-13,ianaReportEvent,iana-report,sponsored,,,IANA Report on Establishment of the .COOP Top-Level Domain,,no,,https://www.iana.org/reports/2001/coop-report-13dec01.html
.coop,.coop,2001-12-15,ianaRegistration,iana-registration,sponsored,DotCooperation LLC,United States of America (the),,,no,,https://www.iana.org/domains/root/db/coop.html
.coop,.coop,2026-10-04,delegated,current-snapshot,sponsored,DotCooperation LLC,United States of America (the),,,yes,,https://www.iana.org/domains/root/db/coop.html
.corsica,.corsica,2015-04-23,ianaRegistration,iana-registration,generic,Collectivité de Corse,France,,,no,,https://www.iana.org/domains/root/db/corsica.html
.corsica,.corsica,2015-05-12,ianaDelegationReport,iana-report,generic,,,Delegation of the .corsica domain to Collectivité Territoriale de Corse,,no,,https://www.iana.org/reports/c.2.9.2.d/20150512-corsica
.corsica,.corsica,2026-10-04,delegated,current-snapshot,generic,Collectivité de Corse,France,,,yes,,https://www.iana.org/domains/root/db/corsica.html
.country,.country,2014-02-28,ianaRegistration,iana-registration,generic,Internet Naming Co.,Cayman Islands (the),,,no,,https://www.iana.org/domains/root/db/country.html
.country,.country,2014-03-27,ianaDelegationReport,iana-report,generic,,,Delegation of the .country domain to Top Level Domain Holdings Limited,,no,,https://www.iana.org/reports/c.2.9.2.d/20140327-country
.country,.country,2022-11-16,ianaTransferReport,iana-report,generic,,,Transfer of the .country domain to Internet Naming Co.,,no,,https://www.iana.org/reports/tld-transfer/20221116-country
.country,.country,2026-10-04,delegated,current-snapshot,generic,Internet Naming Co.,Cayman Islands (the),,,yes,,https://www.iana.org/domains/root/db/country.html
.coupon,.coupon,2016-01-29,ianaRegistration,iana-registration,generic,"Amazon Registry Services, Inc.",United States of America (the),,,no,,https://www.iana.org/domains/root/db/coupon.html
.coupon,.coupon,2016-02-17,ianaDelegationReport,iana-report,generic,,,"Delegation of the .coupon domain to Amazon Registry Services, Inc.",,no,,https://www.iana.org/reports/c.2.9.2.d/20160217-coupon
.coupon,.coupon,2026-10-04,delegated,current-snapshot,generic,"Amazon Registry Services, Inc.",United States of America (the),,,yes,,https://www.iana.org/domains/root/db/coupon.html
.coupons,.coupons,2015-05-08,ianaRegistration,iana-registration,generic,"Binky Moon, LLC",United States of America (the),,,no,,https://www.iana.org/domains/root/db/coupons.html
.coupons,.coupons,2015-05-11,ianaDelegationReport,iana-report,generic,,,"Delegation of the .coupons domain to Black Island, LLC",,no,,https://www.iana.org/reports/c.2.9.2.d/20150511-coupons
.coupons,.coupons,2018-03-23,ianaTransferReport,iana-report,generic,,,Transfer of the .academy domain and 195 others,,no,,https://www.iana.org/reports/tld-transfer/20180323-binkymoon
.coupons,.coupons,2026-10-04,delegated,current-snapshot,generic,"Binky Moon, LLC",United States of America (the),,,yes,,https://www.iana.org/domains/root/db/coupons.html
.courses,.courses,2015-02-19,ianaRegistration,iana-registration,generic,"Registry Services, LLC",United States of America (the),,,no,,https://www.iana.org/domains/root/db/courses.html
.courses,.courses,2015-02-24,ianaDelegationReport,iana-report,generic,,,Delegation of the .courses domain to Open Universities Australia Pty Ltd,,no,,https://www.iana.org/reports/c.2.9.2.d/20150224-courses
.courses,.courses,2022-06-15,ianaTransferReport,iana-report,generic,,,"Transfer of the .courses domain to Registry Services, LLC",,no,,https://www.iana.org/reports/tld-transfer/20220615-courses
.courses,.courses,2026-10-04,delegated,current-snapshot,generic,"Registry Services, LLC",United States of America (the),,,yes,,https://www.iana.org/domains/root/db/courses.html
.cpa,.cpa,2019-09-11,ianaRegistration,iana-registration,generic,American Institute of Certified Public Accountants,United States of America (the),,,no,,https://www.iana.org/domains/root/db/cpa.html
.cpa,.cpa,2019-09-21,ianaDelegationReport,iana-report,generic,,,Delegation of the .cpa domain,,no,,https://www.iana.org/reports/tld-transfer/20190921-cpa
.cpa,.cpa,2026-10-04,delegated,current-snapshot,generic,American Institute of Certified Public Accountants,United States of America (the),,,yes,,https://www.iana.org/domains/root/db/cpa.html
.cr,.cr,1990-09-10,ianaRegistration,iana-registration,country-code,National Academy of Sciences (Academia Nacional de Ciencias),Costa Rica,,,no,,https://www.iana.org/domains/root/db/cr.html
.cr,.cr,2026-10-04,delegated,current-snapshot,country-code,National Academy of Sciences (Academia Nacional de Ciencias),Costa Rica,,,yes,,https://www.iana.org/domains/root/db/cr.html
.credit,.credit,2014-04-24,ianaRegistration,iana-registration,generic,"Binky Moon, LLC",United States of America (the),,,no,,https://www.iana.org/domains/root/db/credit.html
.credit,.credit,2014-05-02,ianaDelegationReport,iana-report,generic,,,"Delegation of the .credit domain to Snow Shadow, LLC",,no,,https://www.iana.org/reports/c.2.9.2.d/20140502-credit
.credit,.credit,2018-03-23,ianaTransferReport,iana-report,generic,,,Transfer of the .academy domain and 195 others,,no,,https://www.iana.org/reports/tld-transfer/20180323-binkymoon
.credit,.credit,2026-10-04,delegated,current-snapshot,generic,"Binky Moon, LLC",United States of America (the),,,yes,,https://www.iana.org/domains/root/db/credit.html
.creditcard,.creditcard,2014-04-24,ianaRegistration,iana-registration,generic,"Binky Moon, LLC",United States of America (the),,,no,,https://www.iana.org/domains/root/db/creditcard.html
.creditcard,.creditcard,2014-04-25,ianaDelegationReport,iana-report,generic,,,"Delegation of the .creditcard domain to Binky Frostbite, LLC",,no,,https://www.iana.org/reports/c.2.9.2.d/20140425-creditcard
.creditcard,.creditcard,2018-03-23,ianaTransferReport,iana-report,generic,,,Transfer of the .academy domain and 195 others,,no,,https://www.iana.org/reports/tld-transfer/20180323-binkymoon
.creditcard,.creditcard,2026-10-04,delegated,current-snapshot,generic,"Binky Moon, LLC",United States of America (the),,,yes,,https://www.iana.org/domains/root/db/creditcard.html
.creditunion,.creditunion,2015-10-15,ianaRegistration,iana-registration,generic,"DotCooperation, LLC",United States of America (the),,,no,,https://www.iana.org/domains/root/db/creditunion.html
.creditunion,.creditunion,2015-11-06,ianaDelegationReport,iana-report,generic,,,"Delegation of the .creditunion domain to CUNA Performance Resources, LLC",,no,,https://www.iana.org/reports/c.2.9.2.d/20151106-creditunion
.creditunion,.creditunion,2021-01-15,ianaTransferReport,iana-report,generic,,,"Transfer of the .creditunion domain to DotCooperation, LLC",,no,,https://www.iana.org/reports/tld-transfer/20210115-creditunion
.creditunion,.creditunion,2026-10-04,delegated,current-snapshot,generic,"DotCooperation, LLC",United States of America (the),,,yes,,https://www.iana.org/domains/root/db/creditunion.html
.cricket,.cricket,2014-11-13,ianaRegistration,iana-registration,generic,dot Cricket Limited,Gibraltar,,,no,,https://www.iana.org/domains/root/db/cricket.html
.cricket,.cricket,2014-11-17,ianaDelegationReport,iana-report,generic,,,Delegation of the .cricket domain to Blue Sky Registry Limited,,no,,https://www.iana.org/reports/c.2.9.2.d/20141117-cricket
.cricket,.cricket,2026-10-04,delegated,current-snapshot,generic,dot Cricket Limited,Gibraltar,,,yes,,https://www.iana.org/domains/root/db/cricket.html
.crown,.crown,2015-06-04,ianaRegistration,iana-registration,generic,Crown Equipment Corporation,United States of America (the),,,no,,https://www.iana.org/domains/root/db/crown.html
.crown,.crown,2015-06-16,ianaDelegationReport,iana-report,generic,,,Delegation of the .crown domain to Crown Equipment Corporation,,no,,https://www.iana.org/reports/c.2.9.2.d/20150616-crown
.crown,.crown,2026-10-04,delegated,current-snapshot,generic,Crown Equipment Corporation,United States of America (the),,,yes,,https://www.iana.org/domains/root/db/crown.html
.crs,.crs,2014-08-28,ianaRegistration,iana-registration,generic,Federated Co-operatives Limited,Canada,,,no,,https://www.iana.org/domains/root/db/crs.html
.crs,.crs,2014-10-09,ianaDelegationReport,iana-report,generic,,,Delegation of the .crs domain to Federated Co-operatives Limited,,no,,https://www.iana.org/reports/c.2.9.2.d/20141009-crs
.crs,.crs,2026-10-04,delegated,current-snapshot,generic,Federated Co-operatives Limited,Canada,,,yes,,https://www.iana.org/domains/root/db/crs.html
.cruise,.cruise,2016-10-21,ianaRegistration,iana-registration,generic,Viking River Cruises (Bermuda) Ltd.,United States of America (the),,,no,,https://www.iana.org/domains/root/db/cruise.html
.cruise,.cruise,2016-11-11,ianaDelegationReport,iana-report,generic,,,Delegation of the .cruise domain to Viking River Cruises (Bermuda) Ltd.,,no,,https://www.iana.org/reports/tld-transfer/20161111-cruise
.cruise,.cruise,2026-10-04,delegated,current-snapshot,generic,Viking River Cruises (Bermuda) Ltd.,United States of America (the),,,yes,,https://www.iana.org/domains/root/db/cruise.html
.cruises,.cruises,2014-01-30,ianaRegistration,iana-registration,generic,"Binky Moon, LLC",United States of America (the),,,no,,https://www.iana.org/domains/root/db/cruises.html
.cruises,.cruises,2014-01-31,ianaDelegationReport,iana-report,generic,,,"Delegation of the .cruises domain to Spring Way, LLC",,no,,https://www.iana.org/reports/c.2.9.2.d/20140131-cruises
.cruises,.cruises,2018-03-23,ianaTransferReport,iana-report,generic,,,Transfer of the .academy domain and 195 others,,no,,https://www.iana.org/reports/tld-transfer/20180323-binkymoon
.cruises,.cruises,2026-10-04,delegated,current-snapshot,generic,"Binky Moon, LLC",United States of America (the),,,yes,,https://www.iana.org/domains/root/db/cruises.html
.cs,.cs,Czechoslovakia,retired,,country-code,,Czechoslovakia,,,no,,https://www.icann.org/en/board-activities-and-meetings/materials/preliminary-report-special-meeting-of-the-board-13-10-2003-en
.cs,.cs,2003–2006,notDelegated,,country-code,,Serbia and Montenegro,,,no,,https://www.iana.org/reports/2007/me-report-11sep2007.html
.cs,.cs,2026-10-04,retired,current-snapshot,country-code,,Czechoslovakia; Serbia and Montenegro (code reassignment),,,yes,,https://www.icann.org/en/board-activities-and-meetings/materials/preliminary-report-special-meeting-of-the-board-13-10-2003-en
.csc,.csc,2015-08-06,ianaRegistration,iana-registration,generic,,,,,no,,https://www.iana.org/domains/root/db/csc.html
.csc,.csc,2015-08-26,ianaDelegationReport,iana-report,generic,,,"Delegation of the .csc domain to Alliance-One Services, Inc.",,no,,https://www.iana.org/reports/c.2.9.2.d/20150826-csc
.csc,.csc,2022-02-01,ianaRevocationReport,iana-report,generic,,,Revocation of the .csc domain,,no,,https://www.iana.org/reports/tld-transfer/20220201-csc
.csc,.csc,2026-10-04,notDelegated,current-snapshot,generic,,,,,yes,,https://www.iana.org/domains/root/db/csc.html
.cu,.cu,1992-06-03,ianaRegistration,iana-registration,country-code,CENIAInternet,Cuba,,,no,,https://www.iana.org/domains/root/db/cu.html
.cu,.cu,2026-10-04,delegated,current-snapshot,country-code,CENIAInternet,Cuba,,,yes,,https://www.iana.org/domains/root/db/cu.html
.cuisinella,.cuisinella,2014-06-19,ianaRegistration,iana-registration,generic,SCHMIDT GROUPE S.A.S.,France,,,no,,https://www.iana.org/domains/root/db/cuisinella.html
.cuisinella,.cuisinella,2014-07-02,ianaDelegationReport,iana-report,generic,,,Delegation of the .cuisinella domain to SALM S.A.S.,,no,,https://www.iana.org/reports/c.2.9.2.d/20140702-cuisinella
.cuisinella,.cuisinella,2026-10-04,delegated,current-snapshot,generic,SCHMIDT GROUPE S.A.S.,France,,,yes,,https://www.iana.org/domains/root/db/cuisinella.html
.culture,.culture,2000,applicationSubmitted,application,notApplicable,"Name.Space, Incorporated",United States,2000-001,,no,,https://archive.icann.org/en/tlds/tld-applications-lodged-02oct00.htm
.culture,.culture,2026-10-04,notDelegated,current-snapshot,notApplicable,"Name.Space, Incorporated",,,,yes,,https://archive.icann.org/en/tlds/tld-applications-lodged-02oct00.htm
.cv,.cv,1996-10-21,ianaRegistration,iana-registration,country-code,Agência Reguladora Multissectorial da Economia (ARME),Cabo Verde,,,no,,https://www.iana.org/domains/root/db/cv.html
.cv,.cv,2009-08-09,ianaTransferReport,iana-report,country-code,,,"Report on the Redelegation of the .CV Top-Level Domain to ""Agência Nacional das Comunicações""",,no,,http://www.iana.org/reports/2009/cv-report-09aug2009.html
.cv,.cv,2026-10-04,delegated,current-snapshot,country-code,Agência Reguladora Multissectorial da Economia (ARME),Cabo Verde,,,yes,,https://www.iana.org/domains/root/db/cv.html
.cw,.cw,2010-12-20,ianaRegistration,iana-registration,country-code,University of Curacao,Curaçao,,,no,,https://www.iana.org/domains/root/db/cw.html
.cw,.cw,2011-10-03,ianaDelegationReport,iana-report,country-code,,,"Report on the Delegation of the .CW domain representing Curaçao to the University of the Netherlands Antilles, and transitional arrangements for the .AN domain representing the Netherlands Antilles",,no,,https://www.iana.org/reports/2011/cw-report-20111003.html
.cw,.cw,2026-10-04,delegated,current-snapshot,country-code,University of Curacao,Curaçao,,,yes,,https://www.iana.org/domains/root/db/cw.html
.cx,.cx,1997-04-24,ianaRegistration,iana-registration,country-code,Christmas Island Domain Administration Limited,Christmas Island,,,no,,https://www.iana.org/domains/root/db/cx.html
.cx,.cx,2006-03-07,ianaTransferReport,iana-report,country-code,,,IANA Report on the Redelegation of the .CX Top-Level Domain,,no,,https://www.iana.org/reports/2006/cx-report-07mar2006.pdf
.cx,.cx,2026-10-04,delegated,current-snapshot,country-code,Christmas Island Domain Administration Limited,Christmas Island,,,yes,,https://www.iana.org/domains/root/db/cx.html
.cy,.cy,1994-07-26,ianaRegistration,iana-registration,country-code,University of Cyprus,Cyprus,,,no,,https://www.iana.org/domains/root/db/cy.html
.cy,.cy,2026-10-04,delegated,current-snapshot,country-code,University of Cyprus,Cyprus,,,yes,,https://www.iana.org/domains/root/db/cy.html
.cymru,.cymru,2014-07-31,ianaRegistration,iana-registration,generic,Nominet UK,United Kingdom of Great Britain and Northern Ireland (the),,,no,,https://www.iana.org/domains/root/db/cymru.html
.cymru,.cymru,2014-08-07,ianaDelegationReport,iana-report,generic,,,Delegation of the .cymru domain to Nominet UK,,no,,https://www.iana.org/reports/c.2.9.2.d/20140807-cymru
.cymru,.cymru,2026-10-04,delegated,current-snapshot,generic,Nominet UK,United Kingdom of Great Britain and Northern Ireland (the),,,yes,,https://www.iana.org/domains/root/db/cymru.html
.cyou,.cyou,2015-03-19,ianaRegistration,iana-registration,generic,Shortdot SA,Luxembourg,,,no,,https://www.iana.org/domains/root/db/cyou.html
.cyou,.cyou,2015-03-31,ianaDelegationReport,iana-report,generic,,,"Delegation of the .cyou domain to Beijing Gamease Age Digital Technology Co., Ltd.",,no,,https://www.iana.org/reports/c.2.9.2.d/20150331-cyou
.cyou,.cyou,2020-05-14,ianaTransferReport,iana-report,generic,,,Transfer of the .cyou domain to Shortdot SA,,no,,https://www.iana.org/reports/tld-transfer/20200514-cyou
.cyou,.cyou,2026-10-04,delegated,current-snapshot,generic,Shortdot SA,Luxembourg,,,yes,,https://www.iana.org/domains/root/db/cyou.html
.cz,.cz,1993-01-13,ianaRegistration,iana-registration,country-code,"CZ.NIC, z.s.p.o",Czechia,,,no,,https://www.iana.org/domains/root/db/cz.html
.cz,.cz,2026-10-04,delegated,current-snapshot,country-code,"CZ.NIC, z.s.p.o",Czechia,,,yes,,https://www.iana.org/domains/root/db/cz.html
.dabur,.dabur,2015-01-15,ianaRegistration,iana-registration,generic,,,,,no,,https://www.iana.org/domains/root/db/dabur.html
.dabur,.dabur,2015-01-21,ianaDelegationReport,iana-report,generic,,,Delegation of the .dabur domain to Dabur India Limited,,no,,https://www.iana.org/reports/c.2.9.2.d/20150121-dabur
.dabur,.dabur,2024-09-25,ianaRevocationReport,iana-report,generic,,,Revocation of the .dabur domain,,no,,https://www.iana.org/reports/tld-transfer/20240925-dabur
.dabur,.dabur,2026-10-04,notDelegated,current-snapshot,generic,,,,,yes,,https://www.iana.org/domains/root/db/dabur.html
.dad,.dad,2014-06-12,ianaRegistration,iana-registration,generic,Charleston Road Registry Inc.,United States of America (the),,,no,,https://www.iana.org/domains/root/db/dad.html
.dad,.dad,2014-08-28,ianaDelegationReport,iana-report,generic,,,Delegation of the .dad domain to Charleston Road Registry Inc.,,no,,https://www.iana.org/reports/c.2.9.2.d/20140828-dad
.dad,.dad,2026-10-04,delegated,current-snapshot,generic,Charleston Road Registry Inc.,United States of America (the),,,yes,,https://www.iana.org/domains/root/db/dad.html
.dance,.dance,2014-01-09,ianaRegistration,iana-registration,generic,"Dog Beach, LLC",United States of America (the),,,no,,https://www.iana.org/domains/root/db/dance.html
.dance,.dance,2014-01-10,ianaDelegationReport,iana-report,generic,,,Delegation of the .DANCE domain to United TLD Holdco Ltd.,,no,,https://www.iana.org/reports/c.2.9.2.d/20140110-dance
.dance,.dance,2021-06-02,ianaTransferReport,iana-report,generic,,,"Transfer of the .dance domain to Dog Beach, LLC",,no,,https://www.iana.org/reports/tld-transfer/20210602-dance
.dance,.dance,2026-10-04,delegated,current-snapshot,generic,"Dog Beach, LLC",United States of America (the),,,yes,,https://www.iana.org/domains/root/db/dance.html
.data,.data,2016-12-15,ianaRegistration,iana-registration,generic,Dish DBS Corporation,United States of America (the),,,no,,https://www.iana.org/domains/root/db/data.html
.data,.data,2016-12-19,ianaDelegationReport,iana-report,generic,,,Delegation of the .data domain to Dish DBS Corporation,,no,,https://www.iana.org/reports/tld-transfer/20161219-data
.data,.data,2026-10-04,delegated,current-snapshot,generic,Dish DBS Corporation,United States of America (the),,,yes,,https://www.iana.org/domains/root/db/data.html
.date,.date,2015-02-05,ianaRegistration,iana-registration,generic,dot Date Limited,Gibraltar,,,no,,https://www.iana.org/domains/root/db/date.html
.date,.date,2015-03-23,ianaDelegationReport,iana-report,generic,,,Delegation of the .date domain to dot Date Limited,,no,,https://www.iana.org/reports/c.2.9.2.d/20150323-date
.date,.date,2026-10-04,delegated,current-snapshot,generic,dot Date Limited,Gibraltar,,,yes,,https://www.iana.org/domains/root/db/date.html
.dating,.dating,2014-01-23,ianaRegistration,,,,,,,no,,https://www.iana.org/domains/root/db/dating.html
.dating,.dating,2014-01-24,ianaDelegationReport,iana-report,generic,,,"Delegation of the .DATING domain to Pine Fest, LLC",,no,,https://www.iana.org/reports/c.2.9.2.d/20140124-dating
.dating,.dating,2018-03-23,ianaTransferReport,iana-report,generic,,,Transfer of the .academy domain and 195 others,,no,,https://www.iana.org/reports/tld-transfer/20180323-binkymoon
.dating,.dating,2026-10-04,delegated,,generic,"Binky Moon, LLC",United States of America (the),,,yes,,https://www.iana.org/domains/root/db/dating.html
.datsun,.datsun,2014-07-10,ianaRegistration,iana-registration,generic,"NISSAN MOTOR CO., LTD.",Japan,,,no,,https://www.iana.org/domains/root/db/datsun.html
.datsun,.datsun,2015-03-02,ianaDelegationReport,iana-report,generic,,,"Delegation of the .datsun domain to Nissan Motor Co., Ltd.",,no,,https://www.iana.org/reports/c.2.9.2.d/20150302-datsun
.datsun,.datsun,2026-10-04,delegated,current-snapshot,generic,"NISSAN MOTOR CO., LTD.",Japan,,,yes,,https://www.iana.org/domains/root/db/datsun.html
.day,.day,2014-06-12,ianaRegistration,iana-registration,generic,Charleston Road Registry Inc.,United States of America (the),,,no,,https://www.iana.org/domains/root/db/day.html
.day,.day,2014-08-28,ianaDelegationReport,iana-report,generic,,,Delegation of the .day domain to Charleston Road Registry Inc.,,no,,https://www.iana.org/reports/c.2.9.2.d/20140828-day
.day,.day,2026-10-04,delegated,current-snapshot,generic,Charleston Road Registry Inc.,United States of America (the),,,yes,,https://www.iana.org/domains/root/db/day.html
.dclk,.dclk,2015-01-08,ianaRegistration,iana-registration,generic,Charleston Road Registry Inc.,United States of America (the),,,no,,https://www.iana.org/domains/root/db/dclk.html
.dclk,.dclk,2015-01-21,ianaDelegationReport,iana-report,generic,,,Delegation of the .dclk domain to Charleston Road Registry Inc.,,no,,https://www.iana.org/reports/c.2.9.2.d/20150121-dclk
.dclk,.dclk,2026-10-04,delegated,current-snapshot,generic,Charleston Road Registry Inc.,United States of America (the),,,yes,,https://www.iana.org/domains/root/db/dclk.html
.dds,.dds,2016-01-08,ianaRegistration,iana-registration,generic,"Registry Services, LLC",United States of America (the),,,no,,https://www.iana.org/domains/root/db/dds.html
.dds,.dds,2016-04-28,ianaDelegationReport,iana-report,generic,,,Delegation of the .dds domain to Minds + Machines Group Limited,,no,,https://www.iana.org/reports/c.2.9.2.d/20160428-dds
.dds,.dds,2021-09-14,ianaTransferReport,iana-report,generic,,,"Transfer of the .dds domain to Registry Services, LLC",,no,,https://www.iana.org/reports/tld-transfer/20210914-dds
.dds,.dds,2026-10-04,delegated,current-snapshot,generic,"Registry Services, LLC",United States of America (the),,,yes,,https://www.iana.org/domains/root/db/dds.html
.de,.de,1986-11-05,ianaRegistration,iana-registration,country-code,DENIC eG,Germany,,,no,,https://www.iana.org/domains/root/db/de.html
.de,.de,2026-10-04,delegated,current-snapshot,country-code,DENIC eG,Germany,,,yes,,https://www.iana.org/domains/root/db/de.html
.deal,.deal,2016-05-19,ianaRegistration,iana-registration,generic,"Amazon Registry Services, Inc.",United States of America (the),,,no,,https://www.iana.org/domains/root/db/deal.html
.deal,.deal,2016-06-02,ianaDelegationReport,iana-report,generic,,,"Delegation of the .deal domain to Amazon Registry Services, Inc.",,no,,https://www.iana.org/reports/c.2.9.2.d/20160602-deal
.deal,.deal,2026-10-04,delegated,current-snapshot,generic,"Amazon Registry Services, Inc.",United States of America (the),,,yes,,https://www.iana.org/domains/root/db/deal.html
.dealer,.dealer,2015-11-25,ianaRegistration,iana-registration,generic,Intercap Registry Inc.,Cayman Islands (the),,,no,,https://www.iana.org/domains/root/db/dealer.html
.dealer,.dealer,2015-12-22,ianaDelegationReport,iana-report,generic,,,"Delegation of the .dealer domain to Dealer Dot Com, Inc.",,no,,https://www.iana.org/reports/c.2.9.2.d/20151222-dealer
.dealer,.dealer,2019-11-08,ianaTransferReport,iana-report,generic,,,Transfer of the .dealer domain to Intercap Registry Inc.,,no,,https://www.iana.org/reports/tld-transfer/20191108-dealer
.dealer,.dealer,2026-10-04,delegated,current-snapshot,generic,Intercap Registry Inc.,Cayman Islands (the),,,yes,,https://www.iana.org/domains/root/db/dealer.html
.deals,.deals,2014-07-03,ianaRegistration,iana-registration,generic,"Binky Moon, LLC",United States of America (the),,,no,,https://www.iana.org/domains/root/db/deals.html
.deals,.deals,2014-07-09,ianaDelegationReport,iana-report,generic,,,"Delegation of the .deals domain to Sand Sunset, LLC",,no,,https://www.iana.org/reports/c.2.9.2.d/20140709-deals
.deals,.deals,2018-03-23,ianaTransferReport,iana-report,generic,,,Transfer of the .academy domain and 195 others,,no,,https://www.iana.org/reports/tld-transfer/20180323-binkymoon
.deals,.deals,2026-10-04,delegated,current-snapshot,generic,"Binky Moon, LLC",United States of America (the),,,yes,,https://www.iana.org/domains/root/db/deals.html
.degree,.degree,2014-05-22,ianaRegistration,iana-registration,generic,"Dog Beach, LLC",United States of America (the),,,no,,https://www.iana.org/domains/root/db/degree.html
.degree,.degree,2014-05-27,ianaDelegationReport,iana-report,generic,,,"Delegation of the .degree domain to United TLD Holdco, LTD.",,no,,https://www.iana.org/reports/c.2.9.2.d/20140527-degree
.degree,.degree,2021-06-02,ianaTransferReport,iana-report,generic,,,"Transfer of the .degree domain to Dog Beach, LLC",,no,,https://www.iana.org/reports/tld-transfer/20210602-degree
.degree,.degree,2026-10-04,delegated,current-snapshot,generic,"Dog Beach, LLC",United States of America (the),,,yes,,https://www.iana.org/domains/root/db/degree.html
.delivery,.delivery,2014-10-16,ianaRegistration,iana-registration,generic,"Binky Moon, LLC",United States of America (the),,,no,,https://www.iana.org/domains/root/db/delivery.html
.delivery,.delivery,2014-10-27,ianaDelegationReport,iana-report,generic,,,"Delegation of the .delivery domain to Steel Station, LLC",,no,,https://www.iana.org/reports/c.2.9.2.d/20141027-delivery
.delivery,.delivery,2018-03-23,ianaTransferReport,iana-report,generic,,,Transfer of the .academy domain and 195 others,,no,,https://www.iana.org/reports/tld-transfer/20180323-binkymoon
.delivery,.delivery,2026-10-04,delegated,current-snapshot,generic,"Binky Moon, LLC",United States of America (the),,,yes,,https://www.iana.org/domains/root/db/delivery.html
.dell,.dell,2015-04-30,ianaRegistration,iana-registration,generic,Dell Inc.,United States of America (the),,,no,,https://www.iana.org/domains/root/db/dell.html
.dell,.dell,2015-10-12,ianaDelegationReport,iana-report,generic,,,Delegation of the .dell domain to Dell Inc.,,no,,https://www.iana.org/reports/c.2.9.2.d/20151012-dell
.dell,.dell,2026-10-04,delegated,current-snapshot,generic,Dell Inc.,United States of America (the),,,yes,,https://www.iana.org/domains/root/db/dell.html
.deloitte,.deloitte,2015-12-23,ianaRegistration,iana-registration,generic,Deloitte Touche Tohmatsu,United States of America (the),,,no,,https://www.iana.org/domains/root/db/deloitte.html
.deloitte,.deloitte,2016-01-22,ianaDelegationReport,iana-report,generic,,,Delegation of the .deloitte domain to Deloitte Touche Tohmatsu,,no,,https://www.iana.org/reports/c.2.9.2.d/20160122-deloitte
.deloitte,.deloitte,2026-10-04,delegated,current-snapshot,generic,Deloitte Touche Tohmatsu,United States of America (the),,,yes,,https://www.iana.org/domains/root/db/deloitte.html
.delta,.delta,2015-06-25,ianaRegistration,iana-registration,generic,"Delta Air Lines, Inc.",United States of America (the),,,no,,https://www.iana.org/domains/root/db/delta.html
.delta,.delta,2015-07-09,ianaDelegationReport,iana-report,generic,,,"Delegation of the .delta domain to Delta Air Lines, Inc.",,no,,https://www.iana.org/reports/c.2.9.2.d/20150709-delta
.delta,.delta,2026-10-04,delegated,current-snapshot,generic,"Delta Air Lines, Inc.",United States of America (the),,,yes,,https://www.iana.org/domains/root/db/delta.html
.democrat,.democrat,2014-01-09,ianaRegistration,iana-registration,generic,"Dog Beach, LLC",United States of America (the),,,no,,https://www.iana.org/domains/root/db/democrat.html
.democrat,.democrat,2014-01-10,ianaDelegationReport,iana-report,generic,,,Delegation of the .DEMOCRAT domain to United TLD Holdco Ltd.,,no,,https://www.iana.org/reports/c.2.9.2.d/20140110-democrat
.democrat,.democrat,2021-06-02,ianaTransferReport,iana-report,generic,,,"Transfer of the .democrat domain to Dog Beach, LLC",,no,,https://www.iana.org/reports/tld-transfer/20210602-democrat
.democrat,.democrat,2026-10-04,delegated,current-snapshot,generic,"Dog Beach, LLC",United States of America (the),,,yes,,https://www.iana.org/domains/root/db/democrat.html
.dental,.dental,2014-04-17,ianaRegistration,iana-registration,generic,"Binky Moon, LLC",United States of America (the),,,no,,https://www.iana.org/domains/root/db/dental.html
.dental,.dental,2014-04-21,ianaDelegationReport,iana-report,generic,,,"Delegation of the .dental domain to Tin Birch, LLC",,no,,https://www.iana.org/reports/c.2.9.2.d/20140421-dental
.dental,.dental,2018-03-23,ianaTransferReport,iana-report,generic,,,Transfer of the .academy domain and 195 others,,no,,https://www.iana.org/reports/tld-transfer/20180323-binkymoon
.dental,.dental,2026-10-04,delegated,current-snapshot,generic,"Binky Moon, LLC",United States of America (the),,,yes,,https://www.iana.org/domains/root/db/dental.html
.dentist,.dentist,2014-05-22,ianaRegistration,iana-registration,generic,"Dog Beach, LLC",United States of America (the),,,no,,https://www.iana.org/domains/root/db/dentist.html
.dentist,.dentist,2014-05-28,ianaDelegationReport,iana-report,generic,,,"Delegation of the .dentist domain to United TLD Holdco, Ltd",,no,,https://www.iana.org/reports/c.2.9.2.d/20140528-dentist
.dentist,.dentist,2021-06-02,ianaTransferReport,iana-report,generic,,,"Transfer of the .dentist domain to Dog Beach, LLC",,no,,https://www.iana.org/reports/tld-transfer/20210602-dentist
.dentist,.dentist,2026-10-04,delegated,current-snapshot,generic,"Dog Beach, LLC",United States of America (the),,,yes,,https://www.iana.org/domains/root/db/dentist.html
.desi,.desi,2014-03-06,ianaRegistration,iana-registration,generic,Emergency Back-End Registry Operator Program - ICANN,United States of America (the),,,no,,https://www.iana.org/domains/root/db/desi.html
.desi,.desi,2014-04-09,ianaDelegationReport,iana-report,generic,,,Delegation of the .desi domain to Desi Networks LLC,,no,,https://www.iana.org/reports/c.2.9.2.d/20140409-desi
.desi,.desi,2023-10-19,ianaTransferReport,iana-report,generic,,,Transfer of the .desi domain to emergency back-end registry operations,,no,,https://www.iana.org/reports/tld-transfer/20231019-desi
.desi,.desi,2026-10-04,delegated,current-snapshot,generic,Emergency Back-End Registry Operator Program - ICANN,United States of America (the),,,yes,,https://www.iana.org/domains/root/db/desi.html
.design,.design,2000,applicationSubmitted,application,generic,"Name.Space, Incorporated",United States,2000-001,,no,,https://archive.icann.org/en/tlds/tld-applications-lodged-02oct00.htm
.design,.design,2012,application,,generic,,,,,no,,https://newgtlds.icann.org/en/program-status/statistics
.design,.design,2014-12-18,ianaRegistration,,,,,,,no,,https://www.iana.org/domains/root/db/design.html
.design,.design,2015-01-20,ianaDelegationReport,iana-report,generic,,,"Delegation of the .design domain to Top Level Design, LLC",,no,,https://www.iana.org/reports/c.2.9.2.d/20150120-design
.design,.design,2021-08-31,ianaTransferReport,iana-report,generic,,,"Transfer of the .design domain to Registry Services, LLC",,no,,https://www.iana.org/reports/tld-transfer/20210831-design
.design,.design,2026-10-04,delegated,,generic,"Registry Services, LLC",United States of America (the),,,yes,,https://www.iana.org/domains/root/db/design.html
.dev,.dev,2014-11-20,ianaRegistration,iana-registration,generic,Charleston Road Registry Inc.,United States of America (the),,,no,,https://www.iana.org/domains/root/db/dev.html
.dev,.dev,2014-12-16,ianaDelegationReport,iana-report,generic,,,Delegation of the .dev domain to Charleston Road Registry Inc.,,no,,https://www.iana.org/reports/c.2.9.2.d/20141216-dev
.dev,.dev,2026-10-04,delegated,current-snapshot,generic,Charleston Road Registry Inc.,United States of America (the),,,yes,,https://www.iana.org/domains/root/db/dev.html
.dhl,.dhl,2016-05-26,ianaRegistration,iana-registration,generic,Deutsche Post AG,Germany,,,no,,https://www.iana.org/domains/root/db/dhl.html
.dhl,.dhl,2016-05-31,ianaDelegationReport,iana-report,generic,,,Delegation of the .dhl domain to Deutsche Post AG,,no,,https://www.iana.org/reports/c.2.9.2.d/20160531-dhl
.dhl,.dhl,2026-10-04,delegated,current-snapshot,generic,Deutsche Post AG,Germany,,,yes,,https://www.iana.org/domains/root/db/dhl.html
.diamonds,.diamonds,2013-11-13,ianaRegistration,iana-registration,generic,"Binky Moon, LLC",United States of America (the),,,no,,https://www.iana.org/domains/root/db/diamonds.html
.diamonds,.diamonds,2013-11-18,ianaDelegationReport,iana-report,generic,,,"Delegation of the .DIAMONDS domain to John Edge, LLC",,no,,https://www.iana.org/reports/c.2.9.2.d/20131118-diamonds
.diamonds,.diamonds,2018-03-23,ianaTransferReport,iana-report,generic,,,Transfer of the .academy domain and 195 others,,no,,https://www.iana.org/reports/tld-transfer/20180323-binkymoon
.diamonds,.diamonds,2026-10-04,delegated,current-snapshot,generic,"Binky Moon, LLC",United States of America (the),,,yes,,https://www.iana.org/domains/root/db/diamonds.html
.diet,.diet,2014-08-15,ianaDelegationReport,iana-report,generic,,,"Delegation of the .diet domain to Uniregistry, Corp.",,no,,https://www.iana.org/reports/c.2.9.2.d/20140815-diet
.diet,.diet,2014-08-15,ianaRegistration,iana-registration,generic,XYZ.COM LLC,United States of America (the),,,no,,https://www.iana.org/domains/root/db/diet.html
.diet,.diet,2022-03-23,ianaTransferReport,iana-report,generic,,,Transfer of the .diet domain to XYZ.COM LLC,,no,,https://www.iana.org/reports/tld-transfer/20220323-diet
.diet,.diet,2026-10-04,delegated,current-snapshot,generic,XYZ.COM LLC,United States of America (the),,,yes,,https://www.iana.org/domains/root/db/diet.html
.digital,.digital,2000,applicationSubmitted,application,generic,"Name.Space, Incorporated",United States,2000-001,,no,,https://archive.icann.org/en/tlds/tld-applications-lodged-02oct00.htm
.digital,.digital,2014-04-17,ianaRegistration,iana-registration,generic,"Binky Moon, LLC",United States of America (the),,,no,,https://www.iana.org/domains/root/db/digital.html
.digital,.digital,2014-05-02,ianaDelegationReport,iana-report,generic,,,"Delegation of the .digital domain to Dash Park, LLC",,no,,https://www.iana.org/reports/c.2.9.2.d/20140502-digital
.digital,.digital,2018-03-23,ianaTransferReport,iana-report,generic,,,Transfer of the .academy domain and 195 others,,no,,https://www.iana.org/reports/tld-transfer/20180323-binkymoon
.digital,.digital,2026-10-04,delegated,current-snapshot,generic,"Binky Moon, LLC",United States of America (the),,,yes,,https://www.iana.org/domains/root/db/digital.html
.dir,.dir,2000,applicationSubmitted,application,notApplicable,"Novell, Inc.",United States,2000-011,,no,,https://archive.icann.org/en/tlds/tld-applications-lodged-02oct00.htm
.dir,.dir,2026-10-04,notDelegated,current-snapshot,notApplicable,"Novell, Inc.",,,,yes,,https://archive.icann.org/en/tlds/tld-applications-lodged-02oct00.htm
.direct,.direct,2000,applicationSubmitted,application,generic,"Name.Space, Incorporated",United States,2000-001,,no,,https://archive.icann.org/en/tlds/tld-applications-lodged-02oct00.htm
.direct,.direct,2014-05-22,ianaRegistration,iana-registration,generic,"Binky Moon, LLC",United States of America (the),,,no,,https://www.iana.org/domains/root/db/direct.html
.direct,.direct,2014-06-24,ianaDelegationReport,iana-report,generic,,,"Delegation of the .direct domain to Half Trail, LLC",,no,,https://www.iana.org/reports/c.2.9.2.d/20140624-direct
.direct,.direct,2018-03-23,ianaTransferReport,iana-report,generic,,,Transfer of the .academy domain and 195 others,,no,,https://www.iana.org/reports/tld-transfer/20180323-binkymoon
.direct,.direct,2026-10-04,delegated,current-snapshot,generic,"Binky Moon, LLC",United States of America (the),,,yes,,https://www.iana.org/domains/root/db/direct.html
.directory,.directory,2013-11-13,ianaRegistration,iana-registration,generic,"Binky Moon, LLC",United States of America (the),,,no,,https://www.iana.org/domains/root/db/directory.html
.directory,.directory,2013-11-16,ianaDelegationReport,iana-report,generic,,,"Delegation of the .DIRECTORY domain to Extra Madison, LLC",,no,,https://www.iana.org/reports/c.2.9.2.d/20131116-directory
.directory,.directory,2018-03-23,ianaTransferReport,iana-report,generic,,,Transfer of the .academy domain and 195 others,,no,,https://www.iana.org/reports/tld-transfer/20180323-binkymoon
.directory,.directory,2026-10-04,delegated,current-snapshot,generic,"Binky Moon, LLC",United States of America (the),,,yes,,https://www.iana.org/domains/root/db/directory.html
.discount,.discount,2014-04-17,ianaRegistration,iana-registration,generic,"Binky Moon, LLC",United States of America (the),,,no,,https://www.iana.org/domains/root/db/discount.html
.discount,.discount,2014-04-21,ianaDelegationReport,iana-report,generic,,,"Delegation of the .discount domain to Holly Hill, LLC",,no,,https://www.iana.org/reports/c.2.9.2.d/20140421-discount
.discount,.discount,2018-03-23,ianaTransferReport,iana-report,generic,,,Transfer of the .academy domain and 195 others,,no,,https://www.iana.org/reports/tld-transfer/20180323-binkymoon
.discount,.discount,2026-10-04,delegated,current-snapshot,generic,"Binky Moon, LLC",United States of America (the),,,yes,,https://www.iana.org/domains/root/db/discount.html
.discover,.discover,2016-07-14,ianaRegistration,iana-registration,generic,Discover Financial Services,United States of America (the),,,no,,https://www.iana.org/domains/root/db/discover.html
.discover,.discover,2016-07-25,ianaDelegationReport,iana-report,generic,,,Delegation of the .discover domain to Discover Financial Services,,no,,https://www.iana.org/reports/c.2.9.2.d/20160725-discover
.discover,.discover,2026-10-04,delegated,current-snapshot,generic,Discover Financial Services,United States of America (the),,,yes,,https://www.iana.org/domains/root/db/discover.html
.dish,.dish,2016-08-04,ianaRegistration,iana-registration,generic,Dish DBS Corporation,United States of America (the),,,no,,https://www.iana.org/domains/root/db/dish.html
.dish,.dish,2016-08-08,ianaDelegationReport,iana-report,generic,,,Delegation of the .dish domain to Dish DBS Corporation,,no,,https://www.iana.org/reports/c.2.9.2.d/20160808-dish
.dish,.dish,2026-10-04,delegated,current-snapshot,generic,Dish DBS Corporation,United States of America (the),,,yes,,https://www.iana.org/domains/root/db/dish.html
.diy,.diy,2016-07-21,ianaRegistration,iana-registration,generic,Internet Naming Co.,Cayman Islands (the),,,no,,https://www.iana.org/domains/root/db/diy.html
.diy,.diy,2016-08-23,ianaDelegationReport,iana-report,generic,,,"Delegation of the .diy domain to Lifestyle Domain Holdings, Inc.",,no,,https://www.iana.org/reports/c.2.9.2.d/20160823-diy
.diy,.diy,2024-01-09,ianaTransferReport,iana-report,generic,,,Transfer of the .diy domain to Internet Naming Co.,,no,,https://www.iana.org/reports/tld-transfer/20240109-diy
.diy,.diy,2026-10-04,delegated,current-snapshot,generic,Internet Naming Co.,Cayman Islands (the),,,yes,,https://www.iana.org/domains/root/db/diy.html
.dj,.dj,1996-05-22,ianaRegistration,iana-registration,country-code,Djibouti Telecom S.A,Djibouti,,,no,,https://www.iana.org/domains/root/db/dj.html
.dj,.dj,2026-10-04,delegated,current-snapshot,country-code,Djibouti Telecom S.A,Djibouti,,,yes,,https://www.iana.org/domains/root/db/dj.html
.dk,.dk,1987-07-14,ianaRegistration,iana-registration,country-code,Dansk Internet Forum,Denmark,,,no,,https://www.iana.org/domains/root/db/dk.html
.dk,.dk,2026-10-04,delegated,current-snapshot,country-code,Dansk Internet Forum,Denmark,,,yes,,https://www.iana.org/domains/root/db/dk.html
.dm,.dm,1991-09-03,ianaRegistration,iana-registration,country-code,DotDM Corporation,Dominica,,,no,,https://www.iana.org/domains/root/db/dm.html
.dm,.dm,2007-07-31,ianaTransferReport,iana-report,country-code,,,Report on Redelegation of the .DM Top-Level Domain,,no,,https://www.iana.org/reports/2007/dm-report-31jul2007.html
.dm,.dm,2026-10-04,delegated,current-snapshot,country-code,DotDM Corporation,Dominica,,,yes,,https://www.iana.org/domains/root/db/dm.html
.dnp,.dnp,2014-02-27,ianaRegistration,iana-registration,generic,"Dai Nippon Printing Co., Ltd.",Japan,,,no,,https://www.iana.org/domains/root/db/dnp.html
.dnp,.dnp,2014-03-07,ianaDelegationReport,iana-report,generic,,,"Delegation of the .dnp domain to Dai Nippon Printing Co., Ltd.",,no,,https://www.iana.org/reports/c.2.9.2.d/20140307-dnp
.dnp,.dnp,2026-10-04,delegated,current-snapshot,generic,"Dai Nippon Printing Co., Ltd.",Japan,,,yes,,https://www.iana.org/domains/root/db/dnp.html
.do,.do,1991-08-25,ianaRegistration,iana-registration,country-code,"Pontificia Universidad Catolica Madre y Maestra, Recinto Santo Tomas de Aquino",Dominican Republic (the),,,no,,https://www.iana.org/domains/root/db/do.html
.do,.do,2026-10-04,delegated,current-snapshot,country-code,"Pontificia Universidad Catolica Madre y Maestra, Recinto Santo Tomas de Aquino",Dominican Republic (the),,,yes,,https://www.iana.org/domains/root/db/do.html
.docs,.docs,2014-11-20,ianaRegistration,iana-registration,generic,Charleston Road Registry Inc.,United States of America (the),,,no,,https://www.iana.org/domains/root/db/docs.html
.docs,.docs,2014-12-16,ianaDelegationReport,iana-report,generic,,,Delegation of the .docs domain to Charleston Road Registry Inc.,,no,,https://www.iana.org/reports/c.2.9.2.d/20141216-docs
.docs,.docs,2026-10-04,delegated,current-snapshot,generic,Charleston Road Registry Inc.,United States of America (the),,,yes,,https://www.iana.org/domains/root/db/docs.html
.doctor,.doctor,2016-07-14,ianaRegistration,iana-registration,generic,"Binky Moon, LLC",United States of America (the),,,no,,https://www.iana.org/domains/root/db/doctor.html
.doctor,.doctor,2016-07-15,ianaDelegationReport,iana-report,generic,,,"Delegation of the .doctor domain to Brice Trail, LLC",,no,,https://www.iana.org/reports/c.2.9.2.d/20160715-doctor
.doctor,.doctor,2018-03-23,ianaTransferReport,iana-report,generic,,,Transfer of the .academy domain and 195 others,,no,,https://www.iana.org/reports/tld-transfer/20180323-binkymoon
.doctor,.doctor,2026-10-04,delegated,current-snapshot,generic,"Binky Moon, LLC",United States of America (the),,,yes,,https://www.iana.org/domains/root/db/doctor.html
.dodge,.dodge,2016-07-07,ianaRegistration,iana-registration,generic,,,,,no,,https://www.iana.org/domains/root/db/dodge.html
.dodge,.dodge,2016-07-25,ianaDelegationReport,iana-report,generic,,,Delegation of the .dodge domain to FCA US Llc,,no,,https://www.iana.org/reports/c.2.9.2.d/20160725-dodge
.dodge,.dodge,2019-11-20,ianaRevocationReport,iana-report,generic,,,Revocation of the .dodge domain,,no,,https://www.iana.org/reports/tld-transfer/20191120-dodge
.dodge,.dodge,2026-10-04,notDelegated,current-snapshot,generic,,,,,yes,,https://www.iana.org/domains/root/db/dodge.html
.dog,.dog,2015-04-16,ianaRegistration,iana-registration,generic,"Binky Moon, LLC",United States of America (the),,,no,,https://www.iana.org/domains/root/db/dog.html
.dog,.dog,2015-04-22,ianaDelegationReport,iana-report,generic,,,"Delegation of the .dog domain to Koko Mill, LLC",,no,,https://www.iana.org/reports/c.2.9.2.d/20150422-dog
.dog,.dog,2018-03-23,ianaTransferReport,iana-report,generic,,,Transfer of the .academy domain and 195 others,,no,,https://www.iana.org/reports/tld-transfer/20180323-binkymoon
.dog,.dog,2026-10-04,delegated,current-snapshot,generic,"Binky Moon, LLC",United States of America (the),,,yes,,https://www.iana.org/domains/root/db/dog.html
.doha,.doha,2015-02-27,ianaRegistration,iana-registration,generic,,,,,no,,https://www.iana.org/domains/root/db/doha.html
.doha,.doha,2015-03-23,ianaDelegationReport,iana-report,generic,,,Delegation of the .doha domain to Communications Regulatory Authority (CRA),,no,,https://www.iana.org/reports/c.2.9.2.d/20150323-doha
.doha,.doha,2019-04-09,ianaRevocationReport,iana-report,generic,,,Revocation of the .doha domain,,no,,https://www.iana.org/reports/tld-transfer/20190409-doha
.doha,.doha,2026-10-04,notDelegated,current-snapshot,generic,,,,,yes,,https://www.iana.org/domains/root/db/doha.html
.domains,.domains,2013-12-12,ianaDelegationReport,iana-report,generic,,,"Delegation of the .DOMAINS domain to Sugar Cross, LLC",,no,,https://www.iana.org/reports/c.2.9.2.d/20131212-domains
.domains,.domains,2013-12-12,ianaRegistration,iana-registration,generic,"Binky Moon, LLC",United States of America (the),,,no,,https://www.iana.org/domains/root/db/domains.html
.domains,.domains,2018-03-23,ianaTransferReport,iana-report,generic,,,Transfer of the .academy domain and 195 others,,no,,https://www.iana.org/reports/tld-transfer/20180323-binkymoon
.domains,.domains,2026-10-04,delegated,current-snapshot,generic,"Binky Moon, LLC",United States of America (the),,,yes,,https://www.iana.org/domains/root/db/domains.html
.doosan,.doosan,2014-10-30,ianaRegistration,iana-registration,generic,,,,,no,,https://www.iana.org/domains/root/db/doosan.html
.doosan,.doosan,2014-12-11,ianaDelegationReport,iana-report,generic,,,Delegation of the .doosan domain to Doosan Corporation,,no,,https://www.iana.org/reports/c.2.9.2.d/20141211-doosan
.doosan,.doosan,2016-02-19,ianaRevocationReport,iana-report,generic,,,Revocation of the .doosan domain,,no,,https://www.iana.org/reports/c.2.9.2.d/20160219-doosan
.doosan,.doosan,2026-10-04,notDelegated,current-snapshot,generic,,,,,yes,,https://www.iana.org/domains/root/db/doosan.html
.dot,.dot,2000,applicationSubmitted,application,generic,"NeuStar, Inc.",United States,2000-012,,no,,https://archive.icann.org/en/tlds/tld-applications-lodged-02oct00.htm
.dot,.dot,2016-04-21,ianaRegistration,iana-registration,generic,Dish DBS Corporation,United States of America (the),,,no,,https://www.iana.org/domains/root/db/dot.html
.dot,.dot,2016-05-16,ianaDelegationReport,iana-report,generic,,,Delegation of the .dot domain to Dish DBS Corporation,,no,,https://www.iana.org/reports/c.2.9.2.d/20160516-dot
.dot,.dot,2026-10-04,delegated,current-snapshot,generic,Dish DBS Corporation,United States of America (the),,,yes,,https://www.iana.org/domains/root/db/dot.html
.download,.download,2015-02-05,ianaRegistration,iana-registration,generic,dot Support Limited,Gibraltar,,,no,,https://www.iana.org/domains/root/db/download.html
.download,.download,2015-03-23,ianaDelegationReport,iana-report,generic,,,Delegation of the .download domain to dot Support Limited,,no,,https://www.iana.org/reports/c.2.9.2.d/20150323-download
.download,.download,2026-10-04,delegated,current-snapshot,generic,dot Support Limited,Gibraltar,,,yes,,https://www.iana.org/domains/root/db/download.html
.drive,.drive,2015-06-04,ianaRegistration,iana-registration,generic,Charleston Road Registry Inc.,United States of America (the),,,no,,https://www.iana.org/domains/root/db/drive.html
.drive,.drive,2015-06-18,ianaDelegationReport,iana-report,generic,,,Delegation of the .drive domain to Charleston Road Registry Inc.,,no,,https://www.iana.org/reports/c.2.9.2.d/20150618-drive
.drive,.drive,2026-10-04,delegated,current-snapshot,generic,Charleston Road Registry Inc.,United States of America (the),,,yes,,https://www.iana.org/domains/root/db/drive.html
.dtv,.dtv,2000,applicationSubmitted,application,generic,"Name.Space, Incorporated",United States,2000-001,,no,,https://archive.icann.org/en/tlds/tld-applications-lodged-02oct00.htm
.dtv,.dtv,2016-05-19,ianaRegistration,iana-registration,generic,Dish DBS Corporation,United States of America (the),,,no,,https://www.iana.org/domains/root/db/dtv.html
.dtv,.dtv,2016-05-25,ianaDelegationReport,iana-report,generic,,,Delegation of the .dtv domain to Dish DBS Corporation,,no,,https://www.iana.org/reports/c.2.9.2.d/20160525-dtv
.dtv,.dtv,2026-10-04,delegated,current-snapshot,generic,Dish DBS Corporation,United States of America (the),,,yes,,https://www.iana.org/domains/root/db/dtv.html
.dubai,.dubai,2000,applicationSubmitted,application,generic,"Dubai Technology, Electronic Commerce and Media Free Zone Authority",United Arab Emirates,2000-013,,no,,https://archive.icann.org/en/tlds/tld-applications-lodged-02oct00.htm
.dubai,.dubai,2015-12-17,ianaRegistration,iana-registration,generic,Dubai Smart Government Department,United Arab Emirates (the),,,no,,https://www.iana.org/domains/root/db/dubai.html
.dubai,.dubai,2016-01-05,ianaDelegationReport,iana-report,generic,,,Delegation of the .dubai domain to Dubai Smart Government Department,,no,,https://www.iana.org/reports/c.2.9.2.d/20160105-dubai
.dubai,.dubai,2026-10-04,delegated,current-snapshot,generic,Dubai Smart Government Department,United Arab Emirates (the),,,yes,,https://www.iana.org/domains/root/db/dubai.html
.duck,.duck,2016-07-14,ianaRegistration,iana-registration,generic,,,,,no,,https://www.iana.org/domains/root/db/duck.html
.duck,.duck,2016-07-15,ianaDelegationReport,iana-report,generic,,,"Delegation of the .duck domain to Johnson Shareholdings, Inc.",,no,,https://www.iana.org/reports/c.2.9.2.d/20160715-duck
.duck,.duck,2021-12-03,ianaRevocationReport,iana-report,generic,,,Revocation of the .duck domain,,no,,https://www.iana.org/reports/tld-transfer/20211203-duck
.duck,.duck,2026-10-04,notDelegated,current-snapshot,generic,,,,,yes,,https://www.iana.org/domains/root/db/duck.html
.dunlop,.dunlop,2015-12-17,ianaRegistration,iana-registration,generic,,,,,no,,https://www.iana.org/domains/root/db/dunlop.html
.dunlop,.dunlop,2016-06-06,ianaDelegationReport,iana-report,generic,,,Delegation of the .dunlop domain to The Goodyear Tire & Rubber Company,,no,,https://www.iana.org/reports/c.2.9.2.d/20160606-dunlop
.dunlop,.dunlop,2025-10-21,ianaRevocationReport,iana-report,generic,,,Revocation of the .dunlop domain,,no,,https://www.iana.org/reports/tld-transfer/20251021-dunlop
.dunlop,.dunlop,2026-10-04,notDelegated,current-snapshot,generic,,,,,yes,,https://www.iana.org/domains/root/db/dunlop.html
.duns,.duns,2016-07-14,ianaRegistration,iana-registration,generic,,,,,no,,https://www.iana.org/domains/root/db/duns.html
.duns,.duns,2016-07-21,ianaDelegationReport,iana-report,generic,,,Delegation of the .duns domain to The Dun & Bradstreet Corporation,,no,,https://www.iana.org/reports/c.2.9.2.d/20160721-duns
.duns,.duns,2019-08-30,ianaRevocationReport,iana-report,generic,,,Revocation of the .duns domain,,no,,https://www.iana.org/reports/tld-transfer/20190830-duns
.duns,.duns,2026-10-04,notDelegated,current-snapshot,generic,,,,,yes,,https://www.iana.org/domains/root/db/duns.html
.dupont,.dupont,2016-05-05,ianaRegistration,iana-registration,generic,"DuPont Specialty Products USA, LLC",United States of America (the),,,no,,https://www.iana.org/domains/root/db/dupont.html
.dupont,.dupont,2016-06-06,ianaDelegationReport,iana-report,generic,,,Delegation of the .dupont domain to E. I. du Pont de Nemours and Company,,no,,https://www.iana.org/reports/c.2.9.2.d/20160606-dupont
.dupont,.dupont,2022-02-10,ianaTransferReport,iana-report,generic,,,"Transfer of the .dupont domain to DuPont Specialty Products USA, LLC",,no,,https://www.iana.org/reports/tld-transfer/20220210-dupont
.dupont,.dupont,2026-10-04,delegated,current-snapshot,generic,"DuPont Specialty Products USA, LLC",United States of America (the),,,yes,,https://www.iana.org/domains/root/db/dupont.html
.durban,.durban,2014-06-05,ianaRegistration,iana-registration,generic,ZA Central Registry NPC trading as ZA Central Registry,South Africa,,,no,,https://www.iana.org/domains/root/db/durban.html
.durban,.durban,2014-06-17,ianaDelegationReport,iana-report,generic,,,Delegation of the .durban domain to ZA Central Registry NPC trading as ZA Central Registry,,no,,https://www.iana.org/reports/c.2.9.2.d/20140617-durban
.durban,.durban,2026-10-04,delegated,current-snapshot,generic,ZA Central Registry NPC trading as ZA Central Registry,South Africa,,,yes,,https://www.iana.org/domains/root/db/durban.html
.dvag,.dvag,2014-09-18,ianaRegistration,iana-registration,generic,Deutsche Vermögensberatung Aktiengesellschaft DVAG,Germany,,,no,,https://www.iana.org/domains/root/db/dvag.html
.dvag,.dvag,2014-09-25,ianaDelegationReport,iana-report,generic,,,Delegation of the .dvag domain to Deutsche Vermögensberatung Aktiengesellschaft DVAG,,no,,https://www.iana.org/reports/c.2.9.2.d/20140925-dvag
.dvag,.dvag,2026-10-04,delegated,current-snapshot,generic,Deutsche Vermögensberatung Aktiengesellschaft DVAG,Germany,,,yes,,https://www.iana.org/domains/root/db/dvag.html
.dvd,.dvd,2000,applicationSubmitted,application,notApplicable,"Name.Space, Incorporated",United States,2000-001,,no,,https://archive.icann.org/en/tlds/tld-applications-lodged-02oct00.htm
.dvd,.dvd,2026-10-04,notDelegated,current-snapshot,notApplicable,"Name.Space, Incorporated",,,,yes,,https://archive.icann.org/en/tlds/tld-applications-lodged-02oct00.htm
.dvr,.dvr,2016-09-22,ianaRegistration,iana-registration,generic,DISH Technologies L.L.C.,United States of America (the),,,no,,https://www.iana.org/domains/root/db/dvr.html
.dvr,.dvr,2016-09-27,ianaDelegationReport,iana-report,generic,,,Delegation of the .dvr domain to Hughes Satellite Systems Corporation,,no,,https://www.iana.org/reports/tld-transfer/20160927-dvr
.dvr,.dvr,2024-04-25,ianaTransferReport,iana-report,generic,,,Transfer of the .dvr domain to DISH Technologies L.L.C.,,no,,https://www.iana.org/reports/tld-transfer/20240425-dvr
.dvr,.dvr,2026-10-04,delegated,current-snapshot,generic,DISH Technologies L.L.C.,United States of America (the),,,yes,,https://www.iana.org/domains/root/db/dvr.html
.dz,.dz,1994-01-03,ianaRegistration,iana-registration,country-code,CERIST,Algeria,,,no,,https://www.iana.org/domains/root/db/dz.html
.dz,.dz,2026-10-04,delegated,current-snapshot,country-code,CERIST,Algeria,,,yes,,https://www.iana.org/domains/root/db/dz.html
.earth,.earth,2015-04-16,ianaRegistration,iana-registration,generic,Interlink Systems Innovation Institute K.K.,Japan,,,no,,https://www.iana.org/domains/root/db/earth.html
.earth,.earth,2015-05-12,ianaDelegationReport,iana-report,generic,,,"Delegation of the .earth domain to Interlink Co., Ltd.",,no,,https://www.iana.org/reports/c.2.9.2.d/20150512-earth
.earth,.earth,2022-07-19,ianaTransferReport,iana-report,generic,,,Transfer of the .earth domain to Interlink Systems Innovation Institute K.K.,,no,,https://www.iana.org/reports/tld-transfer/20220719-earth
.earth,.earth,2026-10-04,delegated,current-snapshot,generic,Interlink Systems Innovation Institute K.K.,Japan,,,yes,,https://www.iana.org/domains/root/db/earth.html
.eat,.eat,2014-06-12,ianaRegistration,iana-registration,generic,Charleston Road Registry Inc.,United States of America (the),,,no,,https://www.iana.org/domains/root/db/eat.html
.eat,.eat,2014-08-28,ianaDelegationReport,iana-report,generic,,,Delegation of the .eat domain to Charleston Road Registry Inc.,,no,,https://www.iana.org/reports/c.2.9.2.d/20140828-eat
.eat,.eat,2026-10-04,delegated,current-snapshot,generic,Charleston Road Registry Inc.,United States of America (the),,,yes,,https://www.iana.org/domains/root/db/eat.html
.ebiz,.ebiz,2000,applicationSubmitted,application,notApplicable,"Affinity Internet, Inc. / biz Regulatory and Advisory Council (bizTRAC)",United States,2000-006,,no,,https://archive.icann.org/en/tlds/tld-applications-lodged-02oct00.htm
.ebiz,.ebiz,2000,applicationSubmitted,application,notApplicable,"iDomains, Inc.",United States,2000-007,,no,,https://archive.icann.org/en/tlds/tld-applications-lodged-02oct00.htm
.ebiz,.ebiz,2026-10-04,notDelegated,current-snapshot,notApplicable,,,,,yes,,https://archive.icann.org/en/tlds/tld-applications-lodged-02oct00.htm
.ec,.ec,1991-02-01,ianaRegistration,iana-registration,country-code,ECUADORDOMAIN S.A.,Ecuador,,,no,,https://www.iana.org/domains/root/db/ec.html
.ec,.ec,2026-10-04,delegated,current-snapshot,country-code,ECUADORDOMAIN S.A.,Ecuador,,,yes,,https://www.iana.org/domains/root/db/ec.html
.eco,.eco,2016-08-18,ianaRegistration,,,,,,,no,,https://www.iana.org/domains/root/db/eco.html
.eco,.eco,2016-08-25,ianaDelegationReport,iana-report,generic,,,Delegation of the .eco domain to Big Room Inc.,,no,,https://www.iana.org/reports/c.2.9.2.d/20160825-eco
.eco,.eco,2026-10-04,delegated,,generic,Big Room Inc.,Canada,,,yes,,https://www.iana.org/domains/root/db/eco.html
.ecom,.ecom,2000,applicationSubmitted,application,notApplicable,"iDomains, Inc.",United States,2000-007,,no,,https://archive.icann.org/en/tlds/tld-applications-lodged-02oct00.htm
.ecom,.ecom,2026-10-04,notDelegated,current-snapshot,notApplicable,"iDomains, Inc.",,,,yes,,https://archive.icann.org/en/tlds/tld-applications-lodged-02oct00.htm
.edeka,.edeka,2016-01-08,ianaRegistration,iana-registration,generic,EDEKA Verband kaufmännischer Genossenschaften e.V.,Germany,,,no,,https://www.iana.org/domains/root/db/edeka.html
.edeka,.edeka,2016-01-15,ianaDelegationReport,iana-report,generic,,,Delegation of the .edeka domain to EDEKA Verband kaufmännischer Genossenschaften e.V.,,no,,https://www.iana.org/reports/c.2.9.2.d/20160115-edeka
.edeka,.edeka,2026-10-04,delegated,current-snapshot,generic,EDEKA Verband kaufmännischer Genossenschaften e.V.,Germany,,,yes,,https://www.iana.org/domains/root/db/edeka.html
.edu,.edu,1985-01-01,ianaRegistration,,,,,,,no,,https://www.iana.org/domains/root/db/edu.html
.edu,.edu,2026-10-04,delegated,,sponsored,EDUCAUSE,United States of America (the),,,yes,,https://www.iana.org/domains/root/db/edu.html
.education,.education,2013-12-19,ianaRegistration,iana-registration,generic,"Binky Moon, LLC",United States of America (the),,,no,,https://www.iana.org/domains/root/db/education.html
.education,.education,2013-12-20,ianaDelegationReport,iana-report,generic,,,"Delegation of the .EDUCATION domain to Brice Way, LLC",,no,,https://www.iana.org/reports/c.2.9.2.d/20131220-education
.education,.education,2018-03-23,ianaTransferReport,iana-report,generic,,,Transfer of the .academy domain and 195 others,,no,,https://www.iana.org/reports/tld-transfer/20180323-binkymoon
.education,.education,2026-10-04,delegated,current-snapshot,generic,"Binky Moon, LLC",United States of America (the),,,yes,,https://www.iana.org/domains/root/db/education.html
.ee,.ee,1992-06-03,ianaRegistration,iana-registration,country-code,Eesti Interneti Sihtasutus (EIS),Estonia,,,no,,https://www.iana.org/domains/root/db/ee.html
.ee,.ee,2013-05-12,ianaTransferReport,iana-report,country-code,,,Report on the Redelegation of the .EE domain representing Estonia to Eesti Interneti Sihtasutus,,no,,https://www.iana.org/reports/2013/ee-report-20130512.html
.ee,.ee,2026-10-04,delegated,current-snapshot,country-code,Eesti Interneti Sihtasutus (EIS),Estonia,,,yes,,https://www.iana.org/domains/root/db/ee.html
.eg,.eg,1990-11-30,ianaRegistration,iana-registration,country-code,"Egyptian Universities Network (EUN), Supreme Council of Universities",Egypt,,,no,,https://www.iana.org/domains/root/db/eg.html
.eg,.eg,2026-10-04,delegated,current-snapshot,country-code,"Egyptian Universities Network (EUN), Supreme Council of Universities",Egypt,,,yes,,https://www.iana.org/domains/root/db/eg.html
.eh,.eh,2026-10-04,notDelegated,current-snapshot,country-code,,,,,yes,,https://www.iana.org/domains/root/db/eh.html
.email,.email,2013-12-19,ianaRegistration,iana-registration,generic,"Binky Moon, LLC",United States of America (the),,,no,,https://www.iana.org/domains/root/db/email.html
.email,.email,2013-12-20,ianaDelegationReport,iana-report,generic,,,"Delegation of the .EMAIL domain to Spring Madison, LLC",,no,,https://www.iana.org/reports/c.2.9.2.d/20131220-email
.email,.email,2018-03-23,ianaTransferReport,iana-report,generic,,,Transfer of the .academy domain and 195 others,,no,,https://www.iana.org/reports/tld-transfer/20180323-binkymoon
.email,.email,2026-10-04,delegated,current-snapshot,generic,"Binky Moon, LLC",United States of America (the),,,yes,,https://www.iana.org/domains/root/db/email.html
.emerck,.emerck,2014-09-11,ianaRegistration,iana-registration,generic,Merck KGaA,Germany,,,no,,https://www.iana.org/domains/root/db/emerck.html
.emerck,.emerck,2014-10-17,ianaDelegationReport,iana-report,generic,,,Delegation of the .emerck domain to Merck KGaA,,no,,https://www.iana.org/reports/c.2.9.2.d/20141017-emerck
.emerck,.emerck,2026-10-04,delegated,current-snapshot,generic,Merck KGaA,Germany,,,yes,,https://www.iana.org/domains/root/db/emerck.html
.emerson,.emerson,2015-12-10,ianaRegistration,iana-registration,generic,,,,,no,,https://www.iana.org/domains/root/db/emerson.html
.emerson,.emerson,2026-10-04,notDelegated,current-snapshot,generic,,,,,yes,,https://www.iana.org/domains/root/db/emerson.html
.energy,.energy,2014-10-16,ianaRegistration,iana-registration,generic,"Binky Moon, LLC",United States of America (the),,,no,,https://www.iana.org/domains/root/db/energy.html
.energy,.energy,2014-10-27,ianaDelegationReport,iana-report,generic,,,"Delegation of the .energy domain to Binky Birch, LLC",,no,,https://www.iana.org/reports/c.2.9.2.d/20141027-energy
.energy,.energy,2018-03-23,ianaTransferReport,iana-report,generic,,,Transfer of the .academy domain and 195 others,,no,,https://www.iana.org/reports/tld-transfer/20180323-binkymoon
.energy,.energy,2026-10-04,delegated,current-snapshot,generic,"Binky Moon, LLC",United States of America (the),,,yes,,https://www.iana.org/domains/root/db/energy.html
.engineer,.engineer,2014-05-29,ianaRegistration,iana-registration,generic,"Dog Beach, LLC",United States of America (the),,,no,,https://www.iana.org/domains/root/db/engineer.html
.engineer,.engineer,2014-06-02,ianaDelegationReport,iana-report,generic,,,"Delegation of the .engineer domain to United TLD Holdco, Ltd",,no,,https://www.iana.org/reports/c.2.9.2.d/20140602-engineer
.engineer,.engineer,2021-06-02,ianaTransferReport,iana-report,generic,,,"Transfer of the .engineer domain to Dog Beach, LLC",,no,,https://www.iana.org/reports/tld-transfer/20210602-engineer
.engineer,.engineer,2026-10-04,delegated,current-snapshot,generic,"Dog Beach, LLC",United States of America (the),,,yes,,https://www.iana.org/domains/root/db/engineer.html
.engineering,.engineering,2014-04-03,ianaRegistration,iana-registration,generic,"Binky Moon, LLC",United States of America (the),,,no,,https://www.iana.org/domains/root/db/engineering.html
.engineering,.engineering,2014-04-09,ianaDelegationReport,iana-report,generic,,,Delegation of the .engineering domain to Romeo Canyon,,no,,https://www.iana.org/reports/c.2.9.2.d/20140409-engineering
.engineering,.engineering,2018-03-23,ianaTransferReport,iana-report,generic,,,Transfer of the .academy domain and 195 others,,no,,https://www.iana.org/reports/tld-transfer/20180323-binkymoon
.engineering,.engineering,2026-10-04,delegated,current-snapshot,generic,"Binky Moon, LLC",United States of America (the),,,yes,,https://www.iana.org/domains/root/db/engineering.html
.enterprises,.enterprises,2013-11-13,ianaRegistration,iana-registration,generic,"Binky Moon, LLC",United States of America (the),,,no,,https://www.iana.org/domains/root/db/enterprises.html
.enterprises,.enterprises,2013-11-18,ianaDelegationReport,iana-report,generic,,,"Delegation of the .ENTERPRISES domain to Snow Oaks, LLC",,no,,https://www.iana.org/reports/c.2.9.2.d/20131118-enterprises
.enterprises,.enterprises,2018-03-23,ianaTransferReport,iana-report,generic,,,Transfer of the .academy domain and 195 others,,no,,https://www.iana.org/reports/tld-transfer/20180323-binkymoon
.enterprises,.enterprises,2026-10-04,delegated,current-snapshot,generic,"Binky Moon, LLC",United States of America (the),,,yes,,https://www.iana.org/domains/root/db/enterprises.html
.epost,.epost,2016-05-26,ianaRegistration,iana-registration,generic,,,,,no,,https://www.iana.org/domains/root/db/epost.html
.epost,.epost,2016-06-02,ianaDelegationReport,iana-report,generic,,,Delegation of the .epost domain to Deutsche Post AG,,no,,https://www.iana.org/reports/c.2.9.2.d/20160602-epost
.epost,.epost,2019-02-14,ianaRevocationReport,iana-report,generic,,,Revocation of the .epost domain,,no,,https://www.iana.org/reports/tld-transfer/20190214-epost
.epost,.epost,2026-10-04,notDelegated,current-snapshot,generic,,,,,yes,,https://www.iana.org/domains/root/db/epost.html
.epson,.epson,2015-02-19,ianaRegistration,iana-registration,generic,Seiko Epson Corporation,Japan,,,no,,https://www.iana.org/domains/root/db/epson.html
.epson,.epson,2015-02-27,ianaDelegationReport,iana-report,generic,,,Delegation of the .epson domain to Seiko Epson Corporation,,no,,https://www.iana.org/reports/c.2.9.2.d/20150227-epson
.epson,.epson,2026-10-04,delegated,current-snapshot,generic,Seiko Epson Corporation,Japan,,,yes,,https://www.iana.org/domains/root/db/epson.html
.equipment,.equipment,2013-10-31,ianaRegistration,iana-registration,generic,"Binky Moon, LLC",United States of America (the),,,no,,https://www.iana.org/domains/root/db/equipment.html
.equipment,.equipment,2013-11-04,ianaDelegationReport,iana-report,generic,,,"Delegation of the .EQUIPMENT domain to Corn Station, LLC",,no,,https://www.iana.org/reports/c.2.9.2.d/20131104-equipment
.equipment,.equipment,2018-03-23,ianaTransferReport,iana-report,generic,,,Transfer of the .academy domain and 195 others,,no,,https://www.iana.org/reports/tld-transfer/20180323-binkymoon
.equipment,.equipment,2026-10-04,delegated,current-snapshot,generic,"Binky Moon, LLC",United States of America (the),,,yes,,https://www.iana.org/domains/root/db/equipment.html
.er,.er,1996-09-24,ianaRegistration,iana-registration,country-code,Eritrea Telecommunication Services Corporation (EriTel),Eritrea,,,no,,https://www.iana.org/domains/root/db/er.html
.er,.er,2026-10-04,delegated,current-snapshot,country-code,Eritrea Telecommunication Services Corporation (EriTel),Eritrea,,,yes,,https://www.iana.org/domains/root/db/er.html
.ericsson,.ericsson,2016-04-14,ianaRegistration,iana-registration,generic,Telefonaktiebolaget L M Ericsson,Sweden,,,no,,https://www.iana.org/domains/root/db/ericsson.html
.ericsson,.ericsson,2016-06-07,ianaDelegationReport,iana-report,generic,,,Delegation of the .ericsson domain to Telefonaktiebolaget L M Ericsson,,no,,https://www.iana.org/reports/c.2.9.2.d/20160607-ericsson
.ericsson,.ericsson,2026-10-04,delegated,current-snapshot,generic,Telefonaktiebolaget L M Ericsson,Sweden,,,yes,,https://www.iana.org/domains/root/db/ericsson.html
.erni,.erni,2015-02-05,ianaRegistration,iana-registration,generic,ERNI Group Holding AG,Switzerland,,,no,,https://www.iana.org/domains/root/db/erni.html
.erni,.erni,2015-03-09,ianaDelegationReport,iana-report,generic,,,Delegation of the .erni domain to ERNI Group Holding AG,,no,,https://www.iana.org/reports/c.2.9.2.d/20150309-erni
.erni,.erni,2026-10-04,delegated,current-snapshot,generic,ERNI Group Holding AG,Switzerland,,,yes,,https://www.iana.org/domains/root/db/erni.html
.es,.es,1988-04-14,ianaRegistration,iana-registration,country-code,Red.es,Spain,,,no,,https://www.iana.org/domains/root/db/es.html
.es,.es,2005-08-05,ianaTransferReport,iana-report,country-code,,,IANA Report on the Redelegation of the .ES Top-Level Domain,,no,,https://www.iana.org/reports/2005/es-report-05aug2005.pdf
.es,.es,2026-10-04,delegated,current-snapshot,country-code,Red.es,Spain,,,yes,,https://www.iana.org/domains/root/db/es.html
.esq,.esq,2014-08-23,ianaRegistration,iana-registration,generic,Charleston Road Registry Inc.,United States of America (the),,,no,,https://www.iana.org/domains/root/db/esq.html
.esq,.esq,2014-08-27,ianaDelegationReport,iana-report,generic,,,Delegation of the .esq domain to Charleston Road Registry Inc.,,no,,https://www.iana.org/reports/c.2.9.2.d/20140827-esq
.esq,.esq,2026-10-04,delegated,current-snapshot,generic,Charleston Road Registry Inc.,United States of America (the),,,yes,,https://www.iana.org/domains/root/db/esq.html
.estate,.estate,2013-11-08,ianaRegistration,iana-registration,generic,"Binky Moon, LLC",United States of America (the),,,no,,https://www.iana.org/domains/root/db/estate.html
.estate,.estate,2013-11-11,ianaDelegationReport,iana-report,generic,,,"Delegation of the .ESTATE domain to Trixy Park, LLC",,no,,https://www.iana.org/reports/c.2.9.2.d/20131111-estate
.estate,.estate,2018-03-23,ianaTransferReport,iana-report,generic,,,Transfer of the .academy domain and 195 others,,no,,https://www.iana.org/reports/tld-transfer/20180323-binkymoon
.estate,.estate,2026-10-04,delegated,current-snapshot,generic,"Binky Moon, LLC",United States of America (the),,,yes,,https://www.iana.org/domains/root/db/estate.html
.esurance,.esurance,2016-06-24,ianaRegistration,iana-registration,generic,,,,,no,,https://www.iana.org/domains/root/db/esurance.html
.esurance,.esurance,2016-07-18,ianaDelegationReport,iana-report,generic,,,Delegation of the .esurance domain to Esurance Insurance Company,,no,,https://www.iana.org/reports/c.2.9.2.d/20160718-esurance
.esurance,.esurance,2020-05-26,ianaRevocationReport,iana-report,generic,,,Revocation of the .esurance domain,,no,,https://www.iana.org/reports/tld-transfer/20200526-esurance
.esurance,.esurance,2026-10-04,notDelegated,current-snapshot,generic,,,,,yes,,https://www.iana.org/domains/root/db/esurance.html
.et,.et,1995-10-15,ianaRegistration,iana-registration,country-code,Ethio telecom,Ethiopia,,,no,,https://www.iana.org/domains/root/db/et.html
.et,.et,2026-10-04,delegated,current-snapshot,country-code,Ethio telecom,Ethiopia,,,yes,,https://www.iana.org/domains/root/db/et.html
.etisalat,.etisalat,2017-05-11,ianaRegistration,iana-registration,generic,,,,,no,,https://www.iana.org/domains/root/db/etisalat.html
.etisalat,.etisalat,2017-06-01,ianaDelegationReport,iana-report,generic,,,Delegation of the .etisalat domain to Emirates Telecommunications Corporation (trading as Etisalat),,no,,https://www.iana.org/reports/tld-transfer/20170601-etisalat
.etisalat,.etisalat,2023-11-17,ianaRevocationReport,iana-report,generic,,,Revocation of the .etisalat domain,,no,,https://www.iana.org/reports/tld-transfer/20231117-etisalat
.etisalat,.etisalat,2026-10-04,notDelegated,current-snapshot,generic,,,,,yes,,https://www.iana.org/domains/root/db/etisalat.html
.eu,.eu,2005-04-28,ianaRegistration,,,,,,,no,,https://www.iana.org/domains/root/db/eu.html
.eu,.eu,2005-08-05,ianaDelegationReport,iana-report,country-code,,,IANA Report on the Delegation of the .EU Top-Level Domain,,no,,https://www.iana.org/reports/2005/eu-report-05aug2005.pdf
.eu,.eu,2026-10-04,delegated,,country-code,EURid vzw,Belgium,,,yes,,https://www.iana.org/domains/root/db/eu.html
.eurovision,.eurovision,2014-08-28,ianaRegistration,iana-registration,generic,European Broadcasting Union (EBU),Switzerland,,,no,,https://www.iana.org/domains/root/db/eurovision.html
.eurovision,.eurovision,2014-12-01,ianaDelegationReport,iana-report,generic,,,Delegation of the .eurovision domain to European Broadcasting Union (EBU),,no,,https://www.iana.org/reports/c.2.9.2.d/20141201-eurovision
.eurovision,.eurovision,2026-10-04,delegated,current-snapshot,generic,European Broadcasting Union (EBU),Switzerland,,,yes,,https://www.iana.org/domains/root/db/eurovision.html
.eus,.eus,2014-03-06,ianaRegistration,iana-registration,generic,Puntueus Fundazioa,Spain,,,no,,https://www.iana.org/domains/root/db/eus.html
.eus,.eus,2014-04-08,ianaDelegationReport,iana-report,generic,,,Delegation of the .eus domain to Puntueus Fundazioa,,no,,https://www.iana.org/reports/c.2.9.2.d/20140408-eus
.eus,.eus,2026-10-04,delegated,current-snapshot,generic,Puntueus Fundazioa,Spain,,,yes,,https://www.iana.org/domains/root/db/eus.html
.event,.event,2000,applicationSubmitted,application,notApplicable,"Internet Events International, Inc.",United States,2000-014,,no,,https://archive.icann.org/en/tlds/tld-applications-lodged-02oct00.htm
.event,.event,2026-10-04,notDelegated,current-snapshot,notApplicable,"Internet Events International, Inc.",,,,yes,,https://archive.icann.org/en/tlds/tld-applications-lodged-02oct00.htm
.events,.events,2014-01-30,ianaRegistration,iana-registration,generic,"Binky Moon, LLC",United States of America (the),,,no,,https://www.iana.org/domains/root/db/events.html
.events,.events,2014-01-31,ianaDelegationReport,iana-report,generic,,,"Delegation of the .events domain to Pioneer Maple, LLC",,no,,https://www.iana.org/reports/c.2.9.2.d/20140131-events
.events,.events,2018-03-23,ianaTransferReport,iana-report,generic,,,Transfer of the .academy domain and 195 others,,no,,https://www.iana.org/reports/tld-transfer/20180323-binkymoon
.events,.events,2026-10-04,delegated,current-snapshot,generic,"Binky Moon, LLC",United States of America (the),,,yes,,https://www.iana.org/domains/root/db/events.html
.everbank,.everbank,2014-07-31,ianaRegistration,iana-registration,generic,,,,,no,,https://www.iana.org/domains/root/db/everbank.html
.everbank,.everbank,2014-11-24,ianaDelegationReport,iana-report,generic,,,Delegation of the .everbank domain to EverBank,,no,,https://www.iana.org/reports/c.2.9.2.d/20141124-everbank
.everbank,.everbank,2019-11-15,ianaRevocationReport,iana-report,generic,,,Revocation of the .everbank domain,,no,,https://www.iana.org/reports/tld-transfer/20191115-everbank
.everbank,.everbank,2026-10-04,notDelegated,current-snapshot,generic,,,,,yes,,https://www.iana.org/domains/root/db/everbank.html
.exchange,.exchange,2014-04-17,ianaRegistration,iana-registration,generic,"Binky Moon, LLC",United States of America (the),,,no,,https://www.iana.org/domains/root/db/exchange.html
.exchange,.exchange,2014-04-21,ianaDelegationReport,iana-report,generic,,,"Delegation of the .exchange domain to Spring Falls, LLC",,no,,https://www.iana.org/reports/c.2.9.2.d/20140421-exchange
.exchange,.exchange,2018-03-23,ianaTransferReport,iana-report,generic,,,Transfer of the .academy domain and 195 others,,no,,https://www.iana.org/reports/tld-transfer/20180323-binkymoon
.exchange,.exchange,2026-10-04,delegated,current-snapshot,generic,"Binky Moon, LLC",United States of America (the),,,yes,,https://www.iana.org/domains/root/db/exchange.html
.expert,.expert,2014-01-16,ianaRegistration,iana-registration,generic,"Binky Moon, LLC",United States of America (the),,,no,,https://www.iana.org/domains/root/db/expert.html
.expert,.expert,2014-01-17,ianaDelegationReport,iana-report,generic,,,"Delegation of the .EXPERT domain to Magic Pass, LLC",,no,,https://www.iana.org/reports/c.2.9.2.d/20140117-expert
.expert,.expert,2018-03-23,ianaTransferReport,iana-report,generic,,,Transfer of the .academy domain and 195 others,,no,,https://www.iana.org/reports/tld-transfer/20180323-binkymoon
.expert,.expert,2026-10-04,delegated,current-snapshot,generic,"Binky Moon, LLC",United States of America (the),,,yes,,https://www.iana.org/domains/root/db/expert.html
.exposed,.exposed,2014-01-30,ianaRegistration,iana-registration,generic,"Binky Moon, LLC",United States of America (the),,,no,,https://www.iana.org/domains/root/db/exposed.html
.exposed,.exposed,2014-01-31,ianaDelegationReport,iana-report,generic,,,"Delegation of the .exposed domain to Victor Beach, LLC",,no,,https://www.iana.org/reports/c.2.9.2.d/20140131-exposed
.exposed,.exposed,2018-03-23,ianaTransferReport,iana-report,generic,,,Transfer of the .academy domain and 195 others,,no,,https://www.iana.org/reports/tld-transfer/20180323-binkymoon
.exposed,.exposed,2026-10-04,delegated,current-snapshot,generic,"Binky Moon, LLC",United States of America (the),,,yes,,https://www.iana.org/domains/root/db/exposed.html
.express,.express,2015-03-12,ianaRegistration,iana-registration,generic,"Binky Moon, LLC",United States of America (the),,,no,,https://www.iana.org/domains/root/db/express.html
.express,.express,2015-04-03,ianaDelegationReport,iana-report,generic,,,"Delegation of the .express domain to Sea Sunset, LLC",,no,,https://www.iana.org/reports/c.2.9.2.d/20150403-express
.express,.express,2018-03-23,ianaTransferReport,iana-report,generic,,,Transfer of the .academy domain and 195 others,,no,,https://www.iana.org/reports/tld-transfer/20180323-binkymoon
.express,.express,2026-10-04,delegated,current-snapshot,generic,"Binky Moon, LLC",United States of America (the),,,yes,,https://www.iana.org/domains/root/db/express.html
.extraspace,.extraspace,2016-02-26,ianaRegistration,iana-registration,generic,Extra Space Storage LLC,United States of America (the),,,no,,https://www.iana.org/domains/root/db/extraspace.html
.extraspace,.extraspace,2016-03-22,ianaDelegationReport,iana-report,generic,,,Delegation of the .extraspace domain to Extra Space Storage LLC,,no,,https://www.iana.org/reports/c.2.9.2.d/20160322-extraspace
.extraspace,.extraspace,2026-10-04,delegated,current-snapshot,generic,Extra Space Storage LLC,United States of America (the),,,yes,,https://www.iana.org/domains/root/db/extraspace.html
.factory,.factory,2000,applicationSubmitted,application,notApplicable,"Name.Space, Incorporated",United States,2000-001,,no,,https://archive.icann.org/en/tlds/tld-applications-lodged-02oct00.htm
.factory,.factory,2026-10-04,notDelegated,current-snapshot,notApplicable,"Name.Space, Incorporated",,,,yes,,https://archive.icann.org/en/tlds/tld-applications-lodged-02oct00.htm
.fage,.fage,2015-06-25,ianaRegistration,iana-registration,generic,Fage International S.A.,Luxembourg,,,no,,https://www.iana.org/domains/root/db/fage.html
.fage,.fage,2015-08-05,ianaDelegationReport,iana-report,generic,,,Delegation of the .fage domain to Fage International S.A.,,no,,https://www.iana.org/reports/c.2.9.2.d/20150805-fage
.fage,.fage,2026-10-04,delegated,current-snapshot,generic,Fage International S.A.,Luxembourg,,,yes,,https://www.iana.org/domains/root/db/fage.html
.fail,.fail,2014-04-17,ianaRegistration,,,,,,,no,,https://www.iana.org/domains/root/db/fail.html
.fail,.fail,2014-04-21,ianaDelegationReport,iana-report,generic,,,"Delegation of the .fail domain to Atomic Pipe, LLC",,no,,https://www.iana.org/reports/c.2.9.2.d/20140421-fail
.fail,.fail,2018-03-23,ianaTransferReport,iana-report,generic,,,Transfer of the .academy domain and 195 others,,no,,https://www.iana.org/reports/tld-transfer/20180323-binkymoon
.fail,.fail,2026-10-04,delegated,,generic,"Binky Moon, LLC",United States of America (the),,,yes,,https://www.iana.org/domains/root/db/fail.html
.fairwinds,.fairwinds,2015-10-29,ianaRegistration,iana-registration,generic,"FairWinds Partners, LLC",United States of America (the),,,no,,https://www.iana.org/domains/root/db/fairwinds.html
.fairwinds,.fairwinds,2015-11-10,ianaDelegationReport,iana-report,generic,,,"Delegation of the .fairwinds domain to FairWinds Partners, LLC",,no,,https://www.iana.org/reports/c.2.9.2.d/20151110-fairwinds
.fairwinds,.fairwinds,2026-10-04,delegated,current-snapshot,generic,"FairWinds Partners, LLC",United States of America (the),,,yes,,https://www.iana.org/domains/root/db/fairwinds.html
.faith,.faith,2015-02-05,ianaRegistration,iana-registration,generic,dot Faith Limited,Gibraltar,,,no,,https://www.iana.org/domains/root/db/faith.html
.faith,.faith,2015-03-23,ianaDelegationReport,iana-report,generic,,,Delegation of the .faith domain to dot Faith Limited,,no,,https://www.iana.org/reports/c.2.9.2.d/20150323-faith
.faith,.faith,2026-10-04,delegated,current-snapshot,generic,dot Faith Limited,Gibraltar,,,yes,,https://www.iana.org/domains/root/db/faith.html
.fam,.fam,2000,applicationSubmitted,application,notApplicable,"Abacus America, Inc.",United States,2000-005,,no,,https://archive.icann.org/en/tlds/tld-applications-lodged-02oct00.htm
.fam,.fam,2026-10-04,notDelegated,current-snapshot,notApplicable,"Abacus America, Inc.",,,,yes,,https://archive.icann.org/en/tlds/tld-applications-lodged-02oct00.htm
.family,.family,2015-08-06,ianaRegistration,iana-registration,generic,"Dog Beach, LLC",United States of America (the),,,no,,https://www.iana.org/domains/root/db/family.html
.family,.family,2015-08-07,ianaDelegationReport,iana-report,generic,,,"Delegation of the .family domain to United TLD Holdco, Ltd.",,no,,https://www.iana.org/reports/c.2.9.2.d/20150807-family
.family,.family,2021-06-02,ianaTransferReport,iana-report,generic,,,"Transfer of the .family domain to Dog Beach, LLC",,no,,https://www.iana.org/reports/tld-transfer/20210602-family
.family,.family,2026-10-04,delegated,current-snapshot,generic,"Dog Beach, LLC",United States of America (the),,,yes,,https://www.iana.org/domains/root/db/family.html
.fan,.fan,2015-02-28,ianaRegistration,iana-registration,generic,"Dog Beach, LLC",United States of America (the),,,no,,https://www.iana.org/domains/root/db/fan.html
.fan,.fan,2015-03-12,ianaDelegationReport,iana-report,generic,,,Delegation of the .fan domain to Asiamix Digital Ltd.,,no,,https://www.iana.org/reports/c.2.9.2.d/20150312-fan
.fan,.fan,2021-06-09,ianaTransferReport,iana-report,generic,,,"Transfer of the .fan domain to Dog Beach, LLC",,no,,https://www.iana.org/reports/tld-transfer/20210609-fan
.fan,.fan,2026-10-04,delegated,current-snapshot,generic,"Dog Beach, LLC",United States of America (the),,,yes,,https://www.iana.org/domains/root/db/fan.html
.fans,.fans,2015-02-05,ianaRegistration,iana-registration,generic,ZDNS International Limited,China,,,no,,https://www.iana.org/domains/root/db/fans.html
.fans,.fans,2015-02-17,ianaDelegationReport,iana-report,generic,,,Delegation of the .fans domain to Asiamix Digital Limited,,no,,https://www.iana.org/reports/c.2.9.2.d/20150217-fans
.fans,.fans,2020-03-09,ianaTransferReport,iana-report,generic,,,Transfer of the .fans domain to ZDNS International Limited,,no,,https://www.iana.org/reports/tld-transfer/20200309-fans
.fans,.fans,2026-10-04,delegated,current-snapshot,generic,ZDNS International Limited,China,,,yes,,https://www.iana.org/domains/root/db/fans.html
.farm,.farm,2013-12-19,ianaRegistration,iana-registration,generic,"Binky Moon, LLC",United States of America (the),,,no,,https://www.iana.org/domains/root/db/farm.html
.farm,.farm,2013-12-20,ianaDelegationReport,iana-report,generic,,,"Delegation of the .FARM domain to Just Maple, LLC",,no,,https://www.iana.org/reports/c.2.9.2.d/20131220-farm
.farm,.farm,2018-03-23,ianaTransferReport,iana-report,generic,,,Transfer of the .academy domain and 195 others,,no,,https://www.iana.org/reports/tld-transfer/20180323-binkymoon
.farm,.farm,2026-10-04,delegated,current-snapshot,generic,"Binky Moon, LLC",United States of America (the),,,yes,,https://www.iana.org/domains/root/db/farm.html
.farmers,.farmers,2016-04-21,ianaRegistration,iana-registration,generic,Farmers Insurance Exchange,United States of America (the),,,no,,https://www.iana.org/domains/root/db/farmers.html
.farmers,.farmers,2016-06-21,ianaDelegationReport,iana-report,generic,,,Delegation of the .farmers domain to Farmers Insurance Exchange,,no,,https://www.iana.org/reports/c.2.9.2.d/20160621-farmers
.farmers,.farmers,2026-10-04,delegated,current-snapshot,generic,Farmers Insurance Exchange,United States of America (the),,,yes,,https://www.iana.org/domains/root/db/farmers.html
.fashion,.fashion,2000,applicationSubmitted,application,generic,"Name.Space, Incorporated",United States,2000-001,,no,,https://archive.icann.org/en/tlds/tld-applications-lodged-02oct00.htm
.fashion,.fashion,2014-10-23,ianaRegistration,iana-registration,generic,"Registry Services, LLC",United States of America (the),,,no,,https://www.iana.org/domains/root/db/fashion.html
.fashion,.fashion,2014-12-03,ianaDelegationReport,iana-report,generic,,,Delegation of the .fashion domain to Top Level Domain Holdings Limited,,no,,https://www.iana.org/reports/c.2.9.2.d/20141203-fashion
.fashion,.fashion,2021-09-14,ianaTransferReport,iana-report,generic,,,"Transfer of the .fashion domain to Registry Services, LLC",,no,,https://www.iana.org/reports/tld-transfer/20210914-fashion
.fashion,.fashion,2026-10-04,delegated,current-snapshot,generic,"Registry Services, LLC",United States of America (the),,,yes,,https://www.iana.org/domains/root/db/fashion.html
.fast,.fast,2015-11-12,ianaRegistration,iana-registration,generic,"Amazon Registry Services, Inc.",United States of America (the),,,no,,https://www.iana.org/domains/root/db/fast.html
.fast,.fast,2015-12-02,ianaDelegationReport,iana-report,generic,,,"Delegation of the .fast domain to Amazon Registry Services, Inc.",,no,,https://www.iana.org/reports/tld-transfer/20151202-fast
.fast,.fast,2026-10-04,delegated,current-snapshot,generic,"Amazon Registry Services, Inc.",United States of America (the),,,yes,,https://www.iana.org/domains/root/db/fast.html
.fedex,.fedex,2016-06-09,ianaRegistration,iana-registration,generic,Federal Express Corporation,United States of America (the),,,no,,https://www.iana.org/domains/root/db/fedex.html
.fedex,.fedex,2016-06-23,ianaDelegationReport,iana-report,generic,,,Delegation of the .fedex domain to Federal Express Corporation,,no,,https://www.iana.org/reports/c.2.9.2.d/20160623-fedex
.fedex,.fedex,2026-10-04,delegated,current-snapshot,generic,Federal Express Corporation,United States of America (the),,,yes,,https://www.iana.org/domains/root/db/fedex.html
.feedback,.feedback,2014-03-06,ianaRegistration,iana-registration,generic,"Top Level Spectrum, Inc.",United States of America (the),,,no,,https://www.iana.org/domains/root/db/feedback.html
.feedback,.feedback,2014-04-07,ianaDelegationReport,iana-report,generic,,,"Delegation of the .feedback domain to Top Level Spectrum, Inc.",,no,,https://www.iana.org/reports/c.2.9.2.d/20140407-feedback
.feedback,.feedback,2026-10-04,delegated,current-snapshot,generic,"Top Level Spectrum, Inc.",United States of America (the),,,yes,,https://www.iana.org/domains/root/db/feedback.html
.ferrari,.ferrari,2016-07-14,ianaRegistration,iana-registration,generic,Fiat Chrysler Automobiles N.V.,United Kingdom of Great Britain and Northern Ireland (the),,,no,,https://www.iana.org/domains/root/db/ferrari.html
.ferrari,.ferrari,2016-08-01,ianaDelegationReport,iana-report,generic,,,Delegation of the .ferrari domain to Fiat Chrysler Automobiles N.V.,,no,,https://www.iana.org/reports/c.2.9.2.d/20160801-ferrari
.ferrari,.ferrari,2026-10-04,delegated,current-snapshot,generic,Fiat Chrysler Automobiles N.V.,United Kingdom of Great Britain and Northern Ireland (the),,,yes,,https://www.iana.org/domains/root/db/ferrari.html
.ferrero,.ferrero,2015-09-10,ianaRegistration,iana-registration,generic,Ferrero Trading Lux S.A.,Luxembourg,,,no,,https://www.iana.org/domains/root/db/ferrero.html
.ferrero,.ferrero,2015-11-04,ianaDelegationReport,iana-report,generic,,,Delegation of the .ferrero domain to Ferrero Trading Lux S.A.,,no,,https://www.iana.org/reports/c.2.9.2.d/20151104-ferrero
.ferrero,.ferrero,2026-10-04,delegated,current-snapshot,generic,Ferrero Trading Lux S.A.,Luxembourg,,,yes,,https://www.iana.org/domains/root/db/ferrero.html
.festival,.festival,2000,applicationSubmitted,application,notApplicable,"Name.Space, Incorporated",United States,2000-001,,no,,https://archive.icann.org/en/tlds/tld-applications-lodged-02oct00.htm
.festival,.festival,2026-10-04,notDelegated,current-snapshot,notApplicable,"Name.Space, Incorporated",,,,yes,,https://archive.icann.org/en/tlds/tld-applications-lodged-02oct00.htm
.fi,.fi,1986-12-17,ianaRegistration,iana-registration,country-code,Finnish Transport and Communications Agency Traficom,Finland,,,no,,https://www.iana.org/domains/root/db/fi.html
.fi,.fi,2026-10-04,delegated,current-snapshot,country-code,Finnish Transport and Communications Agency Traficom,Finland,,,yes,,https://www.iana.org/domains/root/db/fi.html
.fiat,.fiat,2016-07-14,ianaRegistration,iana-registration,generic,,,,,no,,https://www.iana.org/domains/root/db/fiat.html
.fiat,.fiat,2016-08-01,ianaDelegationReport,iana-report,generic,,,Delegation of the .fiat domain to Fiat Chrysler Automobiles N.V.,,no,,https://www.iana.org/reports/c.2.9.2.d/20160801-fiat
.fiat,.fiat,2023-06-05,ianaRevocationReport,iana-report,generic,,,Revocation of the .fiat domain,,no,,https://www.iana.org/reports/tld-transfer/20230605-fiat
.fiat,.fiat,2026-10-04,notDelegated,current-snapshot,generic,,,,,yes,,https://www.iana.org/domains/root/db/fiat.html
.fiction,.fiction,2000,applicationSubmitted,application,notApplicable,"Name.Space, Incorporated",United States,2000-001,,no,,https://archive.icann.org/en/tlds/tld-applications-lodged-02oct00.htm
.fiction,.fiction,2026-10-04,notDelegated,current-snapshot,notApplicable,"Name.Space, Incorporated",,,,yes,,https://archive.icann.org/en/tlds/tld-applications-lodged-02oct00.htm
.fidelity,.fidelity,2016-07-28,ianaRegistration,iana-registration,generic,Fidelity Brokerage Services LLC,United States of America (the),,,no,,https://www.iana.org/domains/root/db/fidelity.html
.fidelity,.fidelity,2016-08-01,ianaDelegationReport,iana-report,generic,,,Delegation of the .fidelity domain to Fidelity Brokerage Services LLC,,no,,https://www.iana.org/reports/c.2.9.2.d/20160801-fidelity
.fidelity,.fidelity,2026-10-04,delegated,current-snapshot,generic,Fidelity Brokerage Services LLC,United States of America (the),,,yes,,https://www.iana.org/domains/root/db/fidelity.html
.fido,.fido,2016-08-18,ianaRegistration,iana-registration,generic,Rogers Communications Canada Inc.,Canada,,,no,,https://www.iana.org/domains/root/db/fido.html
.fido,.fido,2016-09-15,ianaDelegationReport,iana-report,generic,,,Delegation of the .fido domain to Rogers Communications Canada Inc.,,no,,https://www.iana.org/reports/c.2.9.2.d/20160914-fido
.fido,.fido,2026-10-04,delegated,current-snapshot,generic,Rogers Communications Canada Inc.,Canada,,,yes,,https://www.iana.org/domains/root/db/fido.html
.film,.film,2000,applicationSubmitted,application,generic,"Name.Space, Incorporated",United States,2000-001,,no,,https://archive.icann.org/en/tlds/tld-applications-lodged-02oct00.htm
.film,.film,2015-02-27,ianaRegistration,iana-registration,generic,Motion Picture Domain Registry Pty Ltd,Australia,,,no,,https://www.iana.org/domains/root/db/film.html
.film,.film,2015-03-16,ianaDelegationReport,iana-report,generic,,,Delegation of the .film domain to Motion Picture Domain Registry Pty Ltd,,no,,https://www.iana.org/reports/c.2.9.2.d/20150316-film
.film,.film,2026-10-04,delegated,current-snapshot,generic,Motion Picture Domain Registry Pty Ltd,Australia,,,yes,,https://www.iana.org/domains/root/db/film.html
.films,.films,2000,applicationSubmitted,application,notApplicable,"Name.Space, Incorporated",United States,2000-001,,no,,https://archive.icann.org/en/tlds/tld-applications-lodged-02oct00.htm
.films,.films,2026-10-04,notDelegated,current-snapshot,notApplicable,"Name.Space, Incorporated",,,,yes,,https://archive.icann.org/en/tlds/tld-applications-lodged-02oct00.htm
.fin,.fin,2000,applicationSubmitted,application,notApplicable,Association Monegasque des Banques,Monaco,2000-015,,no,,https://archive.icann.org/en/tlds/tld-applications-lodged-02oct00.htm
.fin,.fin,2026-10-04,notDelegated,current-snapshot,notApplicable,Association Monegasque des Banques,,,,yes,,https://archive.icann.org/en/tlds/tld-applications-lodged-02oct00.htm
.final,.final,2015-05-29,ianaRegistration,iana-registration,generic,Núcleo de Informação e Coordenação do Ponto BR - NIC.br,Brazil,,,no,,https://www.iana.org/domains/root/db/final.html
.final,.final,2015-09-25,ianaDelegationReport,iana-report,generic,,,Delegation of the .final domain to Núcleo de Informação e Coordenação do Ponto BR - NIC.br,,no,,https://www.iana.org/reports/c.2.9.2.d/20150925-final
.final,.final,2026-10-04,delegated,current-snapshot,generic,Núcleo de Informação e Coordenação do Ponto BR - NIC.br,Brazil,,,yes,,https://www.iana.org/domains/root/db/final.html
.finance,.finance,2014-04-24,ianaRegistration,iana-registration,generic,"Binky Moon, LLC",United States of America (the),,,no,,https://www.iana.org/domains/root/db/finance.html
.finance,.finance,2014-04-25,ianaDelegationReport,iana-report,generic,,,"Delegation of the .finance domain to Cotton Cypress, LLC",,no,,https://www.iana.org/reports/c.2.9.2.d/20140425-finance
.finance,.finance,2018-03-23,ianaTransferReport,iana-report,generic,,,Transfer of the .academy domain and 195 others,,no,,https://www.iana.org/reports/tld-transfer/20180323-binkymoon
.finance,.finance,2026-10-04,delegated,current-snapshot,generic,"Binky Moon, LLC",United States of America (the),,,yes,,https://www.iana.org/domains/root/db/finance.html
.financial,.financial,2014-04-17,ianaRegistration,iana-registration,generic,"Binky Moon, LLC",United States of America (the),,,no,,https://www.iana.org/domains/root/db/financial.html
.financial,.financial,2014-04-21,ianaDelegationReport,iana-report,generic,,,"Delegation of the .financial domain to Just Cover, LLC",,no,,https://www.iana.org/reports/c.2.9.2.d/20140421-financial
.financial,.financial,2018-03-23,ianaTransferReport,iana-report,generic,,,Transfer of the .academy domain and 195 others,,no,,https://www.iana.org/reports/tld-transfer/20180323-binkymoon
.financial,.financial,2026-10-04,delegated,current-snapshot,generic,"Binky Moon, LLC",United States of America (the),,,yes,,https://www.iana.org/domains/root/db/financial.html
.find,.find,2000,applicationSubmitted,application,notApplicable,"Monsoon Assets Limited (BVI) dba dotYP, Inc.",United States,2000-016,,no,,https://archive.icann.org/en/tlds/tld-applications-lodged-02oct00.htm
.find,.find,2026-10-04,notDelegated,current-snapshot,notApplicable,"Monsoon Assets Limited (BVI) dba dotYP, Inc.",,,,yes,,https://archive.icann.org/en/tlds/tld-applications-lodged-02oct00.htm
.fire,.fire,2016-05-19,ianaRegistration,iana-registration,generic,"Amazon Registry Services, Inc.",United States of America (the),,,no,,https://www.iana.org/domains/root/db/fire.html
.fire,.fire,2016-06-02,ianaDelegationReport,iana-report,generic,,,"Delegation of the .fire domain to Amazon Registry Services, Inc.",,no,,https://www.iana.org/reports/c.2.9.2.d/20160602-fire
.fire,.fire,2026-10-04,delegated,current-snapshot,generic,"Amazon Registry Services, Inc.",United States of America (the),,,yes,,https://www.iana.org/domains/root/db/fire.html
.firestone,.firestone,2015-10-29,ianaRegistration,iana-registration,generic,"Bridgestone Licensing Services, Inc.",United States of America (the),,,no,,https://www.iana.org/domains/root/db/firestone.html
.firestone,.firestone,2015-12-02,ianaDelegationReport,iana-report,generic,,,Delegation of the .firestone domain to Bridgestone Corporation,,no,,https://www.iana.org/reports/c.2.9.2.d/20151202-firestone
.firestone,.firestone,2016-08-16,ianaTransferReport,iana-report,generic,,,"Redelegation of the .firestone domain to Bridgestone Licensing Services, Inc.",,no,,https://www.iana.org/reports/c.2.9.2.d/20160816-firestone
.firestone,.firestone,2026-10-04,delegated,current-snapshot,generic,"Bridgestone Licensing Services, Inc.",United States of America (the),,,yes,,https://www.iana.org/domains/root/db/firestone.html
.firm,.firm,2000,applicationSubmitted,application,notApplicable,"Affinity Internet, Inc. / biz Regulatory and Advisory Council (bizTRAC)",United States,2000-006,,no,,https://archive.icann.org/en/tlds/tld-applications-lodged-02oct00.htm
.firm,.firm,2000,applicationSubmitted,application,notApplicable,Eastern Communications Company Limited,China,2000-017,,no,,https://archive.icann.org/en/tlds/tld-applications-lodged-02oct00.htm
.firm,.firm,2026-10-04,notDelegated,current-snapshot,notApplicable,,,,,yes,,https://archive.icann.org/en/tlds/tld-applications-lodged-02oct00.htm
.firmdale,.firmdale,2014-09-04,ianaRegistration,iana-registration,generic,Firmdale Holdings Limited,United Kingdom of Great Britain and Northern Ireland (the),,,no,,https://www.iana.org/domains/root/db/firmdale.html
.firmdale,.firmdale,2014-11-14,ianaDelegationReport,iana-report,generic,,,Delegation of the .firmdale domain to Firmdale Holdings Limited,,no,,https://www.iana.org/reports/c.2.9.2.d/20141114-firmdale
.firmdale,.firmdale,2026-10-04,delegated,current-snapshot,generic,Firmdale Holdings Limited,United Kingdom of Great Britain and Northern Ireland (the),,,yes,,https://www.iana.org/domains/root/db/firmdale.html
.fish,.fish,2014-02-13,ianaRegistration,iana-registration,generic,"Binky Moon, LLC",United States of America (the),,,no,,https://www.iana.org/domains/root/db/fish.html
.fish,.fish,2014-02-14,ianaDelegationReport,iana-report,generic,,,"Delegation of the .fish domain to Fox Woods, LLC",,no,,https://www.iana.org/reports/c.2.9.2.d/20140214-fish
.fish,.fish,2018-03-23,ianaTransferReport,iana-report,generic,,,Transfer of the .academy domain and 195 others,,no,,https://www.iana.org/reports/tld-transfer/20180323-binkymoon
.fish,.fish,2026-10-04,delegated,current-snapshot,generic,"Binky Moon, LLC",United States of America (the),,,yes,,https://www.iana.org/domains/root/db/fish.html
.fishing,.fishing,2014-02-28,ianaRegistration,iana-registration,generic,"Registry Services, LLC",United States of America (the),,,no,,https://www.iana.org/domains/root/db/fishing.html
.fishing,.fishing,2014-03-27,ianaDelegationReport,iana-report,generic,,,Delegation of the .fishing domain to Top Level Domain Holdings Limited,,no,,https://www.iana.org/reports/c.2.9.2.d/20140327-fishing
.fishing,.fishing,2021-09-14,ianaTransferReport,iana-report,generic,,,"Transfer of the .fishing domain to Registry Services, LLC",,no,,https://www.iana.org/reports/tld-transfer/20210914-fishing
.fishing,.fishing,2026-10-04,delegated,current-snapshot,generic,"Registry Services, LLC",United States of America (the),,,yes,,https://www.iana.org/domains/root/db/fishing.html
.fit,.fit,2014-12-18,ianaRegistration,iana-registration,generic,"Registry Services, LLC",United States of America (the),,,no,,https://www.iana.org/domains/root/db/fit.html
.fit,.fit,2015-01-06,ianaDelegationReport,iana-report,generic,,,Delegation of the .fit domain to Minds + Machines Group Limited,,no,,https://www.iana.org/reports/c.2.9.2.d/20150106-fit
.fit,.fit,2021-09-14,ianaTransferReport,iana-report,generic,,,"Transfer of the .fit domain to Registry Services, LLC",,no,,https://www.iana.org/reports/tld-transfer/20210914-fit
.fit,.fit,2026-10-04,delegated,current-snapshot,generic,"Registry Services, LLC",United States of America (the),,,yes,,https://www.iana.org/domains/root/db/fit.html
.fitness,.fitness,2014-04-11,ianaRegistration,iana-registration,generic,"Binky Moon, LLC",United States of America (the),,,no,,https://www.iana.org/domains/root/db/fitness.html
.fitness,.fitness,2014-04-14,ianaDelegationReport,iana-report,generic,,,"Delegation of the .fitness domain to Brice Orchard, LLC",,no,,https://www.iana.org/reports/c.2.9.2.d/20140414-fitness
.fitness,.fitness,2018-03-23,ianaTransferReport,iana-report,generic,,,Transfer of the .academy domain and 195 others,,no,,https://www.iana.org/reports/tld-transfer/20180323-binkymoon
.fitness,.fitness,2026-10-04,delegated,current-snapshot,generic,"Binky Moon, LLC",United States of America (the),,,yes,,https://www.iana.org/domains/root/db/fitness.html
.fj,.fj,1992-06-03,ianaRegistration,iana-registration,country-code,The University of the South Pacific IT Services,Fiji,,,no,,https://www.iana.org/domains/root/db/fj.html
.fj,.fj,2026-10-04,delegated,current-snapshot,country-code,The University of the South Pacific IT Services,Fiji,,,yes,,https://www.iana.org/domains/root/db/fj.html
.fk,.fk,1997-03-26,ianaRegistration,iana-registration,country-code,Falkland Islands Government,Falkland Islands (the) [Malvinas],,,no,,https://www.iana.org/domains/root/db/fk.html
.fk,.fk,2005-08-05,ianaTransferReport,iana-report,country-code,,,IANA Report on the Redelegation of the .FK Top-Level Domain,,no,,https://www.iana.org/reports/2005/fk-report-05aug2005.pdf
.fk,.fk,2026-10-04,delegated,current-snapshot,country-code,Falkland Islands Government,Falkland Islands (the) [Malvinas],,,yes,,https://www.iana.org/domains/root/db/fk.html
.flickr,.flickr,2016-01-29,ianaRegistration,iana-registration,generic,"Flickr, Inc.",United States of America (the),,,no,,https://www.iana.org/domains/root/db/flickr.html
.flickr,.flickr,2016-02-09,ianaDelegationReport,iana-report,generic,,,Delegation of the .flickr domain to Yahoo! Domain Services Inc.,,no,,https://www.iana.org/reports/c.2.9.2.d/20160209-flickr
.flickr,.flickr,2020-07-09,ianaTransferReport,iana-report,generic,,,"Transfer of the .flickr domain to Flickr, Inc.",,no,,https://www.iana.org/reports/tld-transfer/20200709-flickr
.flickr,.flickr,2026-10-04,delegated,current-snapshot,generic,"Flickr, Inc.",United States of America (the),,,yes,,https://www.iana.org/domains/root/db/flickr.html
.flights,.flights,2014-01-30,ianaRegistration,iana-registration,generic,"Binky Moon, LLC",United States of America (the),,,no,,https://www.iana.org/domains/root/db/flights.html
.flights,.flights,2014-01-31,ianaDelegationReport,iana-report,generic,,,"Delegation of the .flights domain to Fox Station, LLC",,no,,https://www.iana.org/reports/c.2.9.2.d/20140131-flights
.flights,.flights,2018-03-23,ianaTransferReport,iana-report,generic,,,Transfer of the .academy domain and 195 others,,no,,https://www.iana.org/reports/tld-transfer/20180323-binkymoon
.flights,.flights,2026-10-04,delegated,current-snapshot,generic,"Binky Moon, LLC",United States of America (the),,,yes,,https://www.iana.org/domains/root/db/flights.html
.flir,.flir,2016-03-03,ianaRegistration,iana-registration,generic,"FLIR Systems, Inc.",United States of America (the),,,no,,https://www.iana.org/domains/root/db/flir.html
.flir,.flir,2016-04-29,ianaDelegationReport,iana-report,generic,,,"Delegation of the .flir domain to FLIR Systems, Inc.",,no,,https://www.iana.org/reports/c.2.9.2.d/20160505-flir
.flir,.flir,2026-10-04,delegated,current-snapshot,generic,"FLIR Systems, Inc.",United States of America (the),,,yes,,https://www.iana.org/domains/root/db/flir.html
.florist,.florist,2013-12-19,ianaRegistration,iana-registration,generic,"Binky Moon, LLC",United States of America (the),,,no,,https://www.iana.org/domains/root/db/florist.html
.florist,.florist,2013-12-20,ianaDelegationReport,iana-report,generic,,,"Delegation of the .FLORIST domain to Half Cypress, LLC",,no,,https://www.iana.org/reports/c.2.9.2.d/20131220-florist
.florist,.florist,2018-03-23,ianaTransferReport,iana-report,generic,,,Transfer of the .academy domain and 195 others,,no,,https://www.iana.org/reports/tld-transfer/20180323-binkymoon
.florist,.florist,2026-10-04,delegated,current-snapshot,generic,"Binky Moon, LLC",United States of America (the),,,yes,,https://www.iana.org/domains/root/db/florist.html
.flowers,.flowers,2014-12-18,ianaRegistration,iana-registration,generic,XYZ.COM LLC,United States of America (the),,,no,,https://www.iana.org/domains/root/db/flowers.html
.flowers,.flowers,2014-12-22,ianaDelegationReport,iana-report,generic,,,"Delegation of the .flowers domain to Uniregistry, Corp.",,no,,https://www.iana.org/reports/c.2.9.2.d/20141222-flowers
.flowers,.flowers,2022-03-23,ianaTransferReport,iana-report,generic,,,Transfer of the .flowers domain to XYZ.COM LLC,,no,,https://www.iana.org/reports/tld-transfer/20220323-flowers
.flowers,.flowers,2026-10-04,delegated,current-snapshot,generic,XYZ.COM LLC,United States of America (the),,,yes,,https://www.iana.org/domains/root/db/flowers.html
.flsmidth,.flsmidth,2014-09-25,ianaRegistration,iana-registration,generic,,,,,no,,https://www.iana.org/domains/root/db/flsmidth.html
.flsmidth,.flsmidth,2014-10-06,ianaDelegationReport,iana-report,generic,,,Delegation of the .flsmidth domain to FLSmidth A/S,,no,,https://www.iana.org/reports/c.2.9.2.d/20141006-flsmidth
.flsmidth,.flsmidth,2016-07-22,ianaRevocationReport,iana-report,generic,,,Revocation of the .flsmidth domain,,no,,https://www.iana.org/reports/c.2.9.2.d/20160722-flsmidth
.flsmidth,.flsmidth,2026-10-04,notDelegated,current-snapshot,generic,,,,,yes,,https://www.iana.org/domains/root/db/flsmidth.html
.fly,.fly,2014-08-23,ianaRegistration,iana-registration,generic,Charleston Road Registry Inc.,United States of America (the),,,no,,https://www.iana.org/domains/root/db/fly.html
.fly,.fly,2014-09-10,ianaDelegationReport,iana-report,generic,,,Delegation of the .fly domain to Charleston Road Registry Inc.,,no,,https://www.iana.org/reports/c.2.9.2.d/20140910-fly
.fly,.fly,2026-10-04,delegated,current-snapshot,generic,Charleston Road Registry Inc.,United States of America (the),,,yes,,https://www.iana.org/domains/root/db/fly.html
.fm,.fm,1995-04-19,ianaRegistration,,,,,,,no,,https://www.iana.org/domains/root/db/fm.html
.fm,.fm,2026-10-04,delegated,,country-code,FSM Telecommunications Corporation,Micronesia (Federated States of),,,yes,,https://www.iana.org/domains/root/db/fm.html
.fo,.fo,1993-05-14,ianaRegistration,iana-registration,country-code,FO Council,Faroe Islands (the),,,no,,https://www.iana.org/domains/root/db/fo.html
.fo,.fo,2005-08-05,ianaTransferReport,iana-report,country-code,,,IANA Report on the Redelegation of the .FO Top-Level Domain,,no,,https://www.iana.org/reports/2005/fo-report-05aug2005.pdf
.fo,.fo,2026-10-04,delegated,current-snapshot,country-code,FO Council,Faroe Islands (the),,,yes,,https://www.iana.org/domains/root/db/fo.html
.foo,.foo,2014-03-20,ianaRegistration,iana-registration,generic,Charleston Road Registry Inc.,United States of America (the),,,no,,https://www.iana.org/domains/root/db/foo.html
.foo,.foo,2014-04-16,ianaDelegationReport,iana-report,generic,,,Delegation of the .foo domain to Charleston Road Registry Inc.,,no,,https://www.iana.org/reports/c.2.9.2.d/20140416-foo
.foo,.foo,2026-10-04,delegated,current-snapshot,generic,Charleston Road Registry Inc.,United States of America (the),,,yes,,https://www.iana.org/domains/root/db/foo.html
.food,.food,2016-11-04,ianaRegistration,iana-registration,generic,Internet Naming Co.,Cayman Islands (the),,,no,,https://www.iana.org/domains/root/db/food.html
.food,.food,2016-11-11,ianaDelegationReport,iana-report,generic,,,"Delegation of the .food domain to Lifestyle Domain Holdings, Inc.",,no,,https://www.iana.org/reports/tld-transfer/20161111-food
.food,.food,2024-01-09,ianaTransferReport,iana-report,generic,,,Transfer of the .food domain to Internet Naming Co.,,no,,https://www.iana.org/reports/tld-transfer/20240109-food
.food,.food,2026-10-04,delegated,current-snapshot,generic,Internet Naming Co.,Cayman Islands (the),,,yes,,https://www.iana.org/domains/root/db/food.html
.foodnetwork,.foodnetwork,2016-05-05,ianaRegistration,iana-registration,generic,,,,,no,,https://www.iana.org/domains/root/db/foodnetwork.html
.foodnetwork,.foodnetwork,2016-06-22,ianaDelegationReport,iana-report,generic,,,"Delegation of the .foodnetwork domain to Lifestyle Domain Holdings, Inc.",,no,,https://www.iana.org/reports/c.2.9.2.d/20160622-foodnetwork
.foodnetwork,.foodnetwork,2023-06-14,ianaRevocationReport,iana-report,generic,,,Revocation of the .foodnetwork domain,,no,,https://www.iana.org/reports/tld-transfer/20230614-foodnetwork
.foodnetwork,.foodnetwork,2026-10-04,notDelegated,current-snapshot,generic,,,,,yes,,https://www.iana.org/domains/root/db/foodnetwork.html
.football,.football,2015-02-13,ianaRegistration,iana-registration,generic,"Binky Moon, LLC",United States of America (the),,,no,,https://www.iana.org/domains/root/db/football.html
.football,.football,2015-02-16,ianaDelegationReport,iana-report,generic,,,"Delegation of the .football domain to Foggy Farms, LLC",,no,,https://www.iana.org/reports/c.2.9.2.d/20150216-football
.football,.football,2018-03-23,ianaTransferReport,iana-report,generic,,,Transfer of the .academy domain and 195 others,,no,,https://www.iana.org/reports/tld-transfer/20180323-binkymoon
.football,.football,2026-10-04,delegated,current-snapshot,generic,"Binky Moon, LLC",United States of America (the),,,yes,,https://www.iana.org/domains/root/db/football.html
.ford,.ford,2015-12-10,ianaRegistration,iana-registration,generic,Ford Motor Company,United States of America (the),,,no,,https://www.iana.org/domains/root/db/ford.html
.ford,.ford,2015-12-15,ianaDelegationReport,iana-report,generic,,,Delegation of the .ford domain to Ford Motor Company,,no,,https://www.iana.org/reports/c.2.9.2.d/20151215-ford
.ford,.ford,2026-10-04,delegated,current-snapshot,generic,Ford Motor Company,United States of America (the),,,yes,,https://www.iana.org/domains/root/db/ford.html
.forex,.forex,2015-03-06,ianaRegistration,iana-registration,generic,"Dog Beach, LLC",United States of America (the),,,no,,https://www.iana.org/domains/root/db/forex.html
.forex,.forex,2015-03-09,ianaDelegationReport,iana-report,generic,,,Delegation of the .forex domain to Dotforex Registry Ltd,,no,,https://www.iana.org/reports/c.2.9.2.d/20150309-forex
.forex,.forex,2021-06-29,ianaTransferReport,iana-report,generic,,,"Transfer of the .forex domain to Dog Beach, LLC",,no,,https://www.iana.org/reports/tld-transfer/20210629-forex
.forex,.forex,2026-10-04,delegated,current-snapshot,generic,"Dog Beach, LLC",United States of America (the),,,yes,,https://www.iana.org/domains/root/db/forex.html
.forsale,.forsale,2014-09-24,ianaRegistration,iana-registration,generic,"Dog Beach, LLC",United States of America (the),,,no,,https://www.iana.org/domains/root/db/forsale.html
.forsale,.forsale,2014-09-29,ianaDelegationReport,iana-report,generic,,,"Delegation of the .forsale domain to United TLD Holdco, Ltd",,no,,https://www.iana.org/reports/c.2.9.2.d/20140929-forsale
.forsale,.forsale,2021-06-02,ianaTransferReport,iana-report,generic,,,"Transfer of the .forsale domain to Dog Beach, LLC",,no,,https://www.iana.org/reports/tld-transfer/20210602-forsale
.forsale,.forsale,2026-10-04,delegated,current-snapshot,generic,"Dog Beach, LLC",United States of America (the),,,yes,,https://www.iana.org/domains/root/db/forsale.html
.forum,.forum,2015-06-11,ianaRegistration,iana-registration,generic,"Fegistry, LLC",United States of America (the),,,no,,https://www.iana.org/domains/root/db/forum.html
.forum,.forum,2015-06-26,ianaDelegationReport,iana-report,generic,,,"Delegation of the .forum domain to Fegistry, LLC",,no,,https://www.iana.org/reports/c.2.9.2.d/20150626-forum
.forum,.forum,2026-10-04,delegated,current-snapshot,generic,"Fegistry, LLC",United States of America (the),,,yes,,https://www.iana.org/domains/root/db/forum.html
.foundation,.foundation,2000,applicationSubmitted,application,generic,"Name.Space, Incorporated",United States,2000-001,,no,,https://archive.icann.org/en/tlds/tld-applications-lodged-02oct00.htm
.foundation,.foundation,2014-02-06,ianaRegistration,iana-registration,generic,Public Interest Registry (PIR),United States of America (the),,,no,,https://www.iana.org/domains/root/db/foundation.html
.foundation,.foundation,2014-02-07,ianaDelegationReport,iana-report,generic,,,"Delegation of the .foundation domain to John Dale, LLC",,no,,https://www.iana.org/reports/c.2.9.2.d/20140207-foundation
.foundation,.foundation,2018-03-23,ianaTransferReport,iana-report,generic,,,Transfer of the .academy domain and 195 others,,no,,https://www.iana.org/reports/tld-transfer/20180323-binkymoon
.foundation,.foundation,2022-08-25,ianaTransferReport,iana-report,generic,,,Transfer of the .foundation domain to Public Interest Registry,,no,,https://www.iana.org/reports/tld-transfer/20220825-foundation
.foundation,.foundation,2026-10-04,delegated,current-snapshot,generic,Public Interest Registry (PIR),United States of America (the),,,yes,,https://www.iana.org/domains/root/db/foundation.html
.fox,.fox,2015-11-20,ianaRegistration,iana-registration,generic,"FOX Registry, LLC",United States of America (the),,,no,,https://www.iana.org/domains/root/db/fox.html
.fox,.fox,2015-12-22,ianaDelegationReport,iana-report,generic,,,"Delegation of the .fox domain to Fox Registry, LLC",,no,,https://www.iana.org/reports/c.2.9.2.d/20151222-fox
.fox,.fox,2026-10-04,delegated,current-snapshot,generic,"FOX Registry, LLC",United States of America (the),,,yes,,https://www.iana.org/domains/root/db/fox.html
.fr,.fr,1986-09-02,ianaRegistration,iana-registration,country-code,Association Française pour le Nommage Internet en Coopération (A.F.N.I.C.),France,,,no,,https://www.iana.org/domains/root/db/fr.html
.fr,.fr,2026-10-04,delegated,current-snapshot,country-code,Association Française pour le Nommage Internet en Coopération (A.F.N.I.C.),France,,,yes,,https://www.iana.org/domains/root/db/fr.html
.free,.free,2000,applicationSubmitted,application,generic,"Name.Space, Incorporated",United States,2000-001,,no,,https://archive.icann.org/en/tlds/tld-applications-lodged-02oct00.htm
.free,.free,2016-10-27,ianaRegistration,iana-registration,generic,"Amazon Registry Services, Inc.",United States of America (the),,,no,,https://www.iana.org/domains/root/db/free.html
.free,.free,2016-11-07,ianaDelegationReport,iana-report,generic,,,"Delegation of the .free domain to Amazon Registry Services, Inc.",,no,,https://www.iana.org/reports/tld-transfer/20161107-free
.free,.free,2026-10-04,delegated,current-snapshot,generic,"Amazon Registry Services, Inc.",United States of America (the),,,yes,,https://www.iana.org/domains/root/db/free.html
.fresenius,.fresenius,2015-12-17,ianaRegistration,iana-registration,generic,Fresenius Immobilien-Verwaltungs-GmbH,Germany,,,no,,https://www.iana.org/domains/root/db/fresenius.html
.fresenius,.fresenius,2016-01-05,ianaDelegationReport,iana-report,generic,,,Delegation of the .fresenius domain to Fresenius Immobilien-Verwaltungs-GmbH,,no,,https://www.iana.org/reports/c.2.9.2.d/20160105-fresenius
.fresenius,.fresenius,2026-10-04,delegated,current-snapshot,generic,Fresenius Immobilien-Verwaltungs-GmbH,Germany,,,yes,,https://www.iana.org/domains/root/db/fresenius.html
.frl,.frl,2014-08-22,ianaRegistration,iana-registration,generic,FRLregistry B.V.,Netherlands (the),,,no,,https://www.iana.org/domains/root/db/frl.html
.frl,.frl,2014-08-28,ianaDelegationReport,iana-report,generic,,,Delegation of the .frl domain to FRLregistry B.V.,,no,,https://www.iana.org/reports/c.2.9.2.d/20140828-frl
.frl,.frl,2026-10-04,delegated,current-snapshot,generic,FRLregistry B.V.,Netherlands (the),,,yes,,https://www.iana.org/domains/root/db/frl.html
.frogans,.frogans,2014-04-03,ianaRegistration,iana-registration,generic,OP3FT,France,,,no,,https://www.iana.org/domains/root/db/frogans.html
.frogans,.frogans,2014-04-16,ianaDelegationReport,iana-report,generic,,,Delegation of the .frogans domain to OP3FT,,no,,https://www.iana.org/reports/c.2.9.2.d/20140416-frogans
.frogans,.frogans,2026-10-04,delegated,current-snapshot,generic,OP3FT,France,,,yes,,https://www.iana.org/domains/root/db/frogans.html
.frontdoor,.frontdoor,2016-05-05,ianaRegistration,iana-registration,generic,,,,,no,,https://www.iana.org/domains/root/db/frontdoor.html
.frontdoor,.frontdoor,2016-06-22,ianaDelegationReport,iana-report,generic,,,"Delegation of the .frontdoor domain to Lifestyle Domain Holdings, Inc.",,no,,https://www.iana.org/reports/c.2.9.2.d/20160622-frontdoor
.frontdoor,.frontdoor,2023-10-18,ianaRevocationReport,iana-report,generic,,,Revocation of the .frontdoor domain,,no,,https://www.iana.org/reports/tld-transfer/20231018-frontdoor
.frontdoor,.frontdoor,2026-10-04,notDelegated,current-snapshot,generic,,,,,yes,,https://www.iana.org/domains/root/db/frontdoor.html
.frontier,.frontier,2016-01-29,ianaRegistration,iana-registration,generic,Frontier Communications Corporation,United States of America (the),,,no,,https://www.iana.org/domains/root/db/frontier.html
.frontier,.frontier,2016-02-04,ianaDelegationReport,iana-report,generic,,,Delegation of the .frontier domain to Frontier Communications Corporation,,no,,https://www.iana.org/reports/c.2.9.2.d/20160204-frontier
.frontier,.frontier,2026-10-04,delegated,current-snapshot,generic,Frontier Communications Corporation,United States of America (the),,,yes,,https://www.iana.org/domains/root/db/frontier.html
.ftr,.ftr,2016-01-29,ianaRegistration,iana-registration,generic,Frontier Communications Corporation,United States of America (the),,,no,,https://www.iana.org/domains/root/db/ftr.html
.ftr,.ftr,2016-04-14,ianaDelegationReport,iana-report,generic,,,Delegation of the .ftr domain to Frontier Communications Corporation,,no,,https://www.iana.org/reports/c.2.9.2.d/20160414-ftr
.ftr,.ftr,2026-10-04,delegated,current-snapshot,generic,Frontier Communications Corporation,United States of America (the),,,yes,,https://www.iana.org/domains/root/db/ftr.html
.fujitsu,.fujitsu,2016-06-30,ianaRegistration,iana-registration,generic,Fujitsu Limited,Japan,,,no,,https://www.iana.org/domains/root/db/fujitsu.html
.fujitsu,.fujitsu,2016-07-05,ianaDelegationReport,iana-report,generic,,,Delegation of the .fujitsu domain to Fujitsu Limited,,no,,https://www.iana.org/reports/c.2.9.2.d/20160705-fujitsu
.fujitsu,.fujitsu,2026-10-04,delegated,current-snapshot,generic,Fujitsu Limited,Japan,,,yes,,https://www.iana.org/domains/root/db/fujitsu.html
.fujixerox,.fujixerox,2016-07-07,ianaRegistration,iana-registration,generic,,,,,no,,https://www.iana.org/domains/root/db/fujixerox.html
.fujixerox,.fujixerox,2016-07-13,ianaDelegationReport,iana-report,generic,,,Delegation of the .fujixerox domain to Xerox DNHC LLC,,no,,https://www.iana.org/reports/c.2.9.2.d/20160713-fujixerox
.fujixerox,.fujixerox,2021-03-26,ianaRevocationReport,iana-report,generic,,,Revocation of the .fujixerox domain,,no,,https://www.iana.org/reports/tld-transfer/20210326-fujixerox
.fujixerox,.fujixerox,2026-10-04,notDelegated,current-snapshot,generic,,,,,yes,,https://www.iana.org/domains/root/db/fujixerox.html
.fun,.fun,2000,applicationSubmitted,application,generic,"Name.Space, Incorporated",United States,2000-001,,no,,https://archive.icann.org/en/tlds/tld-applications-lodged-02oct00.htm
.fun,.fun,2016-11-30,ianaRegistration,iana-registration,generic,Radix Technologies Inc.,Cayman Islands (the),,,no,,https://www.iana.org/domains/root/db/fun.html
.fun,.fun,2016-12-20,ianaDelegationReport,iana-report,generic,,,"Delegation of the .fun domain to DotSpace, Inc.",,no,,https://www.iana.org/reports/tld-transfer/20161220-fun
.fun,.fun,2021-08-25,ianaTransferReport,iana-report,generic,,,Transfer of the .fun domain to Radix FZC,,no,,https://www.iana.org/reports/tld-transfer/20210825-fun
.fun,.fun,2024-02-08,ianaTransferReport,iana-report,generic,,,Transfer of the .fun domain to Radix Technologies Inc.,,no,,https://www.iana.org/reports/tld-transfer/20240208-fun
.fun,.fun,2026-10-04,delegated,current-snapshot,generic,Radix Technologies Inc.,Cayman Islands (the),,,yes,,https://www.iana.org/domains/root/db/fun.html
.fund,.fund,2000,applicationSubmitted,application,generic,"Name.Space, Incorporated",United States,2000-001,,no,,https://archive.icann.org/en/tlds/tld-applications-lodged-02oct00.htm
.fund,.fund,2014-04-17,ianaRegistration,iana-registration,generic,"Binky Moon, LLC",United States of America (the),,,no,,https://www.iana.org/domains/root/db/fund.html
.fund,.fund,2014-04-21,ianaDelegationReport,iana-report,generic,,,"Delegation of the .fund domain to John Castle, LLC",,no,,https://www.iana.org/reports/c.2.9.2.d/20140421-fund
.fund,.fund,2018-03-23,ianaTransferReport,iana-report,generic,,,Transfer of the .academy domain and 195 others,,no,,https://www.iana.org/reports/tld-transfer/20180323-binkymoon
.fund,.fund,2026-10-04,delegated,current-snapshot,generic,"Binky Moon, LLC",United States of America (the),,,yes,,https://www.iana.org/domains/root/db/fund.html
.funds,.funds,2000,applicationSubmitted,application,notApplicable,"Name.Space, Incorporated",United States,2000-001,,no,,https://archive.icann.org/en/tlds/tld-applications-lodged-02oct00.htm
.funds,.funds,2026-10-04,notDelegated,current-snapshot,notApplicable,"Name.Space, Incorporated",,,,yes,,https://archive.icann.org/en/tlds/tld-applications-lodged-02oct00.htm
.furniture,.furniture,2014-04-17,ianaRegistration,iana-registration,generic,"Binky Moon, LLC",United States of America (the),,,no,,https://www.iana.org/domains/root/db/furniture.html
.furniture,.furniture,2014-04-21,ianaDelegationReport,iana-report,generic,,,"Delegation of the .furniture domain to Lone Fields, LLC",,no,,https://www.iana.org/reports/c.2.9.2.d/20140421-furniture
.furniture,.furniture,2018-03-23,ianaTransferReport,iana-report,generic,,,Transfer of the .academy domain and 195 others,,no,,https://www.iana.org/reports/tld-transfer/20180323-binkymoon
.furniture,.furniture,2026-10-04,delegated,current-snapshot,generic,"Binky Moon, LLC",United States of America (the),,,yes,,https://www.iana.org/domains/root/db/furniture.html
.futbol,.futbol,2014-02-06,ianaRegistration,iana-registration,generic,"Dog Beach, LLC",United States of America (the),,,no,,https://www.iana.org/domains/root/db/futbol.html
.futbol,.futbol,2014-02-07,ianaDelegationReport,iana-report,generic,,,"Delegation of the .futbol domain to United TLD Holdco, LTD",,no,,https://www.iana.org/reports/c.2.9.2.d/20140207-futbol
.futbol,.futbol,2021-06-02,ianaTransferReport,iana-report,generic,,,"Transfer of the .futbol domain to Dog Beach, LLC",,no,,https://www.iana.org/reports/tld-transfer/20210602-futbol
.futbol,.futbol,2026-10-04,delegated,current-snapshot,generic,"Dog Beach, LLC",United States of America (the),,,yes,,https://www.iana.org/domains/root/db/futbol.html
.fyi,.fyi,2015-05-14,ianaRegistration,iana-registration,generic,"Binky Moon, LLC",United States of America (the),,,no,,https://www.iana.org/domains/root/db/fyi.html
.fyi,.fyi,2015-05-21,ianaDelegationReport,iana-report,generic,,,"Delegation of the .fyi domain to Silver Tigers, LLC",,no,,https://www.iana.org/reports/c.2.9.2.d/20150521-fyi
.fyi,.fyi,2018-03-23,ianaTransferReport,iana-report,generic,,,Transfer of the .academy domain and 195 others,,no,,https://www.iana.org/reports/tld-transfer/20180323-binkymoon
.fyi,.fyi,2026-10-04,delegated,current-snapshot,generic,"Binky Moon, LLC",United States of America (the),,,yes,,https://www.iana.org/domains/root/db/fyi.html
.ga,.ga,1994-12-12,ianaRegistration,iana-registration,country-code,Agence Nationale des Infrastructures Numériques et des Fréquences (ANINF),Gabon,,,no,,https://www.iana.org/domains/root/db/ga.html
.ga,.ga,2013-03-29,ianaTransferReport,iana-report,country-code,,,Report on the Redelegation of the .GA domain representing Gabon to Agence Nationale des Infrastructures Numériques et des Fréquences,,no,,https://www.iana.org/reports/2013/ga-report-20130329.html
.ga,.ga,2026-10-04,delegated,current-snapshot,country-code,Agence Nationale des Infrastructures Numériques et des Fréquences (ANINF),Gabon,,,yes,,https://www.iana.org/domains/root/db/ga.html
.gal,.gal,2014-03-13,ianaRegistration,iana-registration,generic,Asociación puntoGAL,Spain,,,no,,https://www.iana.org/domains/root/db/gal.html
.gal,.gal,2014-04-08,ianaDelegationReport,iana-report,generic,,,Delegation of the .gal domain to Asociación puntoGAL,,no,,https://www.iana.org/reports/c.2.9.2.d/20140408-gal
.gal,.gal,2026-10-04,delegated,current-snapshot,generic,Asociación puntoGAL,Spain,,,yes,,https://www.iana.org/domains/root/db/gal.html
.gallery,.gallery,2000,applicationSubmitted,application,generic,"Name.Space, Incorporated",United States,2000-001,,no,,https://archive.icann.org/en/tlds/tld-applications-lodged-02oct00.htm
.gallery,.gallery,2013-11-08,ianaRegistration,iana-registration,generic,"Binky Moon, LLC",United States of America (the),,,no,,https://www.iana.org/domains/root/db/gallery.html
.gallery,.gallery,2013-11-11,ianaDelegationReport,iana-report,generic,,,"Delegation of the .GALLERY domain to Sugar House, LLC",,no,,https://www.iana.org/reports/c.2.9.2.d/20131111-gallery
.gallery,.gallery,2018-03-23,ianaTransferReport,iana-report,generic,,,Transfer of the .academy domain and 195 others,,no,,https://www.iana.org/reports/tld-transfer/20180323-binkymoon
.gallery,.gallery,2026-10-04,delegated,current-snapshot,generic,"Binky Moon, LLC",United States of America (the),,,yes,,https://www.iana.org/domains/root/db/gallery.html
.gallo,.gallo,2015-10-24,ianaRegistration,iana-registration,generic,"Gallo Vineyards, Inc.",United States of America (the),,,no,,https://www.iana.org/domains/root/db/gallo.html
.gallo,.gallo,2016-03-15,ianaDelegationReport,iana-report,generic,,,"Delegation of the .gallo domain to Gallo Vineyards, Inc.",,no,,https://www.iana.org/reports/c.2.9.2.d/20160315-gallo
.gallo,.gallo,2026-10-04,delegated,current-snapshot,generic,"Gallo Vineyards, Inc.",United States of America (the),,,yes,,https://www.iana.org/domains/root/db/gallo.html
.gallup,.gallup,2015-10-15,ianaRegistration,iana-registration,generic,"Gallup, Inc.",United States of America (the),,,no,,https://www.iana.org/domains/root/db/gallup.html
.gallup,.gallup,2016-02-08,ianaDelegationReport,iana-report,generic,,,"Delegation of the .gallup domain to Gallup, Inc.",,no,,https://www.iana.org/reports/c.2.9.2.d/20160208-gallup
.gallup,.gallup,2026-10-04,delegated,current-snapshot,generic,"Gallup, Inc.",United States of America (the),,,yes,,https://www.iana.org/domains/root/db/gallup.html
.game,.game,2000,applicationSubmitted,application,generic,Eastern Communications Company Limited,China,2000-017,,no,,https://archive.icann.org/en/tlds/tld-applications-lodged-02oct00.htm
.game,.game,2015-07-02,ianaRegistration,iana-registration,generic,XYZ.COM LLC,United States of America (the),,,no,,https://www.iana.org/domains/root/db/game.html
.game,.game,2015-07-06,ianaDelegationReport,iana-report,generic,,,"Delegation of the .game domain to Uniregistry, Corp.",,no,,https://www.iana.org/reports/c.2.9.2.d/20150706-game
.game,.game,2022-03-23,ianaTransferReport,iana-report,generic,,,Transfer of the .game domain to XYZ.COM LLC,,no,,https://www.iana.org/reports/tld-transfer/20220323-game
.game,.game,2026-10-04,delegated,current-snapshot,generic,XYZ.COM LLC,United States of America (the),,,yes,,https://www.iana.org/domains/root/db/game.html
.games,.games,2000,applicationSubmitted,application,generic,"Name.Space, Incorporated",United States,2000-001,,no,,https://archive.icann.org/en/tlds/tld-applications-lodged-02oct00.htm
.games,.games,2016-05-24,ianaRegistration,iana-registration,generic,"Dog Beach, LLC",United States of America (the),,,no,,https://www.iana.org/domains/root/db/games.html
.games,.games,2016-05-31,ianaDelegationReport,iana-report,generic,,,Delegation of the .games domain to United TLD Holdco Ltd.,,no,,https://www.iana.org/reports/c.2.9.2.d/20160531-games
.games,.games,2021-06-02,ianaTransferReport,iana-report,generic,,,"Transfer of the .games domain to Dog Beach, LLC",,no,,https://www.iana.org/reports/tld-transfer/20210602-games
.games,.games,2026-10-04,delegated,current-snapshot,generic,"Dog Beach, LLC",United States of America (the),,,yes,,https://www.iana.org/domains/root/db/games.html
.gap,.gap,2016-07-14,ianaRegistration,iana-registration,generic,"The Gap, Inc.",United States of America (the),,,no,,https://www.iana.org/domains/root/db/gap.html
.gap,.gap,2016-08-01,ianaDelegationReport,iana-report,generic,,,"Delegation of the .gap domain to The Gap, Inc.",,no,,https://www.iana.org/reports/c.2.9.2.d/20160801-gap
.gap,.gap,2026-10-04,delegated,current-snapshot,generic,"The Gap, Inc.",United States of America (the),,,yes,,https://www.iana.org/domains/root/db/gap.html
.garden,.garden,2014-10-23,ianaRegistration,iana-registration,generic,"Registry Services, LLC",United States of America (the),,,no,,https://www.iana.org/domains/root/db/garden.html
.garden,.garden,2014-12-10,ianaDelegationReport,iana-report,generic,,,Delegation of the .garden domain to Top Level Domain Holdings Limited,,no,,https://www.iana.org/reports/c.2.9.2.d/20141210-garden
.garden,.garden,2021-09-14,ianaTransferReport,iana-report,generic,,,"Transfer of the .garden domain to Registry Services, LLC",,no,,https://www.iana.org/reports/tld-transfer/20210914-garden
.garden,.garden,2026-10-04,delegated,current-snapshot,generic,"Registry Services, LLC",United States of America (the),,,yes,,https://www.iana.org/domains/root/db/garden.html
.gay,.gay,2000,applicationSubmitted,application,generic,"Name.Space, Incorporated",United States,2000-001,,no,,https://archive.icann.org/en/tlds/tld-applications-lodged-02oct00.htm
.gay,.gay,2019-07-19,ianaRegistration,iana-registration,generic,"Registry Services, LLC",United States of America (the),,,no,,https://www.iana.org/domains/root/db/gay.html
.gay,.gay,2019-08-09,ianaDelegationReport,iana-report,generic,,,"Delegation of the .gay domain to Top Level Design, LLC",,no,,https://www.iana.org/reports/tld-transfer/20190809-gay
.gay,.gay,2023-06-26,ianaTransferReport,iana-report,generic,,,"Transfer of the .gay domain to Registry Services, LLC",,no,,https://www.iana.org/reports/tld-transfer/20230626-gay
.gay,.gay,2026-10-04,delegated,current-snapshot,generic,"Registry Services, LLC",United States of America (the),,,yes,,https://www.iana.org/domains/root/db/gay.html
.gb,.gb,1985,reserved,,country-code,Reserved Domain - IANA,United Kingdom,,,no,,https://www.iana.org/domains/root/db/gb.html | https://www.iana.org/help/eligible-tlds
.gb,.gb,1985-07-24,ianaRegistration,iana-registration,country-code,,,,,no,,https://www.iana.org/domains/root/db/gb.html
.gb,.gb,2026-10-04,reserved,current-snapshot,country-code,,United Kingdom,,,yes,,https://www.iana.org/domains/root/db/gb.html
.gbiz,.gbiz,2014-08-23,ianaRegistration,iana-registration,generic,Charleston Road Registry Inc.,United States of America (the),,,no,,https://www.iana.org/domains/root/db/gbiz.html
.gbiz,.gbiz,2014-08-25,ianaDelegationReport,iana-report,generic,,,Delegation of the .gbiz domain to Charleston Road Registry Inc.,,no,,https://www.iana.org/reports/c.2.9.2.d/20140825-gbiz
.gbiz,.gbiz,2026-10-04,delegated,current-snapshot,generic,Charleston Road Registry Inc.,United States of America (the),,,yes,,https://www.iana.org/domains/root/db/gbiz.html
.gd,.gd,1992-06-03,ianaRegistration,iana-registration,country-code,The National Telecommunications Regulatory Commission (NTRC),Grenada,,,no,,https://www.iana.org/domains/root/db/gd.html
.gd,.gd,2006-07-24,ianaTransferReport,iana-report,country-code,,,IANA Report on the Redelegation of the .GD Top-Level Domain,,no,,https://www.iana.org/reports/2006/gd-report-24jul2006.html
.gd,.gd,2026-10-04,delegated,current-snapshot,country-code,The National Telecommunications Regulatory Commission (NTRC),Grenada,,,yes,,https://www.iana.org/domains/root/db/gd.html
.gdn,.gdn,2014-12-04,ianaRegistration,iana-registration,generic,"Joint Stock Company ""Navigation-information systems""",United Arab Emirates (the),,,no,,https://www.iana.org/domains/root/db/gdn.html
.gdn,.gdn,2015-02-11,ianaDelegationReport,iana-report,generic,,,"Delegation of the .gdn domain to Joint Stock Company ""Navigation-information systems""",,no,,https://www.iana.org/reports/c.2.9.2.d/20150211-gdn
.gdn,.gdn,2026-10-04,delegated,current-snapshot,generic,"Joint Stock Company ""Navigation-information systems""",United Arab Emirates (the),,,yes,,https://www.iana.org/domains/root/db/gdn.html
.ge,.ge,1992-12-02,ianaRegistration,iana-registration,country-code,Caucasus Online LLC,Georgia,,,no,,https://www.iana.org/domains/root/db/ge.html
.ge,.ge,2026-10-04,delegated,current-snapshot,country-code,Caucasus Online LLC,Georgia,,,yes,,https://www.iana.org/domains/root/db/ge.html
.gea,.gea,2015-07-09,ianaRegistration,iana-registration,generic,GEA Group Aktiengesellschaft,Germany,,,no,,https://www.iana.org/domains/root/db/gea.html
.gea,.gea,2015-08-26,ianaDelegationReport,iana-report,generic,,,Delegation of the .gea domain to GEA Group Aktiengesellschaft,,no,,https://www.iana.org/reports/c.2.9.2.d/20150826-gea
.gea,.gea,2026-10-04,delegated,current-snapshot,generic,GEA Group Aktiengesellschaft,Germany,,,yes,,https://www.iana.org/domains/root/db/gea.html
.gent,.gent,2014-07-03,ianaRegistration,iana-registration,generic,Easyhost bv,Belgium,,,no,,https://www.iana.org/domains/root/db/gent.html
.gent,.gent,2014-07-10,ianaDelegationReport,iana-report,generic,,,Delegation of the .gent domain to COMBELL GROUP NV/SA,,no,,https://www.iana.org/reports/c.2.9.2.d/20140710-gent
.gent,.gent,2026-03-06,ianaTransferReport,iana-report,generic,,,Transfer of the .gent domain to Easyhost bv,,no,,https://www.iana.org/reports/tld-transfer/20260306-gent
.gent,.gent,2026-10-04,delegated,current-snapshot,generic,Easyhost bv,Belgium,,,yes,,https://www.iana.org/domains/root/db/gent.html
.genting,.genting,2015-06-11,ianaRegistration,iana-registration,generic,Resorts World Inc. Pte. Ltd.,Singapore,,,no,,https://www.iana.org/domains/root/db/genting.html
.genting,.genting,2015-06-18,ianaDelegationReport,iana-report,generic,,,Delegation of the .genting domain to Resorts World Inc Pte. Ltd.,,no,,https://www.iana.org/reports/c.2.9.2.d/20150618-genting
.genting,.genting,2026-10-04,delegated,current-snapshot,generic,Resorts World Inc. Pte. Ltd.,Singapore,,,yes,,https://www.iana.org/domains/root/db/genting.html
.geo,.geo,2000,applicationSubmitted,application,notApplicable,SRI International,United States,2000-018,,no,,https://archive.icann.org/en/tlds/tld-applications-lodged-02oct00.htm
.geo,.geo,2000,evaluated,,application,,,,,no,,https://archive.icann.org/en/tlds/
.geo,.geo,2026-10-04,notDelegated,current-snapshot,notApplicable,SRI International,,,,yes,,https://archive.icann.org/en/tlds/
.george,.george,2016-07-21,ianaRegistration,iana-registration,generic,"Wal-Mart Stores, Inc.",United States of America (the),,,no,,https://www.iana.org/domains/root/db/george.html
.george,.george,2016-08-16,ianaDelegationReport,iana-report,generic,,,"Delegation of the .george domain to Wal-Mart Stores, Inc.",,no,,https://www.iana.org/reports/c.2.9.2.d/20160816-george
.george,.george,2026-10-04,delegated,current-snapshot,generic,"Wal-Mart Stores, Inc.",United States of America (the),,,yes,,https://www.iana.org/domains/root/db/george.html
.gf,.gf,1996-07-25,ianaRegistration,iana-registration,country-code,CANAL+ TELECOM,France,,,no,,https://www.iana.org/domains/root/db/gf.html
.gf,.gf,2026-10-04,delegated,current-snapshot,country-code,CANAL+ TELECOM,France,,,yes,,https://www.iana.org/domains/root/db/gf.html
.gg,.gg,1996-08-07,ianaRegistration,iana-registration,country-code,Island Networks Ltd.,Guernsey,,,no,,https://www.iana.org/domains/root/db/gg.html
.gg,.gg,2026-10-04,delegated,current-snapshot,country-code,Island Networks Ltd.,Guernsey,,,yes,,https://www.iana.org/domains/root/db/gg.html
.ggee,.ggee,2014-12-18,ianaRegistration,iana-registration,generic,"GMO Internet, Inc.",Japan,,,no,,https://www.iana.org/domains/root/db/ggee.html
.ggee,.ggee,2014-12-22,ianaDelegationReport,iana-report,generic,,,"Delegation of the .ggee domain to GMO Internet, Inc.",,no,,https://www.iana.org/reports/c.2.9.2.d/20141222-ggee
.ggee,.ggee,2026-10-04,delegated,current-snapshot,generic,"GMO Internet, Inc.",Japan,,,yes,,https://www.iana.org/domains/root/db/ggee.html
.gh,.gh,1995-01-19,ianaRegistration,iana-registration,country-code,Network Computer Systems Limited,Ghana,,,no,,https://www.iana.org/domains/root/db/gh.html
.gh,.gh,2026-10-04,delegated,current-snapshot,country-code,Network Computer Systems Limited,Ghana,,,yes,,https://www.iana.org/domains/root/db/gh.html
.gi,.gi,1995-12-05,ianaRegistration,iana-registration,country-code,Sapphire Networks,Gibraltar,,,no,,https://www.iana.org/domains/root/db/gi.html
.gi,.gi,2026-10-04,delegated,current-snapshot,country-code,Sapphire Networks,Gibraltar,,,yes,,https://www.iana.org/domains/root/db/gi.html
.gift,.gift,2014-01-09,ianaRegistration,iana-registration,generic,"Uniregistry, Corp.",Cayman Islands (the),,,no,,https://www.iana.org/domains/root/db/gift.html
.gift,.gift,2014-01-16,ianaDelegationReport,iana-report,generic,,,"Delegation of the .GIFT domain to Uniregistry, Corp.",,no,,https://www.iana.org/reports/c.2.9.2.d/20140116-gift
.gift,.gift,2026-10-04,delegated,current-snapshot,generic,"Uniregistry, Corp.",Cayman Islands (the),,,yes,,https://www.iana.org/domains/root/db/gift.html
.gifts,.gifts,2014-07-31,ianaRegistration,iana-registration,generic,"Binky Moon, LLC",United States of America (the),,,no,,https://www.iana.org/domains/root/db/gifts.html
.gifts,.gifts,2014-08-05,ianaDelegationReport,iana-report,generic,,,"Delegation of the .gifts domain to Goose Sky, LLC",,no,,https://www.iana.org/reports/c.2.9.2.d/20140805-gifts
.gifts,.gifts,2018-03-23,ianaTransferReport,iana-report,generic,,,Transfer of the .academy domain and 195 others,,no,,https://www.iana.org/reports/tld-transfer/20180323-binkymoon
.gifts,.gifts,2026-10-04,delegated,current-snapshot,generic,"Binky Moon, LLC",United States of America (the),,,yes,,https://www.iana.org/domains/root/db/gifts.html
.gives,.gives,2014-05-29,ianaRegistration,iana-registration,generic,Public Interest Registry (PIR),United States of America (the),,,no,,https://www.iana.org/domains/root/db/gives.html
.gives,.gives,2014-06-02,ianaDelegationReport,iana-report,generic,,,"Delegation of the .gives domain to United TLD Holdco, Ltd",,no,,https://www.iana.org/reports/c.2.9.2.d/20140602-gives
.gives,.gives,2021-06-02,ianaTransferReport,iana-report,generic,,,"Transfer of the .gives domain to Dog Beach, LLC",,no,,https://www.iana.org/reports/tld-transfer/20210602-gives
.gives,.gives,2022-08-25,ianaTransferReport,iana-report,generic,,,Transfer of the .gives domain to Public Interest Registry,,no,,https://www.iana.org/reports/tld-transfer/20220825-gives
.gives,.gives,2026-10-04,delegated,current-snapshot,generic,Public Interest Registry (PIR),United States of America (the),,,yes,,https://www.iana.org/domains/root/db/gives.html
.giving,.giving,2015-06-11,ianaRegistration,iana-registration,generic,Public Interest Registry (PIR),United States of America (the),,,no,,https://www.iana.org/domains/root/db/giving.html
.giving,.giving,2015-07-30,ianaDelegationReport,iana-report,generic,,,Delegation of the .giving domain to Giving Limited,,no,,https://www.iana.org/reports/c.2.9.2.d/20150730-giving
.giving,.giving,2022-10-13,ianaTransferReport,iana-report,generic,,,Transfer of the .giving domain to Public Interest Registry (PIR),,no,,https://www.iana.org/reports/tld-transfer/20221013-giving
.giving,.giving,2026-10-04,delegated,current-snapshot,generic,Public Interest Registry (PIR),United States of America (the),,,yes,,https://www.iana.org/domains/root/db/giving.html
.gl,.gl,1994-04-08,ianaRegistration,iana-registration,country-code,TELE Greenland A/S,Greenland,,,no,,https://www.iana.org/domains/root/db/gl.html
.gl,.gl,2026-10-04,delegated,current-snapshot,country-code,TELE Greenland A/S,Greenland,,,yes,,https://www.iana.org/domains/root/db/gl.html
.glade,.glade,2016-07-14,ianaRegistration,iana-registration,generic,,,,,no,,https://www.iana.org/domains/root/db/glade.html
.glade,.glade,2016-07-20,ianaDelegationReport,iana-report,generic,,,"Delegation of the .glade domain to Johnson Shareholdings, Inc.",,no,,https://www.iana.org/reports/c.2.9.2.d/20160720-glade
.glade,.glade,2021-12-03,ianaRevocationReport,iana-report,generic,,,Revocation of the .glade domain,,no,,https://www.iana.org/reports/tld-transfer/20211203-glade
.glade,.glade,2026-10-04,notDelegated,current-snapshot,generic,,,,,yes,,https://www.iana.org/domains/root/db/glade.html
.glass,.glass,2013-12-19,ianaRegistration,iana-registration,generic,"Binky Moon, LLC",United States of America (the),,,no,,https://www.iana.org/domains/root/db/glass.html
.glass,.glass,2013-12-20,ianaDelegationReport,iana-report,generic,,,"Delegation of the .GLASS domain to Black Cover, LLC",,no,,https://www.iana.org/reports/c.2.9.2.d/20131220-glass
.glass,.glass,2018-03-23,ianaTransferReport,iana-report,generic,,,Transfer of the .academy domain and 195 others,,no,,https://www.iana.org/reports/tld-transfer/20180323-binkymoon
.glass,.glass,2026-10-04,delegated,current-snapshot,generic,"Binky Moon, LLC",United States of America (the),,,yes,,https://www.iana.org/domains/root/db/glass.html
.gle,.gle,2014-09-04,ianaRegistration,iana-registration,generic,Charleston Road Registry Inc.,United States of America (the),,,no,,https://www.iana.org/domains/root/db/gle.html
.gle,.gle,2014-09-09,ianaDelegationReport,iana-report,generic,,,Delegation of the .gle domain to Charleston Road Registry Inc.,,no,,https://www.iana.org/reports/c.2.9.2.d/20140909-gle
.gle,.gle,2026-10-04,delegated,current-snapshot,generic,Charleston Road Registry Inc.,United States of America (the),,,yes,,https://www.iana.org/domains/root/db/gle.html
.global,.global,2000,applicationSubmitted,application,generic,Diebold Incorporated,United States,2000-009,,no,,https://archive.icann.org/en/tlds/tld-applications-lodged-02oct00.htm
.global,.global,2014-05-29,ianaRegistration,iana-registration,generic,Identity Digital Limited,United States of America (the),,,no,,https://www.iana.org/domains/root/db/global.html
.global,.global,2014-06-05,ianaDelegationReport,iana-report,generic,,,Delegation of the .global domain to Dot GLOBAL AS,,no,,https://www.iana.org/reports/c.2.9.2.d/20140605-global
.global,.global,2024-04-10,ianaTransferReport,iana-report,generic,,,Transfer of the .global domain to Identity Digital Limited,,no,,https://www.iana.org/reports/tld-transfer/20240410-global
.global,.global,2026-10-04,delegated,current-snapshot,generic,Identity Digital Limited,United States of America (the),,,yes,,https://www.iana.org/domains/root/db/global.html
.globo,.globo,2014-02-20,ianaRegistration,iana-registration,generic,Globo Comunicação e Participações S.A,Brazil,,,no,,https://www.iana.org/domains/root/db/globo.html
.globo,.globo,2014-04-29,ianaDelegationReport,iana-report,generic,,,Delegation of the .globo domain to Globo Comunicação e Participações S.A,,no,,https://www.iana.org/reports/c.2.9.2.d/20140429-globo
.globo,.globo,2026-10-04,delegated,current-snapshot,generic,Globo Comunicação e Participações S.A,Brazil,,,yes,,https://www.iana.org/domains/root/db/globo.html
.gm,.gm,1997-03-28,ianaRegistration,iana-registration,country-code,GM-NIC,Gambia (the),,,no,,https://www.iana.org/domains/root/db/gm.html
.gm,.gm,2026-10-04,delegated,current-snapshot,country-code,GM-NIC,Gambia (the),,,yes,,https://www.iana.org/domains/root/db/gm.html
.gmail,.gmail,2014-08-23,ianaRegistration,iana-registration,generic,Charleston Road Registry Inc.,United States of America (the),,,no,,https://www.iana.org/domains/root/db/gmail.html
.gmail,.gmail,2014-08-25,ianaDelegationReport,iana-report,generic,,,Delegation of the .gmail domain to Charleston Road Registry Inc.,,no,,https://www.iana.org/reports/c.2.9.2.d/20140825-gmail
.gmail,.gmail,2026-10-04,delegated,current-snapshot,generic,Charleston Road Registry Inc.,United States of America (the),,,yes,,https://www.iana.org/domains/root/db/gmail.html
.gmbh,.gmbh,2016-03-03,ianaRegistration,iana-registration,generic,"Binky Moon, LLC",United States of America (the),,,no,,https://www.iana.org/domains/root/db/gmbh.html
.gmbh,.gmbh,2016-03-07,ianaDelegationReport,iana-report,generic,,,"Delegation of the .gmbh domain to Extra Dynamite, LLC",,no,,https://www.iana.org/reports/c.2.9.2.d/20160307-gmbh
.gmbh,.gmbh,2018-03-23,ianaTransferReport,iana-report,generic,,,Transfer of the .academy domain and 195 others,,no,,https://www.iana.org/reports/tld-transfer/20180323-binkymoon
.gmbh,.gmbh,2026-10-04,delegated,current-snapshot,generic,"Binky Moon, LLC",United States of America (the),,,yes,,https://www.iana.org/domains/root/db/gmbh.html
.gmo,.gmo,2014-02-27,ianaRegistration,iana-registration,generic,"GMO Internet, Inc.",Japan,,,no,,https://www.iana.org/domains/root/db/gmo.html
.gmo,.gmo,2014-04-29,ianaDelegationReport,iana-report,generic,,,"Delegation of the .gmo domain to GMO Internet, Inc.",,no,,https://www.iana.org/reports/c.2.9.2.d/20140429-gmo
.gmo,.gmo,2026-10-04,delegated,current-snapshot,generic,"GMO Internet, Inc.",Japan,,,yes,,https://www.iana.org/domains/root/db/gmo.html
.gmx,.gmx,2014-08-07,ianaRegistration,iana-registration,generic,1&1 Mail & Media GmbH,Germany,,,no,,https://www.iana.org/domains/root/db/gmx.html
.gmx,.gmx,2014-09-03,ianaDelegationReport,iana-report,generic,,,Delegation of the .gmx domain to 1&1 Mail & Media GmbH,,no,,https://www.iana.org/reports/tld-transfer/20140903-gmx
.gmx,.gmx,2026-10-04,delegated,current-snapshot,generic,1&1 Mail & Media GmbH,Germany,,,yes,,https://www.iana.org/domains/root/db/gmx.html
.gn,.gn,1994-08-09,ianaRegistration,iana-registration,country-code,Centre National des Sciences Halieutiques de Boussoura,Guinea,,,no,,https://www.iana.org/domains/root/db/gn.html
.gn,.gn,2026-10-04,delegated,current-snapshot,country-code,Centre National des Sciences Halieutiques de Boussoura,Guinea,,,yes,,https://www.iana.org/domains/root/db/gn.html
.go,.go,2000,applicationSubmitted,application,notApplicable,"Dubai Technology, Electronic Commerce and Media Free Zone Authority",United Arab Emirates,2000-013,,no,,https://archive.icann.org/en/tlds/tld-applications-lodged-02oct00.htm
.go,.go,2026-10-04,notDelegated,current-snapshot,notApplicable,"Dubai Technology, Electronic Commerce and Media Free Zone Authority",,,,yes,,https://archive.icann.org/en/tlds/tld-applications-lodged-02oct00.htm
.godaddy,.godaddy,2016-06-24,ianaRegistration,iana-registration,generic,"Go Daddy East, LLC",United States of America (the),,,no,,https://www.iana.org/domains/root/db/godaddy.html
.godaddy,.godaddy,2016-07-01,ianaDelegationReport,iana-report,generic,,,"Delegation of the .godaddy domain to Go Daddy East, LLC",,no,,https://www.iana.org/reports/c.2.9.2.d/20160701-godaddy
.godaddy,.godaddy,2026-10-04,delegated,current-snapshot,generic,"Go Daddy East, LLC",United States of America (the),,,yes,,https://www.iana.org/domains/root/db/godaddy.html
.gold,.gold,2015-03-12,ianaRegistration,iana-registration,generic,"Binky Moon, LLC",United States of America (the),,,no,,https://www.iana.org/domains/root/db/gold.html
.gold,.gold,2015-03-18,ianaDelegationReport,iana-report,generic,,,"Delegation of the .gold domain to June Edge, LLC",,no,,https://www.iana.org/reports/c.2.9.2.d/20150318-gold
.gold,.gold,2018-03-23,ianaTransferReport,iana-report,generic,,,Transfer of the .academy domain and 195 others,,no,,https://www.iana.org/reports/tld-transfer/20180323-binkymoon
.gold,.gold,2026-10-04,delegated,current-snapshot,generic,"Binky Moon, LLC",United States of America (the),,,yes,,https://www.iana.org/domains/root/db/gold.html
.goldpoint,.goldpoint,2015-02-13,ianaRegistration,iana-registration,generic,"YODOBASHI CAMERA CO.,LTD.",Japan,,,no,,https://www.iana.org/domains/root/db/goldpoint.html
.goldpoint,.goldpoint,2015-02-17,ianaDelegationReport,iana-report,generic,,,"Delegation of the .goldpoint domain to Yodobashi Camera Co., Ltd.",,no,,https://www.iana.org/reports/c.2.9.2.d/20150217-goldpoint
.goldpoint,.goldpoint,2026-10-04,delegated,current-snapshot,generic,"YODOBASHI CAMERA CO.,LTD.",Japan,,,yes,,https://www.iana.org/domains/root/db/goldpoint.html
.golf,.golf,2015-03-12,ianaRegistration,iana-registration,generic,"Binky Moon, LLC",United States of America (the),,,no,,https://www.iana.org/domains/root/db/golf.html
.golf,.golf,2015-03-18,ianaDelegationReport,iana-report,generic,,,"Delegation of the .golf domain to Lone Falls, LLC",,no,,https://www.iana.org/reports/c.2.9.2.d/20150318-golf
.golf,.golf,2018-03-23,ianaTransferReport,iana-report,generic,,,Transfer of the .academy domain and 195 others,,no,,https://www.iana.org/reports/tld-transfer/20180323-binkymoon
.golf,.golf,2026-10-04,delegated,current-snapshot,generic,"Binky Moon, LLC",United States of America (the),,,yes,,https://www.iana.org/domains/root/db/golf.html
.goo,.goo,2015-02-13,ianaRegistration,iana-registration,generic,,,,,no,,https://www.iana.org/domains/root/db/goo.html
.goo,.goo,2015-02-27,ianaDelegationReport,iana-report,generic,,,Delegation of the .goo domain to NTT Resonant Inc.,,no,,https://www.iana.org/reports/c.2.9.2.d/20150227-goo
.goo,.goo,2026-02-06,ianaRevocationReport,iana-report,generic,,,Revocation of the .goo domain,,no,,https://www.iana.org/reports/tld-transfer/20260206-goo
.goo,.goo,2026-10-04,notDelegated,current-snapshot,generic,,,,,yes,,https://www.iana.org/domains/root/db/goo.html
.goodhands,.goodhands,2016-02-05,ianaRegistration,iana-registration,generic,,,,,no,,https://www.iana.org/domains/root/db/goodhands.html
.goodhands,.goodhands,2016-07-11,ianaDelegationReport,iana-report,generic,,,Delegation of the .goodhands domain to Allstate Fire and Casualty Insurance Company,,no,,https://www.iana.org/reports/c.2.9.2.d/20160711-goodhands
.goodhands,.goodhands,2018-09-20,ianaRevocationReport,iana-report,generic,,,Revocation of the .goodhands domain,,no,,https://www.iana.org/reports/tld-transfer/20180920-goodhands
.goodhands,.goodhands,2026-10-04,notDelegated,current-snapshot,generic,,,,,yes,,https://www.iana.org/domains/root/db/goodhands.html
.goodyear,.goodyear,2015-12-17,ianaRegistration,iana-registration,generic,The Goodyear Tire & Rubber Company,United States of America (the),,,no,,https://www.iana.org/domains/root/db/goodyear.html
.goodyear,.goodyear,2016-06-06,ianaDelegationReport,iana-report,generic,,,Delegation of the .goodyear domain to The Goodyear Tire & Rubber Company,,no,,https://www.iana.org/reports/c.2.9.2.d/20160606-goodyear
.goodyear,.goodyear,2026-10-04,delegated,current-snapshot,generic,The Goodyear Tire & Rubber Company,United States of America (the),,,yes,,https://www.iana.org/domains/root/db/goodyear.html
.goog,.goog,2015-01-08,ianaRegistration,iana-registration,generic,Charleston Road Registry Inc.,United States of America (the),,,no,,https://www.iana.org/domains/root/db/goog.html
.goog,.goog,2015-01-21,ianaDelegationReport,iana-report,generic,,,Delegation of the .goog domain to Charleston Road Registry Inc.,,no,,https://www.iana.org/reports/c.2.9.2.d/20150121-goog
.goog,.goog,2026-10-04,delegated,current-snapshot,generic,Charleston Road Registry Inc.,United States of America (the),,,yes,,https://www.iana.org/domains/root/db/goog.html
.google,.google,2014-09-04,ianaRegistration,iana-registration,generic,Charleston Road Registry Inc.,United States of America (the),,,no,,https://www.iana.org/domains/root/db/google.html
.google,.google,2014-09-09,ianaDelegationReport,iana-report,generic,,,Delegation of the .google domain to Charleston Road Registry Inc.,,no,,https://www.iana.org/reports/c.2.9.2.d/20140909-google
.google,.google,2026-10-04,delegated,current-snapshot,generic,Charleston Road Registry Inc.,United States of America (the),,,yes,,https://www.iana.org/domains/root/db/google.html
.gop,.gop,2014-03-06,ianaRegistration,,,,,,,no,,https://www.iana.org/domains/root/db/gop.html
.gop,.gop,2014-04-02,ianaDelegationReport,iana-report,generic,,,"Delegation of the .gop domain to Republican State Leadership Committee, Inc.",,no,,https://www.iana.org/reports/c.2.9.2.d/20140402-gop
.gop,.gop,2026-10-04,delegated,,generic,"Republican State Leadership Committee, Inc.",United States of America (the),,,yes,,https://www.iana.org/domains/root/db/gop.html
.got,.got,2015-11-12,ianaRegistration,iana-registration,generic,"Jolly Host, LLC",United States of America (the),,,no,,https://www.iana.org/domains/root/db/got.html
.got,.got,2015-12-02,ianaDelegationReport,iana-report,generic,,,"Delegation of the .got domain to Amazon Registry Services, Inc.",,no,,https://www.iana.org/reports/tld-transfer/20151202-got
.got,.got,2026-05-04,ianaTransferReport,iana-report,generic,,,"Transfer of the .got domain to Jolly Host, LLC",,no,,https://www.iana.org/reports/tld-transfer/20260504-got
.got,.got,2026-10-04,delegated,current-snapshot,generic,"Jolly Host, LLC",United States of America (the),,,yes,,https://www.iana.org/domains/root/db/got.html
.gov,.gov,1985-01-01,ianaRegistration,,,,,,,no,,https://www.iana.org/domains/root/db/gov.html
.gov,.gov,2026-10-04,delegated,,sponsored,Cybersecurity and Infrastructure Security Agency,United States of America (the),,,yes,,https://www.iana.org/domains/root/db/gov.html
.gp,.gp,1996-10-21,ianaRegistration,iana-registration,country-code,Networking Technologies Group,Guadeloupe,,,no,,https://www.iana.org/domains/root/db/gp.html
.gp,.gp,2026-10-04,delegated,current-snapshot,country-code,Networking Technologies Group,Guadeloupe,,,yes,,https://www.iana.org/domains/root/db/gp.html
.gq,.gq,1997-07-10,ianaRegistration,iana-registration,country-code,GETESA,Equatorial Guinea,,,no,,https://www.iana.org/domains/root/db/gq.html
.gq,.gq,2026-10-04,delegated,current-snapshot,country-code,GETESA,Equatorial Guinea,,,yes,,https://www.iana.org/domains/root/db/gq.html
.gr,.gr,1989-02-19,ianaRegistration,iana-registration,country-code,ICS-FORTH GR,Greece,,,no,,https://www.iana.org/domains/root/db/gr.html
.gr,.gr,2026-10-04,delegated,current-snapshot,country-code,ICS-FORTH GR,Greece,,,yes,,https://www.iana.org/domains/root/db/gr.html
.grainger,.grainger,2015-10-29,ianaRegistration,iana-registration,generic,"Grainger Registry Services, LLC",United States of America (the),,,no,,https://www.iana.org/domains/root/db/grainger.html
.grainger,.grainger,2015-11-10,ianaDelegationReport,iana-report,generic,,,"Delegation of the .grainger domain to Grainger Registry Services, LLC",,no,,https://www.iana.org/reports/c.2.9.2.d/20151110-grainger
.grainger,.grainger,2026-10-04,delegated,current-snapshot,generic,"Grainger Registry Services, LLC",United States of America (the),,,yes,,https://www.iana.org/domains/root/db/grainger.html
.graphics,.graphics,2000,applicationSubmitted,application,generic,"Name.Space, Incorporated",United States,2000-001,,no,,https://archive.icann.org/en/tlds/tld-applications-lodged-02oct00.htm
.graphics,.graphics,2013-11-08,ianaRegistration,iana-registration,generic,"Binky Moon, LLC",United States of America (the),,,no,,https://www.iana.org/domains/root/db/graphics.html
.graphics,.graphics,2018-03-23,ianaTransferReport,iana-report,generic,,,Transfer of the .academy domain and 195 others,,no,,https://www.iana.org/reports/tld-transfer/20180323-binkymoon
.graphics,.graphics,2026-10-04,delegated,current-snapshot,generic,"Binky Moon, LLC",United States of America (the),,,yes,,https://www.iana.org/domains/root/db/graphics.html
.gratis,.gratis,2014-04-17,ianaRegistration,iana-registration,generic,"Binky Moon, LLC",United States of America (the),,,no,,https://www.iana.org/domains/root/db/gratis.html
.gratis,.gratis,2014-04-21,ianaDelegationReport,iana-report,generic,,,"Delegation of the .gratis domain to Pioneer Tigers, LLC",,no,,https://www.iana.org/reports/c.2.9.2.d/20140421-gratis
.gratis,.gratis,2018-03-23,ianaTransferReport,iana-report,generic,,,Transfer of the .academy domain and 195 others,,no,,https://www.iana.org/reports/tld-transfer/20180323-binkymoon
.gratis,.gratis,2026-10-04,delegated,current-snapshot,generic,"Binky Moon, LLC",United States of America (the),,,yes,,https://www.iana.org/domains/root/db/gratis.html
.green,.green,2014-06-12,ianaRegistration,iana-registration,generic,Identity Digital Limited,United States of America (the),,,no,,https://www.iana.org/domains/root/db/green.html
.green,.green,2014-06-17,ianaDelegationReport,iana-report,generic,,,Delegation of the .green domain to Afilias Limited,,no,,https://www.iana.org/reports/c.2.9.2.d/20140617-green
.green,.green,2019-05-08,ianaTransferReport,iana-report,generic,,,Transfer of the .green domain to Afilias Limited,,no,,https://www.iana.org/reports/tld-transfer/20190508-green
.green,.green,2026-10-04,delegated,current-snapshot,generic,Identity Digital Limited,United States of America (the),,,yes,,https://www.iana.org/domains/root/db/green.html
.gripe,.gripe,2014-04-03,ianaRegistration,iana-registration,generic,"Binky Moon, LLC",United States of America (the),,,no,,https://www.iana.org/domains/root/db/gripe.html
.gripe,.gripe,2014-04-09,ianaDelegationReport,iana-report,generic,,,"Delegation of the .gripe domain to Corn Sunset, LLC",,no,,https://www.iana.org/reports/c.2.9.2.d/20140409-gripe
.gripe,.gripe,2018-03-23,ianaTransferReport,iana-report,generic,,,Transfer of the .academy domain and 195 others,,no,,https://www.iana.org/reports/tld-transfer/20180323-binkymoon
.gripe,.gripe,2026-10-04,delegated,current-snapshot,generic,"Binky Moon, LLC",United States of America (the),,,yes,,https://www.iana.org/domains/root/db/gripe.html
.grocery,.grocery,2017-06-08,ianaRegistration,iana-registration,generic,"Wal-Mart Stores, Inc.",United States of America (the),,,no,,https://www.iana.org/domains/root/db/grocery.html
.grocery,.grocery,2017-06-27,ianaDelegationReport,iana-report,generic,,,"Delegation of the .grocery domain to Wal-Mart Stores, Inc.",,no,,https://www.iana.org/reports/tld-transfer/20170627-grocery
.grocery,.grocery,2026-10-04,delegated,current-snapshot,generic,"Wal-Mart Stores, Inc.",United States of America (the),,,yes,,https://www.iana.org/domains/root/db/grocery.html
.group,.group,2000,applicationSubmitted,application,generic,"Name.Space, Incorporated",United States,2000-001,,no,,https://archive.icann.org/en/tlds/tld-applications-lodged-02oct00.htm
.group,.group,2015-07-30,ianaRegistration,iana-registration,generic,"Binky Moon, LLC",United States of America (the),,,no,,https://www.iana.org/domains/root/db/group.html
.group,.group,2015-08-05,ianaDelegationReport,iana-report,generic,,,"Delegation of the .group domain to Romeo Town, LLC",,no,,https://www.iana.org/reports/c.2.9.2.d/20150805-group
.group,.group,2018-03-23,ianaTransferReport,iana-report,generic,,,Transfer of the .academy domain and 195 others,,no,,https://www.iana.org/reports/tld-transfer/20180323-binkymoon
.group,.group,2026-10-04,delegated,current-snapshot,generic,"Binky Moon, LLC",United States of America (the),,,yes,,https://www.iana.org/domains/root/db/group.html
.gs,.gs,1997-07-31,ianaRegistration,iana-registration,country-code,Government of South Georgia and South Sandwich Islands (GSGSSI),South Georgia and the South Sandwich Islands,,,no,,https://www.iana.org/domains/root/db/gs.html
.gs,.gs,2006-03-07,ianaTransferReport,iana-report,country-code,,,IANA Report on the Redelegation of the .GS Top-Level Domain,,no,,https://www.iana.org/reports/2006/gs-report-07mar2006.pdf
.gs,.gs,2026-10-04,delegated,current-snapshot,country-code,Government of South Georgia and South Sandwich Islands (GSGSSI),South Georgia and the South Sandwich Islands,,,yes,,https://www.iana.org/domains/root/db/gs.html
.gt,.gt,1992-08-14,ianaRegistration,iana-registration,country-code,Universidad del Valle de Guatemala,Guatemala,,,no,,https://www.iana.org/domains/root/db/gt.html
.gt,.gt,2026-10-04,delegated,current-snapshot,country-code,Universidad del Valle de Guatemala,Guatemala,,,yes,,https://www.iana.org/domains/root/db/gt.html
.gu,.gu,1994-04-15,ianaRegistration,iana-registration,country-code,University of Guam,Guam,,,no,,https://www.iana.org/domains/root/db/gu.html
.gu,.gu,2026-10-04,delegated,current-snapshot,country-code,University of Guam,Guam,,,yes,,https://www.iana.org/domains/root/db/gu.html
.guardian,.guardian,2016-04-14,ianaRegistration,iana-registration,generic,,,,,no,,https://www.iana.org/domains/root/db/guardian.html
.guardian,.guardian,2016-05-11,ianaDelegationReport,iana-report,generic,,,Delegation of the .guardian domain to The Guardian Life Insurance Company of America,,no,,https://www.iana.org/reports/c.2.9.2.d/20160511-guardian
.guardian,.guardian,2024-03-05,ianaRevocationReport,iana-report,generic,,,Revocation of the .guardian domain,,no,,https://www.iana.org/reports/tld-transfer/20240305-guardian
.guardian,.guardian,2026-10-04,notDelegated,current-snapshot,generic,,,,,yes,,https://www.iana.org/domains/root/db/guardian.html
.gucci,.gucci,2015-03-06,ianaRegistration,iana-registration,generic,Guccio Gucci S.p.a.,Italy,,,no,,https://www.iana.org/domains/root/db/gucci.html
.gucci,.gucci,2015-10-26,ianaDelegationReport,iana-report,generic,,,Delegation of the .gucci domain to Guccio Gucci S.p.a.,,no,,https://www.iana.org/reports/c.2.9.2.d/20151026-gucci
.gucci,.gucci,2026-10-04,delegated,current-snapshot,generic,Guccio Gucci S.p.a.,Italy,,,yes,,https://www.iana.org/domains/root/db/gucci.html
.guge,.guge,2015-02-19,ianaRegistration,iana-registration,generic,Charleston Road Registry Inc.,United States of America (the),,,no,,https://www.iana.org/domains/root/db/guge.html
.guge,.guge,2015-03-19,ianaDelegationReport,iana-report,generic,,,Delegation of the .guge domain to Charleston Road Registry Inc.,,no,,https://www.iana.org/reports/c.2.9.2.d/20150319-guge
.guge,.guge,2026-10-04,delegated,current-snapshot,generic,Charleston Road Registry Inc.,United States of America (the),,,yes,,https://www.iana.org/domains/root/db/guge.html
.guide,.guide,2000,applicationSubmitted,application,generic,"Name.Space, Incorporated",United States,2000-001,,no,,https://archive.icann.org/en/tlds/tld-applications-lodged-02oct00.htm
.guide,.guide,2014-05-08,ianaRegistration,iana-registration,generic,"Binky Moon, LLC",United States of America (the),,,no,,https://www.iana.org/domains/root/db/guide.html
.guide,.guide,2014-05-09,ianaDelegationReport,iana-report,generic,,,"Delegation of the .guide domain to Snow Moon, LLC",,no,,https://www.iana.org/reports/c.2.9.2.d/20140509-guide
.guide,.guide,2018-03-23,ianaTransferReport,iana-report,generic,,,Transfer of the .academy domain and 195 others,,no,,https://www.iana.org/reports/tld-transfer/20180323-binkymoon
.guide,.guide,2026-10-04,delegated,current-snapshot,generic,"Binky Moon, LLC",United States of America (the),,,yes,,https://www.iana.org/domains/root/db/guide.html
.guitars,.guitars,2014-01-09,ianaRegistration,iana-registration,generic,XYZ.COM LLC,United States of America (the),,,no,,https://www.iana.org/domains/root/db/guitars.html
.guitars,.guitars,2014-01-16,ianaDelegationReport,iana-report,generic,,,"Delegation of the .GUITARS domain to Uniregistry, Corp.",,no,,https://www.iana.org/reports/c.2.9.2.d/20140116-guitars
.guitars,.guitars,2022-03-23,ianaTransferReport,iana-report,generic,,,Transfer of the .guitars domain to XYZ.COM LLC,,no,,https://www.iana.org/reports/tld-transfer/20220323-guitars
.guitars,.guitars,2026-10-04,delegated,current-snapshot,generic,XYZ.COM LLC,United States of America (the),,,yes,,https://www.iana.org/domains/root/db/guitars.html
.guru,.guru,2013-10-31,ianaRegistration,,,,,,,no,,https://www.iana.org/domains/root/db/guru.html
.guru,.guru,2013-11-04,ianaDelegationReport,iana-report,generic,,,"Delegation of the .GURU domain to Pioneer Cypress, LLC",,no,,https://www.iana.org/reports/c.2.9.2.d/20131104-guru
.guru,.guru,2018-03-23,ianaTransferReport,iana-report,generic,,,Transfer of the .academy domain and 195 others,,no,,https://www.iana.org/reports/tld-transfer/20180323-binkymoon
.guru,.guru,2026-10-04,delegated,,generic,"Binky Moon, LLC",United States of America (the),,,yes,,https://www.iana.org/domains/root/db/guru.html
.gw,.gw,1997-02-04,ianaRegistration,iana-registration,country-code,Autoridade Reguladora Nacional - Tecnologias de Informação e Comunicação da Guiné-Bissau,Guinea-Bissau,,,no,,https://www.iana.org/domains/root/db/gw.html
.gw,.gw,2007-04-12,ianaTransferReport,iana-report,country-code,,,Report on Redelegation of the .GW Top-Level Domain,,no,,https://www.iana.org/reports/2007/gw-report-12apr2007.html
.gw,.gw,2014-06-03,ianaTransferReport,iana-report,country-code,,,Redelegation of the .gw domain to Autoridade Reguladora Nacional das Tecnologias de Informação e Comunicação da Guiné Bissau,,no,,https://www.iana.org/reports/2014/gw-report-20140603.html
.gw,.gw,2026-10-04,delegated,current-snapshot,country-code,Autoridade Reguladora Nacional - Tecnologias de Informação e Comunicação da Guiné-Bissau,Guinea-Bissau,,,yes,,https://www.iana.org/domains/root/db/gw.html
.gy,.gy,1994-09-13,ianaRegistration,iana-registration,country-code,University of Guyana,Guyana,,,no,,https://www.iana.org/domains/root/db/gy.html
.gy,.gy,2026-10-04,delegated,current-snapshot,country-code,University of Guyana,Guyana,,,yes,,https://www.iana.org/domains/root/db/gy.html
.hair,.hair,2016-09-16,ianaRegistration,iana-registration,generic,XYZ.COM LLC,United States of America (the),,,no,,https://www.iana.org/domains/root/db/hair.html
.hair,.hair,2016-12-02,ianaDelegationReport,iana-report,generic,,,Delegation of the .hair domain to L'Oréal,,no,,https://www.iana.org/reports/tld-transfer/20161202-hair
.hair,.hair,2020-09-15,ianaTransferReport,iana-report,generic,,,Transfer of the .hair domain to XYZ.COM LLC,,no,,https://www.iana.org/reports/tld-transfer/20200915-hair
.hair,.hair,2026-10-04,delegated,current-snapshot,generic,XYZ.COM LLC,United States of America (the),,,yes,,https://www.iana.org/domains/root/db/hair.html
.hamburg,.hamburg,2014-05-22,ianaRegistration,,,,,,,no,,https://www.iana.org/domains/root/db/hamburg.html
.hamburg,.hamburg,2014-06-02,ianaDelegationReport,iana-report,generic,,,Delegation of the .hamburg domain to Hamburg Top-Level-Domain GmbH,,no,,https://www.iana.org/reports/c.2.9.2.d/20140602-hamburg
.hamburg,.hamburg,2026-10-04,delegated,,generic,Hamburg Top-Level-Domain GmbH,Germany,,,yes,,https://www.iana.org/domains/root/db/hamburg.html
.hangout,.hangout,2015-01-08,ianaRegistration,iana-registration,generic,Charleston Road Registry Inc.,United States of America (the),,,no,,https://www.iana.org/domains/root/db/hangout.html
.hangout,.hangout,2015-01-21,ianaDelegationReport,iana-report,generic,,,Delegation of the .hangout domain to Charleston Road Registry Inc.,,no,,https://www.iana.org/reports/c.2.9.2.d/20150121-hangout
.hangout,.hangout,2026-10-04,delegated,current-snapshot,generic,Charleston Road Registry Inc.,United States of America (the),,,yes,,https://www.iana.org/domains/root/db/hangout.html
.haus,.haus,2014-03-26,ianaRegistration,iana-registration,generic,"Dog Beach, LLC",United States of America (the),,,no,,https://www.iana.org/domains/root/db/haus.html
.haus,.haus,2014-03-27,ianaDelegationReport,iana-report,generic,,,"Delegation of the .haus domain to United TLD Holdco, Ltd",,no,,https://www.iana.org/reports/c.2.9.2.d/20140327-haus
.haus,.haus,2021-06-02,ianaTransferReport,iana-report,generic,,,"Transfer of the .haus domain to Dog Beach, LLC",,no,,https://www.iana.org/reports/tld-transfer/20210602-haus
.haus,.haus,2026-10-04,delegated,current-snapshot,generic,"Dog Beach, LLC",United States of America (the),,,yes,,https://www.iana.org/domains/root/db/haus.html
.hbo,.hbo,2016-07-08,ianaRegistration,iana-registration,generic,"HBO Registry Services, Inc.",United States of America (the),,,no,,https://www.iana.org/domains/root/db/hbo.html
.hbo,.hbo,2016-08-10,ianaDelegationReport,iana-report,generic,,,"Delegation of the .hbo domain to HBO Registry Services, Inc.",,no,,https://www.iana.org/reports/c.2.9.2.d/20160810-hbo
.hbo,.hbo,2026-10-04,delegated,current-snapshot,generic,"HBO Registry Services, Inc.",United States of America (the),,,yes,,https://www.iana.org/domains/root/db/hbo.html
.hdfc,.hdfc,2016-07-21,ianaRegistration,iana-registration,generic,HOUSING DEVELOPMENT FINANCE CORPORATION LIMITED,India,,,no,,https://www.iana.org/domains/root/db/hdfc.html
.hdfc,.hdfc,2016-08-12,ianaDelegationReport,iana-report,generic,,,Delegation of the .hdfc domain to Housing Development Finance Corporation Limited,,no,,https://www.iana.org/reports/c.2.9.2.d/20160812-hdfc
.hdfc,.hdfc,2026-10-04,delegated,current-snapshot,generic,HOUSING DEVELOPMENT FINANCE CORPORATION LIMITED,India,,,yes,,https://www.iana.org/domains/root/db/hdfc.html
.hdfcbank,.hdfcbank,2016-02-05,ianaRegistration,iana-registration,generic,HDFC Bank Limited,India,,,no,,https://www.iana.org/domains/root/db/hdfcbank.html
.hdfcbank,.hdfcbank,2016-02-09,ianaDelegationReport,iana-report,generic,,,Delegation of the .hdfcbank domain to HDFC Bank Limited,,no,,https://www.iana.org/reports/c.2.9.2.d/20160209-hdfcbank
.hdfcbank,.hdfcbank,2026-10-04,delegated,current-snapshot,generic,HDFC Bank Limited,India,,,yes,,https://www.iana.org/domains/root/db/hdfcbank.html
.health,.health,2000,applicationSubmitted,application,generic,World Health Organization,Switzerland,2000-019,,no,,https://archive.icann.org/en/tlds/tld-applications-lodged-02oct00.htm
.health,.health,2000,evaluated,,application,,,,,no,,https://archive.icann.org/en/tlds/health1/icann-index.htm | https://archive.icann.org/en/tlds/
.health,.health,2012,application,,application,"DotHealth, LLC",United States,,,no,,https://gtldresult.icann.org/applicationstatus/applicationdetails/495
.health,.health,2015-09-17,ianaRegistration,,,,,,,no,,https://www.iana.org/domains/root/db/health.html
.health,.health,2016-01-21,ianaDelegationReport,iana-report,generic,,,"Delegation of the .health domain to DotHealth, LLC",,no,,https://www.iana.org/reports/c.2.9.2.d/20160121-health
.health,.health,2023-06-26,ianaTransferReport,iana-report,generic,,,"Transfer of the .health domain to Registry Services, LLC",,no,,https://www.iana.org/reports/tld-transfer/20230626-health
.health,.health,2023-06-26,registryTransferReport,,,"Registry Services, LLC",United States,,,no,,https://www.iana.org/reports/tld-transfer/20230626-health
.health,.health,2026-10-04,delegated,,generic,"Registry Services, LLC",United States of America (the),,,yes,,https://www.iana.org/domains/root/db/health.html
.healthcare,.healthcare,2014-07-24,ianaRegistration,iana-registration,generic,"Binky Moon, LLC",United States of America (the),,,no,,https://www.iana.org/domains/root/db/healthcare.html
.healthcare,.healthcare,2014-07-28,ianaDelegationReport,iana-report,generic,,,"Delegation of the .healthcare domain to Silver Glen, LLC",,no,,https://www.iana.org/reports/c.2.9.2.d/20140728-healthcare
.healthcare,.healthcare,2018-03-23,ianaTransferReport,iana-report,generic,,,Transfer of the .academy domain and 195 others,,no,,https://www.iana.org/reports/tld-transfer/20180323-binkymoon
.healthcare,.healthcare,2026-10-04,delegated,current-snapshot,generic,"Binky Moon, LLC",United States of America (the),,,yes,,https://www.iana.org/domains/root/db/healthcare.html
.help,.help,2000,applicationSubmitted,application,generic,"Name.Space, Incorporated",United States,2000-001,,no,,https://archive.icann.org/en/tlds/tld-applications-lodged-02oct00.htm
.help,.help,2014-08-15,ianaDelegationReport,iana-report,generic,,,"Delegation of the .help domain to Uniregistry, Corp.",,no,,https://www.iana.org/reports/c.2.9.2.d/20140815-help
.help,.help,2014-08-15,ianaRegistration,iana-registration,generic,Innovation Service Ltd,Seychelles,,,no,,https://www.iana.org/domains/root/db/help.html
.help,.help,2024-01-04,ianaTransferReport,iana-report,generic,,,Transfer of the .help domain to Innovation Service Ltd,,no,,https://www.iana.org/reports/tld-transfer/20240104-help
.help,.help,2026-10-04,delegated,current-snapshot,generic,Innovation Service Ltd,Seychelles,,,yes,,https://www.iana.org/domains/root/db/help.html
.helsinki,.helsinki,2015-12-10,ianaRegistration,iana-registration,generic,City of Helsinki,Finland,,,no,,https://www.iana.org/domains/root/db/helsinki.html
.helsinki,.helsinki,2016-01-21,ianaDelegationReport,iana-report,generic,,,Delegation of the .helsinki domain to City of Helsinki,,no,,https://www.iana.org/reports/c.2.9.2.d/20160121-helsinki
.helsinki,.helsinki,2026-10-04,delegated,current-snapshot,generic,City of Helsinki,Finland,,,yes,,https://www.iana.org/domains/root/db/helsinki.html
.here,.here,2014-06-12,ianaRegistration,iana-registration,generic,Charleston Road Registry Inc.,United States of America (the),,,no,,https://www.iana.org/domains/root/db/here.html
.here,.here,2014-08-27,ianaDelegationReport,iana-report,generic,,,Delegation of the .here domain to Charleston Road Registry Inc.,,no,,https://www.iana.org/reports/c.2.9.2.d/20140827-here
.here,.here,2026-10-04,delegated,current-snapshot,generic,Charleston Road Registry Inc.,United States of America (the),,,yes,,https://www.iana.org/domains/root/db/here.html
.hermes,.hermes,2014-10-30,ianaRegistration,iana-registration,generic,Hermes International,France,,,no,,https://www.iana.org/domains/root/db/hermes.html
.hermes,.hermes,2015-01-23,ianaDelegationReport,iana-report,generic,,,Delegation of the .hermes domain to Hermes International,,no,,https://www.iana.org/reports/c.2.9.2.d/20150123-hermes
.hermes,.hermes,2026-10-04,delegated,current-snapshot,generic,Hermes International,France,,,yes,,https://www.iana.org/domains/root/db/hermes.html
.hgtv,.hgtv,2016-05-05,ianaRegistration,iana-registration,generic,,,,,no,,https://www.iana.org/domains/root/db/hgtv.html
.hgtv,.hgtv,2016-06-22,ianaDelegationReport,iana-report,generic,,,"Delegation of the .hgtv domain to Lifestyle Domain Holdings, Inc.",,no,,https://www.iana.org/reports/c.2.9.2.d/20160622-hgtv
.hgtv,.hgtv,2023-06-14,ianaRevocationReport,iana-report,generic,,,Revocation of the .hgtv domain,,no,,https://www.iana.org/reports/tld-transfer/20230614-hgtv
.hgtv,.hgtv,2026-10-04,notDelegated,current-snapshot,generic,,,,,yes,,https://www.iana.org/domains/root/db/hgtv.html
.hiphop,.hiphop,2014-05-08,ianaRegistration,iana-registration,generic,"Dot Hip Hop, LLC",United States of America (the),,,no,,https://www.iana.org/domains/root/db/hiphop.html
.hiphop,.hiphop,2014-05-12,ianaDelegationReport,iana-report,generic,,,"Delegation of the .hiphop domain to Uniregistry, Corp.",,no,,https://www.iana.org/reports/c.2.9.2.d/20140512-hiphop
.hiphop,.hiphop,2022-03-26,ianaTransferReport,iana-report,generic,,,"Transfer of the .hiphop domain to Dot Hip Hop, LLC",,no,,https://www.iana.org/reports/tld-transfer/20220326-hiphop
.hiphop,.hiphop,2026-10-04,delegated,current-snapshot,generic,"Dot Hip Hop, LLC",United States of America (the),,,yes,,https://www.iana.org/domains/root/db/hiphop.html
.hisamitsu,.hisamitsu,2016-05-13,ianaRegistration,iana-registration,generic,"Hisamitsu Pharmaceutical Co.,Inc.",Japan,,,no,,https://www.iana.org/domains/root/db/hisamitsu.html
.hisamitsu,.hisamitsu,2016-06-01,ianaDelegationReport,iana-report,generic,,,"Delegation of the .hisamitsu domain to Hisamitsu Pharmaceutical Co., Inc.",,no,,https://www.iana.org/reports/c.2.9.2.d/20160601-hisamitsu
.hisamitsu,.hisamitsu,2026-10-04,delegated,current-snapshot,generic,"Hisamitsu Pharmaceutical Co.,Inc.",Japan,,,yes,,https://www.iana.org/domains/root/db/hisamitsu.html
.history,.history,2000,applicationSubmitted,application,notApplicable,"Name.Space, Incorporated",United States,2000-001,,no,,https://archive.icann.org/en/tlds/tld-applications-lodged-02oct00.htm
.history,.history,2026-10-04,notDelegated,current-snapshot,notApplicable,"Name.Space, Incorporated",,,,yes,,https://archive.icann.org/en/tlds/tld-applications-lodged-02oct00.htm
.hitachi,.hitachi,2015-04-23,ianaRegistration,iana-registration,generic,"Hitachi, Ltd.",Japan,,,no,,https://www.iana.org/domains/root/db/hitachi.html
.hitachi,.hitachi,2015-04-28,ianaDelegationReport,iana-report,generic,,,"Delegation of the .hitachi domain to Hitachi, Ltd.",,no,,https://www.iana.org/reports/c.2.9.2.d/20150428-hitachi
.hitachi,.hitachi,2026-10-04,delegated,current-snapshot,generic,"Hitachi, Ltd.",Japan,,,yes,,https://www.iana.org/domains/root/db/hitachi.html
.hiv,.hiv,2014-05-22,ianaRegistration,iana-registration,generic,Internet Naming Co.,Cayman Islands (the),,,no,,https://www.iana.org/domains/root/db/hiv.html
.hiv,.hiv,2014-05-28,ianaDelegationReport,iana-report,generic,,,Delegation of the .hiv domain to dotHIV gemeinnuetziger e.V.,,no,,https://www.iana.org/reports/c.2.9.2.d/20140528-hiv
.hiv,.hiv,2022-11-16,ianaTransferReport,iana-report,generic,,,Transfer of the .hiv domain to Internet Naming Co.,,no,,https://www.iana.org/reports/tld-transfer/20221116-hiv
.hiv,.hiv,2026-10-04,delegated,current-snapshot,generic,Internet Naming Co.,Cayman Islands (the),,,yes,,https://www.iana.org/domains/root/db/hiv.html
.hk,.hk,1990-01-03,ianaRegistration,iana-registration,country-code,Hong Kong Internet Registration Corporation Ltd.,Hong Kong,,,no,,https://www.iana.org/domains/root/db/hk.html
.hk,.hk,2026-10-04,delegated,current-snapshot,country-code,Hong Kong Internet Registration Corporation Ltd.,Hong Kong,,,yes,,https://www.iana.org/domains/root/db/hk.html
.hkt,.hkt,2016-04-15,ianaRegistration,iana-registration,generic,PCCW-HKT DataCom Services Limited,China,,,no,,https://www.iana.org/domains/root/db/hkt.html
.hkt,.hkt,2016-04-29,ianaDelegationReport,iana-report,generic,,,Delegation of the .hkt domain to PCCW-HKT DataCom Services Limited,,no,,https://www.iana.org/reports/c.2.9.2.d/20160429-hkt
.hkt,.hkt,2026-10-04,delegated,current-snapshot,generic,PCCW-HKT DataCom Services Limited,China,,,yes,,https://www.iana.org/domains/root/db/hkt.html
.hm,.hm,1997-07-24,ianaRegistration,iana-registration,country-code,HM Domain Registry,Australia,,,no,,https://www.iana.org/domains/root/db/hm.html
.hm,.hm,2026-10-04,delegated,current-snapshot,country-code,HM Domain Registry,Australia,,,yes,,https://www.iana.org/domains/root/db/hm.html
.hn,.hn,1993-04-16,ianaRegistration,iana-registration,country-code,Red de Desarrollo Sostenible Honduras,Honduras,,,no,,https://www.iana.org/domains/root/db/hn.html
.hn,.hn,2026-10-04,delegated,current-snapshot,country-code,Red de Desarrollo Sostenible Honduras,Honduras,,,yes,,https://www.iana.org/domains/root/db/hn.html
.hockey,.hockey,2015-04-30,ianaRegistration,iana-registration,generic,"Binky Moon, LLC",United States of America (the),,,no,,https://www.iana.org/domains/root/db/hockey.html
.hockey,.hockey,2015-05-04,ianaDelegationReport,iana-report,generic,,,"Delegation of the .hockey domain to Half Willow, LLC",,no,,https://www.iana.org/reports/c.2.9.2.d/20150504-hockey
.hockey,.hockey,2018-03-23,ianaTransferReport,iana-report,generic,,,Transfer of the .academy domain and 195 others,,no,,https://www.iana.org/reports/tld-transfer/20180323-binkymoon
.hockey,.hockey,2026-10-04,delegated,current-snapshot,generic,"Binky Moon, LLC",United States of America (the),,,yes,,https://www.iana.org/domains/root/db/hockey.html
.holdings,.holdings,2013-10-31,ianaRegistration,iana-registration,generic,"Binky Moon, LLC",United States of America (the),,,no,,https://www.iana.org/domains/root/db/holdings.html
.holdings,.holdings,2013-11-04,ianaDelegationReport,iana-report,generic,,,"Delegation of the .HOLDINGS domain to John Madison, LLC",,no,,https://www.iana.org/reports/c.2.9.2.d/20131104-holdings
.holdings,.holdings,2018-03-23,ianaTransferReport,iana-report,generic,,,Transfer of the .academy domain and 195 others,,no,,https://www.iana.org/reports/tld-transfer/20180323-binkymoon
.holdings,.holdings,2026-10-04,delegated,current-snapshot,generic,"Binky Moon, LLC",United States of America (the),,,yes,,https://www.iana.org/domains/root/db/holdings.html
.holiday,.holiday,2013-12-19,ianaRegistration,iana-registration,generic,"Binky Moon, LLC",United States of America (the),,,no,,https://www.iana.org/domains/root/db/holiday.html
.holiday,.holiday,2013-12-20,ianaDelegationReport,iana-report,generic,,,"Delegation of the .HOLIDAY domain to Goose Woods, LLC",,no,,https://www.iana.org/reports/c.2.9.2.d/20131220-holiday
.holiday,.holiday,2018-03-23,ianaTransferReport,iana-report,generic,,,Transfer of the .academy domain and 195 others,,no,,https://www.iana.org/reports/tld-transfer/20180323-binkymoon
.holiday,.holiday,2026-10-04,delegated,current-snapshot,generic,"Binky Moon, LLC",United States of America (the),,,yes,,https://www.iana.org/domains/root/db/holiday.html
.home,.home,2000,applicationSubmitted,application,notApplicable,"KDD Internet Solutions Co., Ltd.",Japan,2000-008,,no,,https://archive.icann.org/en/tlds/tld-applications-lodged-02oct00.htm
.home,.home,2012,application,,generic,,,,,no,,https://newgtlds.icann.org/en/program-status/statistics
.home,.home,2026-10-04,notDelegated,current-snapshot,notApplicable,"KDD Internet Solutions Co., Ltd.",,,,yes,,https://newgtlds.icann.org/en/program-status/statistics
.homedepot,.homedepot,2015-05-29,ianaRegistration,iana-registration,generic,"Home Depot Product Authority, LLC",United States of America (the),,,no,,https://www.iana.org/domains/root/db/homedepot.html
.homedepot,.homedepot,2015-06-02,ianaDelegationReport,iana-report,generic,,,"Delegation of the .homedepot domain to Homer TLC, Inc.",,no,,https://www.iana.org/reports/c.2.9.2.d/20150602-homedepot
.homedepot,.homedepot,2017-02-21,ianaTransferReport,iana-report,generic,,,"Transfer of the .homedepot domain to Home Depot Product Authority, LLC",,no,,https://www.iana.org/reports/tld-transfer/20170221-homedepot
.homedepot,.homedepot,2026-10-04,delegated,current-snapshot,generic,"Home Depot Product Authority, LLC",United States of America (the),,,yes,,https://www.iana.org/domains/root/db/homedepot.html
.homegoods,.homegoods,2016-04-07,ianaRegistration,iana-registration,generic,"The TJX Companies, Inc.",United States of America (the),,,no,,https://www.iana.org/domains/root/db/homegoods.html
.homegoods,.homegoods,2016-07-07,ianaDelegationReport,iana-report,generic,,,"Delegation of the .homegoods domain to The TJX Companies, Inc.",,no,,https://www.iana.org/reports/c.2.9.2.d/20160707-homegoods
.homegoods,.homegoods,2026-10-04,delegated,current-snapshot,generic,"The TJX Companies, Inc.",United States of America (the),,,yes,,https://www.iana.org/domains/root/db/homegoods.html
.homes,.homes,2014-05-01,ianaRegistration,iana-registration,generic,XYZ.COM LLC,United States of America (the),,,no,,https://www.iana.org/domains/root/db/homes.html
.homes,.homes,2014-05-14,ianaDelegationReport,iana-report,generic,,,"Delegation of the .homes domain to DERHomes, LLC",,no,,https://www.iana.org/reports/c.2.9.2.d/20140514-homes
.homes,.homes,2021-04-05,ianaTransferReport,iana-report,generic,,,Transfer of the .homes domain to XYZ.COM LLC,,no,,https://www.iana.org/reports/tld-transfer/20210405-homes
.homes,.homes,2026-10-04,delegated,current-snapshot,generic,XYZ.COM LLC,United States of America (the),,,yes,,https://www.iana.org/domains/root/db/homes.html
.homesense,.homesense,2016-04-07,ianaRegistration,iana-registration,generic,"The TJX Companies, Inc.",United States of America (the),,,no,,https://www.iana.org/domains/root/db/homesense.html
.homesense,.homesense,2016-07-07,ianaDelegationReport,iana-report,generic,,,"Delegation of the .homesense domain to The TJX Companies, Inc.",,no,,https://www.iana.org/reports/c.2.9.2.d/20160707-homesense
.homesense,.homesense,2026-10-04,delegated,current-snapshot,generic,"The TJX Companies, Inc.",United States of America (the),,,yes,,https://www.iana.org/domains/root/db/homesense.html
.honda,.honda,2015-03-06,ianaRegistration,iana-registration,generic,"Honda Motor Co., Ltd.",Japan,,,no,,https://www.iana.org/domains/root/db/honda.html
.honda,.honda,2015-04-24,ianaDelegationReport,iana-report,generic,,,"Delegation of the .honda domain to Honda Motor Co., Ltd.",,no,,https://www.iana.org/reports/c.2.9.2.d/20150424-honda
.honda,.honda,2026-10-04,delegated,current-snapshot,generic,"Honda Motor Co., Ltd.",Japan,,,yes,,https://www.iana.org/domains/root/db/honda.html
.honeywell,.honeywell,2016-06-03,ianaRegistration,iana-registration,generic,,,,,no,,https://www.iana.org/domains/root/db/honeywell.html
.honeywell,.honeywell,2016-07-22,ianaDelegationReport,iana-report,generic,,,Delegation of the .honeywell domain to Honeywell GTLD LLC,,no,,https://www.iana.org/reports/c.2.9.2.d/20160722-honeywell
.honeywell,.honeywell,2019-06-06,ianaRevocationReport,iana-report,generic,,,Revocation of the .honeywell domain,,no,,https://www.iana.org/reports/tld-transfer/20190606-honeywell
.honeywell,.honeywell,2026-10-04,notDelegated,current-snapshot,generic,,,,,yes,,https://www.iana.org/domains/root/db/honeywell.html
.horse,.horse,2014-02-28,ianaRegistration,iana-registration,generic,"Registry Services, LLC",United States of America (the),,,no,,https://www.iana.org/domains/root/db/horse.html
.horse,.horse,2014-03-27,ianaDelegationReport,iana-report,generic,,,Delegation of the .horse domain to Top Level Domain Holdings Limited,,no,,https://www.iana.org/reports/c.2.9.2.d/20140327-horse
.horse,.horse,2021-09-14,ianaTransferReport,iana-report,generic,,,"Transfer of the .horse domain to Registry Services, LLC",,no,,https://www.iana.org/reports/tld-transfer/20210914-horse
.horse,.horse,2026-10-04,delegated,current-snapshot,generic,"Registry Services, LLC",United States of America (the),,,yes,,https://www.iana.org/domains/root/db/horse.html
.hospital,.hospital,2016-12-02,ianaRegistration,iana-registration,generic,"Binky Moon, LLC",United States of America (the),,,no,,https://www.iana.org/domains/root/db/hospital.html
.hospital,.hospital,2016-12-08,ianaDelegationReport,iana-report,generic,,,"Delegation of the .hospital domain to Ruby Pike, LLC",,no,,https://www.iana.org/reports/tld-transfer/20161208-hospital
.hospital,.hospital,2018-03-23,ianaTransferReport,iana-report,generic,,,Transfer of the .academy domain and 195 others,,no,,https://www.iana.org/reports/tld-transfer/20180323-binkymoon
.hospital,.hospital,2026-10-04,delegated,current-snapshot,generic,"Binky Moon, LLC",United States of America (the),,,yes,,https://www.iana.org/domains/root/db/hospital.html
.host,.host,2014-05-22,ianaRegistration,iana-registration,generic,Radix Technologies Inc.,Cayman Islands (the),,,no,,https://www.iana.org/domains/root/db/host.html
.host,.host,2014-05-27,ianaDelegationReport,iana-report,generic,,,Delegation of the .host domain to DotHost Inc.,,no,,https://www.iana.org/reports/c.2.9.2.d/20140527-host
.host,.host,2021-08-25,ianaTransferReport,iana-report,generic,,,Transfer of the .host domain to Radix FZC,,no,,https://www.iana.org/reports/tld-transfer/20210825-host
.host,.host,2024-02-07,ianaTransferReport,iana-report,generic,,,Transfer of the .host domain to Radix Technologies Inc.,,no,,https://www.iana.org/reports/tld-transfer/20240207-host
.host,.host,2026-10-04,delegated,current-snapshot,generic,Radix Technologies Inc.,Cayman Islands (the),,,yes,,https://www.iana.org/domains/root/db/host.html
.hosting,.hosting,2014-08-15,ianaDelegationReport,iana-report,generic,,,"Delegation of the .hosting domain to Uniregistry, Corp.",,no,,https://www.iana.org/reports/c.2.9.2.d/20140815-hosting
.hosting,.hosting,2014-08-15,ianaRegistration,iana-registration,generic,XYZ.COM LLC,United States of America (the),,,no,,https://www.iana.org/domains/root/db/hosting.html
.hosting,.hosting,2022-03-23,ianaTransferReport,iana-report,generic,,,Transfer of the .hosting domain to XYZ.COM LLC,,no,,https://www.iana.org/reports/tld-transfer/20220323-hosting
.hosting,.hosting,2026-10-04,delegated,current-snapshot,generic,XYZ.COM LLC,United States of America (the),,,yes,,https://www.iana.org/domains/root/db/hosting.html
.hot,.hot,2016-07-21,ianaRegistration,iana-registration,generic,"Amazon Registry Services, Inc.",United States of America (the),,,no,,https://www.iana.org/domains/root/db/hot.html
.hot,.hot,2016-08-05,ianaDelegationReport,iana-report,generic,,,"Delegation of the .hot domain to Amazon Registry Services, Inc.",,no,,https://www.iana.org/reports/c.2.9.2.d/20160805-hot
.hot,.hot,2026-10-04,delegated,current-snapshot,generic,"Amazon Registry Services, Inc.",United States of America (the),,,yes,,https://www.iana.org/domains/root/db/hot.html
.hotel,.hotel,2000,applicationSubmitted,application,notApplicable,"Name.Space, Incorporated",United States,2000-001,,no,,https://archive.icann.org/en/tlds/tld-applications-lodged-02oct00.htm
.hotel,.hotel,2026-10-04,notDelegated,current-snapshot,notApplicable,"Name.Space, Incorporated",,,,yes,,https://archive.icann.org/en/tlds/tld-applications-lodged-02oct00.htm
.hoteles,.hoteles,2015-05-14,ianaRegistration,iana-registration,generic,,,,,no,,https://www.iana.org/domains/root/db/hoteles.html
.hoteles,.hoteles,2015-06-23,ianaDelegationReport,iana-report,generic,,,Delegation of the .hoteles domain to Travel Reservations SRL,,no,,https://www.iana.org/reports/c.2.9.2.d/20150623-hoteles
.hoteles,.hoteles,2023-07-07,ianaRevocationReport,iana-report,generic,,,Revocation of the .hoteles domain,,no,,https://www.iana.org/reports/tld-transfer/20230707-hoteles
.hoteles,.hoteles,2026-10-04,notDelegated,current-snapshot,generic,,,,,yes,,https://www.iana.org/domains/root/db/hoteles.html
.hotels,.hotels,2016-09-16,ianaRegistration,iana-registration,generic,Booking.com B.V.,Netherlands (the),,,no,,https://www.iana.org/domains/root/db/hotels.html
.hotels,.hotels,2017-04-03,ianaDelegationReport,iana-report,generic,,,Delegation of the .hotels domain to Booking.com B.V.,,no,,https://www.iana.org/reports/tld-transfer/20170403-hotels
.hotels,.hotels,2026-10-04,delegated,current-snapshot,generic,Booking.com B.V.,Netherlands (the),,,yes,,https://www.iana.org/domains/root/db/hotels.html
.hotmail,.hotmail,2015-04-30,ianaRegistration,iana-registration,generic,Microsoft Corporation,United States of America (the),,,no,,https://www.iana.org/domains/root/db/hotmail.html
.hotmail,.hotmail,2015-06-04,ianaDelegationReport,iana-report,generic,,,Delegation of the .hotmail domain to Microsoft Corporation,,no,,https://www.iana.org/reports/c.2.9.2.d/20150604-hotmail
.hotmail,.hotmail,2026-10-04,delegated,current-snapshot,generic,Microsoft Corporation,United States of America (the),,,yes,,https://www.iana.org/domains/root/db/hotmail.html
.house,.house,2013-12-19,ianaRegistration,iana-registration,generic,"Binky Moon, LLC",United States of America (the),,,no,,https://www.iana.org/domains/root/db/house.html
.house,.house,2013-12-20,ianaDelegationReport,iana-report,generic,,,"Delegation of the .HOUSE domain to Sugar Park, LLC",,no,,https://www.iana.org/reports/c.2.9.2.d/20131220-house
.house,.house,2018-03-23,ianaTransferReport,iana-report,generic,,,Transfer of the .academy domain and 195 others,,no,,https://www.iana.org/reports/tld-transfer/20180323-binkymoon
.house,.house,2026-10-04,delegated,current-snapshot,generic,"Binky Moon, LLC",United States of America (the),,,yes,,https://www.iana.org/domains/root/db/house.html
.how,.how,2014-06-12,ianaRegistration,iana-registration,generic,Charleston Road Registry Inc.,United States of America (the),,,no,,https://www.iana.org/domains/root/db/how.html
.how,.how,2014-08-15,ianaDelegationReport,iana-report,generic,,,Delegation of the .how domain to Charleston Road Registry Inc.,,no,,https://www.iana.org/reports/c.2.9.2.d/20140815-how
.how,.how,2026-10-04,delegated,current-snapshot,generic,Charleston Road Registry Inc.,United States of America (the),,,yes,,https://www.iana.org/domains/root/db/how.html
.hr,.hr,1993-02-27,ianaRegistration,iana-registration,country-code,CARNet - Croatian Academic and Research Network,Croatia,,,no,,https://www.iana.org/domains/root/db/hr.html
.hr,.hr,2026-10-04,delegated,current-snapshot,country-code,CARNet - Croatian Academic and Research Network,Croatia,,,yes,,https://www.iana.org/domains/root/db/hr.html
.hsbc,.hsbc,2015-01-15,ianaRegistration,iana-registration,generic,HSBC Global Services (UK) Limited,United Kingdom of Great Britain and Northern Ireland (the),,,no,,https://www.iana.org/domains/root/db/hsbc.html
.hsbc,.hsbc,2015-07-08,ianaDelegationReport,iana-report,generic,,,Delegation of the .hsbc domain to HSBC Holdings PLC,,no,,https://www.iana.org/reports/c.2.9.2.d/20150708-hsbc
.hsbc,.hsbc,2016-12-16,ianaTransferReport,iana-report,generic,,,Transfer of the .hsbc domain to HSBC Global Services (UK) Limited,,no,,https://www.iana.org/reports/tld-transfer/20161216-hsbc
.hsbc,.hsbc,2026-10-04,delegated,current-snapshot,generic,HSBC Global Services (UK) Limited,United Kingdom of Great Britain and Northern Ireland (the),,,yes,,https://www.iana.org/domains/root/db/hsbc.html
.ht,.ht,1997-03-06,ianaRegistration,iana-registration,country-code,Consortium FDS/RDDH,Haiti,,,no,,https://www.iana.org/domains/root/db/ht.html
.ht,.ht,2004-01-13,ianaTransferReport,iana-report,country-code,,,IANA Report on Redelegation of the .HT Top-Level Domain,,no,,https://www.iana.org/reports/2004/ht-report-13jan04.html
.ht,.ht,2026-10-04,delegated,current-snapshot,country-code,Consortium FDS/RDDH,Haiti,,,yes,,https://www.iana.org/domains/root/db/ht.html
.htc,.htc,2016-03-03,ianaRegistration,iana-registration,generic,,,,,no,,https://www.iana.org/domains/root/db/htc.html
.htc,.htc,2016-03-29,ianaDelegationReport,iana-report,generic,,,Delegation of the .htc domain to HTC Corporation,,no,,https://www.iana.org/reports/c.2.9.2.d/20160329-htc
.htc,.htc,2017-10-09,ianaRevocationReport,iana-report,generic,,,Revocation of the .htc domain,,no,,https://www.iana.org/reports/tld-transfer/20171009-htc
.htc,.htc,2026-10-04,notDelegated,current-snapshot,generic,,,,,yes,,https://www.iana.org/domains/root/db/htc.html
.hu,.hu,1990-11-07,ianaRegistration,iana-registration,country-code,Council of Hungarian Internet Providers (CHIP),Hungary,,,no,,https://www.iana.org/domains/root/db/hu.html
.hu,.hu,2026-10-04,delegated,current-snapshot,country-code,Council of Hungarian Internet Providers (CHIP),Hungary,,,yes,,https://www.iana.org/domains/root/db/hu.html
.hughes,.hughes,2016-08-04,ianaRegistration,iana-registration,generic,Hughes Satellite Systems Corporation,United States of America (the),,,no,,https://www.iana.org/domains/root/db/hughes.html
.hughes,.hughes,2016-08-08,ianaDelegationReport,iana-report,generic,,,Delegation of the .hughes domain to Hughes Satellite Systems Corporation,,no,,https://www.iana.org/reports/c.2.9.2.d/20160808-hughes
.hughes,.hughes,2026-10-04,delegated,current-snapshot,generic,Hughes Satellite Systems Corporation,United States of America (the),,,yes,,https://www.iana.org/domains/root/db/hughes.html
.hyatt,.hyatt,2016-07-22,ianaRegistration,iana-registration,generic,"Hyatt GTLD, L.L.C.",United States of America (the),,,no,,https://www.iana.org/domains/root/db/hyatt.html
.hyatt,.hyatt,2016-07-26,ianaDelegationReport,iana-report,generic,,,"Delegation of the .hyatt domain to Hyatt GTLD, L.L.C.",,no,,https://www.iana.org/reports/c.2.9.2.d/20160726-hyatt
.hyatt,.hyatt,2026-10-04,delegated,current-snapshot,generic,"Hyatt GTLD, L.L.C.",United States of America (the),,,yes,,https://www.iana.org/domains/root/db/hyatt.html
.hyundai,.hyundai,2015-09-17,ianaRegistration,iana-registration,generic,Hyundai Motor Company,Korea (the Republic of),,,no,,https://www.iana.org/domains/root/db/hyundai.html
.hyundai,.hyundai,2015-09-23,ianaDelegationReport,iana-report,generic,,,Delegation of the .hyundai domain to Hyundai Motor Company,,no,,https://www.iana.org/reports/c.2.9.2.d/20150923-hyundai
.hyundai,.hyundai,2026-10-04,delegated,current-snapshot,generic,Hyundai Motor Company,Korea (the Republic of),,,yes,,https://www.iana.org/domains/root/db/hyundai.html
.i,.i,2000,applicationSubmitted,application,notApplicable,"Sarnoff Corporation / Atomic Tangerine, Inc. / NextDNS, Inc.",United States,2000-020,,no,,https://archive.icann.org/en/tlds/tld-applications-lodged-02oct00.htm
.i,.i,2026-10-04,notDelegated,current-snapshot,notApplicable,"Sarnoff Corporation / Atomic Tangerine, Inc. / NextDNS, Inc.",,,,yes,,https://archive.icann.org/en/tlds/tld-applications-lodged-02oct00.htm
.ibm,.ibm,2014-09-25,ianaRegistration,iana-registration,generic,International Business Machines Corporation,United States of America (the),,,no,,https://www.iana.org/domains/root/db/ibm.html
.ibm,.ibm,2014-09-26,ianaDelegationReport,iana-report,generic,,,Delegation of the .ibm domain to International Business Machines Corporation,,no,,https://www.iana.org/reports/c.2.9.2.d/20140926-ibm
.ibm,.ibm,2026-10-04,delegated,current-snapshot,generic,International Business Machines Corporation,United States of America (the),,,yes,,https://www.iana.org/domains/root/db/ibm.html
.icbc,.icbc,2015-04-09,ianaRegistration,iana-registration,generic,Industrial and Commercial Bank of China Limited,China,,,no,,https://www.iana.org/domains/root/db/icbc.html
.icbc,.icbc,2015-05-11,ianaDelegationReport,iana-report,generic,,,Delegation of the .icbc domain to Industrial and Commercial Bank of China Limited,,no,,https://www.iana.org/reports/c.2.9.2.d/20150511-icbc
.icbc,.icbc,2026-10-04,delegated,current-snapshot,generic,Industrial and Commercial Bank of China Limited,China,,,yes,,https://www.iana.org/domains/root/db/icbc.html
.ice,.ice,2015-07-09,ianaRegistration,iana-registration,generic,"IntercontinentalExchange, Inc.",United States of America (the),,,no,,https://www.iana.org/domains/root/db/ice.html
.ice,.ice,2015-07-20,ianaDelegationReport,iana-report,generic,,,"Delegation of the .ice domain to IntercontinentalExchange, Inc.",,no,,https://www.iana.org/reports/c.2.9.2.d/20150720-ice
.ice,.ice,2026-10-04,delegated,current-snapshot,generic,"IntercontinentalExchange, Inc.",United States of America (the),,,yes,,https://www.iana.org/domains/root/db/ice.html
.icu,.icu,2015-03-06,ianaRegistration,iana-registration,generic,Shortdot SA,Luxembourg,,,no,,https://www.iana.org/domains/root/db/icu.html
.icu,.icu,2015-04-28,ianaDelegationReport,iana-report,generic,,,Delegation of the .icu domain to One.com A/S,,no,,https://www.iana.org/reports/c.2.9.2.d/20150428-icu
.icu,.icu,2018-02-15,ianaTransferReport,iana-report,generic,,,Transfer of the .icu domain to Shortdot SA,,no,,https://www.iana.org/reports/tld-transfer/20180215-icu
.icu,.icu,2026-10-04,delegated,current-snapshot,generic,Shortdot SA,Luxembourg,,,yes,,https://www.iana.org/domains/root/db/icu.html
.id,.id,1993-02-27,ianaRegistration,iana-registration,country-code,Perkumpulan Pengelola Nama Domain Internet Indonesia (PANDI),Indonesia,,,no,,https://www.iana.org/domains/root/db/id.html
.id,.id,2013-05-24,ianaTransferReport,iana-report,country-code,,,Report on the Redelegation of the .ID domain representing Indonesia to Perkumpulan Pengelola Nama Domain Internet Indonesia,,no,,https://www.iana.org/reports/2013/id-report-20130524.html
.id,.id,2026-10-04,delegated,current-snapshot,country-code,Perkumpulan Pengelola Nama Domain Internet Indonesia (PANDI),Indonesia,,,yes,,https://www.iana.org/domains/root/db/id.html
.ie,.ie,1988-01-27,ianaRegistration,iana-registration,country-code,IE Domain Registry CLG,Ireland,,,no,,https://www.iana.org/domains/root/db/ie.html
.ie,.ie,2026-06-11,ianaTransferReport,iana-report,country-code,,,Transfer of the .IE (Ireland) top-level domain to IE Domain Registry CLG,,no,,https://www.iana.org/reports/2026/ie-report-20260611.html
.ie,.ie,2026-10-04,delegated,current-snapshot,country-code,IE Domain Registry CLG,Ireland,,,yes,,https://www.iana.org/domains/root/db/ie.html
.ieee,.ieee,2016-06-09,ianaRegistration,iana-registration,generic,IEEE Global LLC,United States of America (the),,,no,,https://www.iana.org/domains/root/db/ieee.html
.ieee,.ieee,2016-07-15,ianaDelegationReport,iana-report,generic,,,Delegation of the .ieee domain to IEEE Global LLC,,no,,https://www.iana.org/reports/c.2.9.2.d/20160715-ieee
.ieee,.ieee,2026-10-04,delegated,current-snapshot,generic,IEEE Global LLC,United States of America (the),,,yes,,https://www.iana.org/domains/root/db/ieee.html
.ifm,.ifm,2015-01-15,ianaRegistration,iana-registration,generic,ifm electronic gmbh,Germany,,,no,,https://www.iana.org/domains/root/db/ifm.html
.ifm,.ifm,2015-01-21,ianaDelegationReport,iana-report,generic,,,Delegation of the .ifm domain to ifm electronic gmbh,,no,,https://www.iana.org/reports/c.2.9.2.d/20150121-ifm
.ifm,.ifm,2026-10-04,delegated,current-snapshot,generic,ifm electronic gmbh,Germany,,,yes,,https://www.iana.org/domains/root/db/ifm.html
.iinet,.iinet,2014-08-18,ianaRegistration,iana-registration,generic,,,,,no,,https://www.iana.org/domains/root/db/iinet.html
.iinet,.iinet,2015-07-06,ianaDelegationReport,iana-report,generic,,,Delegation of the .iinet domain to Connect West Pty. Ltd.,,no,,https://www.iana.org/reports/c.2.9.2.d/20150706-iinet
.iinet,.iinet,2016-12-19,ianaRevocationReport,iana-report,generic,,,Revocation of the .iinet domain,,no,,https://www.iana.org/reports/tld-transfer/20161219-iinet
.iinet,.iinet,2026-10-04,notDelegated,current-snapshot,generic,,,,,yes,,https://www.iana.org/domains/root/db/iinet.html
.ikano,.ikano,2016-06-03,ianaRegistration,iana-registration,generic,Ikano S.A.,Luxembourg,,,no,,https://www.iana.org/domains/root/db/ikano.html
.ikano,.ikano,2016-06-28,ianaDelegationReport,iana-report,generic,,,Delegation of the .ikano domain to Ikano S.A.,,no,,https://www.iana.org/reports/c.2.9.2.d/20160628-ikano
.ikano,.ikano,2026-10-04,delegated,current-snapshot,generic,Ikano S.A.,Luxembourg,,,yes,,https://www.iana.org/domains/root/db/ikano.html
.il,.il,1985-10-24,ianaRegistration,iana-registration,country-code,The Israel Internet Association (RA),Israel,,,no,,https://www.iana.org/domains/root/db/il.html
.il,.il,2026-10-04,delegated,current-snapshot,country-code,The Israel Internet Association (RA),Israel,,,yes,,https://www.iana.org/domains/root/db/il.html
.im,.im,1996-09-11,ianaRegistration,iana-registration,country-code,Isle of Man Government,United Kingdom of Great Britain and Northern Ireland (the),,,no,,https://www.iana.org/domains/root/db/im.html
.im,.im,2026-10-04,delegated,current-snapshot,country-code,Isle of Man Government,United Kingdom of Great Britain and Northern Ireland (the),,,yes,,https://www.iana.org/domains/root/db/im.html
.imamat,.imamat,2016-04-07,ianaRegistration,iana-registration,generic,Fondation Aga Khan (Aga Khan Foundation),Switzerland,,,no,,https://www.iana.org/domains/root/db/imamat.html
.imamat,.imamat,2016-04-13,ianaDelegationReport,iana-report,generic,,,Delegation of the .imamat domain to Fondation Aga Khan (Aga Khan Foundation),,no,,https://www.iana.org/reports/c.2.9.2.d/20160413-imamat
.imamat,.imamat,2026-10-04,delegated,current-snapshot,generic,Fondation Aga Khan (Aga Khan Foundation),Switzerland,,,yes,,https://www.iana.org/domains/root/db/imamat.html
.imdb,.imdb,2016-05-19,ianaRegistration,iana-registration,generic,"Amazon Registry Services, Inc.",United States of America (the),,,no,,https://www.iana.org/domains/root/db/imdb.html
.imdb,.imdb,2016-06-02,ianaDelegationReport,iana-report,generic,,,"Delegation of the .imdb domain to Amazon Registry Services, Inc.",,no,,https://www.iana.org/reports/c.2.9.2.d/20160602-imdb
.imdb,.imdb,2026-10-04,delegated,current-snapshot,generic,"Amazon Registry Services, Inc.",United States of America (the),,,yes,,https://www.iana.org/domains/root/db/imdb.html
.immo,.immo,2014-08-22,ianaDelegationReport,iana-report,generic,,,"Delegation of the .immo domain to Auburn Bloom, LLC",,no,,https://www.iana.org/reports/c.2.9.2.d/20140822-immo
.immo,.immo,2014-08-22,ianaRegistration,iana-registration,generic,"Binky Moon, LLC",United States of America (the),,,no,,https://www.iana.org/domains/root/db/immo.html
.immo,.immo,2018-03-23,ianaTransferReport,iana-report,generic,,,Transfer of the .academy domain and 195 others,,no,,https://www.iana.org/reports/tld-transfer/20180323-binkymoon
.immo,.immo,2026-10-04,delegated,current-snapshot,generic,"Binky Moon, LLC",United States of America (the),,,yes,,https://www.iana.org/domains/root/db/immo.html
.immobilien,.immobilien,2013-12-19,ianaRegistration,iana-registration,generic,"Dog Beach, LLC",United States of America (the),,,no,,https://www.iana.org/domains/root/db/immobilien.html
.immobilien,.immobilien,2013-12-24,ianaDelegationReport,iana-report,generic,,,Delegation of the .IMMOBILIEN domain to United TLD Holdco Ltd,,no,,https://www.iana.org/reports/c.2.9.2.d/20131224-immobilien
.immobilien,.immobilien,2021-06-02,ianaTransferReport,iana-report,generic,,,"Transfer of the .immobilien domain to Dog Beach, LLC",,no,,https://www.iana.org/reports/tld-transfer/20210602-immobilien
.immobilien,.immobilien,2026-10-04,delegated,current-snapshot,generic,"Dog Beach, LLC",United States of America (the),,,yes,,https://www.iana.org/domains/root/db/immobilien.html
.in,.in,1989-05-08,ianaRegistration,iana-registration,country-code,National Internet Exchange of India,India,,,no,,https://www.iana.org/domains/root/db/in.html
.in,.in,2009-11-27,ianaTransferReport,iana-report,country-code,,,Report on the Redelegation of the .IN domain representing India to the National Internet Exchange of India,,no,,https://www.iana.org/reports/2009/in-report-27nov2009.html
.in,.in,2026-10-04,delegated,current-snapshot,country-code,National Internet Exchange of India,India,,,yes,,https://www.iana.org/domains/root/db/in.html
.inc,.inc,2000,applicationSubmitted,application,generic,"Abacus America, Inc.",United States,2000-005,,no,,https://archive.icann.org/en/tlds/tld-applications-lodged-02oct00.htm
.inc,.inc,2000,applicationSubmitted,application,generic,"Affinity Internet, Inc. / biz Regulatory and Advisory Council (bizTRAC)",United States,2000-006,,no,,https://archive.icann.org/en/tlds/tld-applications-lodged-02oct00.htm
.inc,.inc,2000,applicationSubmitted,application,generic,Eastern Communications Company Limited,China,2000-017,,no,,https://archive.icann.org/en/tlds/tld-applications-lodged-02oct00.htm
.inc,.inc,2012,application,,generic,,,,,no,,https://newgtlds.icann.org/en/program-status/statistics
.inc,.inc,2018-07-03,ianaRegistration,,,,,,,no,,https://www.iana.org/domains/root/db/inc.html
.inc,.inc,2018-07-16,ianaDelegationReport,iana-report,generic,,,Delegation of the .inc domain to Intercap Holdings Inc.,,no,,https://www.iana.org/reports/tld-transfer/20180716-inc
.inc,.inc,2026-10-04,delegated,,generic,Intercap Registry Inc.,Cayman Islands (the),,,yes,,https://www.iana.org/domains/root/db/inc.html
.index,.index,2000,applicationSubmitted,application,notApplicable,"Name.Space, Incorporated",United States,2000-001,,no,,https://archive.icann.org/en/tlds/tld-applications-lodged-02oct00.htm
.index,.index,2026-10-04,notDelegated,current-snapshot,notApplicable,"Name.Space, Incorporated",,,,yes,,https://archive.icann.org/en/tlds/tld-applications-lodged-02oct00.htm
.industries,.industries,2014-02-13,ianaRegistration,iana-registration,generic,"Binky Moon, LLC",United States of America (the),,,no,,https://www.iana.org/domains/root/db/industries.html
.industries,.industries,2014-02-14,ianaDelegationReport,iana-report,generic,,,"Delegation of the .industries domain to Outer House, LLC",,no,,https://www.iana.org/reports/c.2.9.2.d/20140214-industries
.industries,.industries,2018-03-23,ianaTransferReport,iana-report,generic,,,Transfer of the .academy domain and 195 others,,no,,https://www.iana.org/reports/tld-transfer/20180323-binkymoon
.industries,.industries,2026-10-04,delegated,current-snapshot,generic,"Binky Moon, LLC",United States of America (the),,,yes,,https://www.iana.org/domains/root/db/industries.html
.infiniti,.infiniti,2014-07-10,ianaRegistration,iana-registration,generic,"NISSAN MOTOR CO., LTD.",Japan,,,no,,https://www.iana.org/domains/root/db/infiniti.html
.infiniti,.infiniti,2015-03-02,ianaDelegationReport,iana-report,generic,,,"Delegation of the .infiniti domain to Nissan Motor Co., Ltd.",,no,,https://www.iana.org/reports/c.2.9.2.d/20150302-infiniti
.infiniti,.infiniti,2026-10-04,delegated,current-snapshot,generic,"NISSAN MOTOR CO., LTD.",Japan,,,yes,,https://www.iana.org/domains/root/db/infiniti.html
.info,.info,2000,applicationSubmitted,application,generic,"NeuStar, Inc.",United States,2000-012,,no,,https://archive.icann.org/en/tlds/tld-applications-lodged-02oct00.htm
.info,.info,2000,applicationSubmitted,application,generic,Eastern Communications Company Limited,China,2000-017,,no,,https://archive.icann.org/en/tlds/tld-applications-lodged-02oct00.htm
.info,.info,2000,applicationSubmitted,application,generic,"Afilias, LLC",United States,2000-021,,no,,https://archive.icann.org/en/tlds/tld-applications-lodged-02oct00.htm
.info,.info,2001-06-25,ianaReportEvent,iana-report,generic,,,IANA Report on Establishment of the .BIZ and .INFO Top-Level Domains,,no,,https://www.iana.org/reports/2001/biz-info-report-25jun01.html
.info,.info,2001-06-26,ianaRegistration,iana-registration,generic,Identity Digital Limited,United States of America (the),,,no,,https://www.iana.org/domains/root/db/info.html
.info,.info,2026-10-04,delegated,current-snapshot,generic,Identity Digital Limited,United States of America (the),,,yes,,https://www.iana.org/domains/root/db/info.html
.ing,.ing,2014-06-12,ianaRegistration,iana-registration,generic,Charleston Road Registry Inc.,United States of America (the),,,no,,https://www.iana.org/domains/root/db/ing.html
.ing,.ing,2014-08-28,ianaDelegationReport,iana-report,generic,,,Delegation of the .ing domain to Charleston Road Registry Inc.,,no,,https://www.iana.org/reports/c.2.9.2.d/20140828-ing
.ing,.ing,2026-10-04,delegated,current-snapshot,generic,Charleston Road Registry Inc.,United States of America (the),,,yes,,https://www.iana.org/domains/root/db/ing.html
.ink,.ink,2014-02-27,ianaRegistration,iana-registration,generic,"Registry Services, LLC",United States of America (the),,,no,,https://www.iana.org/domains/root/db/ink.html
.ink,.ink,2023-06-26,ianaTransferReport,iana-report,generic,,,"Transfer of the .ink domain to Registry Services, LLC",,no,,https://www.iana.org/reports/tld-transfer/20230626-ink
.ink,.ink,2026-10-04,delegated,current-snapshot,generic,"Registry Services, LLC",United States of America (the),,,yes,,https://www.iana.org/domains/root/db/ink.html
.institute,.institute,2013-12-19,ianaRegistration,iana-registration,generic,"Binky Moon, LLC",United States of America (the),,,no,,https://www.iana.org/domains/root/db/institute.html
.institute,.institute,2013-12-20,ianaDelegationReport,iana-report,generic,,,"Delegation of the .INSTITUTE domain to Outer Maple, LLC",,no,,https://www.iana.org/reports/c.2.9.2.d/20131220-institute
.institute,.institute,2018-03-23,ianaTransferReport,iana-report,generic,,,Transfer of the .academy domain and 195 others,,no,,https://www.iana.org/reports/tld-transfer/20180323-binkymoon
.institute,.institute,2026-10-04,delegated,current-snapshot,generic,"Binky Moon, LLC",United States of America (the),,,yes,,https://www.iana.org/domains/root/db/institute.html
.insurance,.insurance,2000,applicationSubmitted,application,generic,"Name.Space, Incorporated",United States,2000-001,,no,,https://archive.icann.org/en/tlds/tld-applications-lodged-02oct00.htm
.insurance,.insurance,2015-11-06,ianaRegistration,,,,,,,no,,https://www.iana.org/domains/root/db/insurance.html
.insurance,.insurance,2015-11-25,ianaDelegationReport,iana-report,generic,,,Delegation of the .insurance domain to fTLD Registry Services LLC,,no,,https://www.iana.org/reports/c.2.9.2.d/20151125-insurance
.insurance,.insurance,2026-10-04,delegated,,generic,fTLD Registry Services LLC,United States of America (the),,,yes,,https://www.iana.org/domains/root/db/insurance.html
.insure,.insure,2014-04-24,ianaRegistration,iana-registration,generic,"Binky Moon, LLC",United States of America (the),,,no,,https://www.iana.org/domains/root/db/insure.html
.insure,.insure,2014-04-25,ianaDelegationReport,iana-report,generic,,,"Delegation of the .insure domain to Pioneer Willow, LLC",,no,,https://www.iana.org/reports/c.2.9.2.d/20140425-insure
.insure,.insure,2018-03-23,ianaTransferReport,iana-report,generic,,,Transfer of the .academy domain and 195 others,,no,,https://www.iana.org/reports/tld-transfer/20180323-binkymoon
.insure,.insure,2026-10-04,delegated,current-snapshot,generic,"Binky Moon, LLC",United States of America (the),,,yes,,https://www.iana.org/domains/root/db/insure.html
.int,.int,1988-11-03,ianaRegistration,,,,,,,no,,https://www.iana.org/domains/root/db/int.html
.int,.int,2026-10-04,delegated,,sponsored,Internet Assigned Numbers Authority,United States of America (the),,,yes,,https://www.iana.org/domains/root/db/int.html
.intel,.intel,2016-04-21,ianaRegistration,iana-registration,generic,,,,,no,,https://www.iana.org/domains/root/db/intel.html
.intel,.intel,2016-07-26,ianaDelegationReport,iana-report,generic,,,Delegation of the .intel domain to Intel Corporation,,no,,https://www.iana.org/reports/c.2.9.2.d/20160726-intel
.intel,.intel,2020-10-07,ianaRevocationReport,iana-report,generic,,,Revocation of the .intel domain,,no,,https://www.iana.org/reports/tld-transfer/20201007-intel
.intel,.intel,2026-10-04,notDelegated,current-snapshot,generic,,,,,yes,,https://www.iana.org/domains/root/db/intel.html
.international,.international,2013-12-19,ianaRegistration,iana-registration,generic,"Binky Moon, LLC",United States of America (the),,,no,,https://www.iana.org/domains/root/db/international.html
.international,.international,2013-12-20,ianaDelegationReport,iana-report,generic,,,"Delegation of the .international domain to Wild Way, LLC",,no,,https://www.iana.org/reports/tld-transfer/20131220-international
.international,.international,2018-03-23,ianaTransferReport,iana-report,generic,,,Transfer of the .academy domain and 195 others,,no,,https://www.iana.org/reports/tld-transfer/20180323-binkymoon
.international,.international,2026-10-04,delegated,current-snapshot,generic,"Binky Moon, LLC",United States of America (the),,,yes,,https://www.iana.org/domains/root/db/international.html
.intuit,.intuit,2016-06-09,ianaRegistration,iana-registration,generic,"Intuit Administrative Services, Inc.",United States of America (the),,,no,,https://www.iana.org/domains/root/db/intuit.html
.intuit,.intuit,2016-07-07,ianaDelegationReport,iana-report,generic,,,"Delegation of the .intuit domain to Intuit Administrative Services, Inc.",,no,,https://www.iana.org/reports/c.2.9.2.d/20160707-intuit
.intuit,.intuit,2026-10-04,delegated,current-snapshot,generic,"Intuit Administrative Services, Inc.",United States of America (the),,,yes,,https://www.iana.org/domains/root/db/intuit.html
.investments,.investments,2014-04-17,ianaRegistration,iana-registration,generic,"Binky Moon, LLC",United States of America (the),,,no,,https://www.iana.org/domains/root/db/investments.html
.investments,.investments,2014-04-21,ianaDelegationReport,iana-report,generic,,,"Delegation of the .investments domain to Holly Glen, LLC",,no,,https://www.iana.org/reports/c.2.9.2.d/20140421-investments
.investments,.investments,2018-03-23,ianaTransferReport,iana-report,generic,,,Transfer of the .academy domain and 195 others,,no,,https://www.iana.org/reports/tld-transfer/20180323-binkymoon
.investments,.investments,2026-10-04,delegated,current-snapshot,generic,"Binky Moon, LLC",United States of America (the),,,yes,,https://www.iana.org/domains/root/db/investments.html
.io,.io,1997-09-16,ianaRegistration,,,,,,,no,,https://www.iana.org/domains/root/db/io.html
.io,.io,2026-10-04,delegated,,country-code,Internet Computer Bureau Limited,British Indian Ocean Territory (the),,,yes,,https://www.iana.org/domains/root/db/io.html
.ipiranga,.ipiranga,2015-04-02,ianaRegistration,iana-registration,generic,Ipiranga Produtos de Petroleo S.A.,Brazil,,,no,,https://www.iana.org/domains/root/db/ipiranga.html
.ipiranga,.ipiranga,2015-07-24,ianaDelegationReport,iana-report,generic,,,Delegation of the .ipiranga domain to Ipiranga Produtos de Petroleo S.A.,,no,,https://www.iana.org/reports/c.2.9.2.d/20150724-ipiranga
.ipiranga,.ipiranga,2026-10-04,delegated,current-snapshot,generic,Ipiranga Produtos de Petroleo S.A.,Brazil,,,yes,,https://www.iana.org/domains/root/db/ipiranga.html
.iq,.iq,1997-05-09,ianaRegistration,iana-registration,country-code,Communications and Media Commission (CMC),Iraq,,,no,,https://www.iana.org/domains/root/db/iq.html
.iq,.iq,2005-08-05,ianaTransferReport,iana-report,country-code,,,IANA Report on the Redelegation of the .IQ Top-Level Domain,,no,,https://www.iana.org/reports/2005/iq-report-05aug2005.pdf
.iq,.iq,2026-10-04,delegated,current-snapshot,country-code,Communications and Media Commission (CMC),Iraq,,,yes,,https://www.iana.org/domains/root/db/iq.html
.ir,.ir,1994-04-06,ianaRegistration,iana-registration,country-code,Institute for Research in Fundamental Sciences,Iran (Islamic Republic of),,,no,,https://www.iana.org/domains/root/db/ir.html
.ir,.ir,2026-10-04,delegated,current-snapshot,country-code,Institute for Research in Fundamental Sciences,Iran (Islamic Republic of),,,yes,,https://www.iana.org/domains/root/db/ir.html
.irish,.irish,2014-11-06,ianaRegistration,iana-registration,generic,"Binky Moon, LLC",United States of America (the),,,no,,https://www.iana.org/domains/root/db/irish.html
.irish,.irish,2014-11-25,ianaDelegationReport,iana-report,generic,,,Delegation of the .irish domain to Dot-Irish LLC,,no,,https://www.iana.org/reports/c.2.9.2.d/20141125-irish
.irish,.irish,2017-03-01,ianaTransferReport,iana-report,generic,,,Transfer of the .irish domain to Tin Mill LLC,,no,,https://www.iana.org/reports/tld-transfer/20170301-irish
.irish,.irish,2018-03-23,ianaTransferReport,iana-report,generic,,,Transfer of the .academy domain and 195 others,,no,,https://www.iana.org/reports/tld-transfer/20180323-binkymoon
.irish,.irish,2026-10-04,delegated,current-snapshot,generic,"Binky Moon, LLC",United States of America (the),,,yes,,https://www.iana.org/domains/root/db/irish.html
.is,.is,1987-11-18,ianaRegistration,iana-registration,country-code,ISNIC - Internet á Íslandi hf.,Iceland,,,no,,https://www.iana.org/domains/root/db/is.html
.is,.is,2026-10-04,delegated,current-snapshot,country-code,ISNIC - Internet á Íslandi hf.,Iceland,,,yes,,https://www.iana.org/domains/root/db/is.html
.iselect,.iselect,2015-11-20,ianaRegistration,iana-registration,generic,,,,,no,,https://www.iana.org/domains/root/db/iselect.html
.iselect,.iselect,2016-01-11,ianaDelegationReport,iana-report,generic,,,Delegation of the .iselect domain to iSelect Ltd,,no,,https://www.iana.org/reports/c.2.9.2.d/20160111-iselect
.iselect,.iselect,2019-08-05,ianaRevocationReport,iana-report,generic,,,Revocation of the .iselect domain,,no,,https://www.iana.org/reports/tld-transfer/20190805-iselect
.iselect,.iselect,2026-10-04,notDelegated,current-snapshot,generic,,,,,yes,,https://www.iana.org/domains/root/db/iselect.html
.ismaili,.ismaili,2016-04-07,ianaRegistration,iana-registration,generic,Fondation Aga Khan (Aga Khan Foundation),Switzerland,,,no,,https://www.iana.org/domains/root/db/ismaili.html
.ismaili,.ismaili,2016-04-13,ianaDelegationReport,iana-report,generic,,,Delegation of the .ismaili domain to Fondation Aga Khan (Aga Khan Foundation),,no,,https://www.iana.org/reports/c.2.9.2.d/20160413-ismaili
.ismaili,.ismaili,2026-10-04,delegated,current-snapshot,generic,Fondation Aga Khan (Aga Khan Foundation),Switzerland,,,yes,,https://www.iana.org/domains/root/db/ismaili.html
.ist,.ist,2015-05-29,ianaRegistration,iana-registration,generic,Istanbul Metropolitan Municipality,Turkey,,,no,,https://www.iana.org/domains/root/db/ist.html
.ist,.ist,2015-07-09,ianaDelegationReport,iana-report,generic,,,Delegation of the .ist domain to Istanbul Metropolitan Municipality,,no,,https://www.iana.org/reports/c.2.9.2.d/20150709-ist
.ist,.ist,2026-10-04,delegated,current-snapshot,generic,Istanbul Metropolitan Municipality,Turkey,,,yes,,https://www.iana.org/domains/root/db/ist.html
.istanbul,.istanbul,2015-05-29,ianaRegistration,iana-registration,generic,Istanbul Metropolitan Municipality,Turkey,,,no,,https://www.iana.org/domains/root/db/istanbul.html
.istanbul,.istanbul,2015-07-09,ianaDelegationReport,iana-report,generic,,,Delegation of the .istanbul domain to Istanbul Metropolitan Municipality,,no,,https://www.iana.org/reports/c.2.9.2.d/20150709-istanbul
.istanbul,.istanbul,2026-10-04,delegated,current-snapshot,generic,Istanbul Metropolitan Municipality,Turkey,,,yes,,https://www.iana.org/domains/root/db/istanbul.html
.it,.it,1987-12-23,ianaRegistration,iana-registration,country-code,IIT - CNR,Italy,,,no,,https://www.iana.org/domains/root/db/it.html
.it,.it,2026-10-04,delegated,current-snapshot,country-code,IIT - CNR,Italy,,,yes,,https://www.iana.org/domains/root/db/it.html
.itau,.itau,2015-05-29,ianaRegistration,iana-registration,generic,Itau Unibanco Holding S.A.,Brazil,,,no,,https://www.iana.org/domains/root/db/itau.html
.itau,.itau,2015-07-20,ianaDelegationReport,iana-report,generic,,,Delegation of the .itau domain to Itau Unibanco Holding S.A.,,no,,https://www.iana.org/reports/c.2.9.2.d/20150720-itau
.itau,.itau,2026-10-04,delegated,current-snapshot,generic,Itau Unibanco Holding S.A.,Brazil,,,yes,,https://www.iana.org/domains/root/db/itau.html
.itv,.itv,2016-05-19,ianaRegistration,iana-registration,generic,ITV Services Limited,United Kingdom of Great Britain and Northern Ireland (the),,,no,,https://www.iana.org/domains/root/db/itv.html
.itv,.itv,2016-06-16,ianaDelegationReport,iana-report,generic,,,Delegation of the .itv domain to ITV Services Limited,,no,,https://www.iana.org/reports/c.2.9.2.d/20160616-itv
.itv,.itv,2026-10-04,delegated,current-snapshot,generic,ITV Services Limited,United Kingdom of Great Britain and Northern Ireland (the),,,yes,,https://www.iana.org/domains/root/db/itv.html
.iveco,.iveco,2016-10-27,ianaRegistration,iana-registration,generic,,,,,no,,https://www.iana.org/domains/root/db/iveco.html
.iveco,.iveco,2016-10-28,ianaDelegationReport,iana-report,generic,,,Delegation of the .iveco domain to CNH Industrial N.V.,,no,,https://www.iana.org/reports/tld-transfer/20161028-iveco
.iveco,.iveco,2021-04-21,ianaRevocationReport,iana-report,generic,,,Revocation of the .iveco domain,,no,,https://www.iana.org/reports/tld-transfer/20210421-iveco
.iveco,.iveco,2026-10-04,notDelegated,current-snapshot,generic,,,,,yes,,https://www.iana.org/domains/root/db/iveco.html
.iwc,.iwc,2014-11-20,ianaRegistration,iana-registration,generic,,,,,no,,https://www.iana.org/domains/root/db/iwc.html
.iwc,.iwc,2014-12-11,ianaDelegationReport,iana-report,generic,,,Delegation of the .iwc domain to Richemont DNS Inc.,,no,,https://www.iana.org/reports/c.2.9.2.d/20141211-iwc
.iwc,.iwc,2018-06-28,ianaRevocationReport,iana-report,generic,,,Revocation of the .iwc domain,,no,,https://www.iana.org/reports/tld-transfer/20180628-iwc
.iwc,.iwc,2026-10-04,notDelegated,current-snapshot,generic,,,,,yes,,https://www.iana.org/domains/root/db/iwc.html
.jaguar,.jaguar,2015-10-15,ianaRegistration,iana-registration,generic,Jaguar Land Rover Ltd,United Kingdom of Great Britain and Northern Ireland (the),,,no,,https://www.iana.org/domains/root/db/jaguar.html
.jaguar,.jaguar,2015-10-23,ianaDelegationReport,iana-report,generic,,,Delegation of the .jaguar domain to Jaguar Land Rover Ltd,,no,,https://www.iana.org/reports/c.2.9.2.d/20151023-jaguar
.jaguar,.jaguar,2026-10-04,delegated,current-snapshot,generic,Jaguar Land Rover Ltd,United Kingdom of Great Britain and Northern Ireland (the),,,yes,,https://www.iana.org/domains/root/db/jaguar.html
.java,.java,2015-01-15,ianaRegistration,iana-registration,generic,Oracle Corporation,United States of America (the),,,no,,https://www.iana.org/domains/root/db/java.html
.java,.java,2015-02-27,ianaDelegationReport,iana-report,generic,,,Delegation of the .java domain to Oracle Corporation,,no,,https://www.iana.org/reports/c.2.9.2.d/20150227-java
.java,.java,2026-10-04,delegated,current-snapshot,generic,Oracle Corporation,United States of America (the),,,yes,,https://www.iana.org/domains/root/db/java.html
.jazz,.jazz,2000,applicationSubmitted,application,notApplicable,"Name.Space, Incorporated",United States,2000-001,,no,,https://archive.icann.org/en/tlds/tld-applications-lodged-02oct00.htm
.jazz,.jazz,2026-10-04,notDelegated,current-snapshot,notApplicable,"Name.Space, Incorporated",,,,yes,,https://archive.icann.org/en/tlds/tld-applications-lodged-02oct00.htm
.jcb,.jcb,2015-01-08,ianaRegistration,iana-registration,generic,"JCB Co., Ltd.",Japan,,,no,,https://www.iana.org/domains/root/db/jcb.html
.jcb,.jcb,2015-01-16,ianaDelegationReport,iana-report,generic,,,"Delegation of the .jcb domain to JCB Co., Ltd.",,no,,https://www.iana.org/reports/c.2.9.2.d/20150116-jcb
.jcb,.jcb,2026-10-04,delegated,current-snapshot,generic,"JCB Co., Ltd.",Japan,,,yes,,https://www.iana.org/domains/root/db/jcb.html
.jcp,.jcp,2016-03-03,ianaRegistration,iana-registration,generic,,,,,no,,https://www.iana.org/domains/root/db/jcp.html
.jcp,.jcp,2016-03-24,ianaDelegationReport,iana-report,generic,,,"Delegation of the .jcp domain to JCP Media, Inc.",,no,,https://www.iana.org/reports/c.2.9.2.d/20160324-jcp
.jcp,.jcp,2020-11-20,ianaRevocationReport,iana-report,generic,,,Revocation of the .jcp domain,,no,,https://www.iana.org/reports/tld-transfer/20201120-jcp
.jcp,.jcp,2026-10-04,notDelegated,current-snapshot,generic,,,,,yes,,https://www.iana.org/domains/root/db/jcp.html
.je,.je,1996-08-08,ianaRegistration,iana-registration,country-code,Island Networks (Jersey) Ltd.,Jersey,,,no,,https://www.iana.org/domains/root/db/je.html
.je,.je,2026-10-04,delegated,current-snapshot,country-code,Island Networks (Jersey) Ltd.,Jersey,,,yes,,https://www.iana.org/domains/root/db/je.html
.jeep,.jeep,2016-07-07,ianaRegistration,iana-registration,generic,FCA US LLC.,United States of America (the),,,no,,https://www.iana.org/domains/root/db/jeep.html
.jeep,.jeep,2016-07-25,ianaDelegationReport,iana-report,generic,,,Delegation of the .jeep domain to FCA US Llc,,no,,https://www.iana.org/reports/c.2.9.2.d/20160725-jeep
.jeep,.jeep,2026-10-04,delegated,current-snapshot,generic,FCA US LLC.,United States of America (the),,,yes,,https://www.iana.org/domains/root/db/jeep.html
.jetzt,.jetzt,2014-03-06,ianaRegistration,iana-registration,generic,"Binky Moon, LLC",United States of America (the),,,no,,https://www.iana.org/domains/root/db/jetzt.html
.jetzt,.jetzt,2014-03-14,ianaDelegationReport,iana-report,generic,,,Delegation of the .jetzt domain to New TLD Company AB,,no,,https://www.iana.org/reports/c.2.9.2.d/20140314-jetzt
.jetzt,.jetzt,2018-03-23,ianaTransferReport,iana-report,generic,,,Transfer of the .academy domain and 195 others,,no,,https://www.iana.org/reports/tld-transfer/20180323-binkymoon
.jetzt,.jetzt,2026-10-04,delegated,current-snapshot,generic,"Binky Moon, LLC",United States of America (the),,,yes,,https://www.iana.org/domains/root/db/jetzt.html
.jewelry,.jewelry,2015-04-09,ianaRegistration,iana-registration,generic,"Binky Moon, LLC",United States of America (the),,,no,,https://www.iana.org/domains/root/db/jewelry.html
.jewelry,.jewelry,2015-04-14,ianaDelegationReport,iana-report,generic,,,"Delegation of the .jewelry domain to Wild Bloom, LLC",,no,,https://www.iana.org/reports/c.2.9.2.d/20150414-jewelry
.jewelry,.jewelry,2018-03-23,ianaTransferReport,iana-report,generic,,,Transfer of the .academy domain and 195 others,,no,,https://www.iana.org/reports/tld-transfer/20180323-binkymoon
.jewelry,.jewelry,2026-10-04,delegated,current-snapshot,generic,"Binky Moon, LLC",United States of America (the),,,yes,,https://www.iana.org/domains/root/db/jewelry.html
.jina,.jina,2000,applicationSubmitted,application,notApplicable,"The Global Name Registry, Limited",United Kingdom,2000-022,,no,,https://archive.icann.org/en/tlds/tld-applications-lodged-02oct00.htm
.jina,.jina,2026-10-04,notDelegated,current-snapshot,notApplicable,"The Global Name Registry, Limited",,,,yes,,https://archive.icann.org/en/tlds/tld-applications-lodged-02oct00.htm
.jio,.jio,2016-08-11,ianaRegistration,iana-registration,generic,Reliance Industries Limited,India,,,no,,https://www.iana.org/domains/root/db/jio.html
.jio,.jio,2016-11-11,ianaDelegationReport,iana-report,generic,,,"Delegation of the .jio domain to Affinity Names, Inc.",,no,,https://www.iana.org/reports/tld-transfer/20161111-jio
.jio,.jio,2024-04-23,ianaTransferReport,iana-report,generic,,,Transfer of the .jio domain to Reliance Industries Limited,,no,,https://www.iana.org/reports/tld-transfer/20240423-jio
.jio,.jio,2026-10-04,delegated,current-snapshot,generic,Reliance Industries Limited,India,,,yes,,https://www.iana.org/domains/root/db/jio.html
.jlc,.jlc,2015-03-12,ianaRegistration,iana-registration,generic,,,,,no,,https://www.iana.org/domains/root/db/jlc.html
.jlc,.jlc,2015-06-04,ianaDelegationReport,iana-report,generic,,,Delegation of the .jlc domain to Richemont DNS Inc.,,no,,https://www.iana.org/reports/c.2.9.2.d/20150604-jlc
.jlc,.jlc,2018-09-17,ianaRevocationReport,iana-report,generic,,,Revocation of the .jlc domain,,no,,https://www.iana.org/reports/tld-transfer/20180917-jlc
.jlc,.jlc,2026-10-04,notDelegated,current-snapshot,generic,,,,,yes,,https://www.iana.org/domains/root/db/jlc.html
.jll,.jll,2015-05-14,ianaRegistration,iana-registration,generic,Jones Lang LaSalle Incorporated,United States of America (the),,,no,,https://www.iana.org/domains/root/db/jll.html
.jll,.jll,2015-05-21,ianaDelegationReport,iana-report,generic,,,Delegation of the .jll domain to Jones Lang LaSalle Incorporated,,no,,https://www.iana.org/reports/c.2.9.2.d/20150521-jll
.jll,.jll,2026-10-04,delegated,current-snapshot,generic,Jones Lang LaSalle Incorporated,United States of America (the),,,yes,,https://www.iana.org/domains/root/db/jll.html
.jm,.jm,1991-09-24,ianaRegistration,iana-registration,country-code,University of West Indies,Jamaica,,,no,,https://www.iana.org/domains/root/db/jm.html
.jm,.jm,2026-10-04,delegated,current-snapshot,country-code,University of West Indies,Jamaica,,,yes,,https://www.iana.org/domains/root/db/jm.html
.jmp,.jmp,2015-11-20,ianaRegistration,iana-registration,generic,Matrix IP LLC,United States of America (the),,,no,,https://www.iana.org/domains/root/db/jmp.html
.jmp,.jmp,2015-12-16,ianaDelegationReport,iana-report,generic,,,Delegation of the .jmp domain to Matrix IP LLC,,no,,https://www.iana.org/reports/c.2.9.2.d/20151216-jmp
.jmp,.jmp,2026-10-04,delegated,current-snapshot,generic,Matrix IP LLC,United States of America (the),,,yes,,https://www.iana.org/domains/root/db/jmp.html
.jnj,.jnj,2016-01-14,ianaRegistration,iana-registration,generic,"Johnson & Johnson Services, Inc.",United States of America (the),,,no,,https://www.iana.org/domains/root/db/jnj.html
.jnj,.jnj,2016-04-06,ianaDelegationReport,iana-report,generic,,,"Delegation of the .jnj domain to Johnson & Johnson Services, Inc.",,no,,https://www.iana.org/reports/c.2.9.2.d/20160406-jnj
.jnj,.jnj,2026-10-04,delegated,current-snapshot,generic,"Johnson & Johnson Services, Inc.",United States of America (the),,,yes,,https://www.iana.org/domains/root/db/jnj.html
.jo,.jo,1994-11-23,ianaRegistration,iana-registration,country-code,Ministry of Digital Economy and Entrepreneurship (MoDEE),Jordan,,,no,,https://www.iana.org/domains/root/db/jo.html
.jo,.jo,2026-10-04,delegated,current-snapshot,country-code,Ministry of Digital Economy and Entrepreneurship (MoDEE),Jordan,,,yes,,https://www.iana.org/domains/root/db/jo.html
.jobs,.jobs,2000,applicationSubmitted,application,sponsored,"Name.Space, Incorporated",United States,2000-001,,no,,https://archive.icann.org/en/tlds/tld-applications-lodged-02oct00.htm
.jobs,.jobs,2004,application,,sponsored,Society for Human Resource Management,United States,,,no,,https://www.icann.org/en/announcements/details/icann-progress-in-process-for-introducing-new-sponsored-top-level-domains-19-3-2004-en
.jobs,.jobs,2004,applicationSubmitted,application,sponsored,Society for Human Resource Management,United States,2004-003,outcome_delegated,no,,https://www.icann.org/en/announcements/details/icann-progress-in-process-for-introducing-new-sponsored-top-level-domains-19-3-2004-en
.jobs,.jobs,2005-08-31,ianaDelegationReport,iana-report,sponsored,,,IANA Report on the Delegation of the .JOBS Top-Level Domain,,no,,https://www.iana.org/reports/2005/jobs-report-31aug2005.html
.jobs,.jobs,2005-09-08,ianaRegistration,,,,,,,no,,https://www.iana.org/domains/root/db/jobs.html
.jobs,.jobs,2026-10-04,delegated,,sponsored,Employ Media LLC,United States of America (the),,,yes,,https://www.iana.org/domains/root/db/jobs.html
.joburg,.joburg,2014-06-05,ianaRegistration,iana-registration,generic,ZA Central Registry NPC trading as ZA Central Registry,South Africa,,,no,,https://www.iana.org/domains/root/db/joburg.html
.joburg,.joburg,2014-06-17,ianaDelegationReport,iana-report,generic,,,Delegation of the .joburg domain to ZA Central Registry NPC trading as ZA Central Registry,,no,,https://www.iana.org/reports/c.2.9.2.d/20140617-joburg
.joburg,.joburg,2026-10-04,delegated,current-snapshot,generic,ZA Central Registry NPC trading as ZA Central Registry,South Africa,,,yes,,https://www.iana.org/domains/root/db/joburg.html
.jot,.jot,2015-11-12,ianaRegistration,iana-registration,generic,"Jolly Host, LLC",United States of America (the),,,no,,https://www.iana.org/domains/root/db/jot.html
.jot,.jot,2015-12-02,ianaDelegationReport,iana-report,generic,,,"Delegation of the .jot domain to Amazon Registry Services, Inc.",,no,,https://www.iana.org/reports/tld-transfer/20151202-jot
.jot,.jot,2026-05-04,ianaTransferReport,iana-report,generic,,,"Transfer of the .jot domain to Jolly Host, LLC",,no,,https://www.iana.org/reports/tld-transfer/20260504-jot
.jot,.jot,2026-10-04,delegated,current-snapshot,generic,"Jolly Host, LLC",United States of America (the),,,yes,,https://www.iana.org/domains/root/db/jot.html
.joy,.joy,2015-11-12,ianaRegistration,iana-registration,generic,"Amazon Registry Services, Inc.",United States of America (the),,,no,,https://www.iana.org/domains/root/db/joy.html
.joy,.joy,2015-12-02,ianaDelegationReport,iana-report,generic,,,"Delegation of the .joy domain to Amazon Registry Services, Inc.",,no,,https://www.iana.org/reports/c.2.9.2.d/20151202-joy
.joy,.joy,2026-10-04,delegated,current-snapshot,generic,"Amazon Registry Services, Inc.",United States of America (the),,,yes,,https://www.iana.org/domains/root/db/joy.html
.jp,.jp,1986-08-05,ianaRegistration,iana-registration,country-code,"Japan Registry Services Co., Ltd.",Japan,,,no,,https://www.iana.org/domains/root/db/jp.html
.jp,.jp,2002-02-08,ianaTransferReport,iana-report,country-code,,,IANA Report on Request for Redelegation of the .JP Top-Level Domain,,no,,https://www.iana.org/reports/2002/jp-report-08feb02.html
.jp,.jp,2002-04-01,ianaTransferReport,iana-report,country-code,,,Second IANA Report on Request for Redelegation of the .JP Top-Level Domain,,no,,https://www.iana.org/reports/2002/jp-report-01apr02.html
.jp,.jp,2026-10-04,delegated,current-snapshot,country-code,"Japan Registry Services Co., Ltd.",Japan,,,yes,,https://www.iana.org/domains/root/db/jp.html
.jpmorgan,.jpmorgan,2016-01-14,ianaRegistration,iana-registration,generic,"JPMorgan Chase Bank, National Association",United States of America (the),,,no,,https://www.iana.org/domains/root/db/jpmorgan.html
.jpmorgan,.jpmorgan,2016-02-25,ianaDelegationReport,iana-report,generic,,,Delegation of the .jpmorgan domain to JPMorgan Chase & Co.,,no,,https://www.iana.org/reports/c.2.9.2.d/20160225-jpmorgan
.jpmorgan,.jpmorgan,2016-07-18,ianaTransferReport,iana-report,generic,,,"Redelegation of the .jpmorgan domain to JPMorgan Chase Bank, National Association",,no,,https://www.iana.org/reports/c.2.9.2.d/20160718-jpmorgan
.jpmorgan,.jpmorgan,2026-10-04,delegated,current-snapshot,generic,"JPMorgan Chase Bank, National Association",United States of America (the),,,yes,,https://www.iana.org/domains/root/db/jpmorgan.html
.jprs,.jprs,2014-12-18,ianaRegistration,iana-registration,generic,"Japan Registry Services Co., Ltd.",Japan,,,no,,https://www.iana.org/domains/root/db/jprs.html
.jprs,.jprs,2015-07-06,ianaDelegationReport,iana-report,generic,,,"Delegation of the .jprs domain to Japan Registry Services Co., Ltd.",,no,,https://www.iana.org/reports/c.2.9.2.d/20150706-jprs
.jprs,.jprs,2026-10-04,delegated,current-snapshot,generic,"Japan Registry Services Co., Ltd.",Japan,,,yes,,https://www.iana.org/domains/root/db/jprs.html
.juegos,.juegos,2014-05-08,ianaRegistration,iana-registration,generic,"Dog Beach, LLC",United States of America (the),,,no,,https://www.iana.org/domains/root/db/juegos.html
.juegos,.juegos,2014-05-12,ianaDelegationReport,iana-report,generic,,,"Delegation of the .juegos domain to Uniregistry, Corp.",,no,,https://www.iana.org/reports/c.2.9.2.d/20140512-juegos
.juegos,.juegos,2023-03-21,ianaTransferReport,iana-report,generic,,,Transfer of the .juegos domain to Internet Naming Company LLC,,no,,https://www.iana.org/reports/tld-transfer/20230321-juegos
.juegos,.juegos,2024-04-11,ianaTransferReport,iana-report,generic,,,"Transfer of the .juegos domain to Dog Beach, LLC",,no,,https://www.iana.org/reports/tld-transfer/20240411-juegos
.juegos,.juegos,2026-10-04,delegated,current-snapshot,generic,"Dog Beach, LLC",United States of America (the),,,yes,,https://www.iana.org/domains/root/db/juegos.html
.juniper,.juniper,2016-06-30,ianaRegistration,iana-registration,generic,,,,,no,,https://www.iana.org/domains/root/db/juniper.html
.juniper,.juniper,2016-07-25,ianaDelegationReport,iana-report,generic,,,Delegation of the .juniper domain to Juniper Networks Inc.,,no,,https://www.iana.org/reports/c.2.9.2.d/20160725-juniper
.juniper,.juniper,2026-10-04,notDelegated,current-snapshot,generic,,,,,yes,,https://www.iana.org/domains/root/db/juniper.html
.kaufen,.kaufen,2013-12-19,ianaRegistration,iana-registration,generic,"Dog Beach, LLC",United States of America (the),,,no,,https://www.iana.org/domains/root/db/kaufen.html
.kaufen,.kaufen,2013-12-24,ianaDelegationReport,iana-report,generic,,,Delegation of the .KAUFEN domain to United TLD Holdco Ltd,,no,,https://www.iana.org/reports/c.2.9.2.d/20131224-kaufen
.kaufen,.kaufen,2021-06-02,ianaTransferReport,iana-report,generic,,,"Transfer of the .kaufen domain to Dog Beach, LLC",,no,,https://www.iana.org/reports/tld-transfer/20210602-kaufen
.kaufen,.kaufen,2026-10-04,delegated,current-snapshot,generic,"Dog Beach, LLC",United States of America (the),,,yes,,https://www.iana.org/domains/root/db/kaufen.html
.kddi,.kddi,2014-12-18,ianaRegistration,iana-registration,generic,KDDI CORPORATION,Japan,,,no,,https://www.iana.org/domains/root/db/kddi.html
.kddi,.kddi,2014-12-29,ianaDelegationReport,iana-report,generic,,,Delegation of the .kddi domain to KDDI Corporation,,no,,https://www.iana.org/reports/c.2.9.2.d/20141229-kddi
.kddi,.kddi,2026-10-04,delegated,current-snapshot,generic,KDDI CORPORATION,Japan,,,yes,,https://www.iana.org/domains/root/db/kddi.html
.ke,.ke,1993-04-29,ianaRegistration,iana-registration,country-code,Kenya Network Information Center (KeNIC),Kenya,,,no,,https://www.iana.org/domains/root/db/ke.html
.ke,.ke,2002-12-20,ianaTransferReport,iana-report,country-code,,,IANA Report on Redelegation of the .KE Top-Level Domain,,no,,https://www.iana.org/reports/2002/ke-report-20dec02.html
.ke,.ke,2026-10-04,delegated,current-snapshot,country-code,Kenya Network Information Center (KeNIC),Kenya,,,yes,,https://www.iana.org/domains/root/db/ke.html
.kerryhotels,.kerryhotels,2015-12-17,ianaRegistration,iana-registration,generic,Kerry Trading Co. Limited,Hong Kong,,,no,,https://www.iana.org/domains/root/db/kerryhotels.html
.kerryhotels,.kerryhotels,2016-03-02,ianaDelegationReport,iana-report,generic,,,Delegation of the .kerryhotels domain to Kerry Trading Co. Limited,,no,,https://www.iana.org/reports/c.2.9.2.d/20160302-kerryhotels
.kerryhotels,.kerryhotels,2026-10-04,delegated,current-snapshot,generic,Kerry Trading Co. Limited,Hong Kong,,,yes,,https://www.iana.org/domains/root/db/kerryhotels.html
.kerrylogistics,.kerrylogistics,2015-12-17,ianaRegistration,iana-registration,generic,,,,,no,,https://www.iana.org/domains/root/db/kerrylogistics.html
.kerrylogistics,.kerrylogistics,2016-03-02,ianaDelegationReport,iana-report,generic,,,Delegation of the .kerrylogistics domain to Kerry Trading Co. Limited,,no,,https://www.iana.org/reports/c.2.9.2.d/20160302-kerrylogistics
.kerrylogistics,.kerrylogistics,2025-02-27,ianaRevocationReport,iana-report,generic,,,Revocation of the .kerrylogistics domain,,no,,https://www.iana.org/reports/tld-transfer/20250227-kerrylogistics
.kerrylogistics,.kerrylogistics,2026-10-04,notDelegated,current-snapshot,generic,,,,,yes,,https://www.iana.org/domains/root/db/kerrylogistics.html
.kerryproperties,.kerryproperties,2015-12-17,ianaRegistration,iana-registration,generic,Kerry Trading Co. Limited,Hong Kong,,,no,,https://www.iana.org/domains/root/db/kerryproperties.html
.kerryproperties,.kerryproperties,2016-03-02,ianaDelegationReport,iana-report,generic,,,Delegation of the .kerryproperties domain to Kerry Trading Co. Limited,,no,,https://www.iana.org/reports/c.2.9.2.d/20160302-kerryproperties
.kerryproperties,.kerryproperties,2026-10-04,delegated,current-snapshot,generic,Kerry Trading Co. Limited,Hong Kong,,,yes,,https://www.iana.org/domains/root/db/kerryproperties.html
.kfh,.kfh,2015-10-29,ianaRegistration,iana-registration,generic,Kuwait Finance House,Kuwait,,,no,,https://www.iana.org/domains/root/db/kfh.html
.kfh,.kfh,2015-12-11,ianaDelegationReport,iana-report,generic,,,Delegation of the .kfh domain to Kuwait Finance House,,no,,https://www.iana.org/reports/c.2.9.2.d/20151211-kfh
.kfh,.kfh,2026-10-04,delegated,current-snapshot,generic,Kuwait Finance House,Kuwait,,,yes,,https://www.iana.org/domains/root/db/kfh.html
.kg,.kg,1995-07-12,ianaRegistration,iana-registration,country-code,AsiaInfo Telecommunication Enterprise,Kyrgyzstan,,,no,,https://www.iana.org/domains/root/db/kg.html
.kg,.kg,2026-10-04,delegated,current-snapshot,country-code,AsiaInfo Telecommunication Enterprise,Kyrgyzstan,,,yes,,https://www.iana.org/domains/root/db/kg.html
.kh,.kh,1996-02-20,ianaRegistration,iana-registration,country-code,Telecommunication Regulator of Cambodia (TRC),Cambodia,,,no,,https://www.iana.org/domains/root/db/kh.html
.kh,.kh,2026-10-04,delegated,current-snapshot,country-code,Telecommunication Regulator of Cambodia (TRC),Cambodia,,,yes,,https://www.iana.org/domains/root/db/kh.html
.ki,.ki,1995-04-19,ianaRegistration,iana-registration,country-code,"Ministry of Information, Communications and Transport (MICT)",Kiribati,,,no,,https://www.iana.org/domains/root/db/ki.html
.ki,.ki,2026-10-04,delegated,current-snapshot,country-code,"Ministry of Information, Communications and Transport (MICT)",Kiribati,,,yes,,https://www.iana.org/domains/root/db/ki.html
.kia,.kia,2015-09-17,ianaRegistration,iana-registration,generic,KIA MOTORS CORPORATION,Korea (the Republic of),,,no,,https://www.iana.org/domains/root/db/kia.html
.kia,.kia,2015-09-23,ianaDelegationReport,iana-report,generic,,,Delegation of the .kia domain to Kia Motors Corporation,,no,,https://www.iana.org/reports/c.2.9.2.d/20150923-kia
.kia,.kia,2026-10-04,delegated,current-snapshot,generic,KIA MOTORS CORPORATION,Korea (the Republic of),,,yes,,https://www.iana.org/domains/root/db/kia.html
.kids,.kids,2000,applicationSubmitted,application,generic,"Blueberry Hill Communications, Inc.",United States,2000-023,,no,,https://archive.icann.org/en/tlds/tld-applications-lodged-02oct00.htm
.kids,.kids,2000,applicationSubmitted,application,generic,"DotKids, Inc.",United States,2000-024,,no,,https://archive.icann.org/en/tlds/tld-applications-lodged-02oct00.htm
.kids,.kids,2000,applicationSubmitted,application,generic,"ICM Registry, Inc.",Canada,2000-025,,no,,https://archive.icann.org/en/tlds/tld-applications-lodged-02oct00.htm
.kids,.kids,2000,applicationSubmitted,application,generic,".KIDS Domains, Inc.",United States,2000-026,,no,,https://archive.icann.org/en/tlds/tld-applications-lodged-02oct00.htm
.kids,.kids,2000,evaluated,,application,,,,,no,,https://archive.icann.org/en/tlds/kids1/ | https://archive.icann.org/en/tlds/kids2/ | https://archive.icann.org/en/tlds/kids3/ | https://archive.icann.org/en/tlds/kids4/ | https://archive.icann.org/en/tlds/
.kids,.kids,2012,application,,application,DotKids Foundation Limited,Hong Kong,,,no,,https://gtldresult.icann.org/applicationstatus/applicationdetails/161
.kids,.kids,2022-03-05,ianaRegistration,,,,,,,no,,https://www.iana.org/domains/root/db/kids.html
.kids,.kids,2022-04-04,ianaDelegationReport,iana-report,generic,,,Delegation of the .kids domain to DotKids Foundation Limited,,no,,https://www.iana.org/reports/tld-transfer/20220404-kids
.kids,.kids,2026-10-04,delegated,,generic,DotKids Foundation Limited,Hong Kong,,,yes,,https://www.iana.org/domains/root/db/kids.html
.kim,.kim,2013-12-19,ianaRegistration,iana-registration,generic,Identity Digital Limited,United States of America (the),,,no,,https://www.iana.org/domains/root/db/kim.html
.kim,.kim,2014-01-21,ianaDelegationReport,iana-report,generic,,,Delegation of the .KIM domain to Afilias Limited,,no,,https://www.iana.org/reports/c.2.9.2.d/20140121-kim
.kim,.kim,2026-10-04,delegated,current-snapshot,generic,Identity Digital Limited,United States of America (the),,,yes,,https://www.iana.org/domains/root/db/kim.html
.kinder,.kinder,2015-09-10,ianaRegistration,iana-registration,generic,,,,,no,,https://www.iana.org/domains/root/db/kinder.html
.kinder,.kinder,2015-10-07,ianaDelegationReport,iana-report,generic,,,Delegation of the .kinder domain to Ferrero Trading Lux S.A.,,no,,https://www.iana.org/reports/c.2.9.2.d/20151007-kinder
.kinder,.kinder,2023-11-02,ianaRevocationReport,iana-report,generic,,,Revocation of the .kinder domain,,no,,https://www.iana.org/reports/tld-transfer/20231102-kinder
.kinder,.kinder,2026-10-04,notDelegated,current-snapshot,generic,,,,,yes,,https://www.iana.org/domains/root/db/kinder.html
.kindle,.kindle,2016-05-19,ianaRegistration,iana-registration,generic,"Amazon Registry Services, Inc.",United States of America (the),,,no,,https://www.iana.org/domains/root/db/kindle.html
.kindle,.kindle,2016-06-02,ianaDelegationReport,iana-report,generic,,,"Delegation of the .kindle domain to Amazon Registry Services, Inc.",,no,,https://www.iana.org/reports/c.2.9.2.d/20160602-kindle
.kindle,.kindle,2026-10-04,delegated,current-snapshot,generic,"Amazon Registry Services, Inc.",United States of America (the),,,yes,,https://www.iana.org/domains/root/db/kindle.html
.kitchen,.kitchen,2013-11-13,ianaRegistration,iana-registration,generic,"Binky Moon, LLC",United States of America (the),,,no,,https://www.iana.org/domains/root/db/kitchen.html
.kitchen,.kitchen,2013-11-16,ianaDelegationReport,iana-report,generic,,,"Delegation of the .KITCHEN domain to Just Goodbye, LLC",,no,,https://www.iana.org/reports/c.2.9.2.d/20131116-kitchen
.kitchen,.kitchen,2018-03-23,ianaTransferReport,iana-report,generic,,,Transfer of the .academy domain and 195 others,,no,,https://www.iana.org/reports/tld-transfer/20180323-binkymoon
.kitchen,.kitchen,2026-10-04,delegated,current-snapshot,generic,"Binky Moon, LLC",United States of America (the),,,yes,,https://www.iana.org/domains/root/db/kitchen.html
.kiwi,.kiwi,2013-11-25,ianaRegistration,iana-registration,generic,DOT KIWI LIMITED,New Zealand,,,no,,https://www.iana.org/domains/root/db/kiwi.html
.kiwi,.kiwi,2013-12-20,ianaDelegationReport,iana-report,generic,,,Delegation of the .KIWI domain to Dot Kiwi Limited,,no,,https://www.iana.org/reports/c.2.9.2.d/20131220-kiwi
.kiwi,.kiwi,2026-10-04,delegated,current-snapshot,generic,DOT KIWI LIMITED,New Zealand,,,yes,,https://www.iana.org/domains/root/db/kiwi.html
.km,.km,1998-06-08,ianaRegistration,iana-registration,country-code,Comores Telecom,Comoros (the),,,no,,https://www.iana.org/domains/root/db/km.html
.km,.km,2026-10-04,delegated,current-snapshot,country-code,Comores Telecom,Comoros (the),,,yes,,https://www.iana.org/domains/root/db/km.html
.kn,.kn,1991-09-03,ianaRegistration,iana-registration,country-code,"Ministry of Finance, Sustainable Development Information & Technology",Saint Kitts and Nevis,,,no,,https://www.iana.org/domains/root/db/kn.html
.kn,.kn,2008-04-29,ianaTransferReport,iana-report,country-code,,,"Report on the Redelegation of the .KN Top-Level Domain to the ""Ministry of Finance, Sustainable Development, Information and Technology""",,no,,https://www.iana.org/reports/2008/kn-report-29apr2008.html
.kn,.kn,2026-10-04,delegated,current-snapshot,country-code,"Ministry of Finance, Sustainable Development Information & Technology",Saint Kitts and Nevis,,,yes,,https://www.iana.org/domains/root/db/kn.html
.koeln,.koeln,2014-02-20,ianaRegistration,,,,,,,no,,https://www.iana.org/domains/root/db/koeln.html
.koeln,.koeln,2014-03-04,ianaDelegationReport,iana-report,generic,,,Delegation of the .koeln domain to NetCologne Gesellschaft für Telekommunikation mbH,,no,,https://www.iana.org/reports/c.2.9.2.d/20140304-koeln
.koeln,.koeln,2018-04-30,ianaTransferReport,iana-report,generic,,,Transfer of the .koeln domain to punkt.wien GmbH,,no,,https://www.iana.org/reports/tld-transfer/20180430-koeln
.koeln,.koeln,2018-06-20,ianaTransferReport,iana-report,generic,,,Transfer of the .koeln domain to dotKoeln GmbH,,no,,https://www.iana.org/reports/tld-transfer/20180620-koeln
.koeln,.koeln,2026-10-04,delegated,,generic,dotKoeln GmbH,Austria,,,yes,,https://www.iana.org/domains/root/db/koeln.html
.komatsu,.komatsu,2015-03-06,ianaRegistration,iana-registration,generic,Komatsu Ltd.,Japan,,,no,,https://www.iana.org/domains/root/db/komatsu.html
.komatsu,.komatsu,2015-03-25,ianaDelegationReport,iana-report,generic,,,Delegation of the .komatsu domain to Komatsu Ltd.,,no,,https://www.iana.org/reports/c.2.9.2.d/20150325-komatsu
.komatsu,.komatsu,2026-10-04,delegated,current-snapshot,generic,Komatsu Ltd.,Japan,,,yes,,https://www.iana.org/domains/root/db/komatsu.html
.kosher,.kosher,2016-06-03,ianaRegistration,iana-registration,generic,Kosher Marketing Assets LLC,United States of America (the),,,no,,https://www.iana.org/domains/root/db/kosher.html
.kosher,.kosher,2016-06-09,ianaDelegationReport,iana-report,generic,,,Delegation of the .kosher domain to Kosher Marketing Assets LLC,,no,,https://www.iana.org/reports/c.2.9.2.d/20160609-kosher
.kosher,.kosher,2026-10-04,delegated,current-snapshot,generic,Kosher Marketing Assets LLC,United States of America (the),,,yes,,https://www.iana.org/domains/root/db/kosher.html
.kp,.kp,2007-09-11,ianaDelegationReport,iana-report,country-code,,,"Report on Delegation of the .KP Top-Level Domain to ""Korea Computer Center""",,no,,https://www.iana.org/reports/2007/kp-report-11sep2007.html
.kp,.kp,2007-09-24,ianaRegistration,iana-registration,country-code,Star Joint Venture Company,Korea (the Democratic People's Republic of),,,no,,https://www.iana.org/domains/root/db/kp.html
.kp,.kp,2011-04-01,ianaTransferReport,iana-report,country-code,,,Report on the Redelegation of the .KP domain representing the Democratic People’s Republic of Korea to Star Joint Venture Company,,no,,https://www.iana.org/reports/2011/kp-report-20110401.html
.kp,.kp,2026-10-04,delegated,current-snapshot,country-code,Star Joint Venture Company,Korea (the Democratic People's Republic of),,,yes,,https://www.iana.org/domains/root/db/kp.html
.kpmg,.kpmg,2016-01-14,ianaRegistration,iana-registration,generic,KPMG International Cooperative (KPMG International Genossenschaft),Netherlands (the),,,no,,https://www.iana.org/domains/root/db/kpmg.html
.kpmg,.kpmg,2016-04-01,ianaDelegationReport,iana-report,generic,,,Delegation of the .kpmg domain to KPMG International Cooperative (KPMG International Genossenschaft),,no,,https://www.iana.org/reports/c.2.9.2.d/20160401-kpmg
.kpmg,.kpmg,2026-10-04,delegated,current-snapshot,generic,KPMG International Cooperative (KPMG International Genossenschaft),Netherlands (the),,,yes,,https://www.iana.org/domains/root/db/kpmg.html
.kpn,.kpn,2015-12-04,ianaRegistration,iana-registration,generic,Koninklijke KPN N.V.,Netherlands (the),,,no,,https://www.iana.org/domains/root/db/kpn.html
.kpn,.kpn,2015-12-11,ianaDelegationReport,iana-report,generic,,,Delegation of the .kpn domain to Koninklijke KPN N.V.,,no,,https://www.iana.org/reports/c.2.9.2.d/20151211-kpn
.kpn,.kpn,2026-10-04,delegated,current-snapshot,generic,Koninklijke KPN N.V.,Netherlands (the),,,yes,,https://www.iana.org/domains/root/db/kpn.html
.kr,.kr,1986-09-29,ianaRegistration,iana-registration,country-code,Korea Internet & Security Agency (KISA),Korea (the Republic of),,,no,,https://www.iana.org/domains/root/db/kr.html
.kr,.kr,2026-10-04,delegated,current-snapshot,country-code,Korea Internet & Security Agency (KISA),Korea (the Republic of),,,yes,,https://www.iana.org/domains/root/db/kr.html
.krd,.krd,2014-07-10,ianaRegistration,iana-registration,generic,KRG Department of Information Technology,Iraq,,,no,,https://www.iana.org/domains/root/db/krd.html
.krd,.krd,2014-07-16,ianaDelegationReport,iana-report,generic,,,Delegation of the .krd domain to KRG Department of Information Technology,,no,,https://www.iana.org/reports/c.2.9.2.d/20140716-krd
.krd,.krd,2026-10-04,delegated,current-snapshot,generic,KRG Department of Information Technology,Iraq,,,yes,,https://www.iana.org/domains/root/db/krd.html
.kred,.kred,2014-02-20,ianaRegistration,iana-registration,generic,KredTLD Pty Ltd,Australia,,,no,,https://www.iana.org/domains/root/db/kred.html
.kred,.kred,2014-02-25,ianaDelegationReport,iana-report,generic,,,Delegation of the .kred domain to KredTLD Pty Ltd,,no,,https://www.iana.org/reports/c.2.9.2.d/20140225-kred
.kred,.kred,2026-10-04,delegated,current-snapshot,generic,KredTLD Pty Ltd,Australia,,,yes,,https://www.iana.org/domains/root/db/kred.html
.kuokgroup,.kuokgroup,2015-12-17,ianaRegistration,iana-registration,generic,Kerry Trading Co. Limited,Hong Kong,,,no,,https://www.iana.org/domains/root/db/kuokgroup.html
.kuokgroup,.kuokgroup,2016-03-02,ianaDelegationReport,iana-report,generic,,,Delegation of the .kuokgroup domain to Kerry Trading Co. Limited,,no,,https://www.iana.org/reports/c.2.9.2.d/20160302-kuokgroup
.kuokgroup,.kuokgroup,2026-10-04,delegated,current-snapshot,generic,Kerry Trading Co. Limited,Hong Kong,,,yes,,https://www.iana.org/domains/root/db/kuokgroup.html
.kw,.kw,1992-10-26,ianaRegistration,iana-registration,country-code,Communications and Information Technology Regulatory Authority,Kuwait,,,no,,https://www.iana.org/domains/root/db/kw.html
.kw,.kw,2026-10-04,delegated,current-snapshot,country-code,Communications and Information Technology Regulatory Authority,Kuwait,,,yes,,https://www.iana.org/domains/root/db/kw.html
.ky,.ky,1995-05-03,ianaRegistration,iana-registration,country-code,Utility Regulation and Competition Office (OfReg),Cayman Islands (the),,,no,,https://www.iana.org/domains/root/db/ky.html
.ky,.ky,2003-06-30,ianaTransferReport,iana-report,country-code,,,IANA Report on Redelegation of the .KY Top-Level Domain,,no,,https://www.iana.org/reports/2003/ky-report-30jun03.html
.ky,.ky,2026-10-04,delegated,current-snapshot,country-code,Utility Regulation and Competition Office (OfReg),Cayman Islands (the),,,yes,,https://www.iana.org/domains/root/db/ky.html
.kyoto,.kyoto,2015-01-08,ianaRegistration,iana-registration,generic,Academic Institution: Kyoto Jyoho Gakuen,Japan,,,no,,https://www.iana.org/domains/root/db/kyoto.html
.kyoto,.kyoto,2015-01-16,ianaDelegationReport,iana-report,generic,,,Delegation of the .kyoto domain to Academic Institution: Kyoto Jyoho Gakuen,,no,,https://www.iana.org/reports/c.2.9.2.d/20150116-kyoto
.kyoto,.kyoto,2026-10-04,delegated,current-snapshot,generic,Academic Institution: Kyoto Jyoho Gakuen,Japan,,,yes,,https://www.iana.org/domains/root/db/kyoto.html
.kz,.kz,1994-09-19,ianaRegistration,iana-registration,country-code,Association of IT Companies of Kazakhstan,Kazakhstan,,,no,,https://www.iana.org/domains/root/db/kz.html
.kz,.kz,2005-08-05,ianaTransferReport,iana-report,country-code,,,IANA Report on the Redelegation of the .KZ Top-Level Domain,,no,,https://www.iana.org/reports/2005/kz-report-05aug2005.pdf
.kz,.kz,2026-10-04,delegated,current-snapshot,country-code,Association of IT Companies of Kazakhstan,Kazakhstan,,,yes,,https://www.iana.org/domains/root/db/kz.html
.la,.la,1996-05-14,ianaRegistration,iana-registration,country-code,"Lao National Internet Center (LANIC), Ministry of Technology and Communications",Lao People's Democratic Republic (the),,,no,,https://www.iana.org/domains/root/db/la.html
.la,.la,2002-12-11,ianaTransferReport,iana-report,country-code,,,IANA Report on Redelegation of the .LA Top-Level Domain,,no,,https://www.iana.org/reports/2002/la-report-11dec02.html
.la,.la,2026-10-04,delegated,current-snapshot,country-code,"Lao National Internet Center (LANIC), Ministry of Technology and Communications",Lao People's Democratic Republic (the),,,yes,,https://www.iana.org/domains/root/db/la.html
.lab,.lab,2000,applicationSubmitted,application,notApplicable,"Name.Space, Incorporated",United States,2000-001,,no,,https://archive.icann.org/en/tlds/tld-applications-lodged-02oct00.htm
.lab,.lab,2026-10-04,notDelegated,current-snapshot,notApplicable,"Name.Space, Incorporated",,,,yes,,https://archive.icann.org/en/tlds/tld-applications-lodged-02oct00.htm
.lacaixa,.lacaixa,2014-07-10,ianaRegistration,iana-registration,generic,"Fundación Bancaria Caixa d'Estalvis i Pensions de Barcelona, ""la Caixa""",Spain,,,no,,https://www.iana.org/domains/root/db/lacaixa.html
.lacaixa,.lacaixa,2014-07-16,ianaDelegationReport,iana-report,generic,,,Delegation of the .lacaixa domain to CAIXA D'ESTALVIS I PENSIONS DE BARCELONA,,no,,https://www.iana.org/reports/c.2.9.2.d/20140716-lacaixa
.lacaixa,.lacaixa,2026-10-04,delegated,current-snapshot,generic,"Fundación Bancaria Caixa d'Estalvis i Pensions de Barcelona, ""la Caixa""",Spain,,,yes,,https://www.iana.org/domains/root/db/lacaixa.html
.ladbrokes,.ladbrokes,2016-07-14,ianaRegistration,iana-registration,generic,,,,,no,,https://www.iana.org/domains/root/db/ladbrokes.html
.ladbrokes,.ladbrokes,2016-07-26,ianaDelegationReport,iana-report,generic,,,Delegation of the .ladbrokes domain to Ladbrokes International plc,,no,,https://www.iana.org/reports/c.2.9.2.d/20160726-ladbrokes
.ladbrokes,.ladbrokes,2019-11-20,ianaRevocationReport,iana-report,generic,,,Revocation of the .ladbrokes domain,,no,,https://www.iana.org/reports/tld-transfer/20191120-ladbrokes
.ladbrokes,.ladbrokes,2026-10-04,notDelegated,current-snapshot,generic,,,,,yes,,https://www.iana.org/domains/root/db/ladbrokes.html
.lamborghini,.lamborghini,2015-11-12,ianaRegistration,iana-registration,generic,Automobili Lamborghini S.p.A.,Italy,,,no,,https://www.iana.org/domains/root/db/lamborghini.html
.lamborghini,.lamborghini,2015-11-17,ianaDelegationReport,iana-report,generic,,,Delegation of the .lamborghini domain to Automobili Lamborghini S.p.A.,,no,,https://www.iana.org/reports/c.2.9.2.d/20151117-lamborghini
.lamborghini,.lamborghini,2026-10-04,delegated,current-snapshot,generic,Automobili Lamborghini S.p.A.,Italy,,,yes,,https://www.iana.org/domains/root/db/lamborghini.html
.lamer,.lamer,2015-12-10,ianaRegistration,iana-registration,generic,The Estée Lauder Companies Inc.,United States of America (the),,,no,,https://www.iana.org/domains/root/db/lamer.html
.lamer,.lamer,2015-12-22,ianaDelegationReport,iana-report,generic,,,Delegation of the .lamer domain to The Estée Lauder Companies Inc.,,no,,https://www.iana.org/reports/c.2.9.2.d/20151222-lamer
.lamer,.lamer,2026-10-04,delegated,current-snapshot,generic,The Estée Lauder Companies Inc.,United States of America (the),,,yes,,https://www.iana.org/domains/root/db/lamer.html
.lancaster,.lancaster,2015-06-18,ianaRegistration,iana-registration,generic,,,,,no,,https://www.iana.org/domains/root/db/lancaster.html
.lancaster,.lancaster,2015-07-09,ianaDelegationReport,iana-report,generic,,,Delegation of the .lancaster domain to Lancaster,,no,,https://www.iana.org/reports/c.2.9.2.d/20150709-lancaster
.lancaster,.lancaster,2025-04-29,ianaRevocationReport,iana-report,generic,,,Revocation of the .lancaster domain,,no,,https://www.iana.org/reports/tld-transfer/20250429-lancaster
.lancaster,.lancaster,2026-10-04,notDelegated,current-snapshot,generic,,,,,yes,,https://www.iana.org/domains/root/db/lancaster.html
.lancia,.lancia,2016-07-14,ianaRegistration,iana-registration,generic,,,,,no,,https://www.iana.org/domains/root/db/lancia.html
.lancia,.lancia,2016-08-01,ianaDelegationReport,iana-report,generic,,,Delegation of the .lancia domain to Fiat Chrysler Automobiles N.V.,,no,,https://www.iana.org/reports/c.2.9.2.d/20160801-lancia
.lancia,.lancia,2023-06-05,ianaRevocationReport,iana-report,generic,,,Revocation of the .lancia domain,,no,,https://www.iana.org/reports/tld-transfer/20230605-lancia
.lancia,.lancia,2026-10-04,notDelegated,current-snapshot,generic,,,,,yes,,https://www.iana.org/domains/root/db/lancia.html
.lancome,.lancome,2016-07-07,ianaRegistration,iana-registration,generic,,,,,no,,https://www.iana.org/domains/root/db/lancome.html
.lancome,.lancome,2016-07-13,ianaDelegationReport,iana-report,generic,,,Delegation of the .lancome domain to L'Oréal,,no,,https://www.iana.org/reports/c.2.9.2.d/20160713-lancome
.lancome,.lancome,2019-11-28,ianaRevocationReport,iana-report,generic,,,Revocation of the .lancome domain,,no,,https://www.iana.org/reports/tld-transfer/20191128-lancome
.lancome,.lancome,2026-10-04,notDelegated,current-snapshot,generic,,,,,yes,,https://www.iana.org/domains/root/db/lancome.html
.land,.land,2013-11-08,ianaRegistration,iana-registration,generic,"Binky Moon, LLC",United States of America (the),,,no,,https://www.iana.org/domains/root/db/land.html
.land,.land,2013-11-11,ianaDelegationReport,iana-report,generic,,,"Delegation of the .LAND domain to Pine Moon, LLC",,no,,https://www.iana.org/reports/c.2.9.2.d/20131111-land
.land,.land,2018-03-23,ianaTransferReport,iana-report,generic,,,Transfer of the .academy domain and 195 others,,no,,https://www.iana.org/reports/tld-transfer/20180323-binkymoon
.land,.land,2026-10-04,delegated,current-snapshot,generic,"Binky Moon, LLC",United States of America (the),,,yes,,https://www.iana.org/domains/root/db/land.html
.landrover,.landrover,2015-10-15,ianaRegistration,iana-registration,generic,Jaguar Land Rover Ltd,United Kingdom of Great Britain and Northern Ireland (the),,,no,,https://www.iana.org/domains/root/db/landrover.html
.landrover,.landrover,2015-10-26,ianaDelegationReport,iana-report,generic,,,Delegation of the .landrover domain to Jaguar Land Rover Ltd,,no,,https://www.iana.org/reports/c.2.9.2.d/20151026-landrover
.landrover,.landrover,2026-10-04,delegated,current-snapshot,generic,Jaguar Land Rover Ltd,United Kingdom of Great Britain and Northern Ireland (the),,,yes,,https://www.iana.org/domains/root/db/landrover.html
.lanxess,.lanxess,2016-01-08,ianaRegistration,iana-registration,generic,LANXESS Corporation,United States of America (the),,,no,,https://www.iana.org/domains/root/db/lanxess.html
.lanxess,.lanxess,2016-01-21,ianaDelegationReport,iana-report,generic,,,Delegation of the .lanxess domain to LANXESS Corporation,,no,,https://www.iana.org/reports/c.2.9.2.d/20160121-lanxess
.lanxess,.lanxess,2026-10-04,delegated,current-snapshot,generic,LANXESS Corporation,United States of America (the),,,yes,,https://www.iana.org/domains/root/db/lanxess.html
.lasalle,.lasalle,2015-06-04,ianaRegistration,iana-registration,generic,Jones Lang LaSalle Incorporated,United States of America (the),,,no,,https://www.iana.org/domains/root/db/lasalle.html
.lasalle,.lasalle,2015-06-09,ianaDelegationReport,iana-report,generic,,,Delegation of the .lasalle domain to Jones Lang LaSalle Incorporated,,no,,https://www.iana.org/reports/c.2.9.2.d/20150609-lasalle
.lasalle,.lasalle,2026-10-04,delegated,current-snapshot,generic,Jones Lang LaSalle Incorporated,United States of America (the),,,yes,,https://www.iana.org/domains/root/db/lasalle.html
.lat,.lat,2014-12-04,ianaRegistration,iana-registration,generic,XYZ.COM LLC,United States of America (the),,,no,,https://www.iana.org/domains/root/db/lat.html
.lat,.lat,2014-12-29,ianaDelegationReport,iana-report,generic,,,Delegation of the .lat domain to ECOM-LAC Federaciòn de Latinoamèrica y el Caribe para Internet y el Comercio Electrònico,,no,,https://www.iana.org/reports/c.2.9.2.d/20141229-lat
.lat,.lat,2022-09-22,ianaTransferReport,iana-report,generic,,,Transfer of the .lat domain to XYZ.COM LLC,,no,,https://www.iana.org/reports/tld-transfer/20220922-lat
.lat,.lat,2026-10-04,delegated,current-snapshot,generic,XYZ.COM LLC,United States of America (the),,,yes,,https://www.iana.org/domains/root/db/lat.html
.latino,.latino,2016-06-30,ianaRegistration,iana-registration,generic,Dish DBS Corporation,United States of America (the),,,no,,https://www.iana.org/domains/root/db/latino.html
.latino,.latino,2016-07-29,ianaDelegationReport,iana-report,generic,,,Delegation of the .latino domain to Dish DBS Corporation,,no,,https://www.iana.org/reports/c.2.9.2.d/20160729-latino
.latino,.latino,2026-10-04,delegated,current-snapshot,generic,Dish DBS Corporation,United States of America (the),,,yes,,https://www.iana.org/domains/root/db/latino.html
.latrobe,.latrobe,2014-11-06,ianaRegistration,iana-registration,generic,La Trobe University,Australia,,,no,,https://www.iana.org/domains/root/db/latrobe.html
.latrobe,.latrobe,2014-11-25,ianaDelegationReport,iana-report,generic,,,Delegation of the .latrobe domain to La Trobe University,,no,,https://www.iana.org/reports/c.2.9.2.d/20141125-latrobe
.latrobe,.latrobe,2026-10-04,delegated,current-snapshot,generic,La Trobe University,Australia,,,yes,,https://www.iana.org/domains/root/db/latrobe.html
.law,.law,2000,applicationSubmitted,application,generic,"dotlaw, Inc.",United States,2000-027,,no,,https://archive.icann.org/en/tlds/tld-applications-lodged-02oct00.htm
.law,.law,2015-06-18,ianaRegistration,iana-registration,generic,"Registry Services, LLC",United States of America (the),,,no,,https://www.iana.org/domains/root/db/law.html
.law,.law,2015-06-24,ianaDelegationReport,iana-report,generic,,,Delegation of the .law domain to Minds + Machines Group Limited,,no,,https://www.iana.org/reports/c.2.9.2.d/20150624-law
.law,.law,2018-07-03,ianaTransferReport,iana-report,generic,,,Transfer of the .law domain to LW TLD Limited,,no,,https://www.iana.org/reports/tld-transfer/20180703-law
.law,.law,2021-09-14,ianaTransferReport,iana-report,generic,,,"Transfer of the .law domain to Registry Services, LLC",,no,,https://www.iana.org/reports/tld-transfer/20210914-law
.law,.law,2026-10-04,delegated,current-snapshot,generic,"Registry Services, LLC",United States of America (the),,,yes,,https://www.iana.org/domains/root/db/law.html
.lawyer,.lawyer,2014-05-22,ianaRegistration,iana-registration,generic,"Dog Beach, LLC",United States of America (the),,,no,,https://www.iana.org/domains/root/db/lawyer.html
.lawyer,.lawyer,2014-05-28,ianaDelegationReport,iana-report,generic,,,"Delegation of the .lawyer domain to United TLD Holdco, Ltd",,no,,https://www.iana.org/reports/c.2.9.2.d/20140528-lawyer
.lawyer,.lawyer,2021-06-02,ianaTransferReport,iana-report,generic,,,"Transfer of the .lawyer domain to Dog Beach, LLC",,no,,https://www.iana.org/reports/tld-transfer/20210602-lawyer
.lawyer,.lawyer,2026-10-04,delegated,current-snapshot,generic,"Dog Beach, LLC",United States of America (the),,,yes,,https://www.iana.org/domains/root/db/lawyer.html
.lb,.lb,1993-08-25,ianaRegistration,iana-registration,country-code,Internet Society Lebanon,Lebanon,,,no,,https://www.iana.org/domains/root/db/lb.html
.lb,.lb,2024-01-21,ianaTransferReport,iana-report,country-code,,,Transfer of the .LB (Lebanon) top-level domain to the Internet Society Lebanon,,no,,https://www.iana.org/reports/2024/lb-report-20240121.html
.lb,.lb,2026-10-04,delegated,current-snapshot,country-code,Internet Society Lebanon,Lebanon,,,yes,,https://www.iana.org/domains/root/db/lb.html
.lc,.lc,1991-09-03,ianaRegistration,iana-registration,country-code,University of Puerto Rico,Puerto Rico,,,no,,https://www.iana.org/domains/root/db/lc.html
.lc,.lc,2026-10-04,delegated,current-snapshot,country-code,University of Puerto Rico,Puerto Rico,,,yes,,https://www.iana.org/domains/root/db/lc.html
.lds,.lds,2014-10-16,ianaRegistration,iana-registration,generic,"IRI Domain Management, LLC",United States of America (the),,,no,,https://www.iana.org/domains/root/db/lds.html
.lds,.lds,2014-11-17,ianaDelegationReport,iana-report,generic,,,"Delegation of the .lds domain to IRI Domain Management, LLC",,no,,https://www.iana.org/reports/c.2.9.2.d/20141117-lds
.lds,.lds,2026-10-04,delegated,current-snapshot,generic,"IRI Domain Management, LLC",United States of America (the),,,yes,,https://www.iana.org/domains/root/db/lds.html
.lease,.lease,2014-04-03,ianaRegistration,iana-registration,generic,"Binky Moon, LLC",United States of America (the),,,no,,https://www.iana.org/domains/root/db/lease.html
.lease,.lease,2014-04-09,ianaDelegationReport,iana-report,generic,,,"Delegation of the .lease domain to Victor Trail, LLC",,no,,https://www.iana.org/reports/c.2.9.2.d/20140409-lease
.lease,.lease,2026-10-04,delegated,current-snapshot,generic,"Binky Moon, LLC",United States of America (the),,,yes,,https://www.iana.org/domains/root/db/lease.html
.leclerc,.leclerc,2015-01-29,ianaRegistration,iana-registration,generic,A.C.D. LEC Association des Centres Distributeurs Edouard Leclerc,France,,,no,,https://www.iana.org/domains/root/db/leclerc.html
.leclerc,.leclerc,2015-02-27,ianaDelegationReport,iana-report,generic,,,Delegation of the .leclerc domain to A.C.D. LEC Association des Centres Distributeurs Edouard Leclerc,,no,,https://www.iana.org/reports/c.2.9.2.d/20150227-leclerc
.leclerc,.leclerc,2026-10-04,delegated,current-snapshot,generic,A.C.D. LEC Association des Centres Distributeurs Edouard Leclerc,France,,,yes,,https://www.iana.org/domains/root/db/leclerc.html
.lefrak,.lefrak,2016-03-31,ianaRegistration,iana-registration,generic,"LeFrak Organization, Inc.",United States of America (the),,,no,,https://www.iana.org/domains/root/db/lefrak.html
.lefrak,.lefrak,2016-07-11,ianaDelegationReport,iana-report,generic,,,"Delegation of the .lefrak domain to LeFrak Organization, Inc.",,no,,https://www.iana.org/reports/c.2.9.2.d/20160711-lefrak
.lefrak,.lefrak,2026-10-04,delegated,current-snapshot,generic,"LeFrak Organization, Inc.",United States of America (the),,,yes,,https://www.iana.org/domains/root/db/lefrak.html
.legal,.legal,2014-11-20,ianaRegistration,iana-registration,generic,"Binky Moon, LLC",United States of America (the),,,no,,https://www.iana.org/domains/root/db/legal.html
.legal,.legal,2014-11-24,ianaDelegationReport,iana-report,generic,,,"Delegation of the .legal domain to Blue Falls, LLC",,no,,https://www.iana.org/reports/c.2.9.2.d/20141124-legal
.legal,.legal,2026-10-04,delegated,current-snapshot,generic,"Binky Moon, LLC",United States of America (the),,,yes,,https://www.iana.org/domains/root/db/legal.html
.lego,.lego,2016-03-24,ianaRegistration,iana-registration,generic,LEGO Juris A/S,Denmark,,,no,,https://www.iana.org/domains/root/db/lego.html
.lego,.lego,2016-06-13,ianaDelegationReport,iana-report,generic,,,Delegation of the .lego domain to LEGO Juris A/S,,no,,https://www.iana.org/reports/c.2.9.2.d/20160613-lego
.lego,.lego,2026-10-04,delegated,current-snapshot,generic,LEGO Juris A/S,Denmark,,,yes,,https://www.iana.org/domains/root/db/lego.html
.lexus,.lexus,2015-07-16,ianaRegistration,iana-registration,generic,TOYOTA MOTOR CORPORATION,Japan,,,no,,https://www.iana.org/domains/root/db/lexus.html
.lexus,.lexus,2015-07-24,ianaDelegationReport,iana-report,generic,,,Delegation of the .lexus domain to Toyota Motor Corporation,,no,,https://www.iana.org/reports/c.2.9.2.d/20150724-lexus
.lexus,.lexus,2026-10-04,delegated,current-snapshot,generic,TOYOTA MOTOR CORPORATION,Japan,,,yes,,https://www.iana.org/domains/root/db/lexus.html
.lgbt,.lgbt,2014-06-26,ianaRegistration,,,,,,,no,,https://www.iana.org/domains/root/db/lgbt.html
.lgbt,.lgbt,2014-06-30,ianaDelegationReport,iana-report,generic,,,Delegation of the .lgbt domain to Afilias Limited,,no,,https://www.iana.org/reports/c.2.9.2.d/20140630-lgbt
.lgbt,.lgbt,2026-10-04,delegated,,generic,Identity Digital Limited,United States of America (the),,,yes,,https://www.iana.org/domains/root/db/lgbt.html
.li,.li,1993-02-26,ianaRegistration,iana-registration,country-code,SWITCH The Swiss Education & Research Network,Switzerland,,,no,,https://www.iana.org/domains/root/db/li.html
.li,.li,2026-10-04,delegated,current-snapshot,country-code,SWITCH The Swiss Education & Research Network,Switzerland,,,yes,,https://www.iana.org/domains/root/db/li.html
.liaison,.liaison,2015-03-19,ianaRegistration,iana-registration,generic,,,,,no,,https://www.iana.org/domains/root/db/liaison.html
.liaison,.liaison,2015-04-29,ianaDelegationReport,iana-report,generic,,,"Delegation of the .liaison domain to Liaison Technologies, Incorporated",,no,,https://www.iana.org/reports/c.2.9.2.d/20150429-liaison
.liaison,.liaison,2020-01-05,ianaRevocationReport,iana-report,generic,,,Revocation of the .liaison domain,,no,,https://www.iana.org/reports/tld-transfer/20200105-liaison
.liaison,.liaison,2026-10-04,notDelegated,current-snapshot,generic,,,,,yes,,https://www.iana.org/domains/root/db/liaison.html
.lidl,.lidl,2014-12-04,ianaRegistration,iana-registration,generic,Schwarz Domains und Services GmbH & Co. KG,Germany,,,no,,https://www.iana.org/domains/root/db/lidl.html
.lidl,.lidl,2014-12-11,ianaDelegationReport,iana-report,generic,,,Delegation of the .lidl domain to Schwarz Domains und Services GmbH & Co. KG,,no,,https://www.iana.org/reports/c.2.9.2.d/20141211-lidl
.lidl,.lidl,2026-10-04,delegated,current-snapshot,generic,Schwarz Domains und Services GmbH & Co. KG,Germany,,,yes,,https://www.iana.org/domains/root/db/lidl.html
.life,.life,2014-05-08,ianaRegistration,iana-registration,generic,"Binky Moon, LLC",United States of America (the),,,no,,https://www.iana.org/domains/root/db/life.html
.life,.life,2014-05-09,ianaDelegationReport,iana-report,generic,,,"Delegation of the .life domain to Trixy Oaks, LLC",,no,,https://www.iana.org/reports/c.2.9.2.d/20140509-life
.life,.life,2018-03-23,ianaTransferReport,iana-report,generic,,,Transfer of the .academy domain and 195 others,,no,,https://www.iana.org/reports/tld-transfer/20180323-binkymoon
.life,.life,2026-10-04,delegated,current-snapshot,generic,"Binky Moon, LLC",United States of America (the),,,yes,,https://www.iana.org/domains/root/db/life.html
.lifeinsurance,.lifeinsurance,2015-07-09,ianaRegistration,iana-registration,generic,American Council of Life Insurers,United States of America (the),,,no,,https://www.iana.org/domains/root/db/lifeinsurance.html
.lifeinsurance,.lifeinsurance,2016-01-13,ianaDelegationReport,iana-report,generic,,,Delegation of the .lifeinsurance domain to American Council of Life Insurers,,no,,https://www.iana.org/reports/c.2.9.2.d/20160113-lifeinsurance
.lifeinsurance,.lifeinsurance,2026-10-04,delegated,current-snapshot,generic,American Council of Life Insurers,United States of America (the),,,yes,,https://www.iana.org/domains/root/db/lifeinsurance.html
.lifestyle,.lifestyle,2015-10-01,ianaRegistration,iana-registration,generic,Internet Naming Co.,Cayman Islands (the),,,no,,https://www.iana.org/domains/root/db/lifestyle.html
.lifestyle,.lifestyle,2015-11-06,ianaDelegationReport,iana-report,generic,,,"Delegation of the .lifestyle domain to Lifestyle Domain Holdings, Inc.",,no,,https://www.iana.org/reports/c.2.9.2.d/20151106-lifestyle
.lifestyle,.lifestyle,2024-01-09,ianaTransferReport,iana-report,generic,,,Transfer of the .lifestyle domain to Internet Naming Co.,,no,,https://www.iana.org/reports/tld-transfer/20240109-lifestyle
.lifestyle,.lifestyle,2026-10-04,delegated,current-snapshot,generic,Internet Naming Co.,Cayman Islands (the),,,yes,,https://www.iana.org/domains/root/db/lifestyle.html
.lighting,.lighting,2013-10-31,ianaRegistration,iana-registration,generic,"Binky Moon, LLC",United States of America (the),,,no,,https://www.iana.org/domains/root/db/lighting.html
.lighting,.lighting,2013-11-04,ianaDelegationReport,iana-report,generic,,,"Delegation of the .LIGHTING domain to John McCook, LLC",,no,,https://www.iana.org/reports/c.2.9.2.d/20131104-lighting
.lighting,.lighting,2018-03-23,ianaTransferReport,iana-report,generic,,,Transfer of the .academy domain and 195 others,,no,,https://www.iana.org/reports/tld-transfer/20180323-binkymoon
.lighting,.lighting,2026-10-04,delegated,current-snapshot,generic,"Binky Moon, LLC",United States of America (the),,,yes,,https://www.iana.org/domains/root/db/lighting.html
.like,.like,2015-11-12,ianaRegistration,iana-registration,generic,"Amazon Registry Services, Inc.",United States of America (the),,,no,,https://www.iana.org/domains/root/db/like.html
.like,.like,2015-12-02,ianaDelegationReport,iana-report,generic,,,"Delegation of the .like domain to Amazon Registry Services, Inc.",,no,,https://www.iana.org/reports/c.2.9.2.d/20151202-like
.like,.like,2026-10-04,delegated,current-snapshot,generic,"Amazon Registry Services, Inc.",United States of America (the),,,yes,,https://www.iana.org/domains/root/db/like.html
.lilly,.lilly,2016-05-19,ianaRegistration,iana-registration,generic,Eli Lilly and Company,United States of America (the),,,no,,https://www.iana.org/domains/root/db/lilly.html
.lilly,.lilly,2016-07-29,ianaDelegationReport,iana-report,generic,,,Delegation of the .lilly domain to Eli Lilly and Company,,no,,https://www.iana.org/reports/c.2.9.2.d/20160729-lilly
.lilly,.lilly,2026-10-04,delegated,current-snapshot,generic,Eli Lilly and Company,United States of America (the),,,yes,,https://www.iana.org/domains/root/db/lilly.html
.limited,.limited,2014-04-17,ianaRegistration,iana-registration,generic,"Binky Moon, LLC",United States of America (the),,,no,,https://www.iana.org/domains/root/db/limited.html
.limited,.limited,2014-04-21,ianaDelegationReport,iana-report,generic,,,"Delegation of the .limited domain to Big Fest, LLC",,no,,https://www.iana.org/reports/c.2.9.2.d/20140421-limited
.limited,.limited,2018-03-23,ianaTransferReport,iana-report,generic,,,Transfer of the .academy domain and 195 others,,no,,https://www.iana.org/reports/tld-transfer/20180323-binkymoon
.limited,.limited,2026-10-04,delegated,current-snapshot,generic,"Binky Moon, LLC",United States of America (the),,,yes,,https://www.iana.org/domains/root/db/limited.html
.limo,.limo,2013-12-12,ianaDelegationReport,iana-report,generic,,,"Delegation of the .LIMO domain to Hidden Frostbite, LLC",,no,,https://www.iana.org/reports/c.2.9.2.d/20131212-limo
.limo,.limo,2013-12-12,ianaRegistration,iana-registration,generic,"Binky Moon, LLC",United States of America (the),,,no,,https://www.iana.org/domains/root/db/limo.html
.limo,.limo,2018-03-23,ianaTransferReport,iana-report,generic,,,Transfer of the .academy domain and 195 others,,no,,https://www.iana.org/reports/tld-transfer/20180323-binkymoon
.limo,.limo,2026-10-04,delegated,current-snapshot,generic,"Binky Moon, LLC",United States of America (the),,,yes,,https://www.iana.org/domains/root/db/limo.html
.lincoln,.lincoln,2015-12-10,ianaRegistration,iana-registration,generic,Ford Motor Company,United States of America (the),,,no,,https://www.iana.org/domains/root/db/lincoln.html
.lincoln,.lincoln,2015-12-15,ianaDelegationReport,iana-report,generic,,,Delegation of the .lincoln domain to Ford Motor Company,,no,,https://www.iana.org/reports/c.2.9.2.d/20151215-lincoln
.lincoln,.lincoln,2026-10-04,delegated,current-snapshot,generic,Ford Motor Company,United States of America (the),,,yes,,https://www.iana.org/domains/root/db/lincoln.html
.linde,.linde,2015-09-03,ianaRegistration,iana-registration,generic,,,,,no,,https://www.iana.org/domains/root/db/linde.html
.linde,.linde,2015-09-14,ianaDelegationReport,iana-report,generic,,,Delegation of the .linde domain to Linde Aktiengesellschaft,,no,,https://www.iana.org/reports/c.2.9.2.d/20150914-linde
.linde,.linde,2023-03-17,ianaRevocationReport,iana-report,generic,,,Revocation of the .linde domain,,no,,https://www.iana.org/reports/tld-transfer/20230317-linde
.linde,.linde,2026-10-04,notDelegated,current-snapshot,generic,,,,,yes,,https://www.iana.org/domains/root/db/linde.html
.link,.link,2014-01-09,ianaRegistration,iana-registration,generic,Nova Registry Ltd.,Malta,,,no,,https://www.iana.org/domains/root/db/link.html
.link,.link,2014-01-16,ianaDelegationReport,iana-report,generic,,,"Delegation of the .LINK domain to Uniregistry, Corp.",,no,,https://www.iana.org/reports/c.2.9.2.d/20140116-link
.link,.link,2022-05-19,ianaTransferReport,iana-report,generic,,,Transfer of the .link domain to Nova Registry Ltd.,,no,,https://www.iana.org/reports/tld-transfer/20220519-link
.link,.link,2026-10-04,delegated,current-snapshot,generic,Nova Registry Ltd.,Malta,,,yes,,https://www.iana.org/domains/root/db/link.html
.lipsy,.lipsy,2016-04-21,ianaRegistration,iana-registration,generic,,,,,no,,https://www.iana.org/domains/root/db/lipsy.html
.lipsy,.lipsy,2016-04-29,ianaDelegationReport,iana-report,generic,,,Delegation of the .lipsy domain to Lipsy Ltd,,no,,https://www.iana.org/reports/c.2.9.2.d/20160429-lipsy
.lipsy,.lipsy,2025-02-27,ianaRevocationReport,iana-report,generic,,,Revocation of the .lipsy domain,,no,,https://www.iana.org/reports/tld-transfer/20250227-lipsy
.lipsy,.lipsy,2026-10-04,notDelegated,current-snapshot,generic,,,,,yes,,https://www.iana.org/domains/root/db/lipsy.html
.live,.live,2015-06-25,ianaRegistration,iana-registration,generic,"Dog Beach, LLC",United States of America (the),,,no,,https://www.iana.org/domains/root/db/live.html
.live,.live,2015-07-06,ianaDelegationReport,iana-report,generic,,,"Delegation of the .live domain to United TLD Holdco, Ltd.",,no,,https://www.iana.org/reports/c.2.9.2.d/20150706-live
.live,.live,2021-06-02,ianaTransferReport,iana-report,generic,,,"Transfer of the .live domain to Dog Beach, LLC",,no,,https://www.iana.org/reports/tld-transfer/20210602-live
.live,.live,2026-10-04,delegated,current-snapshot,generic,"Dog Beach, LLC",United States of America (the),,,yes,,https://www.iana.org/domains/root/db/live.html
.living,.living,2015-12-10,ianaRegistration,iana-registration,generic,Internet Naming Co.,Cayman Islands (the),,,no,,https://www.iana.org/domains/root/db/living.html
.living,.living,2015-12-23,ianaDelegationReport,iana-report,generic,,,"Delegation of the .living domain to Lifestyle Domain Holdings, Inc.",,no,,https://www.iana.org/reports/c.2.9.2.d/20151223-living
.living,.living,2024-01-09,ianaTransferReport,iana-report,generic,,,Transfer of the .living domain to Internet Naming Co.,,no,,https://www.iana.org/reports/tld-transfer/20240109-living
.living,.living,2026-10-04,delegated,current-snapshot,generic,Internet Naming Co.,Cayman Islands (the),,,yes,,https://www.iana.org/domains/root/db/living.html
.lixil,.lixil,2015-07-16,ianaRegistration,iana-registration,generic,,,,,no,,https://www.iana.org/domains/root/db/lixil.html
.lixil,.lixil,2015-07-26,ianaDelegationReport,iana-report,generic,,,Delegation of the .lixil domain to LIXIL Group Corporation,,no,,https://www.iana.org/reports/c.2.9.2.d/20150726-lixil
.lixil,.lixil,2021-12-30,ianaRevocationReport,iana-report,generic,,,Revocation of the .lixil domain,,no,,https://www.iana.org/reports/tld-transfer/20211230-lixil
.lixil,.lixil,2026-10-04,notDelegated,current-snapshot,generic,,,,,yes,,https://www.iana.org/domains/root/db/lixil.html
.lk,.lk,1990-06-15,ianaRegistration,iana-registration,country-code,Council for Information Technology LK Domain Registrar,Sri Lanka,,,no,,https://www.iana.org/domains/root/db/lk.html
.lk,.lk,2026-10-04,delegated,current-snapshot,country-code,Council for Information Technology LK Domain Registrar,Sri Lanka,,,yes,,https://www.iana.org/domains/root/db/lk.html
.llc,.llc,2000,applicationSubmitted,application,generic,Rathbawn Computers Limited,United States / Australia,2000-002,,no,,https://archive.icann.org/en/tlds/tld-applications-lodged-02oct00.htm
.llc,.llc,2012,application,,generic,,,,,no,,https://newgtlds.icann.org/en/program-status/statistics
.llc,.llc,2018-02-16,ianaRegistration,,,,,,,no,,https://www.iana.org/domains/root/db/llc.html
.llc,.llc,2018-02-21,ianaDelegationReport,iana-report,generic,,,Delegation of the .llc domain to Afilias plc,,no,,https://www.iana.org/reports/tld-transfer/20180221-llc
.llc,.llc,2026-10-04,delegated,,generic,Identity Digital Limited,United States of America (the),,,yes,,https://www.iana.org/domains/root/db/llc.html
.llp,.llp,2019-11-20,ianaRegistration,iana-registration,generic,Intercap Registry Inc.,Cayman Islands (the),,,no,,https://www.iana.org/domains/root/db/llp.html
.llp,.llp,2019-12-02,ianaDelegationReport,iana-report,generic,,,Delegation of the .llp domain,,no,,https://www.iana.org/reports/tld-transfer/20191202-llp
.llp,.llp,2020-11-03,ianaTransferReport,iana-report,generic,,,Transfer of the .llp domain to UNR Corp.,,no,,https://www.iana.org/reports/tld-transfer/20201103-llp
.llp,.llp,2022-06-29,ianaTransferReport,iana-report,generic,,,Transfer of the .llp domain to Intercap Registry Inc.,,no,,https://www.iana.org/reports/tld-transfer/20220629-llp
.llp,.llp,2026-10-04,delegated,current-snapshot,generic,Intercap Registry Inc.,Cayman Islands (the),,,yes,,https://www.iana.org/domains/root/db/llp.html
.loan,.loan,2015-02-05,ianaRegistration,iana-registration,generic,dot Loan Limited,Gibraltar,,,no,,https://www.iana.org/domains/root/db/loan.html
.loan,.loan,2015-03-23,ianaDelegationReport,iana-report,generic,,,Delegation of the .loan domain to dot Loan Limited,,no,,https://www.iana.org/reports/c.2.9.2.d/20150323-loan
.loan,.loan,2026-10-04,delegated,current-snapshot,generic,dot Loan Limited,Gibraltar,,,yes,,https://www.iana.org/domains/root/db/loan.html
.loans,.loans,2014-05-08,ianaRegistration,iana-registration,generic,"Binky Moon, LLC",United States of America (the),,,no,,https://www.iana.org/domains/root/db/loans.html
.loans,.loans,2014-05-09,ianaDelegationReport,iana-report,generic,,,"Delegation of the .loans domain to June Woods, LLC",,no,,https://www.iana.org/reports/c.2.9.2.d/20140509-loans
.loans,.loans,2018-03-23,ianaTransferReport,iana-report,generic,,,Transfer of the .academy domain and 195 others,,no,,https://www.iana.org/reports/tld-transfer/20180323-binkymoon
.loans,.loans,2026-10-04,delegated,current-snapshot,generic,"Binky Moon, LLC",United States of America (the),,,yes,,https://www.iana.org/domains/root/db/loans.html
.locker,.locker,2016-05-19,ianaRegistration,iana-registration,generic,Orange Domains LLC,United States of America (the),,,no,,https://www.iana.org/domains/root/db/locker.html
.locker,.locker,2016-05-25,ianaDelegationReport,iana-report,generic,,,Delegation of the .locker domain to Dish DBS Corporation,,no,,https://www.iana.org/reports/c.2.9.2.d/20160525-locker
.locker,.locker,2024-01-23,ianaTransferReport,iana-report,generic,,,Transfer of the .locker domain to Orange Domains LLC,,no,,https://www.iana.org/reports/tld-transfer/20240123-locker
.locker,.locker,2026-10-04,delegated,current-snapshot,generic,Orange Domains LLC,United States of America (the),,,yes,,https://www.iana.org/domains/root/db/locker.html
.locus,.locus,2016-02-26,ianaRegistration,iana-registration,generic,Locus Analytics LLC,United States of America (the),,,no,,https://www.iana.org/domains/root/db/locus.html
.locus,.locus,2016-03-07,ianaDelegationReport,iana-report,generic,,,Delegation of the .locus domain to Locus Analytics LLC,,no,,https://www.iana.org/reports/c.2.9.2.d/20160307-locus
.locus,.locus,2026-10-04,delegated,current-snapshot,generic,Locus Analytics LLC,United States of America (the),,,yes,,https://www.iana.org/domains/root/db/locus.html
.loft,.loft,2016-07-21,ianaRegistration,iana-registration,generic,,,,,no,,https://www.iana.org/domains/root/db/loft.html
.loft,.loft,2016-08-01,ianaDelegationReport,iana-report,generic,,,"Delegation of the .loft domain to Annco, Inc.",,no,,https://www.iana.org/reports/c.2.9.2.d/20160801-loft
.loft,.loft,2022-12-17,ianaRevocationReport,iana-report,generic,,,Revocation of the .loft domain,,no,,https://www.iana.org/reports/tld-transfer/20221217-loft
.loft,.loft,2026-10-04,notDelegated,current-snapshot,generic,,,,,yes,,https://www.iana.org/domains/root/db/loft.html
.lol,.lol,2015-04-23,ianaRegistration,iana-registration,generic,XYZ.COM LLC,United States of America (the),,,no,,https://www.iana.org/domains/root/db/lol.html
.lol,.lol,2015-04-29,ianaDelegationReport,iana-report,generic,,,"Delegation of the .lol domain to Uniregistry, Corp.",,no,,https://www.iana.org/reports/c.2.9.2.d/20150429-lol
.lol,.lol,2022-03-23,ianaTransferReport,iana-report,generic,,,Transfer of the .lol domain to XYZ.COM LLC,,no,,https://www.iana.org/reports/tld-transfer/20220323-lol
.lol,.lol,2026-10-04,delegated,current-snapshot,generic,XYZ.COM LLC,United States of America (the),,,yes,,https://www.iana.org/domains/root/db/lol.html
.london,.london,2014-02-13,ianaRegistration,,,,,,,no,,https://www.iana.org/domains/root/db/london.html
.london,.london,2014-03-19,ianaDelegationReport,iana-report,generic,,,Delegation of the .london domain to Dot London Domains Limited,,no,,https://www.iana.org/reports/c.2.9.2.d/20140319-london
.london,.london,2026-10-04,delegated,,generic,Dot London Domains Limited,United Kingdom of Great Britain and Northern Ireland (the),,,yes,,https://www.iana.org/domains/root/db/london.html
.lotte,.lotte,2015-01-08,ianaRegistration,iana-registration,generic,"Lotte Holdings Co., Ltd.",Japan,,,no,,https://www.iana.org/domains/root/db/lotte.html
.lotte,.lotte,2015-01-12,ianaDelegationReport,iana-report,generic,,,"Delegation of the .lotte domain to Lotte Holdings Co., Ltd.",,no,,https://www.iana.org/reports/c.2.9.2.d/20150112-lotte
.lotte,.lotte,2026-10-04,delegated,current-snapshot,generic,"Lotte Holdings Co., Ltd.",Japan,,,yes,,https://www.iana.org/domains/root/db/lotte.html
.lotto,.lotto,2014-06-05,ianaRegistration,iana-registration,generic,Identity Digital Limited,United States of America (the),,,no,,https://www.iana.org/domains/root/db/lotto.html
.lotto,.lotto,2014-06-17,ianaDelegationReport,iana-report,generic,,,Delegation of the .lotto domain to Afilias Limited,,no,,https://www.iana.org/reports/c.2.9.2.d/20140617-lotto
.lotto,.lotto,2026-10-04,delegated,current-snapshot,generic,Identity Digital Limited,United States of America (the),,,yes,,https://www.iana.org/domains/root/db/lotto.html
.love,.love,2015-03-25,ianaRegistration,iana-registration,generic,Waterford Limited,Isle of Man,,,no,,https://www.iana.org/domains/root/db/love.html
.love,.love,2015-03-30,ianaDelegationReport,iana-report,generic,,,Delegation of the .love domain to Merchant Law Group LLP,,no,,https://www.iana.org/reports/c.2.9.2.d/20150330-love
.love,.love,2024-06-20,ianaTransferReport,iana-report,generic,,,Transfer of the .love domain to Waterford Limited,,no,,https://www.iana.org/reports/tld-transfer/20240620-love
.love,.love,2026-10-04,delegated,current-snapshot,generic,Waterford Limited,Isle of Man,,,yes,,https://www.iana.org/domains/root/db/love.html
.lpl,.lpl,2016-06-30,ianaRegistration,iana-registration,generic,"LPL Holdings, Inc.",United States of America (the),,,no,,https://www.iana.org/domains/root/db/lpl.html
.lpl,.lpl,2016-07-15,ianaDelegationReport,iana-report,generic,,,"Delegation of the .lpl domain to LPL Holdings, Inc.",,no,,https://www.iana.org/reports/c.2.9.2.d/20160715-lpl
.lpl,.lpl,2026-10-04,delegated,current-snapshot,generic,"LPL Holdings, Inc.",United States of America (the),,,yes,,https://www.iana.org/domains/root/db/lpl.html
.lplfinancial,.lplfinancial,2016-06-30,ianaRegistration,iana-registration,generic,"LPL Holdings, Inc.",United States of America (the),,,no,,https://www.iana.org/domains/root/db/lplfinancial.html
.lplfinancial,.lplfinancial,2016-07-15,ianaDelegationReport,iana-report,generic,,,"Delegation of the .lplfinancial domain to LPL Holdings, Inc.",,no,,https://www.iana.org/reports/c.2.9.2.d/20160715-lplfinancial
.lplfinancial,.lplfinancial,2026-10-04,delegated,current-snapshot,generic,"LPL Holdings, Inc.",United States of America (the),,,yes,,https://www.iana.org/domains/root/db/lplfinancial.html
.lr,.lr,1997-04-09,ianaRegistration,iana-registration,country-code,"Data Technology Solutions, Inc.",Liberia,,,no,,https://www.iana.org/domains/root/db/lr.html
.lr,.lr,2026-10-04,delegated,current-snapshot,country-code,"Data Technology Solutions, Inc.",Liberia,,,yes,,https://www.iana.org/domains/root/db/lr.html
.ls,.ls,1993-01-13,ianaRegistration,iana-registration,country-code,Lesotho Network Information Centre Proprietary (LSNIC),Lesotho,,,no,,https://www.iana.org/domains/root/db/ls.html
.ls,.ls,2018-06-05,ianaTransferReport,iana-report,country-code,,,Transfer of the .LS (Lesotho) top-level domain to Lesotho Network Information Centre Proprietary (LSNIC),,no,,https://www.iana.org/reports/2018/ls-report-20180605.html
.ls,.ls,2026-10-04,delegated,current-snapshot,country-code,Lesotho Network Information Centre Proprietary (LSNIC),Lesotho,,,yes,,https://www.iana.org/domains/root/db/ls.html
.lt,.lt,1992-06-03,ianaRegistration,iana-registration,country-code,Kaunas University of Technology,Lithuania,,,no,,https://www.iana.org/domains/root/db/lt.html
.lt,.lt,2026-10-04,delegated,current-snapshot,country-code,Kaunas University of Technology,Lithuania,,,yes,,https://www.iana.org/domains/root/db/lt.html
.ltd,.ltd,2000,applicationSubmitted,application,generic,Eastern Communications Company Limited,China,2000-017,,no,,https://archive.icann.org/en/tlds/tld-applications-lodged-02oct00.htm
.ltd,.ltd,2015-08-06,ianaRegistration,iana-registration,generic,"Binky Moon, LLC",United States of America (the),,,no,,https://www.iana.org/domains/root/db/ltd.html
.ltd,.ltd,2015-09-10,ianaDelegationReport,iana-report,generic,,,"Delegation of the .ltd domain to Over Corner, LLC",,no,,https://www.iana.org/reports/c.2.9.2.d/20150910-ltd
.ltd,.ltd,2018-03-23,ianaTransferReport,iana-report,generic,,,Transfer of the .academy domain and 195 others,,no,,https://www.iana.org/reports/tld-transfer/20180323-binkymoon
.ltd,.ltd,2026-10-04,delegated,current-snapshot,generic,"Binky Moon, LLC",United States of America (the),,,yes,,https://www.iana.org/domains/root/db/ltd.html
.ltda,.ltda,2014-07-03,ianaRegistration,iana-registration,generic,InterNetX Corp.,United States of America (the),,,no,,https://www.iana.org/domains/root/db/ltda.html
.ltda,.ltda,2014-08-15,ianaDelegationReport,iana-report,generic,,,Delegation of the .ltda domain to DOMAIN ROBOT SERVICOS DE HOSPEDAGEM NA INTERNET LTDA,,no,,https://www.iana.org/reports/c.2.9.2.d/20140815-ltda
.ltda,.ltda,2014-08-28,ianaTransferReport,iana-report,generic,,,Redelegation of the .ltda domain to InterNetX Corp.,,no,,https://www.iana.org/reports/c.2.9.2.d/20140828-ltda
.ltda,.ltda,2026-10-04,delegated,current-snapshot,generic,InterNetX Corp.,United States of America (the),,,yes,,https://www.iana.org/domains/root/db/ltda.html
.lu,.lu,1995-01-27,ianaRegistration,iana-registration,country-code,RESTENA,Luxembourg,,,no,,https://www.iana.org/domains/root/db/lu.html
.lu,.lu,2026-10-04,delegated,current-snapshot,country-code,RESTENA,Luxembourg,,,yes,,https://www.iana.org/domains/root/db/lu.html
.lugano,.lugano,2026,application,,geographic,,Switzerland,,,no,applicantDisclosure · 2026-10-02,
.lugano,.lugano,2026-10-04,notDelegated,current-snapshot,notApplicable,,Switzerland,,,yes,,
.lundbeck,.lundbeck,2016-06-16,ianaRegistration,iana-registration,generic,H. Lundbeck A/S,Denmark,,,no,,https://www.iana.org/domains/root/db/lundbeck.html
.lundbeck,.lundbeck,2016-07-13,ianaDelegationReport,iana-report,generic,,,Delegation of the .lundbeck domain to H. Lundbeck A/S,,no,,https://www.iana.org/reports/c.2.9.2.d/20160713-lundbeck
.lundbeck,.lundbeck,2026-10-04,delegated,current-snapshot,generic,H. Lundbeck A/S,Denmark,,,yes,,https://www.iana.org/domains/root/db/lundbeck.html
.lupin,.lupin,2015-03-19,ianaRegistration,iana-registration,generic,,,,,no,,https://www.iana.org/domains/root/db/lupin.html
.lupin,.lupin,2015-05-14,ianaDelegationReport,iana-report,generic,,,Delegation of the .lupin domain to Lupin Limited,,no,,https://www.iana.org/reports/c.2.9.2.d/20150514-lupin
.lupin,.lupin,2020-12-10,ianaRevocationReport,iana-report,generic,,,Revocation of the .lupin domain,,no,,https://www.iana.org/reports/tld-transfer/20201210-lupin
.lupin,.lupin,2026-10-04,notDelegated,current-snapshot,generic,,,,,yes,,https://www.iana.org/domains/root/db/lupin.html
.luxe,.luxe,2014-03-13,ianaRegistration,iana-registration,generic,"Registry Services, LLC",United States of America (the),,,no,,https://www.iana.org/domains/root/db/luxe.html
.luxe,.luxe,2014-05-12,ianaDelegationReport,iana-report,generic,,,Delegation of the .luxe domain to Top Level Domain Holdings Limited,,no,,https://www.iana.org/reports/c.2.9.2.d/20140512-luxe
.luxe,.luxe,2021-09-14,ianaTransferReport,iana-report,generic,,,"Transfer of the .luxe domain to Registry Services, LLC",,no,,https://www.iana.org/reports/tld-transfer/20210914-luxe
.luxe,.luxe,2026-10-04,delegated,current-snapshot,generic,"Registry Services, LLC",United States of America (the),,,yes,,https://www.iana.org/domains/root/db/luxe.html
.luxury,.luxury,2014-01-09,ianaRegistration,iana-registration,generic,Luxury Partners LLC,United States of America (the),,,no,,https://www.iana.org/domains/root/db/luxury.html
.luxury,.luxury,2014-01-16,ianaDelegationReport,iana-report,generic,,,"Delegation of the .LUXURY domain to Luxury Partners, LLC",,no,,https://www.iana.org/reports/c.2.9.2.d/20140116-luxury
.luxury,.luxury,2026-10-04,delegated,current-snapshot,generic,Luxury Partners LLC,United States of America (the),,,yes,,https://www.iana.org/domains/root/db/luxury.html
.lv,.lv,1993-04-29,ianaRegistration,iana-registration,country-code,"University of Latvia, Institute of Mathematics and Computer Science, Department of Network Solutions (DNS)",Latvia,,,no,,https://www.iana.org/domains/root/db/lv.html
.lv,.lv,2026-10-04,delegated,current-snapshot,country-code,"University of Latvia, Institute of Mathematics and Computer Science, Department of Network Solutions (DNS)",Latvia,,,yes,,https://www.iana.org/domains/root/db/lv.html
.ly,.ly,1997-04-23,ianaRegistration,iana-registration,country-code,General Authority of Communications and Informatics (GACI),Libya,,,no,,https://www.iana.org/domains/root/db/ly.html
.ly,.ly,2005-08-05,ianaTransferReport,iana-report,country-code,,,IANA Report on the Redelegation of the .LY Top-Level Domain,,no,,https://www.iana.org/reports/2005/ly-report-05aug2005.pdf
.ly,.ly,2025-10-30,ianaTransferReport,iana-report,country-code,,,Transfer of the .LY (Libya) top-level domain to the General Authority of Communications and Informatics,,no,,https://www.iana.org/reports/2025/ly-report-20251030.html
.ly,.ly,2026-10-04,delegated,current-snapshot,country-code,General Authority of Communications and Informatics (GACI),Libya,,,yes,,https://www.iana.org/domains/root/db/ly.html
.ma,.ma,1993-11-26,ianaRegistration,iana-registration,country-code,Agence Nationale de Réglementation des Télécommunications (ANRT),Morocco,,,no,,https://www.iana.org/domains/root/db/ma.html
.ma,.ma,2006-07-24,ianaTransferReport,iana-report,country-code,,,IANA Report on the Redelegation of the .MA Top-Level Domain,,no,,https://www.iana.org/reports/2006/ma-report-24jul2006.html
.ma,.ma,2026-10-04,delegated,current-snapshot,country-code,Agence Nationale de Réglementation des Télécommunications (ANRT),Morocco,,,yes,,https://www.iana.org/domains/root/db/ma.html
.macys,.macys,2016-06-24,ianaRegistration,iana-registration,generic,,,,,no,,https://www.iana.org/domains/root/db/macys.html
.macys,.macys,2016-07-07,ianaDelegationReport,iana-report,generic,,,"Delegation of the .macys domain to Macys, Inc.",,no,,https://www.iana.org/reports/c.2.9.2.d/20160707-macys
.macys,.macys,2023-03-07,ianaRevocationReport,iana-report,generic,,,Revocation of the .macys domain,,no,,https://www.iana.org/reports/tld-transfer/20230307-macys
.macys,.macys,2026-10-04,notDelegated,current-snapshot,generic,,,,,yes,,https://www.iana.org/domains/root/db/macys.html
.mad,.mad,2000,applicationSubmitted,application,notApplicable,"Name.Space, Incorporated",United States,2000-001,,no,,https://archive.icann.org/en/tlds/tld-applications-lodged-02oct00.htm
.mad,.mad,2026-10-04,notDelegated,current-snapshot,notApplicable,"Name.Space, Incorporated",,,,yes,,https://archive.icann.org/en/tlds/tld-applications-lodged-02oct00.htm
.madrid,.madrid,2014-10-02,ianaRegistration,iana-registration,generic,Comunidad de Madrid,Spain,,,no,,https://www.iana.org/domains/root/db/madrid.html
.madrid,.madrid,2014-11-14,ianaDelegationReport,iana-report,generic,,,Delegation of the .madrid domain to Comunidad de Madrid,,no,,https://www.iana.org/reports/c.2.9.2.d/20141114-madrid
.madrid,.madrid,2026-10-04,delegated,current-snapshot,generic,Comunidad de Madrid,Spain,,,yes,,https://www.iana.org/domains/root/db/madrid.html
.mag,.mag,2000,applicationSubmitted,application,notApplicable,"Name.Space, Incorporated",United States,2000-001,,no,,https://archive.icann.org/en/tlds/tld-applications-lodged-02oct00.htm
.mag,.mag,2026-10-04,notDelegated,current-snapshot,notApplicable,"Name.Space, Incorporated",,,,yes,,https://archive.icann.org/en/tlds/tld-applications-lodged-02oct00.htm
.magic,.magic,2000,applicationSubmitted,application,notApplicable,"Name.Space, Incorporated",United States,2000-001,,no,,https://archive.icann.org/en/tlds/tld-applications-lodged-02oct00.htm
.magic,.magic,2000,proposed,,application,,,,,no,,https://archive.icann.org/en/tlds/ads1/
.magic,.magic,2026-10-04,notDelegated,current-snapshot,notApplicable,"Name.Space, Incorporated",,,,yes,,https://archive.icann.org/en/tlds/ads1/
.maif,.maif,2015-02-13,ianaRegistration,iana-registration,generic,Mutuelle Assurance Instituteur France (MAIF),France,,,no,,https://www.iana.org/domains/root/db/maif.html
.maif,.maif,2015-02-27,ianaDelegationReport,iana-report,generic,,,Delegation of the .maif domain to Mutuelle Assurance Instituteur France (MAIF),,no,,https://www.iana.org/reports/c.2.9.2.d/20150227-maif
.maif,.maif,2026-10-04,delegated,current-snapshot,generic,Mutuelle Assurance Instituteur France (MAIF),France,,,yes,,https://www.iana.org/domains/root/db/maif.html
.mail,.mail,2000,applicationSubmitted,application,notApplicable,"Name.Space, Incorporated",United States,2000-001,,no,,https://archive.icann.org/en/tlds/tld-applications-lodged-02oct00.htm
.mail,.mail,2004,applicationSubmitted,application,notApplicable,Anti-Spam Community Registry,United Kingdom,2004-004,outcome_not_delegated,no,,https://www.icann.org/en/announcements/details/icann-progress-in-process-for-introducing-new-sponsored-top-level-domains-19-3-2004-en
.mail,.mail,2004,notDelegated,,sponsored,Anti-Spam Community Registry,United Kingdom,,,no,,https://www.icann.org/en/announcements/details/icann-progress-in-process-for-introducing-new-sponsored-top-level-domains-19-3-2004-en
.mail,.mail,2026-10-04,notDelegated,current-snapshot,notApplicable,Anti-Spam Community Registry,United Kingdom,,,yes,,https://www.icann.org/en/announcements/details/icann-progress-in-process-for-introducing-new-sponsored-top-level-domains-19-3-2004-en
.maison,.maison,2014-02-06,ianaRegistration,iana-registration,generic,"Binky Moon, LLC",United States of America (the),,,no,,https://www.iana.org/domains/root/db/maison.html
.maison,.maison,2014-02-07,ianaDelegationReport,iana-report,generic,,,"Delegation of the .maison domain to Victor Frostbite, LLC",,no,,https://www.iana.org/reports/c.2.9.2.d/20140207-maison
.maison,.maison,2018-03-23,ianaTransferReport,iana-report,generic,,,Transfer of the .academy domain and 195 others,,no,,https://www.iana.org/reports/tld-transfer/20180323-binkymoon
.maison,.maison,2026-10-04,delegated,current-snapshot,generic,"Binky Moon, LLC",United States of America (the),,,yes,,https://www.iana.org/domains/root/db/maison.html
.makeup,.makeup,2015-12-23,ianaRegistration,iana-registration,generic,XYZ.COM LLC,United States of America (the),,,no,,https://www.iana.org/domains/root/db/makeup.html
.makeup,.makeup,2016-01-11,ianaDelegationReport,iana-report,generic,,,Delegation of the .makeup domain to L'Oréal,,no,,https://www.iana.org/reports/c.2.9.2.d/20160111-makeup
.makeup,.makeup,2020-09-15,ianaTransferReport,iana-report,generic,,,Transfer of the .makeup domain to XYZ.COM LLC,,no,,https://www.iana.org/reports/tld-transfer/20200915-makeup
.makeup,.makeup,2026-10-04,delegated,current-snapshot,generic,XYZ.COM LLC,United States of America (the),,,yes,,https://www.iana.org/domains/root/db/makeup.html
.mall,.mall,2000,applicationSubmitted,application,notApplicable,"Commercial Connect, LLC",United States,2000-028,,no,,https://archive.icann.org/en/tlds/tld-applications-lodged-02oct00.htm
.mall,.mall,2026-10-04,notDelegated,current-snapshot,notApplicable,"Commercial Connect, LLC",,,,yes,,https://archive.icann.org/en/tlds/tld-applications-lodged-02oct00.htm
.man,.man,2015-02-27,ianaRegistration,iana-registration,generic,MAN Truck & Bus SE,Germany,,,no,,https://www.iana.org/domains/root/db/man.html
.man,.man,2015-07-24,ianaDelegationReport,iana-report,generic,,,Delegation of the .man domain to MAN SE,,no,,https://www.iana.org/reports/c.2.9.2.d/20150724-man
.man,.man,2024-12-18,ianaTransferReport,iana-report,generic,,,Transfer of the .man domain to MAN Truck & Bus SE,,no,,https://www.iana.org/reports/tld-transfer/20241218-man
.man,.man,2026-10-04,delegated,current-snapshot,generic,MAN Truck & Bus SE,Germany,,,yes,,https://www.iana.org/domains/root/db/man.html
.management,.management,2013-12-12,ianaDelegationReport,iana-report,generic,,,"Delegation of the .MANAGEMENT domain to John Goodbye, LLC",,no,,https://www.iana.org/reports/c.2.9.2.d/20131212-management
.management,.management,2013-12-12,ianaRegistration,iana-registration,generic,"Binky Moon, LLC",United States of America (the),,,no,,https://www.iana.org/domains/root/db/management.html
.management,.management,2018-03-23,ianaTransferReport,iana-report,generic,,,Transfer of the .academy domain and 195 others,,no,,https://www.iana.org/reports/tld-transfer/20180323-binkymoon
.management,.management,2026-10-04,delegated,current-snapshot,generic,"Binky Moon, LLC",United States of America (the),,,yes,,https://www.iana.org/domains/root/db/management.html
.mango,.mango,2014-01-23,ianaRegistration,iana-registration,generic,PUNTO FA S.L.,Spain,,,no,,https://www.iana.org/domains/root/db/mango.html
.mango,.mango,2014-02-12,ianaDelegationReport,iana-report,generic,,,Delegation of the .mango domain to PUNTO FA S.L.,,no,,https://www.iana.org/reports/c.2.9.2.d/20140212-mango
.mango,.mango,2026-10-04,delegated,current-snapshot,generic,PUNTO FA S.L.,Spain,,,yes,,https://www.iana.org/domains/root/db/mango.html
.map,.map,2017-06-08,ianaRegistration,iana-registration,generic,Charleston Road Registry Inc.,United States of America (the),,,no,,https://www.iana.org/domains/root/db/map.html
.map,.map,2017-06-29,ianaDelegationReport,iana-report,generic,,,Delegation of the .map domain to Charleston Road Registry Inc.,,no,,https://www.iana.org/reports/tld-transfer/20170629-map
.map,.map,2026-10-04,delegated,current-snapshot,generic,Charleston Road Registry Inc.,United States of America (the),,,yes,,https://www.iana.org/domains/root/db/map.html
.market,.market,2000,applicationSubmitted,application,generic,"Name.Space, Incorporated",United States,2000-001,,no,,https://archive.icann.org/en/tlds/tld-applications-lodged-02oct00.htm
.market,.market,2014-05-22,ianaRegistration,iana-registration,generic,"Dog Beach, LLC",United States of America (the),,,no,,https://www.iana.org/domains/root/db/market.html
.market,.market,2014-05-28,ianaDelegationReport,iana-report,generic,,,"Delegation of the .market domain to United TLD Holdco, Ltd",,no,,https://www.iana.org/reports/c.2.9.2.d/20140528-market
.market,.market,2021-06-02,ianaTransferReport,iana-report,generic,,,"Transfer of the .market domain to Dog Beach, LLC",,no,,https://www.iana.org/reports/tld-transfer/20210602-market
.market,.market,2026-10-04,delegated,current-snapshot,generic,"Dog Beach, LLC",United States of America (the),,,yes,,https://www.iana.org/domains/root/db/market.html
.marketing,.marketing,2014-01-09,ianaRegistration,iana-registration,generic,"Binky Moon, LLC",United States of America (the),,,no,,https://www.iana.org/domains/root/db/marketing.html
.marketing,.marketing,2014-01-10,ianaDelegationReport,iana-report,generic,,,"Delegation of the .MARKETING domain to Fern Pass, LLC",,no,,https://www.iana.org/reports/c.2.9.2.d/20140110-marketing
.marketing,.marketing,2018-03-23,ianaTransferReport,iana-report,generic,,,Transfer of the .academy domain and 195 others,,no,,https://www.iana.org/reports/tld-transfer/20180323-binkymoon
.marketing,.marketing,2026-10-04,delegated,current-snapshot,generic,"Binky Moon, LLC",United States of America (the),,,yes,,https://www.iana.org/domains/root/db/marketing.html
.markets,.markets,2015-03-06,ianaRegistration,iana-registration,generic,"Dog Beach, LLC",United States of America (the),,,no,,https://www.iana.org/domains/root/db/markets.html
.markets,.markets,2015-03-09,ianaDelegationReport,iana-report,generic,,,Delegation of the .markets domain to Dotmarkets Registry Limited,,no,,https://www.iana.org/reports/c.2.9.2.d/20150309-markets
.markets,.markets,2021-06-29,ianaTransferReport,iana-report,generic,,,"Transfer of the .markets domain to Dog Beach, LLC",,no,,https://www.iana.org/reports/tld-transfer/20210629-markets
.markets,.markets,2026-10-04,delegated,current-snapshot,generic,"Dog Beach, LLC",United States of America (the),,,yes,,https://www.iana.org/domains/root/db/markets.html
.marriott,.marriott,2014-12-18,ianaRegistration,iana-registration,generic,Marriott Worldwide Corporation,United States of America (the),,,no,,https://www.iana.org/domains/root/db/marriott.html
.marriott,.marriott,2015-01-08,ianaDelegationReport,iana-report,generic,,,Delegation of the .marriott domain to Marriott Worldwide Corporation,,no,,https://www.iana.org/reports/c.2.9.2.d/20150108-marriott
.marriott,.marriott,2026-10-04,delegated,current-snapshot,generic,Marriott Worldwide Corporation,United States of America (the),,,yes,,https://www.iana.org/domains/root/db/marriott.html
.marshalls,.marshalls,2016-04-07,ianaRegistration,iana-registration,generic,"The TJX Companies, Inc.",United States of America (the),,,no,,https://www.iana.org/domains/root/db/marshalls.html
.marshalls,.marshalls,2016-07-07,ianaDelegationReport,iana-report,generic,,,"Delegation of the .marshalls domain to The TJX Companies, Inc.",,no,,https://www.iana.org/reports/c.2.9.2.d/20160707-marshalls
.marshalls,.marshalls,2026-10-04,delegated,current-snapshot,generic,"The TJX Companies, Inc.",United States of America (the),,,yes,,https://www.iana.org/domains/root/db/marshalls.html
.mas,.mas,2000,applicationSubmitted,application,notApplicable,Nokia Corporation,Finland,2000-029,,no,,https://archive.icann.org/en/tlds/tld-applications-lodged-02oct00.htm
.mas,.mas,2026-10-04,notDelegated,current-snapshot,notApplicable,Nokia Corporation,,,,yes,,https://archive.icann.org/en/tlds/tld-applications-lodged-02oct00.htm
.maserati,.maserati,2016-07-14,ianaRegistration,iana-registration,generic,,,,,no,,https://www.iana.org/domains/root/db/maserati.html
.maserati,.maserati,2016-08-02,ianaDelegationReport,iana-report,generic,,,Delegation of the .maserati domain to Fiat Chrysler Automobiles N.V.,,no,,https://www.iana.org/reports/c.2.9.2.d/20160802-maserati
.maserati,.maserati,2023-06-05,ianaRevocationReport,iana-report,generic,,,Revocation of the .maserati domain,,no,,https://www.iana.org/reports/tld-transfer/20230605-maserati
.maserati,.maserati,2026-10-04,notDelegated,current-snapshot,generic,,,,,yes,,https://www.iana.org/domains/root/db/maserati.html
.mattel,.mattel,2016-01-22,ianaRegistration,iana-registration,generic,"Mattel IT Services, Inc.",United States of America (the),,,no,,https://www.iana.org/domains/root/db/mattel.html
.mattel,.mattel,2016-05-26,ianaDelegationReport,iana-report,generic,,,"Delegation of the .mattel domain to Mattel Sites, Inc.",,no,,https://www.iana.org/reports/c.2.9.2.d/20160526-mattel
.mattel,.mattel,2025-06-10,ianaTransferReport,iana-report,generic,,,"Transfer of the .mattel domain to Mattel IT Services, Inc.",,no,,https://www.iana.org/reports/tld-transfer/20250610-mattel
.mattel,.mattel,2026-10-04,delegated,current-snapshot,generic,"Mattel IT Services, Inc.",United States of America (the),,,yes,,https://www.iana.org/domains/root/db/mattel.html
.max,.max,2000,applicationSubmitted,application,notApplicable,Nokia Corporation,Finland,2000-029,,no,,https://archive.icann.org/en/tlds/tld-applications-lodged-02oct00.htm
.max,.max,2026-10-04,notDelegated,current-snapshot,notApplicable,Nokia Corporation,,,,yes,,https://archive.icann.org/en/tlds/tld-applications-lodged-02oct00.htm
.mba,.mba,2015-05-14,ianaRegistration,iana-registration,generic,"Binky Moon, LLC",United States of America (the),,,no,,https://www.iana.org/domains/root/db/mba.html
.mba,.mba,2015-05-21,ianaDelegationReport,iana-report,generic,,,"Delegation of the .mba domain to Lone Hollow, LLC",,no,,https://www.iana.org/reports/c.2.9.2.d/20150521-mba
.mba,.mba,2018-03-23,ianaTransferReport,iana-report,generic,,,Transfer of the .academy domain and 195 others,,no,,https://www.iana.org/reports/tld-transfer/20180323-binkymoon
.mba,.mba,2026-10-04,delegated,current-snapshot,generic,"Binky Moon, LLC",United States of America (the),,,yes,,https://www.iana.org/domains/root/db/mba.html
.mc,.mc,1995-01-20,ianaRegistration,iana-registration,country-code,Direction des Plateformes et des Ressources Numériques,Monaco,,,no,,https://www.iana.org/domains/root/db/mc.html
.mc,.mc,2026-10-04,delegated,current-snapshot,country-code,Direction des Plateformes et des Ressources Numériques,Monaco,,,yes,,https://www.iana.org/domains/root/db/mc.html
.mcd,.mcd,2016-07-07,ianaRegistration,iana-registration,generic,,,,,no,,https://www.iana.org/domains/root/db/mcd.html
.mcd,.mcd,2016-08-02,ianaDelegationReport,iana-report,generic,,,Delegation of the .mcd domain to McDonald’s Corporation,,no,,https://www.iana.org/reports/c.2.9.2.d/20160802-mcd
.mcd,.mcd,2017-08-25,ianaRevocationReport,iana-report,generic,,,Revocation of the .mcd domain,,no,,https://www.iana.org/reports/tld-transfer/20170825-mcd
.mcd,.mcd,2026-10-04,notDelegated,current-snapshot,generic,,,,,yes,,https://www.iana.org/domains/root/db/mcd.html
.mcdonalds,.mcdonalds,2016-07-07,ianaRegistration,iana-registration,generic,,,,,no,,https://www.iana.org/domains/root/db/mcdonalds.html
.mcdonalds,.mcdonalds,2016-08-02,ianaDelegationReport,iana-report,generic,,,Delegation of the .mcdonalds domain to McDonald’s Corporation,,no,,https://www.iana.org/reports/c.2.9.2.d/20160802-mcdonalds
.mcdonalds,.mcdonalds,2017-08-25,ianaRevocationReport,iana-report,generic,,,Revocation of the .mcdonalds domain,,no,,https://www.iana.org/reports/tld-transfer/20170825-mcdonalds
.mcdonalds,.mcdonalds,2026-10-04,notDelegated,current-snapshot,generic,,,,,yes,,https://www.iana.org/domains/root/db/mcdonalds.html
.mckinsey,.mckinsey,2016-07-21,ianaRegistration,iana-registration,generic,"McKinsey Holdings, Inc.",United States of America (the),,,no,,https://www.iana.org/domains/root/db/mckinsey.html
.mckinsey,.mckinsey,2016-07-29,ianaDelegationReport,iana-report,generic,,,"Delegation of the .mckinsey domain to McKinsey Holdings, Inc.",,no,,https://www.iana.org/reports/c.2.9.2.d/20160729-mckinsey
.mckinsey,.mckinsey,2026-10-04,delegated,current-snapshot,generic,"McKinsey Holdings, Inc.",United States of America (the),,,yes,,https://www.iana.org/domains/root/db/mckinsey.html
.md,.md,1994-03-24,ianaRegistration,iana-registration,country-code,IP Serviciul Tehnologia Informatiei si Securitate Cibernetica,Moldova (the Republic of),,,no,,https://www.iana.org/domains/root/db/md.html
.md,.md,2003-10-22,ianaTransferReport,iana-report,country-code,,,IANA Report on Redelegation of the .MD Top-Level Domain,,no,,https://www.iana.org/reports/2003/md-report-22oct03.html
.md,.md,2026-10-04,delegated,current-snapshot,country-code,IP Serviciul Tehnologia Informatiei si Securitate Cibernetica,Moldova (the Republic of),,,yes,,https://www.iana.org/domains/root/db/md.html
.me,.me,2007-09-11,ianaDelegationReport,iana-report,country-code,,,"Report on Delegation of the .ME Top-Level Domain to the ""Government of Montenegro""",,no,,https://www.iana.org/reports/2007/me-report-11sep2007.html
.me,.me,2007-09-24,ianaRegistration,,,,,,,no,,https://www.iana.org/domains/root/db/me.html
.me,.me,2026-10-04,delegated,,country-code,Government of Montenegro,Montenegro,,,yes,,https://www.iana.org/domains/root/db/me.html
.med,.med,2015-11-12,ianaRegistration,iana-registration,generic,Medistry LLC,United States of America (the),,,no,,https://www.iana.org/domains/root/db/med.html
.med,.med,2015-11-25,ianaDelegationReport,iana-report,generic,,,Delegation of the .med domain to Medistry LLC,,no,,https://www.iana.org/reports/c.2.9.2.d/20151125-med
.med,.med,2026-10-04,delegated,current-snapshot,generic,Medistry LLC,United States of America (the),,,yes,,https://www.iana.org/domains/root/db/med.html
.media,.media,2000,applicationSubmitted,application,generic,"Name.Space, Incorporated",United States,2000-001,,no,,https://archive.icann.org/en/tlds/tld-applications-lodged-02oct00.htm
.media,.media,2014-04-03,ianaRegistration,iana-registration,generic,"Binky Moon, LLC",United States of America (the),,,no,,https://www.iana.org/domains/root/db/media.html
.media,.media,2014-04-09,ianaDelegationReport,iana-report,generic,,,"Delegation of the .media domain to Grand Glen, LLC",,no,,https://www.iana.org/reports/c.2.9.2.d/20140409-media
.media,.media,2018-03-23,ianaTransferReport,iana-report,generic,,,Transfer of the .academy domain and 195 others,,no,,https://www.iana.org/reports/tld-transfer/20180323-binkymoon
.media,.media,2026-10-04,delegated,current-snapshot,generic,"Binky Moon, LLC",United States of America (the),,,yes,,https://www.iana.org/domains/root/db/media.html
.meet,.meet,2014-03-20,ianaRegistration,iana-registration,generic,Charleston Road Registry Inc.,United States of America (the),,,no,,https://www.iana.org/domains/root/db/meet.html
.meet,.meet,2014-03-25,ianaDelegationReport,iana-report,generic,,,Delegation of the .meet domain to Afilias Limited,,no,,https://www.iana.org/reports/c.2.9.2.d/20140325-meet
.meet,.meet,2016-07-27,ianaTransferReport,iana-report,generic,,,Redelegation of the .meet domain to Charleston Road Registry Inc.,,no,,https://www.iana.org/reports/c.2.9.2.d/20160727-meet
.meet,.meet,2026-10-04,delegated,current-snapshot,generic,Charleston Road Registry Inc.,United States of America (the),,,yes,,https://www.iana.org/domains/root/db/meet.html
.melbourne,.melbourne,2014-07-03,ianaRegistration,iana-registration,generic,"The Crown in right of the State of Victoria, represented by its Department of State Development, Business and Innovation",Australia,,,no,,https://www.iana.org/domains/root/db/melbourne.html
.melbourne,.melbourne,2014-07-07,ianaDelegationReport,iana-report,generic,,,"Delegation of the .melbourne domain to The Crown in right of the State of Victoria, represented by its Department of State Development, Business and Innovation",,no,,https://www.iana.org/reports/c.2.9.2.d/20140707-melbourne
.melbourne,.melbourne,2026-10-04,delegated,current-snapshot,generic,"The Crown in right of the State of Victoria, represented by its Department of State Development, Business and Innovation",Australia,,,yes,,https://www.iana.org/domains/root/db/melbourne.html
.meme,.meme,2014-06-12,ianaRegistration,iana-registration,generic,Charleston Road Registry Inc.,United States of America (the),,,no,,https://www.iana.org/domains/root/db/meme.html
.meme,.meme,2014-08-28,ianaDelegationReport,iana-report,generic,,,Delegation of the .meme domain to Charleston Road Registry Inc.,,no,,https://www.iana.org/reports/tld-transfer/20140828-meme
.meme,.meme,2026-10-04,delegated,current-snapshot,generic,Charleston Road Registry Inc.,United States of America (the),,,yes,,https://www.iana.org/domains/root/db/meme.html
.memorial,.memorial,2014-11-20,ianaRegistration,iana-registration,generic,"Dog Beach, LLC",United States of America (the),,,no,,https://www.iana.org/domains/root/db/memorial.html
.memorial,.memorial,2014-11-24,ianaDelegationReport,iana-report,generic,,,"Delegation of the .memorial domain to Dog Beach, LLC",,no,,https://www.iana.org/reports/c.2.9.2.d/20141124-memorial
.memorial,.memorial,2026-10-04,delegated,current-snapshot,generic,"Dog Beach, LLC",United States of America (the),,,yes,,https://www.iana.org/domains/root/db/memorial.html
.men,.men,2000,applicationSubmitted,application,generic,"Name.Space, Incorporated",United States,2000-001,,no,,https://archive.icann.org/en/tlds/tld-applications-lodged-02oct00.htm
.men,.men,2015-05-08,ianaRegistration,iana-registration,generic,Exclusive Registry Limited,Gibraltar,,,no,,https://www.iana.org/domains/root/db/men.html
.men,.men,2015-05-18,ianaDelegationReport,iana-report,generic,,,Delegation of the .men domain to Exclusive Registry Limited,,no,,https://www.iana.org/reports/c.2.9.2.d/20150518-men
.men,.men,2026-10-04,delegated,current-snapshot,generic,Exclusive Registry Limited,Gibraltar,,,yes,,https://www.iana.org/domains/root/db/men.html
.menu,.menu,2013-11-13,ianaRegistration,iana-registration,generic,Dot Menu Registry LLC,United States of America (the),,,no,,https://www.iana.org/domains/root/db/menu.html
.menu,.menu,2013-11-26,ianaDelegationReport,iana-report,generic,,,"Delegation of the .MENU domain to Wedding TLD2, LLC",,no,,https://www.iana.org/reports/c.2.9.2.d/20131126-menu
.menu,.menu,2026-10-04,delegated,current-snapshot,generic,Dot Menu Registry LLC,United States of America (the),,,yes,,https://www.iana.org/domains/root/db/menu.html
.meo,.meo,2015-01-15,ianaRegistration,iana-registration,generic,,,,,no,,https://www.iana.org/domains/root/db/meo.html
.meo,.meo,2015-10-28,ianaDelegationReport,iana-report,generic,,,Delegation of the .meo domain to PT Comunicacoes S.A.,,no,,https://www.iana.org/reports/c.2.9.2.d/20151028-meo
.meo,.meo,2018-05-21,ianaRevocationReport,iana-report,generic,,,Revocation of the .meo domain,,no,,https://www.iana.org/reports/tld-transfer/20180521-meo
.meo,.meo,2026-10-04,notDelegated,current-snapshot,generic,,,,,yes,,https://www.iana.org/domains/root/db/meo.html
.merck,.merck,2026-04-17,ianaDelegationReport,iana-report,generic,,,"Delegation of the .merck domain to Merck Registry Holdings, Inc.",,no,,https://www.iana.org/reports/tld-transfer/20260417-merck
.merck,.merck,2026-10-04,delegated,current-snapshot,generic,"Merck Registry Holdings, Inc.",France,,,yes,,https://www.iana.org/domains/root/db/merck.html
.merckmsd,.merckmsd,2017-06-15,ianaRegistration,iana-registration,generic,"MSD Registry Holdings, Inc.",United States of America (the),,,no,,https://www.iana.org/domains/root/db/merckmsd.html
.merckmsd,.merckmsd,2017-06-23,ianaDelegationReport,iana-report,generic,,,"Delegation of the .merckmsd domain to MSD Registry Holdings, Inc.",,no,,https://www.iana.org/reports/tld-transfer/20170623-merckmsd
.merckmsd,.merckmsd,2026-10-04,delegated,current-snapshot,generic,"MSD Registry Holdings, Inc.",United States of America (the),,,yes,,https://www.iana.org/domains/root/db/merckmsd.html
.metlife,.metlife,2016-03-18,ianaRegistration,iana-registration,generic,,,,,no,,https://www.iana.org/domains/root/db/metlife.html
.metlife,.metlife,2016-05-05,ianaDelegationReport,iana-report,generic,,,"Delegation of the .metlife domain to MetLife Services and Solutions, LLC",,no,,https://www.iana.org/reports/c.2.9.2.d/20160505-metlife
.metlife,.metlife,2020-09-07,ianaRevocationReport,iana-report,generic,,,Revocation of the .metlife domain,,no,,https://www.iana.org/reports/tld-transfer/20200907-metlife
.metlife,.metlife,2026-10-04,notDelegated,current-snapshot,generic,,,,,yes,,https://www.iana.org/domains/root/db/metlife.html
.mf,.mf,2007-10-11,ianaRegistration,iana-registration,country-code,,,,,no,,https://www.iana.org/domains/root/db/mf.html
.mf,.mf,2026-10-04,notDelegated,current-snapshot,country-code,,,,,yes,,https://www.iana.org/domains/root/db/mf.html
.mg,.mg,1995-07-25,ianaRegistration,iana-registration,country-code,NIC-MG (Network Information Center Madagascar),Madagascar,,,no,,https://www.iana.org/domains/root/db/mg.html
.mg,.mg,2026-10-04,delegated,current-snapshot,country-code,NIC-MG (Network Information Center Madagascar),Madagascar,,,yes,,https://www.iana.org/domains/root/db/mg.html
.mh,.mh,1996-08-16,ianaRegistration,iana-registration,country-code,Office of the Cabinet,Marshall Islands (the),,,no,,https://www.iana.org/domains/root/db/mh.html
.mh,.mh,2026-10-04,delegated,current-snapshot,country-code,Office of the Cabinet,Marshall Islands (the),,,yes,,https://www.iana.org/domains/root/db/mh.html
.miami,.miami,2014-02-28,ianaRegistration,iana-registration,generic,"Registry Services, LLC",United States of America (the),,,no,,https://www.iana.org/domains/root/db/miami.html
.miami,.miami,2014-03-27,ianaDelegationReport,iana-report,generic,,,Delegation of the .miami domain to Top Level Domain Holdings Limited,,no,,https://www.iana.org/reports/c.2.9.2.d/20140327-miami
.miami,.miami,2022-01-21,ianaTransferReport,iana-report,generic,,,"Transfer of the .miami domain to Registry Services, LLC",,no,,https://www.iana.org/reports/tld-transfer/20220121-miami
.miami,.miami,2026-10-04,delegated,current-snapshot,generic,"Registry Services, LLC",United States of America (the),,,yes,,https://www.iana.org/domains/root/db/miami.html
.microsoft,.microsoft,2015-04-30,ianaRegistration,iana-registration,generic,Microsoft Corporation,United States of America (the),,,no,,https://www.iana.org/domains/root/db/microsoft.html
.microsoft,.microsoft,2015-06-04,ianaDelegationReport,iana-report,generic,,,Delegation of the .microsoft domain to Microsoft Corporation,,no,,https://www.iana.org/reports/c.2.9.2.d/20150604-microsoft
.microsoft,.microsoft,2026-10-04,delegated,current-snapshot,generic,Microsoft Corporation,United States of America (the),,,yes,,https://www.iana.org/domains/root/db/microsoft.html
.mid,.mid,2000,applicationSubmitted,application,notApplicable,Nokia Corporation,Finland,2000-029,,no,,https://archive.icann.org/en/tlds/tld-applications-lodged-02oct00.htm
.mid,.mid,2026-10-04,notDelegated,current-snapshot,notApplicable,Nokia Corporation,,,,yes,,https://archive.icann.org/en/tlds/tld-applications-lodged-02oct00.htm
.mil,.mil,1985-01-01,ianaRegistration,,,,,,,no,,https://www.iana.org/domains/root/db/mil.html
.mil,.mil,2026-10-04,delegated,,sponsored,DoD Network Information Center,United States of America (the),,,yes,,https://www.iana.org/domains/root/db/mil.html
.mini,.mini,2014-06-05,ianaRegistration,iana-registration,generic,Bayerische Motoren Werke Aktiengesellschaft,Germany,,,no,,https://www.iana.org/domains/root/db/mini.html
.mini,.mini,2014-06-20,ianaDelegationReport,iana-report,generic,,,Delegation of the .mini domain to Bayerische Motoren Werke Aktiengesellschaft,,no,,https://www.iana.org/reports/c.2.9.2.d/20140620-mini
.mini,.mini,2026-10-04,delegated,current-snapshot,generic,Bayerische Motoren Werke Aktiengesellschaft,Germany,,,yes,,https://www.iana.org/domains/root/db/mini.html
.mint,.mint,2016-06-09,ianaRegistration,iana-registration,generic,"Intuit Administrative Services, Inc.",United States of America (the),,,no,,https://www.iana.org/domains/root/db/mint.html
.mint,.mint,2016-07-07,ianaDelegationReport,iana-report,generic,,,"Delegation of the .mint domain to Intuit Administrative Services, Inc.",,no,,https://www.iana.org/reports/c.2.9.2.d/20160707-mint
.mint,.mint,2026-10-04,delegated,current-snapshot,generic,"Intuit Administrative Services, Inc.",United States of America (the),,,yes,,https://www.iana.org/domains/root/db/mint.html
.mis,.mis,2000,applicationSubmitted,application,notApplicable,Nokia Corporation,Finland,2000-029,,no,,https://archive.icann.org/en/tlds/tld-applications-lodged-02oct00.htm
.mis,.mis,2026-10-04,notDelegated,current-snapshot,notApplicable,Nokia Corporation,,,,yes,,https://archive.icann.org/en/tlds/tld-applications-lodged-02oct00.htm
.mit,.mit,2016-06-24,ianaRegistration,iana-registration,generic,Massachusetts Institute of Technology,United States of America (the),,,no,,https://www.iana.org/domains/root/db/mit.html
.mit,.mit,2016-06-30,ianaDelegationReport,iana-report,generic,,,Delegation of the .mit domain to Massachusetts Institute of Technology,,no,,https://www.iana.org/reports/c.2.9.2.d/20160630-mit
.mit,.mit,2026-10-04,delegated,current-snapshot,generic,Massachusetts Institute of Technology,United States of America (the),,,yes,,https://www.iana.org/domains/root/db/mit.html
.mitsubishi,.mitsubishi,2016-06-24,ianaRegistration,iana-registration,generic,Mitsubishi Corporation,Japan,,,no,,https://www.iana.org/domains/root/db/mitsubishi.html
.mitsubishi,.mitsubishi,2016-07-05,ianaDelegationReport,iana-report,generic,,,Delegation of the .mitsubishi domain to Mitsubishi Corporation,,no,,https://www.iana.org/reports/c.2.9.2.d/20160705-mitsubishi
.mitsubishi,.mitsubishi,2026-10-04,delegated,current-snapshot,generic,Mitsubishi Corporation,Japan,,,yes,,https://www.iana.org/domains/root/db/mitsubishi.html
.mk,.mk,1993-09-23,ianaRegistration,iana-registration,country-code,Macedonian Academic Research Network Skopje,North Macedonia,,,no,,https://www.iana.org/domains/root/db/mk.html
.mk,.mk,2014-09-26,ianaTransferReport,iana-report,country-code,,,Redelegation of the .MK domain and Delegation of the .мкд domain representing the Former Yugoslav Republic of Macedonia to Macedonian Academic Research Network Skopje,,no,,https://www.iana.org/reports/2014/mk-report-20140926.html
.mk,.mk,2026-10-04,delegated,current-snapshot,country-code,Macedonian Academic Research Network Skopje,North Macedonia,,,yes,,https://www.iana.org/domains/root/db/mk.html
.ml,.ml,1993-09-29,ianaRegistration,iana-registration,country-code,Agence des Technologies de l’Information et de la Communication,Mali,,,no,,https://www.iana.org/domains/root/db/ml.html
.ml,.ml,2013-02-11,ianaTransferReport,iana-report,country-code,,,Report on the Redelegation of the .ML domain representing Mali to the Agence des Technologies de l’Information et de la Communication,,no,,https://www.iana.org/reports/2013/ml-report-20130211.html
.ml,.ml,2026-10-04,delegated,current-snapshot,country-code,Agence des Technologies de l’Information et de la Communication,Mali,,,yes,,https://www.iana.org/domains/root/db/ml.html
.mlb,.mlb,2016-05-05,ianaRegistration,iana-registration,generic,"MLB Advanced Media DH, LLC",United States of America (the),,,no,,https://www.iana.org/domains/root/db/mlb.html
.mlb,.mlb,2016-05-20,ianaDelegationReport,iana-report,generic,,,"Delegation of the .mlb domain to MLB Advanced Media DH, LLC",,no,,https://www.iana.org/reports/c.2.9.2.d/20160520-mlb
.mlb,.mlb,2026-10-04,delegated,current-snapshot,generic,"MLB Advanced Media DH, LLC",United States of America (the),,,yes,,https://www.iana.org/domains/root/db/mlb.html
.mls,.mls,2015-08-20,ianaRegistration,iana-registration,generic,The Canadian Real Estate Association,Canada,,,no,,https://www.iana.org/domains/root/db/mls.html
.mls,.mls,2016-04-19,ianaDelegationReport,iana-report,generic,,,Delegation of the .mls domain to The Canadian Real Estate Association,,no,,https://www.iana.org/reports/c.2.9.2.d/20160419-mls
.mls,.mls,2026-10-04,delegated,current-snapshot,generic,The Canadian Real Estate Association,Canada,,,yes,,https://www.iana.org/domains/root/db/mls.html
.mm,.mm,1997-02-04,ianaRegistration,iana-registration,country-code,Ministry of Transport and Communications,Myanmar,,,no,,https://www.iana.org/domains/root/db/mm.html
.mm,.mm,2026-10-04,delegated,current-snapshot,country-code,Ministry of Transport and Communications,Myanmar,,,yes,,https://www.iana.org/domains/root/db/mm.html
.mma,.mma,2015-02-27,ianaRegistration,iana-registration,generic,MMA IARD,France,,,no,,https://www.iana.org/domains/root/db/mma.html
.mma,.mma,2015-03-12,ianaDelegationReport,iana-report,generic,,,Delegation of the .mma domain to MMA IARD,,no,,https://www.iana.org/reports/c.2.9.2.d/20150312-mma
.mma,.mma,2026-10-04,delegated,current-snapshot,generic,MMA IARD,France,,,yes,,https://www.iana.org/domains/root/db/mma.html
.mn,.mn,1995-03-02,ianaRegistration,iana-registration,country-code,"Datacom Co., Ltd.",Mongolia,,,no,,https://www.iana.org/domains/root/db/mn.html
.mn,.mn,2026-10-04,delegated,current-snapshot,country-code,"Datacom Co., Ltd.",Mongolia,,,yes,,https://www.iana.org/domains/root/db/mn.html
.mo,.mo,1992-09-17,ianaRegistration,iana-registration,country-code,Macao Post and Telecommunications Bureau (CTT),Macao,,,no,,https://www.iana.org/domains/root/db/mo.html
.mo,.mo,2012-09-04,ianaTransferReport,iana-report,country-code,,,Report on the Redelegation of the .MO domain representing Macao to the Bureau of Telecommunications Regulation (DSRT),,no,,https://www.iana.org/reports/2012/mo-report-20120904.html
.mo,.mo,2026-10-04,delegated,current-snapshot,country-code,Macao Post and Telecommunications Bureau (CTT),Macao,,,yes,,https://www.iana.org/domains/root/db/mo.html
.mobi,.mobi,2000,applicationSubmitted,application,generic,Nokia Corporation,Finland,2000-029,,no,,https://archive.icann.org/en/tlds/tld-applications-lodged-02oct00.htm
.mobi,.mobi,2004,application,,sponsored,Mobi JV,Finland,,,no,,https://www.icann.org/en/announcements/details/icann-progress-in-process-for-introducing-new-sponsored-top-level-domains-19-3-2004-en
.mobi,.mobi,2004,applicationSubmitted,application,generic,Mobi JV,Finland,2004-005,outcome_delegated,no,,https://www.icann.org/en/announcements/details/icann-progress-in-process-for-introducing-new-sponsored-top-level-domains-19-3-2004-en
.mobi,.mobi,2005-10-17,ianaRegistration,,,,,,,no,,https://www.iana.org/domains/root/db/mobi.html
.mobi,.mobi,2005-10-30,ianaDelegationReport,iana-report,generic,,,IANA Report on the Delegation of the .MOBI Top-Level Domain,,no,,https://www.iana.org/reports/2005/mobi-report-oct2005.html
.mobi,.mobi,2026-10-04,delegated,,generic,Identity Digital Limited,United States of America (the),,,yes,,https://www.iana.org/domains/root/db/mobi.html
.mobile,.mobile,2000,applicationSubmitted,application,generic,Nokia Corporation,Finland,2000-029,,no,,https://archive.icann.org/en/tlds/tld-applications-lodged-02oct00.htm
.mobile,.mobile,2016-12-15,ianaRegistration,iana-registration,generic,Dish DBS Corporation,United States of America (the),,,no,,https://www.iana.org/domains/root/db/mobile.html
.mobile,.mobile,2016-12-19,ianaDelegationReport,iana-report,generic,,,Delegation of the .mobile domain to Dish DBS Corporation,,no,,https://www.iana.org/reports/tld-transfer/20161219-mobile
.mobile,.mobile,2026-10-04,delegated,current-snapshot,generic,Dish DBS Corporation,United States of America (the),,,yes,,https://www.iana.org/domains/root/db/mobile.html
.mobily,.mobily,2015-12-03,ianaRegistration,iana-registration,generic,,,,,no,,https://www.iana.org/domains/root/db/mobily.html
.mobily,.mobily,2015-12-18,ianaDelegationReport,iana-report,generic,,,Delegation of the .mobily domain to GreenTech Consultancy Company W.L.L.,,no,,https://www.iana.org/reports/c.2.9.2.d/20151218-mobily
.mobily,.mobily,2019-09-09,ianaRevocationReport,iana-report,generic,,,Revocation of the .mobily domain,,no,,https://www.iana.org/reports/tld-transfer/20190909-mobily
.mobily,.mobily,2026-10-04,notDelegated,current-snapshot,generic,,,,,yes,,https://www.iana.org/domains/root/db/mobily.html
.moda,.moda,2014-01-09,ianaRegistration,iana-registration,generic,"Dog Beach, LLC",United States of America (the),,,no,,https://www.iana.org/domains/root/db/moda.html
.moda,.moda,2014-01-10,ianaDelegationReport,iana-report,generic,,,Delegation of the .MODA domain to United TLD Holdco Ltd.,,no,,https://www.iana.org/reports/c.2.9.2.d/20140110-moda
.moda,.moda,2021-06-02,ianaTransferReport,iana-report,generic,,,"Transfer of the .moda domain to Dog Beach, LLC",,no,,https://www.iana.org/reports/tld-transfer/20210602-moda
.moda,.moda,2026-10-04,delegated,current-snapshot,generic,"Dog Beach, LLC",United States of America (the),,,yes,,https://www.iana.org/domains/root/db/moda.html
.moe,.moe,2014-03-13,ianaRegistration,iana-registration,generic,Interlink Systems Innovation Institute K.K.,Japan,,,no,,https://www.iana.org/domains/root/db/moe.html
.moe,.moe,2014-03-27,ianaDelegationReport,iana-report,generic,,,"Delegation of the .moe domain to Interlink Co., Ltd.",,no,,https://www.iana.org/reports/c.2.9.2.d/20140327-moe
.moe,.moe,2022-07-19,ianaTransferReport,iana-report,generic,,,Transfer of the .moe domain to Interlink Systems Innovation Institute K.K.,,no,,https://www.iana.org/reports/tld-transfer/20220719-moe
.moe,.moe,2026-10-04,delegated,current-snapshot,generic,Interlink Systems Innovation Institute K.K.,Japan,,,yes,,https://www.iana.org/domains/root/db/moe.html
.moi,.moi,2015-09-10,ianaRegistration,iana-registration,generic,"Amazon Registry Services, Inc.",United States of America (the),,,no,,https://www.iana.org/domains/root/db/moi.html
.moi,.moi,2015-10-06,ianaDelegationReport,iana-report,generic,,,"Delegation of the .moi domain to Amazon Registry Services, Inc.",,no,,https://www.iana.org/reports/c.2.9.2.d/20151006-moi
.moi,.moi,2026-10-04,delegated,current-snapshot,generic,"Amazon Registry Services, Inc.",United States of America (the),,,yes,,https://www.iana.org/domains/root/db/moi.html
.mom,.mom,2015-08-13,ianaRegistration,iana-registration,generic,XYZ.COM LLC,United States of America (the),,,no,,https://www.iana.org/domains/root/db/mom.html
.mom,.mom,2015-08-17,ianaDelegationReport,iana-report,generic,,,"Delegation of the .mom domain to Uniregistry, Corp.",,no,,https://www.iana.org/reports/c.2.9.2.d/20150817-mom
.mom,.mom,2022-03-23,ianaTransferReport,iana-report,generic,,,Transfer of the .mom domain to XYZ.COM LLC,,no,,https://www.iana.org/reports/tld-transfer/20220323-mom
.mom,.mom,2026-10-04,delegated,current-snapshot,generic,XYZ.COM LLC,United States of America (the),,,yes,,https://www.iana.org/domains/root/db/mom.html
.monash,.monash,2014-01-09,ianaRegistration,iana-registration,generic,Monash University,Australia,,,no,,https://www.iana.org/domains/root/db/monash.html
.monash,.monash,2014-01-17,ianaDelegationReport,iana-report,generic,,,Delegation of the .MONASH domain to Monash University,,no,,https://www.iana.org/reports/c.2.9.2.d/20140117-monash
.monash,.monash,2026-10-04,delegated,current-snapshot,generic,Monash University,Australia,,,yes,,https://www.iana.org/domains/root/db/monash.html
.money,.money,2014-11-20,ianaRegistration,iana-registration,generic,"Binky Moon, LLC",United States of America (the),,,no,,https://www.iana.org/domains/root/db/money.html
.money,.money,2014-11-24,ianaDelegationReport,iana-report,generic,,,"Delegation of the .money domain to Outer McCook, LLC",,no,,https://www.iana.org/reports/c.2.9.2.d/20141124-money
.money,.money,2018-03-23,ianaTransferReport,iana-report,generic,,,Transfer of the .academy domain and 195 others,,no,,https://www.iana.org/reports/tld-transfer/20180323-binkymoon
.money,.money,2026-10-04,delegated,current-snapshot,generic,"Binky Moon, LLC",United States of America (the),,,yes,,https://www.iana.org/domains/root/db/money.html
.monitor,.monitor,2000,applicationSubmitted,application,notApplicable,"Name.Space, Incorporated",United States,2000-001,,no,,https://archive.icann.org/en/tlds/tld-applications-lodged-02oct00.htm
.monitor,.monitor,2026-10-04,notDelegated,current-snapshot,notApplicable,"Name.Space, Incorporated",,,,yes,,https://archive.icann.org/en/tlds/tld-applications-lodged-02oct00.htm
.monster,.monster,2015-12-23,ianaRegistration,iana-registration,generic,XYZ.COM LLC,United States of America (the),,,no,,https://www.iana.org/domains/root/db/monster.html
.monster,.monster,2016-09-09,ianaDelegationReport,iana-report,generic,,,"Delegation of the .monster domain to Monster Worldwide, Inc.",,no,,https://www.iana.org/reports/c.2.9.2.d/20160909-monster
.monster,.monster,2019-02-01,ianaTransferReport,iana-report,generic,,,Transfer of the .monster domain to XYZ.COM LLC,,no,,https://www.iana.org/reports/tld-transfer/20190201-monster
.monster,.monster,2026-10-04,delegated,current-snapshot,generic,XYZ.COM LLC,United States of America (the),,,yes,,https://www.iana.org/domains/root/db/monster.html
.montblanc,.montblanc,2014-11-20,ianaRegistration,iana-registration,generic,,,,,no,,https://www.iana.org/domains/root/db/montblanc.html
.montblanc,.montblanc,2015-06-02,ianaDelegationReport,iana-report,generic,,,Delegation of the .montblanc domain to Richemont DNS Inc.,,no,,https://www.iana.org/reports/c.2.9.2.d/20150602-montblanc
.montblanc,.montblanc,2017-08-30,ianaRevocationReport,iana-report,generic,,,Revocation of the .montblanc domain,,no,,https://www.iana.org/reports/tld-transfer/20170830-montblanc
.montblanc,.montblanc,2026-10-04,notDelegated,current-snapshot,generic,,,,,yes,,https://www.iana.org/domains/root/db/montblanc.html
.mopar,.mopar,2016-07-07,ianaRegistration,iana-registration,generic,,,,,no,,https://www.iana.org/domains/root/db/mopar.html
.mopar,.mopar,2016-07-25,ianaDelegationReport,iana-report,generic,,,Delegation of the .mopar domain to FCA US Llc,,no,,https://www.iana.org/reports/c.2.9.2.d/20160725-mopar
.mopar,.mopar,2019-11-20,ianaRevocationReport,iana-report,generic,,,Revocation of the .mopar domain,,no,,https://www.iana.org/reports/tld-transfer/20191120-mopar
.mopar,.mopar,2026-10-04,notDelegated,current-snapshot,generic,,,,,yes,,https://www.iana.org/domains/root/db/mopar.html
.mormon,.mormon,2014-10-16,ianaRegistration,iana-registration,generic,"IRI Domain Management, LLC (""Applicant"")",United States of America (the),,,no,,https://www.iana.org/domains/root/db/mormon.html
.mormon,.mormon,2014-11-17,ianaDelegationReport,iana-report,generic,,,"Delegation of the .mormon domain to IRI Domain Management, LLC",,no,,https://www.iana.org/reports/c.2.9.2.d/20141117-mormon
.mormon,.mormon,2026-10-04,delegated,current-snapshot,generic,"IRI Domain Management, LLC (""Applicant"")",United States of America (the),,,yes,,https://www.iana.org/domains/root/db/mormon.html
.mortgage,.mortgage,2014-05-22,ianaRegistration,iana-registration,generic,"Dog Beach, LLC",United States of America (the),,,no,,https://www.iana.org/domains/root/db/mortgage.html
.mortgage,.mortgage,2014-05-28,ianaDelegationReport,iana-report,generic,,,"Delegation of the .mortgage domain to United TLD Holdco, Ltd",,no,,https://www.iana.org/reports/c.2.9.2.d/20140528-mortgage
.mortgage,.mortgage,2021-06-02,ianaTransferReport,iana-report,generic,,,"Transfer of the .mortgage domain to Dog Beach, LLC",,no,,https://www.iana.org/reports/tld-transfer/20210602-mortgage
.mortgage,.mortgage,2026-10-04,delegated,current-snapshot,generic,"Dog Beach, LLC",United States of America (the),,,yes,,https://www.iana.org/domains/root/db/mortgage.html
.moscow,.moscow,2014-04-17,ianaRegistration,iana-registration,generic,Foundation for Assistance for Internet Technologies and Infrastructure Development (FAITID),Russian Federation (the),,,no,,https://www.iana.org/domains/root/db/moscow.html
.moscow,.moscow,2014-04-18,ianaDelegationReport,iana-report,generic,,,Delegation of the .moscow domain to Foundation for Assistance for Internet Technologies and Infrastructure Development,,no,,https://www.iana.org/reports/c.2.9.2.d/20140418-moscow
.moscow,.moscow,2026-10-04,delegated,current-snapshot,generic,Foundation for Assistance for Internet Technologies and Infrastructure Development (FAITID),Russian Federation (the),,,yes,,https://www.iana.org/domains/root/db/moscow.html
.moto,.moto,2016-09-30,ianaRegistration,iana-registration,generic,"Motorola Trademark Holdings, LLC",United States of America (the),,,no,,https://www.iana.org/domains/root/db/moto.html
.moto,.moto,2016-11-11,ianaDelegationReport,iana-report,generic,,,"Delegation of the .moto domain to Motorola Trademark Holdings, LLC",,no,,https://www.iana.org/reports/tld-transfer/20161111-moto
.moto,.moto,2026-10-04,delegated,current-snapshot,generic,"Motorola Trademark Holdings, LLC",United States of America (the),,,yes,,https://www.iana.org/domains/root/db/moto.html
.motorcycles,.motorcycles,2014-05-01,ianaRegistration,iana-registration,generic,XYZ.COM LLC,United States of America (the),,,no,,https://www.iana.org/domains/root/db/motorcycles.html
.motorcycles,.motorcycles,2014-05-14,ianaDelegationReport,iana-report,generic,,,"Delegation of the .motorcycles domain to DERMotorcycles, LLC",,no,,https://www.iana.org/reports/c.2.9.2.d/20140514-motorcycles
.motorcycles,.motorcycles,2021-04-05,ianaTransferReport,iana-report,generic,,,Transfer of the .motorcycles domain to XYZ.COM LLC,,no,,https://www.iana.org/reports/tld-transfer/20210405-motorcycles
.motorcycles,.motorcycles,2026-10-04,delegated,current-snapshot,generic,XYZ.COM LLC,United States of America (the),,,yes,,https://www.iana.org/domains/root/db/motorcycles.html
.mov,.mov,2014-06-12,ianaRegistration,iana-registration,generic,Charleston Road Registry Inc.,United States of America (the),,,no,,https://www.iana.org/domains/root/db/mov.html
.mov,.mov,2014-08-28,ianaDelegationReport,iana-report,generic,,,Delegation of the .mov domain to Charleston Road Registry Inc.,,no,,https://www.iana.org/reports/tld-transfer/20140828-mov
.mov,.mov,2026-10-04,delegated,current-snapshot,generic,Charleston Road Registry Inc.,United States of America (the),,,yes,,https://www.iana.org/domains/root/db/mov.html
.movie,.movie,2000,applicationSubmitted,application,generic,"Name.Space, Incorporated",United States,2000-001,,no,,https://archive.icann.org/en/tlds/tld-applications-lodged-02oct00.htm
.movie,.movie,2012,application,,generic,,,,,no,,https://newgtlds.icann.org/en/program-status/statistics
.movie,.movie,2015-03-12,ianaRegistration,,,,,,,no,,https://www.iana.org/domains/root/db/movie.html
.movie,.movie,2015-03-18,ianaDelegationReport,iana-report,generic,,,"Delegation of the .movie domain to New Frostbite, LLC",,no,,https://www.iana.org/reports/tld-transfer/20150318-movie
.movie,.movie,2018-03-23,ianaTransferReport,iana-report,generic,,,Transfer of the .academy domain and 195 others,,no,,https://www.iana.org/reports/tld-transfer/20180323-binkymoon
.movie,.movie,2026-10-04,delegated,,generic,"Binky Moon, LLC",United States of America (the),,,yes,,https://www.iana.org/domains/root/db/movie.html
.movistar,.movistar,2015-06-18,ianaRegistration,iana-registration,generic,,,,,no,,https://www.iana.org/domains/root/db/movistar.html
.movistar,.movistar,2015-06-24,ianaDelegationReport,iana-report,generic,,,Delegation of the .movistar domain to Telefónica S.A.,,no,,https://www.iana.org/reports/c.2.9.2.d/20150624-movistar
.movistar,.movistar,2019-12-24,ianaRevocationReport,iana-report,generic,,,Revocation of the .movistar domain,,no,,https://www.iana.org/reports/tld-transfer/20191224-movistar
.movistar,.movistar,2026-10-04,notDelegated,current-snapshot,generic,,,,,yes,,https://www.iana.org/domains/root/db/movistar.html
.mp,.mp,1996-10-22,ianaRegistration,iana-registration,country-code,"Saipan Datacom, Inc.",Northern Mariana Islands (the),,,no,,https://www.iana.org/domains/root/db/mp.html
.mp,.mp,2026-10-04,delegated,current-snapshot,country-code,"Saipan Datacom, Inc.",Northern Mariana Islands (the),,,yes,,https://www.iana.org/domains/root/db/mp.html
.mq,.mq,1997-03-28,ianaRegistration,iana-registration,country-code,CANAL+ TELECOM,France,,,no,,https://www.iana.org/domains/root/db/mq.html
.mq,.mq,2026-10-04,delegated,current-snapshot,country-code,CANAL+ TELECOM,France,,,yes,,https://www.iana.org/domains/root/db/mq.html
.mr,.mr,1996-04-24,ianaRegistration,iana-registration,country-code,Université de Nouakchott Al Aasriya,Mauritania,,,no,,https://www.iana.org/domains/root/db/mr.html
.mr,.mr,2026-10-04,delegated,current-snapshot,country-code,Université de Nouakchott Al Aasriya,Mauritania,,,yes,,https://www.iana.org/domains/root/db/mr.html
.ms,.ms,1997-03-06,ianaRegistration,iana-registration,country-code,MNI Networks Ltd.,Montserrat,,,no,,https://www.iana.org/domains/root/db/ms.html
.ms,.ms,2008-08-28,ianaTransferReport,iana-report,country-code,,,"Report on the Redelegation of the .MS Top-Level Domain to ""MNI Networks Ltd""",,no,,https://www.iana.org/reports/2008/ms-report-28aug2008.html
.ms,.ms,2026-10-04,delegated,current-snapshot,country-code,MNI Networks Ltd.,Montserrat,,,yes,,https://www.iana.org/domains/root/db/ms.html
.msd,.msd,2016-06-24,ianaRegistration,iana-registration,generic,"MSD Registry Holdings, Inc.",United States of America (the),,,no,,https://www.iana.org/domains/root/db/msd.html
.msd,.msd,2016-07-20,ianaDelegationReport,iana-report,generic,,,"Delegation of the .msd domain to MSD Registry Holdings, Inc.",,no,,https://www.iana.org/reports/c.2.9.2.d/20160720-msd
.msd,.msd,2026-10-04,delegated,current-snapshot,generic,"MSD Registry Holdings, Inc.",United States of America (the),,,yes,,https://www.iana.org/domains/root/db/msd.html
.mt,.mt,1992-12-02,ianaRegistration,iana-registration,country-code,NIC (Malta),Malta,,,no,,https://www.iana.org/domains/root/db/mt.html
.mt,.mt,2026-10-04,delegated,current-snapshot,country-code,NIC (Malta),Malta,,,yes,,https://www.iana.org/domains/root/db/mt.html
.mtn,.mtn,2015-03-12,ianaRegistration,iana-registration,generic,MTN Dubai Limited,United Arab Emirates (the),,,no,,https://www.iana.org/domains/root/db/mtn.html
.mtn,.mtn,2015-03-23,ianaDelegationReport,iana-report,generic,,,Delegation of the .mtn domain to MTN Dubai Limited,,no,,https://www.iana.org/reports/c.2.9.2.d/20150323-mtn
.mtn,.mtn,2026-10-04,delegated,current-snapshot,generic,MTN Dubai Limited,United Arab Emirates (the),,,yes,,https://www.iana.org/domains/root/db/mtn.html
.mtpc,.mtpc,2015-02-27,ianaRegistration,iana-registration,generic,,,,,no,,https://www.iana.org/domains/root/db/mtpc.html
.mtpc,.mtpc,2015-03-02,ianaDelegationReport,iana-report,generic,,,Delegation of the .mtpc domain to Mitsubishi Tanabe Pharma Corporation,,no,,https://www.iana.org/reports/c.2.9.2.d/20150302-mtpc
.mtpc,.mtpc,2017-05-12,ianaRevocationReport,iana-report,generic,,,Revocation of the .mtpc domain,,no,,https://www.iana.org/reports/tld-transfer/20170512-mtpc
.mtpc,.mtpc,2026-10-04,notDelegated,current-snapshot,generic,,,,,yes,,https://www.iana.org/domains/root/db/mtpc.html
.mtr,.mtr,2015-07-31,ianaRegistration,iana-registration,generic,MTR Corporation Limited,Hong Kong,,,no,,https://www.iana.org/domains/root/db/mtr.html
.mtr,.mtr,2015-10-05,ianaDelegationReport,iana-report,generic,,,Delegation of the .mtr domain to MTR Corporation Limited,,no,,https://www.iana.org/reports/c.2.9.2.d/20151005-mtr
.mtr,.mtr,2026-10-04,delegated,current-snapshot,generic,MTR Corporation Limited,Hong Kong,,,yes,,https://www.iana.org/domains/root/db/mtr.html
.mu,.mu,1995-10-06,ianaRegistration,iana-registration,country-code,Internet Direct Ltd,Mauritius,,,no,,https://www.iana.org/domains/root/db/mu.html
.mu,.mu,2026-10-04,delegated,current-snapshot,country-code,Internet Direct Ltd,Mauritius,,,yes,,https://www.iana.org/domains/root/db/mu.html
.mus,.mus,2000,applicationSubmitted,application,notApplicable,Museum Domain Management Association,Sweden / United States,2000-030,,no,,https://archive.icann.org/en/tlds/tld-applications-lodged-02oct00.htm
.mus,.mus,2026-10-04,notDelegated,current-snapshot,notApplicable,Museum Domain Management Association,,,,yes,,https://archive.icann.org/en/tlds/tld-applications-lodged-02oct00.htm
.muse,.muse,2000,applicationSubmitted,application,notApplicable,Museum Domain Management Association,Sweden / United States,2000-030,,no,,https://archive.icann.org/en/tlds/tld-applications-lodged-02oct00.htm
.muse,.muse,2026-10-04,notDelegated,current-snapshot,notApplicable,Museum Domain Management Association,,,,yes,,https://archive.icann.org/en/tlds/tld-applications-lodged-02oct00.htm
.musea,.musea,2000,applicationSubmitted,application,notApplicable,Museum Domain Management Association,Sweden / United States,2000-030,,no,,https://archive.icann.org/en/tlds/tld-applications-lodged-02oct00.htm
.musea,.musea,2026-10-04,notDelegated,current-snapshot,notApplicable,Museum Domain Management Association,,,,yes,,https://archive.icann.org/en/tlds/tld-applications-lodged-02oct00.htm
.museum,.museum,2000,applicationSubmitted,application,sponsored,Museum Domain Management Association,Sweden / United States,2000-030,,no,,https://archive.icann.org/en/tlds/tld-applications-lodged-02oct00.htm
.museum,.museum,2000,selected,,application,,,,,no,,https://archive.icann.org/en/tlds/
.museum,.museum,2001-10-20,ianaRegistration,,,,,,,no,,https://www.iana.org/domains/root/db/museum.html
.museum,.museum,2001-10-30,ianaReportEvent,iana-report,sponsored,,,IANA Report on Establishment of the .MUSEUM Top-Level Domain,,no,,https://www.iana.org/reports/2001/museum-report-30oct01.html
.museum,.museum,2026-10-04,delegated,,sponsored,Museum Domain Management Association,France,,,yes,,https://www.iana.org/domains/root/db/museum.html
.museums,.museums,2000,applicationSubmitted,application,notApplicable,Museum Domain Management Association,Sweden / United States,2000-030,,no,,https://archive.icann.org/en/tlds/tld-applications-lodged-02oct00.htm
.museums,.museums,2026-10-04,notDelegated,current-snapshot,notApplicable,Museum Domain Management Association,,,,yes,,https://archive.icann.org/en/tlds/tld-applications-lodged-02oct00.htm
.music,.music,2000,applicationSubmitted,application,generic,"Name.Space, Incorporated",United States,2000-001,,no,,https://archive.icann.org/en/tlds/tld-applications-lodged-02oct00.htm
.music,.music,2012,application,,generic,,,,,no,,https://newgtlds.icann.org/en/program-status/statistics
.music,.music,2021-10-14,ianaRegistration,,,,,,,no,,https://www.iana.org/domains/root/db/music.html
.music,.music,2021-10-29,ianaDelegationReport,iana-report,generic,,,Delegation of the .music domain to DotMusic Limited,,no,,https://www.iana.org/reports/tld-transfer/20211029-music
.music,.music,2026-10-04,delegated,,generic,DotMusic Limited,Cyprus,,,yes,,https://www.iana.org/domains/root/db/music.html
.mutual,.mutual,2015-07-02,ianaRegistration,iana-registration,generic,,,,,no,,https://www.iana.org/domains/root/db/mutual.html
.mutual,.mutual,2016-03-29,ianaDelegationReport,iana-report,generic,,,"Delegation of the .mutual domain to Northwestern Mutual MU TLD Registry, LLC",,no,,https://www.iana.org/reports/c.2.9.2.d/20160329-mutual
.mutual,.mutual,2023-08-01,ianaRevocationReport,iana-report,generic,,,Revocation of the .mutual domain,,no,,https://www.iana.org/reports/tld-transfer/20230801-mutual
.mutual,.mutual,2026-10-04,notDelegated,current-snapshot,generic,,,,,yes,,https://www.iana.org/domains/root/db/mutual.html
.mutuelle,.mutuelle,2015-09-24,ianaRegistration,iana-registration,generic,,,,,no,,https://www.iana.org/domains/root/db/mutuelle.html
.mutuelle,.mutuelle,2015-10-19,ianaDelegationReport,iana-report,generic,,,Delegation of the .mutuelle domain to Fédération Nationale de la Mutualité Française,,no,,https://www.iana.org/reports/c.2.9.2.d/20151019-mutuelle
.mutuelle,.mutuelle,2016-12-15,ianaRevocationReport,iana-report,generic,,,Revocation of the .mutuelle domain,,no,,https://www.iana.org/reports/tld-transfer/20161215-mutuelle
.mutuelle,.mutuelle,2026-10-04,notDelegated,current-snapshot,generic,,,,,yes,,https://www.iana.org/domains/root/db/mutuelle.html
.mv,.mv,1996-09-25,ianaRegistration,iana-registration,country-code,Dhivehi Raajjeyge Gulhun PLC,Maldives,,,no,,https://www.iana.org/domains/root/db/mv.html
.mv,.mv,2026-10-04,delegated,current-snapshot,country-code,Dhivehi Raajjeyge Gulhun PLC,Maldives,,,yes,,https://www.iana.org/domains/root/db/mv.html
.mw,.mw,1997-01-03,ianaRegistration,iana-registration,country-code,Malawi Sustainable Development Network Programme (Malawi SDNP),Malawi,,,no,,https://www.iana.org/domains/root/db/mw.html
.mw,.mw,2002-08-12,ianaTransferReport,iana-report,country-code,,,IANA Report on Redelegation of the .MW Top-Level Domain,,no,,https://www.iana.org/reports/2002/mw-report-12aug02.html
.mw,.mw,2026-10-04,delegated,current-snapshot,country-code,Malawi Sustainable Development Network Programme (Malawi SDNP),Malawi,,,yes,,https://www.iana.org/domains/root/db/mw.html
.mx,.mx,1989-02-01,ianaRegistration,iana-registration,country-code,NIC-Mexico ITESM - Campus Monterrey,Mexico,,,no,,https://www.iana.org/domains/root/db/mx.html
.mx,.mx,2026-10-04,delegated,current-snapshot,country-code,NIC-Mexico ITESM - Campus Monterrey,Mexico,,,yes,,https://www.iana.org/domains/root/db/mx.html
.my,.my,1987-06-08,ianaRegistration,iana-registration,country-code,MYNIC Berhad,Malaysia,,,no,,https://www.iana.org/domains/root/db/my.html
.my,.my,2026-10-04,delegated,current-snapshot,country-code,MYNIC Berhad,Malaysia,,,yes,,https://www.iana.org/domains/root/db/my.html
.mz,.mz,1992-09-04,ianaRegistration,iana-registration,country-code,Centro de Informatica de Universidade Eduardo Mondlane,Mozambique,,,no,,https://www.iana.org/domains/root/db/mz.html
.mz,.mz,2026-10-04,delegated,current-snapshot,country-code,Centro de Informatica de Universidade Eduardo Mondlane,Mozambique,,,yes,,https://www.iana.org/domains/root/db/mz.html
.na,.na,1991-05-08,ianaRegistration,iana-registration,country-code,Namibian Network Information Center,Namibia,,,no,,https://www.iana.org/domains/root/db/na.html
.na,.na,2026-10-04,delegated,current-snapshot,country-code,Namibian Network Information Center,Namibia,,,yes,,https://www.iana.org/domains/root/db/na.html
.nab,.nab,2016-08-04,ianaRegistration,iana-registration,generic,National Australia Bank Limited,Australia,,,no,,https://www.iana.org/domains/root/db/nab.html
.nab,.nab,2016-08-15,ianaDelegationReport,iana-report,generic,,,Delegation of the .nab domain to National Australia Bank Limited,,no,,https://www.iana.org/reports/c.2.9.2.d/20160815-nab
.nab,.nab,2026-10-04,delegated,current-snapshot,generic,National Australia Bank Limited,Australia,,,yes,,https://www.iana.org/domains/root/db/nab.html
.nadex,.nadex,2015-04-02,ianaRegistration,iana-registration,generic,,,,,no,,https://www.iana.org/domains/root/db/nadex.html
.nadex,.nadex,2015-04-29,ianaDelegationReport,iana-report,generic,,,"Delegation of the .nadex domain to Nadex Domains, Inc.",,no,,https://www.iana.org/reports/c.2.9.2.d/20150429-nadex
.nadex,.nadex,2020-03-28,ianaRevocationReport,iana-report,generic,,,Revocation of the .nadex domain,,no,,https://www.iana.org/reports/tld-transfer/20200328-nadex
.nadex,.nadex,2026-10-04,notDelegated,current-snapshot,generic,,,,,yes,,https://www.iana.org/domains/root/db/nadex.html
.nagoya,.nagoya,2014-01-16,ianaRegistration,iana-registration,generic,"GMO Registry, Inc.",Japan,,,no,,https://www.iana.org/domains/root/db/nagoya.html
.nagoya,.nagoya,2014-01-24,ianaDelegationReport,iana-report,generic,,,"Delegation of the .NAGOYA domain to GMO Registry, Inc.",,no,,https://www.iana.org/reports/c.2.9.2.d/20140124-nagoya
.nagoya,.nagoya,2026-10-04,delegated,current-snapshot,generic,"GMO Registry, Inc.",Japan,,,yes,,https://www.iana.org/domains/root/db/nagoya.html
.name,.name,2000,applicationSubmitted,application,generic-restricted,"The Global Name Registry, Limited",United Kingdom,2000-022,,no,,https://archive.icann.org/en/tlds/tld-applications-lodged-02oct00.htm
.name,.name,2000,selected,,application,,,,,no,,https://archive.icann.org/en/tlds/
.name,.name,2001-08-16,ianaReportEvent,iana-report,generic-restricted,,,IANA Report on Establishment of the .NAME Top-Level Domain,,no,,https://www.iana.org/reports/2001/name-report-16aug01.html
.name,.name,2001-08-17,ianaRegistration,,,,,,,no,,https://www.iana.org/domains/root/db/name.html
.name,.name,2026-10-04,delegated,,generic-restricted,"VeriSign Information Services, Inc.",United States of America (the),,,yes,,https://www.iana.org/domains/root/db/name.html
.nationwide,.nationwide,2016-04-22,ianaRegistration,iana-registration,generic,,,,,no,,https://www.iana.org/domains/root/db/nationwide.html
.nationwide,.nationwide,2016-07-08,ianaDelegationReport,iana-report,generic,,,Delegation of the .nationwide domain to Nationwide Mutual Insurance Company,,no,,https://www.iana.org/reports/c.2.9.2.d/20160708-nationwide
.nationwide,.nationwide,2021-04-16,ianaRevocationReport,iana-report,generic,,,Revocation of the .nationwide domain,,no,,https://www.iana.org/reports/tld-transfer/20210416-nationwide
.nationwide,.nationwide,2026-10-04,notDelegated,current-snapshot,generic,,,,,yes,,https://www.iana.org/domains/root/db/nationwide.html
.nato,.nato,pre-1996,delegated,,generic,North Atlantic Treaty Organization,International,,,no,,https://www.icann.org/en/board-activities-and-meetings/materials/transcript-part-iii-ec-pop-meeting-with-icann-board-members-25-11-1998-en
.nato,.nato,1996,retired,,generic,North Atlantic Treaty Organization,International,,,no,,https://www.icann.org/en/board-activities-and-meetings/materials/transcript-part-iii-ec-pop-meeting-with-icann-board-members-25-11-1998-en
.nato,.nato,2026-10-04,retired,current-snapshot,generic,North Atlantic Treaty Organization,International,,,yes,,https://www.icann.org/en/board-activities-and-meetings/materials/transcript-part-iii-ec-pop-meeting-with-icann-board-members-25-11-1998-en
.natura,.natura,2016-01-29,ianaRegistration,iana-registration,generic,,,,,no,,https://www.iana.org/domains/root/db/natura.html
.natura,.natura,2016-02-08,ianaDelegationReport,iana-report,generic,,,Delegation of the .natura domain to Natura Cosméticos S.A.,,no,,https://www.iana.org/reports/c.2.9.2.d/20160208-natura
.natura,.natura,2024-06-12,ianaRevocationReport,iana-report,generic,,,Revocation of the .natura domain,,no,,https://www.iana.org/reports/tld-transfer/20240612-natura
.natura,.natura,2026-10-04,notDelegated,current-snapshot,generic,,,,,yes,,https://www.iana.org/domains/root/db/natura.html
.navy,.navy,2014-05-29,ianaRegistration,iana-registration,generic,"Dog Beach, LLC",United States of America (the),,,no,,https://www.iana.org/domains/root/db/navy.html
.navy,.navy,2014-06-02,ianaDelegationReport,iana-report,generic,,,"Delegation of the .navy domain to United TLD Holdco, Ltd",,no,,https://www.iana.org/reports/c.2.9.2.d/20140602-navy
.navy,.navy,2021-06-02,ianaTransferReport,iana-report,generic,,,"Transfer of the .navy domain to Dog Beach, LLC",,no,,https://www.iana.org/reports/tld-transfer/20210602-navy
.navy,.navy,2026-10-04,delegated,current-snapshot,generic,"Dog Beach, LLC",United States of America (the),,,yes,,https://www.iana.org/domains/root/db/navy.html
.nba,.nba,2016-07-14,ianaRegistration,iana-registration,generic,"NBA REGISTRY, LLC",United States of America (the),,,no,,https://www.iana.org/domains/root/db/nba.html
.nba,.nba,2016-08-01,ianaDelegationReport,iana-report,generic,,,"Delegation of the .nba domain to NBA Registry, LLC",,no,,https://www.iana.org/reports/c.2.9.2.d/20160801-nba
.nba,.nba,2026-10-04,delegated,current-snapshot,generic,"NBA REGISTRY, LLC",United States of America (the),,,yes,,https://www.iana.org/domains/root/db/nba.html
.nc,.nc,1993-10-13,ianaRegistration,iana-registration,country-code,Office des Postes et Telecommunications,New Caledonia,,,no,,https://www.iana.org/domains/root/db/nc.html
.nc,.nc,2026-10-04,delegated,current-snapshot,country-code,Office des Postes et Telecommunications,New Caledonia,,,yes,,https://www.iana.org/domains/root/db/nc.html
.ne,.ne,1996-04-24,ianaRegistration,iana-registration,country-code,Niger Télécoms SA (NIGERTELECOMS),Niger (the),,,no,,https://www.iana.org/domains/root/db/ne.html
.ne,.ne,2026-10-04,delegated,current-snapshot,country-code,Niger Télécoms SA (NIGERTELECOMS),Niger (the),,,yes,,https://www.iana.org/domains/root/db/ne.html
.nec,.nec,2015-04-02,ianaRegistration,iana-registration,generic,NEC Corporation,Japan,,,no,,https://www.iana.org/domains/root/db/nec.html
.nec,.nec,2015-05-06,ianaDelegationReport,iana-report,generic,,,Delegation of the .nec domain to NEC Corporation,,no,,https://www.iana.org/reports/c.2.9.2.d/20150506-nec
.nec,.nec,2026-10-04,delegated,current-snapshot,generic,NEC Corporation,Japan,,,yes,,https://www.iana.org/domains/root/db/nec.html
.net,.net,1985-01-01,ianaRegistration,,,,,,,no,,https://www.iana.org/domains/root/db/net.html
.net,.net,2026-10-04,delegated,,generic,VeriSign Global Registry Services,United States of America (the),,,yes,,https://www.iana.org/domains/root/db/net.html
.netbank,.netbank,2015-03-26,ianaRegistration,iana-registration,generic,COMMONWEALTH BANK OF AUSTRALIA,Australia,,,no,,https://www.iana.org/domains/root/db/netbank.html
.netbank,.netbank,2015-06-18,ianaDelegationReport,iana-report,generic,,,Delegation of the .netbank domain to Commonwealth Bank of Australia,,no,,https://www.iana.org/reports/c.2.9.2.d/20150618-netbank
.netbank,.netbank,2026-10-04,delegated,current-snapshot,generic,COMMONWEALTH BANK OF AUSTRALIA,Australia,,,yes,,https://www.iana.org/domains/root/db/netbank.html
.netflix,.netflix,2016-05-05,ianaRegistration,iana-registration,generic,"Netflix, Inc.",United States of America (the),,,no,,https://www.iana.org/domains/root/db/netflix.html
.netflix,.netflix,2016-05-26,ianaDelegationReport,iana-report,generic,,,"Delegation of the .netflix domain to Netflix, Inc.",,no,,https://www.iana.org/reports/c.2.9.2.d/20160526-netflix
.netflix,.netflix,2026-10-04,delegated,current-snapshot,generic,"Netflix, Inc.",United States of America (the),,,yes,,https://www.iana.org/domains/root/db/netflix.html
.network,.network,2014-08-18,ianaRegistration,iana-registration,generic,"Binky Moon, LLC",United States of America (the),,,no,,https://www.iana.org/domains/root/db/network.html
.network,.network,2014-08-21,ianaDelegationReport,iana-report,generic,,,"Delegation of the .network domain to Trixy Manor, LLC",,no,,https://www.iana.org/reports/c.2.9.2.d/20140821-network
.network,.network,2018-03-23,ianaTransferReport,iana-report,generic,,,Transfer of the .academy domain and 195 others,,no,,https://www.iana.org/reports/tld-transfer/20180323-binkymoon
.network,.network,2026-10-04,delegated,current-snapshot,generic,"Binky Moon, LLC",United States of America (the),,,yes,,https://www.iana.org/domains/root/db/network.html
.neustar,.neustar,2014-02-06,ianaRegistration,iana-registration,generic,"NeuStar, Inc.",United States of America (the),,,no,,https://www.iana.org/domains/root/db/neustar.html
.neustar,.neustar,2014-02-13,ianaDelegationReport,iana-report,generic,,,"Delegation of the .neustar domain to NeuStar, Inc.",,no,,https://www.iana.org/reports/c.2.9.2.d/20140213-neustar
.neustar,.neustar,2026-10-04,delegated,current-snapshot,generic,"NeuStar, Inc.",United States of America (the),,,yes,,https://www.iana.org/domains/root/db/neustar.html
.new,.new,2014-06-12,ianaRegistration,iana-registration,generic,Charleston Road Registry Inc.,United States of America (the),,,no,,https://www.iana.org/domains/root/db/new.html
.new,.new,2014-08-28,ianaDelegationReport,iana-report,generic,,,Delegation of the .new domain to Charleston Road Registry Inc.,,no,,https://www.iana.org/reports/tld-transfer/20140828-new
.new,.new,2026-10-04,delegated,current-snapshot,generic,Charleston Road Registry Inc.,United States of America (the),,,yes,,https://www.iana.org/domains/root/db/new.html
.newholland,.newholland,2016-10-27,ianaRegistration,iana-registration,generic,,,,,no,,https://www.iana.org/domains/root/db/newholland.html
.newholland,.newholland,2016-10-28,ianaDelegationReport,iana-report,generic,,,Delegation of the .newholland domain to CNH Industrial N.V.,,no,,https://www.iana.org/reports/tld-transfer/20161028-newholland
.newholland,.newholland,2021-02-19,ianaRevocationReport,iana-report,generic,,,Revocation of the .newholland domain,,no,,https://www.iana.org/reports/tld-transfer/20210219-newholland
.newholland,.newholland,2026-10-04,notDelegated,current-snapshot,generic,,,,,yes,,https://www.iana.org/domains/root/db/newholland.html
.news,.news,2000,applicationSubmitted,application,generic,"Name.Space, Incorporated",United States,2000-001,,no,,https://archive.icann.org/en/tlds/tld-applications-lodged-02oct00.htm
.news,.news,2000,applicationSubmitted,application,generic,Eastern Communications Company Limited,China,2000-017,,no,,https://archive.icann.org/en/tlds/tld-applications-lodged-02oct00.htm
.news,.news,2015-03-12,ianaRegistration,iana-registration,generic,"Dog Beach, LLC",United States of America (the),,,no,,https://www.iana.org/domains/root/db/news.html
.news,.news,2015-03-16,ianaDelegationReport,iana-report,generic,,,"Delegation of the .news domain to United TLD Holdco, Ltd",,no,,https://www.iana.org/reports/c.2.9.2.d/20150316-news
.news,.news,2021-06-02,ianaTransferReport,iana-report,generic,,,"Transfer of the .news domain to Dog Beach, LLC",,no,,https://www.iana.org/reports/tld-transfer/20210602-news
.news,.news,2026-10-04,delegated,current-snapshot,generic,"Dog Beach, LLC",United States of America (the),,,yes,,https://www.iana.org/domains/root/db/news.html
.next,.next,2016-04-21,ianaRegistration,iana-registration,generic,Next plc,United Kingdom of Great Britain and Northern Ireland (the),,,no,,https://www.iana.org/domains/root/db/next.html
.next,.next,2016-04-29,ianaDelegationReport,iana-report,generic,,,Delegation of the .next domain to Next plc,,no,,https://www.iana.org/reports/c.2.9.2.d/20160429-next
.next,.next,2026-10-04,delegated,current-snapshot,generic,Next plc,United Kingdom of Great Britain and Northern Ireland (the),,,yes,,https://www.iana.org/domains/root/db/next.html
.nextdirect,.nextdirect,2016-04-21,ianaRegistration,iana-registration,generic,Next plc,United Kingdom of Great Britain and Northern Ireland (the),,,no,,https://www.iana.org/domains/root/db/nextdirect.html
.nextdirect,.nextdirect,2016-04-29,ianaDelegationReport,iana-report,generic,,,Delegation of the .nextdirect domain to Next plc,,no,,https://www.iana.org/reports/c.2.9.2.d/20160429-nextdirect
.nextdirect,.nextdirect,2026-10-04,delegated,current-snapshot,generic,Next plc,United Kingdom of Great Britain and Northern Ireland (the),,,yes,,https://www.iana.org/domains/root/db/nextdirect.html
.nexus,.nexus,2014-09-04,ianaRegistration,iana-registration,generic,Charleston Road Registry Inc.,United States of America (the),,,no,,https://www.iana.org/domains/root/db/nexus.html
.nexus,.nexus,2014-09-09,ianaDelegationReport,iana-report,generic,,,Delegation of the .nexus domain to Charleston Road Registry Inc.,,no,,https://www.iana.org/reports/c.2.9.2.d/20140909-nexus
.nexus,.nexus,2026-10-04,delegated,current-snapshot,generic,Charleston Road Registry Inc.,United States of America (the),,,yes,,https://www.iana.org/domains/root/db/nexus.html
.nf,.nf,1996-03-18,ianaRegistration,iana-registration,country-code,Norfolk Island Data Services,Norfolk Island,,,no,,https://www.iana.org/domains/root/db/nf.html
.nf,.nf,2026-10-04,delegated,current-snapshot,country-code,Norfolk Island Data Services,Norfolk Island,,,yes,,https://www.iana.org/domains/root/db/nf.html
.nfl,.nfl,2016-06-03,ianaRegistration,iana-registration,generic,NFL Reg Ops LLC,United States of America (the),,,no,,https://www.iana.org/domains/root/db/nfl.html
.nfl,.nfl,2016-06-20,ianaDelegationReport,iana-report,generic,,,Delegation of the .nfl domain to NFL Reg Ops LLC,,no,,https://www.iana.org/reports/c.2.9.2.d/20160620-nfl
.nfl,.nfl,2026-10-04,delegated,current-snapshot,generic,NFL Reg Ops LLC,United States of America (the),,,yes,,https://www.iana.org/domains/root/db/nfl.html
.ng,.ng,1995-03-15,ianaRegistration,iana-registration,country-code,Nigeria Internet Registration Association,Nigeria,,,no,,https://www.iana.org/domains/root/db/ng.html
.ng,.ng,2004-06-10,ianaTransferReport,iana-report,country-code,,,IANA Report on Redelegation of the .NG Top-Level Domain,,no,,https://www.iana.org/reports/2004/ng-report-10jun04.html
.ng,.ng,2009-04-07,ianaTransferReport,iana-report,country-code,,,"Report on the Redelegation of the .NG Top-Level Domain to the ""Nigeria Internet Registration Association""",,no,,https://www.iana.org/reports/2009/ng-report-07apr2009.html
.ng,.ng,2026-10-04,delegated,current-snapshot,country-code,Nigeria Internet Registration Association,Nigeria,,,yes,,https://www.iana.org/domains/root/db/ng.html
.ngo,.ngo,2014-07-10,ianaRegistration,iana-registration,generic,Public Interest Registry,United States of America (the),,,no,,https://www.iana.org/domains/root/db/ngo.html
.ngo,.ngo,2014-07-16,ianaDelegationReport,iana-report,generic,,,Delegation of the .ngo domain to Public Interest Registry,,no,,https://www.iana.org/reports/c.2.9.2.d/20140716-ngo
.ngo,.ngo,2026-10-04,delegated,current-snapshot,generic,Public Interest Registry,United States of America (the),,,yes,,https://www.iana.org/domains/root/db/ngo.html
.nhk,.nhk,2014-04-24,ianaRegistration,iana-registration,generic,Japan Broadcasting Corporation (NHK),Japan,,,no,,https://www.iana.org/domains/root/db/nhk.html
.nhk,.nhk,2014-06-02,ianaDelegationReport,iana-report,generic,,,Delegation of the .nhk domain to Japan Broadcasting Corporation (NHK),,no,,https://www.iana.org/reports/c.2.9.2.d/20140602-nhk
.nhk,.nhk,2026-10-04,delegated,current-snapshot,generic,Japan Broadcasting Corporation (NHK),Japan,,,yes,,https://www.iana.org/domains/root/db/nhk.html
.ni,.ni,1989-10-13,ianaRegistration,iana-registration,country-code,Universidad Nacional del Ingernieria. Division de Tecnologias de la Informacion.,Nicaragua,,,no,,https://www.iana.org/domains/root/db/ni.html
.ni,.ni,2026-10-04,delegated,current-snapshot,country-code,Universidad Nacional del Ingernieria. Division de Tecnologias de la Informacion.,Nicaragua,,,yes,,https://www.iana.org/domains/root/db/ni.html
.nico,.nico,2015-02-05,ianaRegistration,iana-registration,generic,"DWANGO Co., Ltd.",Japan,,,no,,https://www.iana.org/domains/root/db/nico.html
.nico,.nico,2015-02-09,ianaDelegationReport,iana-report,generic,,,"Delegation of the .nico domain to Dwango Co., Ltd.",,no,,https://www.iana.org/reports/c.2.9.2.d/20150209-nico
.nico,.nico,2026-10-04,delegated,current-snapshot,generic,"DWANGO Co., Ltd.",Japan,,,yes,,https://www.iana.org/domains/root/db/nico.html
.nike,.nike,2015-10-29,ianaRegistration,iana-registration,generic,"NIKE, Inc.",United States of America (the),,,no,,https://www.iana.org/domains/root/db/nike.html
.nike,.nike,2016-07-06,ianaDelegationReport,iana-report,generic,,,"Delegation of the .nike domain to Nike, Inc.",,no,,https://www.iana.org/reports/c.2.9.2.d/20160706-nike
.nike,.nike,2026-10-04,delegated,current-snapshot,generic,"NIKE, Inc.",United States of America (the),,,yes,,https://www.iana.org/domains/root/db/nike.html
.nikon,.nikon,2015-10-01,ianaRegistration,iana-registration,generic,NIKON CORPORATION,Japan,,,no,,https://www.iana.org/domains/root/db/nikon.html
.nikon,.nikon,2016-01-26,ianaDelegationReport,iana-report,generic,,,Delegation of the .nikon domain to Nikon Corporation,,no,,https://www.iana.org/reports/c.2.9.2.d/20160126-nikon
.nikon,.nikon,2026-10-04,delegated,current-snapshot,generic,NIKON CORPORATION,Japan,,,yes,,https://www.iana.org/domains/root/db/nikon.html
.ninja,.ninja,2013-12-19,ianaRegistration,,,,,,,no,,https://www.iana.org/domains/root/db/ninja.html
.ninja,.ninja,2013-12-24,ianaDelegationReport,iana-report,generic,,,Delegation of the .NINJA domain to United TLD Holdco Ltd,,no,,https://www.iana.org/reports/c.2.9.2.d/20131224-ninja
.ninja,.ninja,2021-06-02,ianaTransferReport,iana-report,generic,,,"Transfer of the .ninja domain to Dog Beach, LLC",,no,,https://www.iana.org/reports/tld-transfer/20210602-ninja
.ninja,.ninja,2026-10-04,delegated,,generic,"Dog Beach, LLC",United States of America (the),,,yes,,https://www.iana.org/domains/root/db/ninja.html
.nissan,.nissan,2014-07-10,ianaRegistration,iana-registration,generic,"NISSAN MOTOR CO., LTD.",Japan,,,no,,https://www.iana.org/domains/root/db/nissan.html
.nissan,.nissan,2015-03-02,ianaDelegationReport,iana-report,generic,,,"Delegation of the .nissan domain to Nissan Motor Co., Ltd.",,no,,https://www.iana.org/reports/c.2.9.2.d/20150302-nissan
.nissan,.nissan,2026-10-04,delegated,current-snapshot,generic,"NISSAN MOTOR CO., LTD.",Japan,,,yes,,https://www.iana.org/domains/root/db/nissan.html
.nissay,.nissay,2016-01-08,ianaRegistration,iana-registration,generic,Nippon Life Insurance Company,Japan,,,no,,https://www.iana.org/domains/root/db/nissay.html
.nissay,.nissay,2016-03-25,ianaDelegationReport,iana-report,generic,,,Delegation of the .nissay domain to Nippon Life Insurance Company,,no,,https://www.iana.org/reports/c.2.9.2.d/20160325-nissay
.nissay,.nissay,2026-10-04,delegated,current-snapshot,generic,Nippon Life Insurance Company,Japan,,,yes,,https://www.iana.org/domains/root/db/nissay.html
.nl,.nl,1986-04-25,ianaRegistration,iana-registration,country-code,SIDN (Stichting Internet Domeinregistratie Nederland),Netherlands (the),,,no,,https://www.iana.org/domains/root/db/nl.html
.nl,.nl,2026-10-04,delegated,current-snapshot,country-code,SIDN (Stichting Internet Domeinregistratie Nederland),Netherlands (the),,,yes,,https://www.iana.org/domains/root/db/nl.html
.no,.no,1987-03-17,ianaRegistration,iana-registration,country-code,Norid A/S,Norway,,,no,,https://www.iana.org/domains/root/db/no.html
.no,.no,2026-10-04,delegated,current-snapshot,country-code,Norid A/S,Norway,,,yes,,https://www.iana.org/domains/root/db/no.html
.nokia,.nokia,2015-04-23,ianaRegistration,iana-registration,generic,Nokia Corporation,Finland,,,no,,https://www.iana.org/domains/root/db/nokia.html
.nokia,.nokia,2015-07-13,ianaDelegationReport,iana-report,generic,,,Delegation of the .nokia domain to Nokia Corporation,,no,,https://www.iana.org/reports/c.2.9.2.d/20150713-nokia
.nokia,.nokia,2026-10-04,delegated,current-snapshot,generic,Nokia Corporation,Finland,,,yes,,https://www.iana.org/domains/root/db/nokia.html
.nom,.nom,2000,applicationSubmitted,application,notApplicable,"The Global Name Registry, Limited",United Kingdom,2000-022,,no,,https://archive.icann.org/en/tlds/tld-applications-lodged-02oct00.htm
.nom,.nom,2000,applicationSubmitted,application,notApplicable,CORE Internet Council of Registrars,Switzerland,2000-031,,no,,https://archive.icann.org/en/tlds/tld-applications-lodged-02oct00.htm
.nom,.nom,2000,applicationSubmitted,application,notApplicable,The dotNOM Consortium,International consortium,2000-032,,no,,https://archive.icann.org/en/tlds/tld-applications-lodged-02oct00.htm
.nom,.nom,2026-10-04,notDelegated,current-snapshot,notApplicable,,,,,yes,,https://archive.icann.org/en/tlds/tld-applications-lodged-02oct00.htm
.northwesternmutual,.northwesternmutual,2015-12-04,ianaRegistration,iana-registration,generic,,,,,no,,https://www.iana.org/domains/root/db/northwesternmutual.html
.northwesternmutual,.northwesternmutual,2016-04-01,ianaDelegationReport,iana-report,generic,,,"Delegation of the .northwesternmutual domain to Northwestern Mutual Registry, LLC",,no,,https://www.iana.org/reports/c.2.9.2.d/20160401-northwesternmutual
.northwesternmutual,.northwesternmutual,2023-08-08,ianaRevocationReport,iana-report,generic,,,Revocation of the .northwesternmutual domain,,no,,https://www.iana.org/reports/tld-transfer/20230808-northwesternmutual
.northwesternmutual,.northwesternmutual,2026-10-04,notDelegated,current-snapshot,generic,,,,,yes,,https://www.iana.org/domains/root/db/northwesternmutual.html
.norton,.norton,2015-09-24,ianaRegistration,iana-registration,generic,Gen Digital Inc.,United States of America (the),,,no,,https://www.iana.org/domains/root/db/norton.html
.norton,.norton,2015-12-01,ianaDelegationReport,iana-report,generic,,,Delegation of the .norton domain to Symantec Corporation,,no,,https://www.iana.org/reports/c.2.9.2.d/20151201-norton
.norton,.norton,2026-10-04,delegated,current-snapshot,generic,Gen Digital Inc.,United States of America (the),,,yes,,https://www.iana.org/domains/root/db/norton.html
.now,.now,2000,applicationSubmitted,application,generic,"Name.Space, Incorporated",United States,2000-001,,no,,https://archive.icann.org/en/tlds/tld-applications-lodged-02oct00.htm
.now,.now,2000,applicationSubmitted,application,generic,Nokia Corporation,Finland,2000-029,,no,,https://archive.icann.org/en/tlds/tld-applications-lodged-02oct00.htm
.now,.now,2016-05-19,ianaRegistration,iana-registration,generic,"Amazon Registry Services, Inc.",United States of America (the),,,no,,https://www.iana.org/domains/root/db/now.html
.now,.now,2016-06-02,ianaDelegationReport,iana-report,generic,,,"Delegation of the .now domain to Amazon Registry Services, Inc.",,no,,https://www.iana.org/reports/c.2.9.2.d/20160602-now
.now,.now,2026-10-04,delegated,current-snapshot,generic,"Amazon Registry Services, Inc.",United States of America (the),,,yes,,https://www.iana.org/domains/root/db/now.html
.nowruz,.nowruz,2015-11-25,ianaRegistration,iana-registration,generic,Emergency Back-End Registry Operator Program - ICANN,United States of America (the),,,no,,https://www.iana.org/domains/root/db/nowruz.html
.nowruz,.nowruz,2015-12-01,ianaDelegationReport,iana-report,generic,,,Delegation of the .nowruz domain to Asia Green IT System Bilgisayar San. ve Tic. Ltd. Sti.,,no,,https://www.iana.org/reports/c.2.9.2.d/20151201-nowruz
.nowruz,.nowruz,2026-10-04,delegated,current-snapshot,generic,Emergency Back-End Registry Operator Program - ICANN,United States of America (the),,,yes,,https://www.iana.org/domains/root/db/nowruz.html
.nowtv,.nowtv,2016-04-15,ianaRegistration,iana-registration,generic,Starbucks (HK) Limited,China,,,no,,https://www.iana.org/domains/root/db/nowtv.html
.nowtv,.nowtv,2016-04-29,ianaDelegationReport,iana-report,generic,,,Delegation of the .nowtv domain to Starbucks (HK) Limited,,no,,https://www.iana.org/reports/c.2.9.2.d/20160429-nowtv
.nowtv,.nowtv,2026-10-04,delegated,current-snapshot,generic,Starbucks (HK) Limited,China,,,yes,,https://www.iana.org/domains/root/db/nowtv.html
.np,.np,1995-01-25,ianaRegistration,iana-registration,country-code,Mercantile Communications Pvt. Ltd.,Nepal,,,no,,https://www.iana.org/domains/root/db/np.html
.np,.np,2026-10-04,delegated,current-snapshot,country-code,Mercantile Communications Pvt. Ltd.,Nepal,,,yes,,https://www.iana.org/domains/root/db/np.html
.nr,.nr,1998-03-30,ianaRegistration,iana-registration,country-code,CENPAC NET,Nauru,,,no,,https://www.iana.org/domains/root/db/nr.html
.nr,.nr,2026-10-04,delegated,current-snapshot,country-code,CENPAC NET,Nauru,,,yes,,https://www.iana.org/domains/root/db/nr.html
.nra,.nra,2014-07-10,ianaRegistration,iana-registration,generic,National Rifle Association of America,United States of America (the),,,no,,https://www.iana.org/domains/root/db/nra.html
.nra,.nra,2014-07-16,ianaDelegationReport,iana-report,generic,,,"Delegation of the .nra domain to NRA Holdings Company, INC.",,no,,https://www.iana.org/reports/c.2.9.2.d/20140716-nra
.nra,.nra,2025-09-04,ianaTransferReport,iana-report,generic,,,Transfer of the .nra domain to National Rifle Association of America,,no,,https://www.iana.org/reports/tld-transfer/20250904-nra
.nra,.nra,2026-10-04,delegated,current-snapshot,generic,National Rifle Association of America,United States of America (the),,,yes,,https://www.iana.org/domains/root/db/nra.html
.nrw,.nrw,2014-05-29,ianaRegistration,iana-registration,generic,Minds + Machines GmbH,Germany,,,no,,https://www.iana.org/domains/root/db/nrw.html
.nrw,.nrw,2014-07-09,ianaDelegationReport,iana-report,generic,,,Delegation of the .nrw domain to Minds + Machines GmbH,,no,,https://www.iana.org/reports/c.2.9.2.d/20140709-nrw
.nrw,.nrw,2021-08-26,ianaTransferReport,iana-report,generic,,,Transfer of the .nrw domain to Minds + Machines GmbH,,no,,https://www.iana.org/reports/tld-transfer/20210826-nrw
.nrw,.nrw,2026-10-04,delegated,current-snapshot,generic,Minds + Machines GmbH,Germany,,,yes,,https://www.iana.org/domains/root/db/nrw.html
.ntt,.ntt,2015-01-08,ianaRegistration,iana-registration,generic,NIPPON TELEGRAPH AND TELEPHONE CORPORATION,Japan,,,no,,https://www.iana.org/domains/root/db/ntt.html
.ntt,.ntt,2015-01-27,ianaDelegationReport,iana-report,generic,,,Delegation of the .ntt domain to Nippon Telegraph and Telephone Corporation,,no,,https://www.iana.org/reports/c.2.9.2.d/20150127-ntt
.ntt,.ntt,2026-10-04,delegated,current-snapshot,generic,NIPPON TELEGRAPH AND TELEPHONE CORPORATION,Japan,,,yes,,https://www.iana.org/domains/root/db/ntt.html
.nu,.nu,1997-06-20,ianaRegistration,iana-registration,country-code,The IUSN Foundation,Niue,,,no,,https://www.iana.org/domains/root/db/nu.html
.nu,.nu,2026-10-04,delegated,current-snapshot,country-code,The IUSN Foundation,Niue,,,yes,,https://www.iana.org/domains/root/db/nu.html
.number,.number,2000,applicationSubmitted,application,notApplicable,De Breed Holding B.V.,Netherlands,2000-033,,no,,https://archive.icann.org/en/tlds/tld-applications-lodged-02oct00.htm
.number,.number,2026-10-04,notDelegated,current-snapshot,notApplicable,De Breed Holding B.V.,,,,yes,,https://archive.icann.org/en/tlds/tld-applications-lodged-02oct00.htm
.nyc,.nyc,2000,applicationSubmitted,application,generic,"Name.Space, Incorporated",United States,2000-001,,no,,https://archive.icann.org/en/tlds/tld-applications-lodged-02oct00.htm
.nyc,.nyc,2000,applicationSubmitted,application,generic,"WorldNames, Inc.",United States,2000-034,,no,,https://archive.icann.org/en/tlds/tld-applications-lodged-02oct00.htm
.nyc,.nyc,2000,withdrawn,,geographic,,New York,,,no,,https://www.icann.org/en/announcements/details/tld-application-review-update-23-10-2000-en
.nyc,.nyc,2012,application,,geographic,City of New York,New York,,,no,,https://newgtlds.icann.org/en/program-status/statistics
.nyc,.nyc,2014,delegated,,geographic,,New York,,,no,,https://www.iana.org/domains/root/db/nyc.html
.nyc,.nyc,2014-03-13,ianaRegistration,,,,,,,no,,https://www.iana.org/domains/root/db/nyc.html
.nyc,.nyc,2014-03-14,ianaDelegationReport,iana-report,generic,,,Delegation of the .nyc domain to The City of New York by and through the New York City Department of Information Technology & Telecommunications,,no,,https://www.iana.org/reports/c.2.9.2.d/20140314-nyc
.nyc,.nyc,2026-10-04,delegated,,generic,The City of New York by and through the New York City Department of Information Technology & Telecommunications,United States of America (the),,,yes,,https://www.iana.org/domains/root/db/nyc.html
.nz,.nz,1987-01-19,ianaRegistration,iana-registration,country-code,InternetNZ,New Zealand,,,no,,https://www.iana.org/domains/root/db/nz.html
.nz,.nz,2026-10-04,delegated,current-snapshot,country-code,InternetNZ,New Zealand,,,yes,,https://www.iana.org/domains/root/db/nz.html
.obi,.obi,2015-09-03,ianaRegistration,iana-registration,generic,OBI Group Holding SE & Co. KGaA,Germany,,,no,,https://www.iana.org/domains/root/db/obi.html
.obi,.obi,2015-09-21,ianaDelegationReport,iana-report,generic,,,Delegation of the .obi domain to OBI Group Holding SE & Co. KGaA,,no,,https://www.iana.org/reports/c.2.9.2.d/20150921-obi
.obi,.obi,2026-10-04,delegated,current-snapshot,generic,OBI Group Holding SE & Co. KGaA,Germany,,,yes,,https://www.iana.org/domains/root/db/obi.html
.observer,.observer,2016-09-15,ianaRegistration,iana-registration,generic,"Fegistry, LLC",United States of America (the),,,no,,https://www.iana.org/domains/root/db/observer.html
.observer,.observer,2016-09-23,ianaDelegationReport,iana-report,generic,,,"Delegation of the .observer domain to Top Level Spectrum, Inc.",,no,,https://www.iana.org/reports/c.2.9.2.d/20160923-observer
.observer,.observer,2021-02-11,ianaTransferReport,iana-report,generic,,,"Transfer of the .observer domain to Dog Beach, LLC",,no,,https://www.iana.org/reports/tld-transfer/20210211-observer
.observer,.observer,2024-02-23,ianaTransferReport,iana-report,generic,,,"Transfer of the .observer domain to Fegistry, LLC",,no,,https://www.iana.org/reports/tld-transfer/20240223-observer
.observer,.observer,2026-10-04,delegated,current-snapshot,generic,"Fegistry, LLC",United States of America (the),,,yes,,https://www.iana.org/domains/root/db/observer.html
.off,.off,2016-07-14,ianaRegistration,iana-registration,generic,,,,,no,,https://www.iana.org/domains/root/db/off.html
.off,.off,2016-07-15,ianaDelegationReport,iana-report,generic,,,"Delegation of the .off domain to Johnson Shareholdings, Inc.",,no,,https://www.iana.org/reports/c.2.9.2.d/20160715-off
.off,.off,2021-12-03,ianaRevocationReport,iana-report,generic,,,Revocation of the .off domain,,no,,https://www.iana.org/reports/tld-transfer/20211203-off
.off,.off,2026-10-04,notDelegated,current-snapshot,generic,,,,,yes,,https://www.iana.org/domains/root/db/off.html
.office,.office,2015-06-04,ianaRegistration,iana-registration,generic,Microsoft Corporation,United States of America (the),,,no,,https://www.iana.org/domains/root/db/office.html
.office,.office,2015-06-22,ianaDelegationReport,iana-report,generic,,,Delegation of the .office domain to Microsoft Corporation,,no,,https://www.iana.org/reports/c.2.9.2.d/20150622-office
.office,.office,2026-10-04,delegated,current-snapshot,generic,Microsoft Corporation,United States of America (the),,,yes,,https://www.iana.org/domains/root/db/office.html
.okinawa,.okinawa,2014-02-20,ianaRegistration,iana-registration,generic,"BRregistry, Inc.",Japan,,,no,,https://www.iana.org/domains/root/db/okinawa.html
.okinawa,.okinawa,2014-02-27,ianaDelegationReport,iana-report,generic,,,Delegation of the .okinawa domain to BusinessRalliart inc.,,no,,https://www.iana.org/reports/c.2.9.2.d/20140227-okinawa
.okinawa,.okinawa,2016-06-13,ianaTransferReport,iana-report,generic,,,"Redelegation of the .okinawa domain to BRregistry, Inc.",,no,,https://www.iana.org/reports/c.2.9.2.d/20160613-okinawa
.okinawa,.okinawa,2026-10-04,delegated,current-snapshot,generic,"BRregistry, Inc.",Japan,,,yes,,https://www.iana.org/domains/root/db/okinawa.html
.olayan,.olayan,2016-04-21,ianaRegistration,iana-registration,generic,Competrol (Luxembourg) Sarl,Luxembourg,,,no,,https://www.iana.org/domains/root/db/olayan.html
.olayan,.olayan,2016-04-29,ianaDelegationReport,iana-report,generic,,,Delegation of the .olayan domain to Crescent Holding GmbH,,no,,https://www.iana.org/reports/c.2.9.2.d/20160429-olayan
.olayan,.olayan,2024-05-08,ianaTransferReport,iana-report,generic,,,Transfer of the .olayan domain to Competrol (Luxembourg) Sarl,,no,,https://www.iana.org/reports/tld-transfer/20240508-olayan
.olayan,.olayan,2026-10-04,delegated,current-snapshot,generic,Competrol (Luxembourg) Sarl,Luxembourg,,,yes,,https://www.iana.org/domains/root/db/olayan.html
.olayangroup,.olayangroup,2016-04-21,ianaRegistration,iana-registration,generic,Competrol (Luxembourg) Sarl,Luxembourg,,,no,,https://www.iana.org/domains/root/db/olayangroup.html
.olayangroup,.olayangroup,2016-04-29,ianaDelegationReport,iana-report,generic,,,Delegation of the .olayangroup domain to Crescent Holding GmbH,,no,,https://www.iana.org/reports/c.2.9.2.d/20160429-olayangroup
.olayangroup,.olayangroup,2024-05-08,ianaTransferReport,iana-report,generic,,,Transfer of the .olayangroup domain to Competrol (Luxembourg) Sarl,,no,,https://www.iana.org/reports/tld-transfer/20240508-olayangroup
.olayangroup,.olayangroup,2026-10-04,delegated,current-snapshot,generic,Competrol (Luxembourg) Sarl,Luxembourg,,,yes,,https://www.iana.org/domains/root/db/olayangroup.html
.oldnavy,.oldnavy,2016-07-14,ianaRegistration,iana-registration,generic,,,,,no,,https://www.iana.org/domains/root/db/oldnavy.html
.oldnavy,.oldnavy,2016-08-01,ianaDelegationReport,iana-report,generic,,,"Delegation of the .oldnavy domain to The Gap, Inc.",,no,,https://www.iana.org/reports/c.2.9.2.d/20160801-oldnavy
.oldnavy,.oldnavy,2024-01-22,ianaRevocationReport,iana-report,generic,,,Revocation of the .oldnavy domain,,no,,https://www.iana.org/reports/tld-transfer/20240122-oldnavy
.oldnavy,.oldnavy,2026-10-04,notDelegated,current-snapshot,generic,,,,,yes,,https://www.iana.org/domains/root/db/oldnavy.html
.ollo,.ollo,2016-05-19,ianaRegistration,iana-registration,generic,Dish DBS Corporation,United States of America (the),,,no,,https://www.iana.org/domains/root/db/ollo.html
.ollo,.ollo,2016-05-25,ianaDelegationReport,iana-report,generic,,,Delegation of the .ollo domain to Dish DBS Corporation,,no,,https://www.iana.org/reports/c.2.9.2.d/20160525-ollo
.ollo,.ollo,2026-10-04,delegated,current-snapshot,generic,Dish DBS Corporation,United States of America (the),,,yes,,https://www.iana.org/domains/root/db/ollo.html
.om,.om,1996-04-11,ianaRegistration,iana-registration,country-code,Telecommunications Regulatory Authority (TRA),Oman,,,no,,https://www.iana.org/domains/root/db/om.html
.om,.om,2011-07-18,ianaTransferReport,iana-report,country-code,,,Report on the Redelegation of the .OM domain representing Oman to the Telecommunications Regulatory Authority,,no,,https://www.iana.org/reports/2011/om-report-20110718.html
.om,.om,2026-10-04,delegated,current-snapshot,country-code,Telecommunications Regulatory Authority (TRA),Oman,,,yes,,https://www.iana.org/domains/root/db/om.html
.omega,.omega,2015-04-23,ianaRegistration,iana-registration,generic,The Swatch Group Ltd,Switzerland,,,no,,https://www.iana.org/domains/root/db/omega.html
.omega,.omega,2015-06-24,ianaDelegationReport,iana-report,generic,,,Delegation of the .omega domain to The Swatch Group Ltd,,no,,https://www.iana.org/reports/c.2.9.2.d/20150624-omega
.omega,.omega,2026-10-04,delegated,current-snapshot,generic,The Swatch Group Ltd,Switzerland,,,yes,,https://www.iana.org/domains/root/db/omega.html
.one,.one,2000,applicationSubmitted,application,generic,"Name.Space, Incorporated",United States,2000-001,,no,,https://archive.icann.org/en/tlds/tld-applications-lodged-02oct00.htm
.one,.one,2000,applicationSubmitted,application,generic,"Group One Registry, Inc.",United States,2000-035,,no,,https://archive.icann.org/en/tlds/tld-applications-lodged-02oct00.htm
.one,.one,2014-12-18,ianaRegistration,iana-registration,generic,One.com A/S,Denmark,,,no,,https://www.iana.org/domains/root/db/one.html
.one,.one,2015-01-16,ianaDelegationReport,iana-report,generic,,,Delegation of the .one domain to One.com A/S,,no,,https://www.iana.org/reports/c.2.9.2.d/20150116-one
.one,.one,2026-10-04,delegated,current-snapshot,generic,One.com A/S,Denmark,,,yes,,https://www.iana.org/domains/root/db/one.html
.ong,.ong,2014-07-10,ianaRegistration,iana-registration,generic,Public Interest Registry,United States of America (the),,,no,,https://www.iana.org/domains/root/db/ong.html
.ong,.ong,2014-07-23,ianaDelegationReport,iana-report,generic,,,Delegation of the .ong domain to Public Interest Registry,,no,,https://www.iana.org/reports/c.2.9.2.d/20140723-ong
.ong,.ong,2026-10-04,delegated,current-snapshot,generic,Public Interest Registry,United States of America (the),,,yes,,https://www.iana.org/domains/root/db/ong.html
.onl,.onl,2013-12-12,ianaRegistration,iana-registration,generic,"Jolly Host, LLC",United States of America (the),,,no,,https://www.iana.org/domains/root/db/onl.html
.onl,.onl,2013-12-20,ianaDelegationReport,iana-report,generic,,,Delegation of the .ONL domain to I-REGISTRY Ltd.,,no,,https://www.iana.org/reports/c.2.9.2.d/20131220-onl
.onl,.onl,2026-03-04,ianaTransferReport,iana-report,generic,,,"Transfer of the .onl domain to Jolly Host, LLC",,no,,https://www.iana.org/reports/tld-transfer/20260304-onl
.onl,.onl,2026-10-04,delegated,current-snapshot,generic,"Jolly Host, LLC",United States of America (the),,,yes,,https://www.iana.org/domains/root/db/onl.html
.online,.online,2000,applicationSubmitted,application,generic,"Name.Space, Incorporated",United States,2000-001,,no,,https://archive.icann.org/en/tlds/tld-applications-lodged-02oct00.htm
.online,.online,2015-03-06,ianaRegistration,iana-registration,generic,Radix Technologies Inc. SEZC,Cayman Islands (the),,,no,,https://www.iana.org/domains/root/db/online.html
.online,.online,2015-03-12,ianaDelegationReport,iana-report,generic,,,Delegation of the .online domain to DotOnline Inc.,,no,,https://www.iana.org/reports/c.2.9.2.d/20150312-online
.online,.online,2021-08-21,ianaTransferReport,iana-report,generic,,,Transfer of the .online domain to Radix FZC,,no,,https://www.iana.org/reports/tld-transfer/20210821-online
.online,.online,2024-02-07,ianaTransferReport,iana-report,generic,,,Transfer of the .online domain to Radix Technologies Inc.,,no,,https://www.iana.org/reports/tld-transfer/20240207-online
.online,.online,2026-10-04,delegated,current-snapshot,generic,Radix Technologies Inc. SEZC,Cayman Islands (the),,,yes,,https://www.iana.org/domains/root/db/online.html
.onyourside,.onyourside,2016-04-22,ianaRegistration,iana-registration,generic,,,,,no,,https://www.iana.org/domains/root/db/onyourside.html
.onyourside,.onyourside,2016-07-13,ianaDelegationReport,iana-report,generic,,,Delegation of the .onyourside domain to Nationwide Mutual Insurance Company,,no,,https://www.iana.org/reports/c.2.9.2.d/20160713-onyourside
.onyourside,.onyourside,2021-04-16,ianaRevocationReport,iana-report,generic,,,Revocation of the .onyourside domain,,no,,https://www.iana.org/reports/tld-transfer/20210416-onyourside
.onyourside,.onyourside,2026-10-04,notDelegated,current-snapshot,generic,,,,,yes,,https://www.iana.org/domains/root/db/onyourside.html
.ooo,.ooo,2014-07-31,ianaRegistration,iana-registration,generic,INFIBEAM AVENUES LIMITED,India,,,no,,https://www.iana.org/domains/root/db/ooo.html
.ooo,.ooo,2014-08-12,ianaDelegationReport,iana-report,generic,,,Delegation of the .ooo domain to INFIBEAM INCORPORATION LIMITED,,no,,https://www.iana.org/reports/c.2.9.2.d/20140812-ooo
.ooo,.ooo,2026-10-04,delegated,current-snapshot,generic,INFIBEAM AVENUES LIMITED,India,,,yes,,https://www.iana.org/domains/root/db/ooo.html
.open,.open,2016-07-21,ianaRegistration,iana-registration,generic,"American Express Travel Related Services Company, Inc.",United States of America (the),,,no,,https://www.iana.org/domains/root/db/open.html
.open,.open,2016-08-02,ianaDelegationReport,iana-report,generic,,,"Delegation of the .open domain to American Express Travel Related Services Company, Inc.",,no,,https://www.iana.org/reports/c.2.9.2.d/20160802-open
.open,.open,2026-10-04,delegated,current-snapshot,generic,"American Express Travel Related Services Company, Inc.",United States of America (the),,,yes,,https://www.iana.org/domains/root/db/open.html
.opera,.opera,2000,applicationSubmitted,application,notApplicable,"Name.Space, Incorporated",United States,2000-001,,no,,https://archive.icann.org/en/tlds/tld-applications-lodged-02oct00.htm
.opera,.opera,2026-10-04,notDelegated,current-snapshot,notApplicable,"Name.Space, Incorporated",,,,yes,,https://archive.icann.org/en/tlds/tld-applications-lodged-02oct00.htm
.oracle,.oracle,2015-01-15,ianaRegistration,iana-registration,generic,Oracle Corporation,United States of America (the),,,no,,https://www.iana.org/domains/root/db/oracle.html
.oracle,.oracle,2015-02-27,ianaDelegationReport,iana-report,generic,,,Delegation of the .oracle domain to Oracle Corporation,,no,,https://www.iana.org/reports/c.2.9.2.d/20150227-oracle
.oracle,.oracle,2026-10-04,delegated,current-snapshot,generic,Oracle Corporation,United States of America (the),,,yes,,https://www.iana.org/domains/root/db/oracle.html
.orange,.orange,2015-06-18,ianaRegistration,iana-registration,generic,Orange Brand Services Limited,United Kingdom of Great Britain and Northern Ireland (the),,,no,,https://www.iana.org/domains/root/db/orange.html
.orange,.orange,2015-07-07,ianaDelegationReport,iana-report,generic,,,Delegation of the .orange domain to Orange Brand Services Limited,,no,,https://www.iana.org/reports/c.2.9.2.d/20150707-orange
.orange,.orange,2026-10-04,delegated,current-snapshot,generic,Orange Brand Services Limited,United Kingdom of Great Britain and Northern Ireland (the),,,yes,,https://www.iana.org/domains/root/db/orange.html
.org,.org,1985-01-01,ianaRegistration,,,,,,,no,,https://www.iana.org/domains/root/db/org.html
.org,.org,2002-12-09,ianaTransferReport,iana-report,generic,,,IANA Report on the Redelegation of the .ORG Top-Level Domain,,no,,https://www.iana.org/reports/2002/org-report-09dec02.html
.org,.org,2003-01-01,registryTransition,,,Public Interest Registry (PIR),,,,no,,https://www.icann.org/en/announcements/details/advisory-concerning-org-transition-7-1-2003-en
.org,.org,2026-10-04,delegated,,generic,Public Interest Registry (PIR),United States of America (the),,,yes,,https://www.iana.org/domains/root/db/org.html
.organic,.organic,2014-05-29,ianaRegistration,iana-registration,generic,Identity Digital Limited,United States of America (the),,,no,,https://www.iana.org/domains/root/db/organic.html
.organic,.organic,2014-06-09,ianaDelegationReport,iana-report,generic,,,Delegation of the .organic domain to Afilias Limited,,no,,https://www.iana.org/reports/c.2.9.2.d/20140609-organic
.organic,.organic,2026-10-04,delegated,current-snapshot,generic,Identity Digital Limited,United States of America (the),,,yes,,https://www.iana.org/domains/root/db/organic.html
.orientexpress,.orientexpress,2016-06-14,ianaRegistration,iana-registration,generic,,,,,no,,https://www.iana.org/domains/root/db/orientexpress.html
.orientexpress,.orientexpress,2016-06-20,ianaDelegationReport,iana-report,generic,,,Delegation of the .orientexpress domain to Orient Express,,no,,https://www.iana.org/reports/c.2.9.2.d/20160620-orientexpress
.orientexpress,.orientexpress,2017-04-11,ianaRevocationReport,iana-report,generic,,,Revocation of the .orientexpress domain,,no,,https://www.iana.org/reports/tld-transfer/20170411-orientexpress
.orientexpress,.orientexpress,2026-10-04,notDelegated,current-snapshot,generic,,,,,yes,,https://www.iana.org/domains/root/db/orientexpress.html
.origins,.origins,2015-12-10,ianaRegistration,iana-registration,generic,The Estée Lauder Companies Inc.,United States of America (the),,,no,,https://www.iana.org/domains/root/db/origins.html
.origins,.origins,2015-12-22,ianaDelegationReport,iana-report,generic,,,Delegation of the .origins domain to The Estée Lauder Companies Inc.,,no,,https://www.iana.org/reports/c.2.9.2.d/20151222-origins
.origins,.origins,2026-10-04,delegated,current-snapshot,generic,The Estée Lauder Companies Inc.,United States of America (the),,,yes,,https://www.iana.org/domains/root/db/origins.html
.osaka,.osaka,2014-12-04,ianaRegistration,iana-registration,generic,"Osaka Registry Co., Ltd.",Japan,,,no,,https://www.iana.org/domains/root/db/osaka.html
.osaka,.osaka,2014-12-11,ianaDelegationReport,iana-report,generic,,,"Delegation of the .osaka domain to Interlink Co., Ltd.",,no,,https://www.iana.org/reports/c.2.9.2.d/20141211-osaka
.osaka,.osaka,2026-10-04,delegated,current-snapshot,generic,"Osaka Registry Co., Ltd.",Japan,,,yes,,https://www.iana.org/domains/root/db/osaka.html
.otsuka,.otsuka,2014-06-26,ianaRegistration,iana-registration,generic,"Otsuka Holdings Co., Ltd.",Japan,,,no,,https://www.iana.org/domains/root/db/otsuka.html
.otsuka,.otsuka,2014-08-22,ianaDelegationReport,iana-report,generic,,,"Delegation of the .otsuka domain to Otsuka Holdings Co., Ltd.",,no,,https://www.iana.org/reports/c.2.9.2.d/20140822-otsuka
.otsuka,.otsuka,2026-10-04,delegated,current-snapshot,generic,"Otsuka Holdings Co., Ltd.",Japan,,,yes,,https://www.iana.org/domains/root/db/otsuka.html
.ott,.ott,2016-05-19,ianaRegistration,iana-registration,generic,Dish DBS Corporation,United States of America (the),,,no,,https://www.iana.org/domains/root/db/ott.html
.ott,.ott,2016-05-25,ianaDelegationReport,iana-report,generic,,,Delegation of the .ott domain to Dish DBS Corporation,,no,,https://www.iana.org/reports/c.2.9.2.d/20160525-ott
.ott,.ott,2026-10-04,delegated,current-snapshot,generic,Dish DBS Corporation,United States of America (the),,,yes,,https://www.iana.org/domains/root/db/ott.html
.ovh,.ovh,2014-05-01,ianaRegistration,iana-registration,generic,OVH SAS,France,,,no,,https://www.iana.org/domains/root/db/ovh.html
.ovh,.ovh,2014-06-16,ianaDelegationReport,iana-report,generic,,,Delegation of the .ovh domain to OVH SAS,,no,,https://www.iana.org/reports/c.2.9.2.d/20140616-ovh
.ovh,.ovh,2026-10-04,delegated,current-snapshot,generic,OVH SAS,France,,,yes,,https://www.iana.org/domains/root/db/ovh.html
.own,.own,2000,applicationSubmitted,application,notApplicable,Nokia Corporation,Finland,2000-029,,no,,https://archive.icann.org/en/tlds/tld-applications-lodged-02oct00.htm
.own,.own,2026-10-04,notDelegated,current-snapshot,notApplicable,Nokia Corporation,,,,yes,,https://archive.icann.org/en/tlds/tld-applications-lodged-02oct00.htm
.pa,.pa,1994-05-25,ianaRegistration,iana-registration,country-code,Universidad Tecnologica de Panama,Panama,,,no,,https://www.iana.org/domains/root/db/pa.html
.pa,.pa,2026-10-04,delegated,current-snapshot,country-code,Universidad Tecnologica de Panama,Panama,,,yes,,https://www.iana.org/domains/root/db/pa.html
.page,.page,2000,applicationSubmitted,application,generic,"Name.Space, Incorporated",United States,2000-001,,no,,https://archive.icann.org/en/tlds/tld-applications-lodged-02oct00.htm
.page,.page,2015-02-05,ianaRegistration,iana-registration,generic,Charleston Road Registry Inc.,United States of America (the),,,no,,https://www.iana.org/domains/root/db/page.html
.page,.page,2015-03-12,ianaDelegationReport,iana-report,generic,,,Delegation of the .page domain to Charleston Road Registry Inc.,,no,,https://www.iana.org/reports/c.2.9.2.d/20150312-page
.page,.page,2026-10-04,delegated,current-snapshot,generic,Charleston Road Registry Inc.,United States of America (the),,,yes,,https://www.iana.org/domains/root/db/page.html
.pamperedchef,.pamperedchef,2015-05-14,ianaRegistration,iana-registration,generic,,,,,no,,https://www.iana.org/domains/root/db/pamperedchef.html
.pamperedchef,.pamperedchef,2016-01-19,ianaDelegationReport,iana-report,generic,,,"Delegation of the .pamperedchef domain to The Pampered Chef, Ltd.",,no,,https://www.iana.org/reports/c.2.9.2.d/20160119-pamperedchef
.pamperedchef,.pamperedchef,2017-08-17,ianaRevocationReport,iana-report,generic,,,Revocation of the .pamperedchef domain,,no,,https://www.iana.org/reports/tld-transfer/20170817-pamperedchef
.pamperedchef,.pamperedchef,2026-10-04,notDelegated,current-snapshot,generic,,,,,yes,,https://www.iana.org/domains/root/db/pamperedchef.html
.panasonic,.panasonic,2016-06-24,ianaRegistration,iana-registration,generic,Panasonic Corporation,Japan,,,no,,https://www.iana.org/domains/root/db/panasonic.html
.panasonic,.panasonic,2016-07-08,ianaDelegationReport,iana-report,generic,,,Delegation of the .panasonic domain to Panasonic Corporation,,no,,https://www.iana.org/reports/c.2.9.2.d/20160708-panasonic
.panasonic,.panasonic,2026-10-04,delegated,current-snapshot,generic,Panasonic Corporation,Japan,,,yes,,https://www.iana.org/domains/root/db/panasonic.html
.panerai,.panerai,2015-02-19,ianaRegistration,iana-registration,generic,,,,,no,,https://www.iana.org/domains/root/db/panerai.html
.panerai,.panerai,2015-03-23,ianaDelegationReport,iana-report,generic,,,Delegation of the .panerai domain to Richemont DNS Inc.,,no,,https://www.iana.org/reports/c.2.9.2.d/20150323-panerai
.panerai,.panerai,2018-09-17,ianaRevocationReport,iana-report,generic,,,Revocation of the .panerai domain,,no,,https://www.iana.org/reports/tld-transfer/20180917-panerai
.panerai,.panerai,2026-10-04,notDelegated,current-snapshot,generic,,,,,yes,,https://www.iana.org/domains/root/db/panerai.html
.paris,.paris,2014-03-27,ianaRegistration,,,,,,,no,,https://www.iana.org/domains/root/db/paris.html
.paris,.paris,2014-04-16,ianaDelegationReport,iana-report,generic,,,Delegation of the .paris domain to City of Paris,,no,,https://www.iana.org/reports/c.2.9.2.d/20140416-paris
.paris,.paris,2026-10-04,delegated,,generic,City of Paris,France,,,yes,,https://www.iana.org/domains/root/db/paris.html
.pars,.pars,2015-11-25,ianaRegistration,iana-registration,generic,Emergency Back-End Registry Operator Program - ICANN,United States of America (the),,,no,,https://www.iana.org/domains/root/db/pars.html
.pars,.pars,2015-12-04,ianaDelegationReport,iana-report,generic,,,Delegation of the .pars domain to Asia Green IT System Bilgisayar San. ve Tic. Ltd. Sti.,,no,,https://www.iana.org/reports/c.2.9.2.d/20151204-pars
.pars,.pars,2026-10-04,delegated,current-snapshot,generic,Emergency Back-End Registry Operator Program - ICANN,United States of America (the),,,yes,,https://www.iana.org/domains/root/db/pars.html
.partners,.partners,2000,applicationSubmitted,application,generic,"Name.Space, Incorporated",United States,2000-001,,no,,https://archive.icann.org/en/tlds/tld-applications-lodged-02oct00.htm
.partners,.partners,2014-01-30,ianaRegistration,iana-registration,generic,"Binky Moon, LLC",United States of America (the),,,no,,https://www.iana.org/domains/root/db/partners.html
.partners,.partners,2014-01-31,ianaDelegationReport,iana-report,generic,,,"Delegation of the .partners domain to Magic Glen, LLC",,no,,https://www.iana.org/reports/c.2.9.2.d/20140131-partners
.partners,.partners,2018-03-23,ianaTransferReport,iana-report,generic,,,Transfer of the .academy domain and 195 others,,no,,https://www.iana.org/reports/tld-transfer/20180323-binkymoon
.partners,.partners,2026-10-04,delegated,current-snapshot,generic,"Binky Moon, LLC",United States of America (the),,,yes,,https://www.iana.org/domains/root/db/partners.html
.parts,.parts,2014-02-06,ianaRegistration,iana-registration,generic,"Binky Moon, LLC",United States of America (the),,,no,,https://www.iana.org/domains/root/db/parts.html
.parts,.parts,2014-02-07,ianaDelegationReport,iana-report,generic,,,"Delegation of the .parts domain to Sea Goodbye, LLC",,no,,https://www.iana.org/reports/c.2.9.2.d/20140207-parts
.parts,.parts,2018-03-23,ianaTransferReport,iana-report,generic,,,Transfer of the .academy domain and 195 others,,no,,https://www.iana.org/reports/tld-transfer/20180323-binkymoon
.parts,.parts,2026-10-04,delegated,current-snapshot,generic,"Binky Moon, LLC",United States of America (the),,,yes,,https://www.iana.org/domains/root/db/parts.html
.party,.party,2014-10-23,ianaRegistration,iana-registration,generic,Blue Sky Registry Limited,Gibraltar,,,no,,https://www.iana.org/domains/root/db/party.html
.party,.party,2014-11-17,ianaDelegationReport,iana-report,generic,,,Delegation of the .party domain to Blue Sky Registry Limited,,no,,https://www.iana.org/reports/c.2.9.2.d/20141117-party
.party,.party,2026-10-04,delegated,current-snapshot,generic,Blue Sky Registry Limited,Gibraltar,,,yes,,https://www.iana.org/domains/root/db/party.html
.passagens,.passagens,2016-02-19,ianaRegistration,iana-registration,generic,,,,,no,,https://www.iana.org/domains/root/db/passagens.html
.passagens,.passagens,2016-02-29,ianaDelegationReport,iana-report,generic,,,Delegation of the .passagens domain to Travel Reservations SRL,,no,,https://www.iana.org/reports/c.2.9.2.d/20160229-passagens
.passagens,.passagens,2023-07-07,ianaRevocationReport,iana-report,generic,,,Revocation of the .passagens domain,,no,,https://www.iana.org/reports/tld-transfer/20230707-passagens
.passagens,.passagens,2026-10-04,notDelegated,current-snapshot,generic,,,,,yes,,https://www.iana.org/domains/root/db/passagens.html
.pay,.pay,2016-07-21,ianaRegistration,iana-registration,generic,"Amazon Registry Services, Inc.",United States of America (the),,,no,,https://www.iana.org/domains/root/db/pay.html
.pay,.pay,2016-08-05,ianaDelegationReport,iana-report,generic,,,"Delegation of the .pay domain to Amazon Registry Services, Inc.",,no,,https://www.iana.org/reports/c.2.9.2.d/20160805-pay
.pay,.pay,2026-10-04,delegated,current-snapshot,generic,"Amazon Registry Services, Inc.",United States of America (the),,,yes,,https://www.iana.org/domains/root/db/pay.html
.pccw,.pccw,2016-04-15,ianaRegistration,iana-registration,generic,PCCW Enterprises Limited,China,,,no,,https://www.iana.org/domains/root/db/pccw.html
.pccw,.pccw,2016-05-10,ianaDelegationReport,iana-report,generic,,,Delegation of the .pccw domain to PCCW Enterprises Limited,,no,,https://www.iana.org/reports/c.2.9.2.d/20160510-pccw
.pccw,.pccw,2026-10-04,delegated,current-snapshot,generic,PCCW Enterprises Limited,China,,,yes,,https://www.iana.org/domains/root/db/pccw.html
.pe,.pe,1991-11-25,ianaRegistration,iana-registration,country-code,Red Cientifica Peruana,Peru,,,no,,https://www.iana.org/domains/root/db/pe.html
.pe,.pe,2026-10-04,delegated,current-snapshot,country-code,Red Cientifica Peruana,Peru,,,yes,,https://www.iana.org/domains/root/db/pe.html
.people,.people,2000,applicationSubmitted,application,notApplicable,"Name.Space, Incorporated",United States,2000-001,,no,,https://archive.icann.org/en/tlds/tld-applications-lodged-02oct00.htm
.people,.people,2026-10-04,notDelegated,current-snapshot,notApplicable,"Name.Space, Incorporated",,,,yes,,https://archive.icann.org/en/tlds/tld-applications-lodged-02oct00.htm
.per,.per,2000,applicationSubmitted,application,notApplicable,"JVTeam, LLC",United States,2000-036,,no,,https://archive.icann.org/en/tlds/tld-applications-lodged-02oct00.htm
.per,.per,2026-10-04,notDelegated,current-snapshot,notApplicable,"JVTeam, LLC",,,,yes,,https://archive.icann.org/en/tlds/tld-applications-lodged-02oct00.htm
.pet,.pet,2015-07-16,ianaRegistration,iana-registration,generic,Identity Digital Limited,United States of America (the),,,no,,https://www.iana.org/domains/root/db/pet.html
.pet,.pet,2015-07-21,ianaDelegationReport,iana-report,generic,,,Delegation of the .pet domain to Afilias plc,,no,,https://www.iana.org/reports/c.2.9.2.d/20150721-pet
.pet,.pet,2026-10-04,delegated,current-snapshot,generic,Identity Digital Limited,United States of America (the),,,yes,,https://www.iana.org/domains/root/db/pet.html
.pf,.pf,1996-03-19,ianaRegistration,iana-registration,country-code,Gouvernement de la Polynésie française,French Polynesia,,,no,,https://www.iana.org/domains/root/db/pf.html
.pf,.pf,2026-10-04,delegated,current-snapshot,country-code,Gouvernement de la Polynésie française,French Polynesia,,,yes,,https://www.iana.org/domains/root/db/pf.html
.pfizer,.pfizer,2016-06-16,ianaRegistration,iana-registration,generic,Pfizer Inc.,United States of America (the),,,no,,https://www.iana.org/domains/root/db/pfizer.html
.pfizer,.pfizer,2016-07-12,ianaDelegationReport,iana-report,generic,,,Delegation of the .pfizer domain to Pfizer Inc.,,no,,https://www.iana.org/reports/c.2.9.2.d/20160712-pfizer
.pfizer,.pfizer,2026-10-04,delegated,current-snapshot,generic,Pfizer Inc.,United States of America (the),,,yes,,https://www.iana.org/domains/root/db/pfizer.html
.pg,.pg,1991-09-26,ianaRegistration,iana-registration,country-code,"PNG DNS Administration, Vice Chancellors Office, The Papua New Guinea University of Technology",Papua New Guinea,,,no,,https://www.iana.org/domains/root/db/pg.html
.pg,.pg,2026-10-04,delegated,current-snapshot,country-code,"PNG DNS Administration, Vice Chancellors Office, The Papua New Guinea University of Technology",Papua New Guinea,,,yes,,https://www.iana.org/domains/root/db/pg.html
.ph,.ph,1990-09-14,ianaRegistration,iana-registration,country-code,PH Domain Foundation,Philippines (the),,,no,,https://www.iana.org/domains/root/db/ph.html
.ph,.ph,2026-10-04,delegated,current-snapshot,country-code,PH Domain Foundation,Philippines (the),,,yes,,https://www.iana.org/domains/root/db/ph.html
.pharmacy,.pharmacy,2014-08-28,ianaRegistration,,,,,,,no,,https://www.iana.org/domains/root/db/pharmacy.html
.pharmacy,.pharmacy,2014-09-04,ianaDelegationReport,iana-report,generic,,,Delegation of the .pharmacy domain to National Association of Boards of Pharmacy,,no,,https://www.iana.org/reports/tld-transfer/20140904-pharmacy
.pharmacy,.pharmacy,2026-10-04,delegated,,generic,National Association of Boards of Pharmacy,United States of America (the),,,yes,,https://www.iana.org/domains/root/db/pharmacy.html
.phd,.phd,2017-06-15,ianaRegistration,iana-registration,generic,Charleston Road Registry Inc.,United States of America (the),,,no,,https://www.iana.org/domains/root/db/phd.html
.phd,.phd,2017-06-29,ianaDelegationReport,iana-report,generic,,,Delegation of the .phd domain to Charleston Road Registry Inc.,,no,,https://www.iana.org/reports/tld-transfer/20170629-phd
.phd,.phd,2026-10-04,delegated,current-snapshot,generic,Charleston Road Registry Inc.,United States of America (the),,,yes,,https://www.iana.org/domains/root/db/phd.html
.philips,.philips,2015-02-05,ianaRegistration,iana-registration,generic,Koninklijke Philips N.V.,Netherlands (the),,,no,,https://www.iana.org/domains/root/db/philips.html
.philips,.philips,2015-05-06,ianaDelegationReport,iana-report,generic,,,Delegation of the .philips domain to Koninklijke Philips N.V.,,no,,https://www.iana.org/reports/c.2.9.2.d/20150506-philips
.philips,.philips,2026-10-04,delegated,current-snapshot,generic,Koninklijke Philips N.V.,Netherlands (the),,,yes,,https://www.iana.org/domains/root/db/philips.html
.phone,.phone,2000,applicationSubmitted,application,generic,De Breed Holding B.V.,Netherlands,2000-033,,no,,https://archive.icann.org/en/tlds/tld-applications-lodged-02oct00.htm
.phone,.phone,2016-12-15,ianaRegistration,iana-registration,generic,Dish DBS Corporation,United States of America (the),,,no,,https://www.iana.org/domains/root/db/phone.html
.phone,.phone,2016-12-19,ianaDelegationReport,iana-report,generic,,,Delegation of the .phone domain to Dish DBS Corporation,,no,,https://www.iana.org/reports/tld-transfer/20161219-phone
.phone,.phone,2026-10-04,delegated,current-snapshot,generic,Dish DBS Corporation,United States of America (the),,,yes,,https://www.iana.org/domains/root/db/phone.html
.photo,.photo,2014-01-16,ianaRegistration,iana-registration,generic,"Registry Services, LLC",United States of America (the),,,no,,https://www.iana.org/domains/root/db/photo.html
.photo,.photo,2014-01-17,ianaDelegationReport,iana-report,generic,,,"Delegation of the .PHOTO domain to Uniregistry, Corp.",,no,,https://www.iana.org/reports/c.2.9.2.d/20140117-photo
.photo,.photo,2022-06-07,ianaTransferReport,iana-report,generic,,,"Transfer of the .photo domain to Registry Services, LLC",,no,,https://www.iana.org/reports/tld-transfer/20220607-photo
.photo,.photo,2026-10-04,delegated,current-snapshot,generic,"Registry Services, LLC",United States of America (the),,,yes,,https://www.iana.org/domains/root/db/photo.html
.photography,.photography,2013-11-13,ianaRegistration,iana-registration,generic,"Binky Moon, LLC",United States of America (the),,,no,,https://www.iana.org/domains/root/db/photography.html
.photography,.photography,2013-11-18,ianaDelegationReport,iana-report,generic,,,"Delegation of the .PHOTOGRAPHY domain to Sugar Glen, LLC",,no,,https://www.iana.org/reports/c.2.9.2.d/20131118-photography
.photography,.photography,2018-03-23,ianaTransferReport,iana-report,generic,,,Transfer of the .academy domain and 195 others,,no,,https://www.iana.org/reports/tld-transfer/20180323-binkymoon
.photography,.photography,2026-10-04,delegated,current-snapshot,generic,"Binky Moon, LLC",United States of America (the),,,yes,,https://www.iana.org/domains/root/db/photography.html
.photos,.photos,2013-12-12,ianaDelegationReport,iana-report,generic,,,"Delegation of the .PHOTOS domain to Sea Corner, LLC",,no,,https://www.iana.org/reports/c.2.9.2.d/20131212-photos
.photos,.photos,2013-12-12,ianaRegistration,iana-registration,generic,"Binky Moon, LLC",United States of America (the),,,no,,https://www.iana.org/domains/root/db/photos.html
.photos,.photos,2018-03-23,ianaTransferReport,iana-report,generic,,,Transfer of the .academy domain and 195 others,,no,,https://www.iana.org/reports/tld-transfer/20180323-binkymoon
.photos,.photos,2026-10-04,delegated,current-snapshot,generic,"Binky Moon, LLC",United States of America (the),,,yes,,https://www.iana.org/domains/root/db/photos.html
.physio,.physio,2014-06-05,ianaRegistration,iana-registration,generic,PhysBiz Pty Ltd,Australia,,,no,,https://www.iana.org/domains/root/db/physio.html
.physio,.physio,2014-06-17,ianaDelegationReport,iana-report,generic,,,Delegation of the .physio domain to PhysBiz Pty Ltd,,no,,https://www.iana.org/reports/c.2.9.2.d/20140617-physio
.physio,.physio,2026-10-04,delegated,current-snapshot,generic,PhysBiz Pty Ltd,Australia,,,yes,,https://www.iana.org/domains/root/db/physio.html
.piaget,.piaget,2015-01-08,ianaRegistration,iana-registration,generic,,,,,no,,https://www.iana.org/domains/root/db/piaget.html
.piaget,.piaget,2015-03-12,ianaDelegationReport,iana-report,generic,,,Delegation of the .piaget domain to Richemont DNS Inc.,,no,,https://www.iana.org/reports/c.2.9.2.d/20150312-piaget
.piaget,.piaget,2019-11-14,ianaRevocationReport,iana-report,generic,,,Revocation of the .piaget domain,,no,,https://www.iana.org/reports/tld-transfer/20191114-piaget
.piaget,.piaget,2026-10-04,notDelegated,current-snapshot,generic,,,,,yes,,https://www.iana.org/domains/root/db/piaget.html
.pics,.pics,2014-01-09,ianaRegistration,iana-registration,generic,XYZ.COM LLC,United States of America (the),,,no,,https://www.iana.org/domains/root/db/pics.html
.pics,.pics,2014-01-16,ianaDelegationReport,iana-report,generic,,,"Delegation of the .PICS domain to Uniregistry, Corp.",,no,,https://www.iana.org/reports/c.2.9.2.d/20140116-pics
.pics,.pics,2026-10-04,delegated,current-snapshot,generic,XYZ.COM LLC,United States of America (the),,,yes,,https://www.iana.org/domains/root/db/pics.html
.pictet,.pictet,2015-01-08,ianaRegistration,iana-registration,generic,Banque Pictet & Cie SA,Luxembourg,,,no,,https://www.iana.org/domains/root/db/pictet.html
.pictet,.pictet,2015-03-04,ianaDelegationReport,iana-report,generic,,,Delegation of the .pictet domain to Pictet Europe S.A.,,no,,https://www.iana.org/reports/c.2.9.2.d/20150304-pictet
.pictet,.pictet,2025-04-29,ianaTransferReport,iana-report,generic,,,Transfer of the .pictet domain to Banque Pictet & Cie SA,,no,,https://www.iana.org/reports/tld-transfer/20250429-pictet
.pictet,.pictet,2026-10-04,delegated,current-snapshot,generic,Banque Pictet & Cie SA,Luxembourg,,,yes,,https://www.iana.org/domains/root/db/pictet.html
.pictures,.pictures,2014-04-03,ianaRegistration,iana-registration,generic,"Binky Moon, LLC",United States of America (the),,,no,,https://www.iana.org/domains/root/db/pictures.html
.pictures,.pictures,2014-04-09,ianaDelegationReport,iana-report,generic,,,"Delegation of the .pictures domain to Foggy Sky, LLC",,no,,https://www.iana.org/reports/c.2.9.2.d/20140409-pictures
.pictures,.pictures,2018-03-23,ianaTransferReport,iana-report,generic,,,Transfer of the .academy domain and 195 others,,no,,https://www.iana.org/reports/tld-transfer/20180323-binkymoon
.pictures,.pictures,2026-10-04,delegated,current-snapshot,generic,"Binky Moon, LLC",United States of America (the),,,yes,,https://www.iana.org/domains/root/db/pictures.html
.pid,.pid,2000,applicationSubmitted,application,generic,DADA Spa,Italy,2000-037,,no,,https://archive.icann.org/en/tlds/tld-applications-lodged-02oct00.htm
.pid,.pid,2015-12-10,ianaRegistration,iana-registration,generic,"Top Level Spectrum, Inc.",United States of America (the),,,no,,https://www.iana.org/domains/root/db/pid.html
.pid,.pid,2015-12-17,ianaDelegationReport,iana-report,generic,,,"Delegation of the .pid domain to Top Level Spectrum, Inc.",,no,,https://www.iana.org/reports/c.2.9.2.d/20151217-pid
.pid,.pid,2026-10-04,delegated,current-snapshot,generic,"Top Level Spectrum, Inc.",United States of America (the),,,yes,,https://www.iana.org/domains/root/db/pid.html
.pin,.pin,2015-11-12,ianaRegistration,iana-registration,generic,"Amazon Registry Services, Inc.",United States of America (the),,,no,,https://www.iana.org/domains/root/db/pin.html
.pin,.pin,2015-12-02,ianaDelegationReport,iana-report,generic,,,"Delegation of the .pin domain to Amazon Registry Services, Inc.",,no,,https://www.iana.org/reports/c.2.9.2.d/20151202-pin
.pin,.pin,2026-10-04,delegated,current-snapshot,generic,"Amazon Registry Services, Inc.",United States of America (the),,,yes,,https://www.iana.org/domains/root/db/pin.html
.ping,.ping,2015-09-24,ianaRegistration,iana-registration,generic,"Ping Registry Provider, Inc.",United States of America (the),,,no,,https://www.iana.org/domains/root/db/ping.html
.ping,.ping,2015-10-28,ianaDelegationReport,iana-report,generic,,,"Delegation of the .ping domain to Ping Registry Provider, Inc.",,no,,https://www.iana.org/reports/c.2.9.2.d/20151028-ping
.ping,.ping,2026-10-04,delegated,current-snapshot,generic,"Ping Registry Provider, Inc.",United States of America (the),,,yes,,https://www.iana.org/domains/root/db/ping.html
.pink,.pink,2013-12-19,ianaRegistration,iana-registration,generic,Identity Digital Limited,United States of America (the),,,no,,https://www.iana.org/domains/root/db/pink.html
.pink,.pink,2014-01-15,ianaDelegationReport,iana-report,generic,,,Delegation of the .PINK domain to Afilias Limited,,no,,https://www.iana.org/reports/c.2.9.2.d/20140115-pink
.pink,.pink,2026-10-04,delegated,current-snapshot,generic,Identity Digital Limited,United States of America (the),,,yes,,https://www.iana.org/domains/root/db/pink.html
.pioneer,.pioneer,2016-05-26,ianaRegistration,iana-registration,generic,Pioneer Corporation,Japan,,,no,,https://www.iana.org/domains/root/db/pioneer.html
.pioneer,.pioneer,2016-06-01,ianaDelegationReport,iana-report,generic,,,Delegation of the .pioneer domain to Pioneer Corporation,,no,,https://www.iana.org/reports/c.2.9.2.d/20160601-pioneer
.pioneer,.pioneer,2026-10-04,delegated,current-snapshot,generic,Pioneer Corporation,Japan,,,yes,,https://www.iana.org/domains/root/db/pioneer.html
.pizza,.pizza,2014-08-22,ianaDelegationReport,iana-report,generic,,,"Delegation of the .pizza domain to Foggy Moon, LLC",,no,,https://www.iana.org/reports/c.2.9.2.d/20140822-pizza
.pizza,.pizza,2014-08-22,ianaRegistration,,,,,,,no,,https://www.iana.org/domains/root/db/pizza.html
.pizza,.pizza,2018-03-23,ianaTransferReport,iana-report,generic,,,Transfer of the .academy domain and 195 others,,no,,https://www.iana.org/reports/tld-transfer/20180323-binkymoon
.pizza,.pizza,2026-10-04,delegated,,generic,"Binky Moon, LLC",United States of America (the),,,yes,,https://www.iana.org/domains/root/db/pizza.html
.pk,.pk,1992-06-03,ianaRegistration,iana-registration,country-code,PKNIC,Pakistan,,,no,,https://www.iana.org/domains/root/db/pk.html
.pk,.pk,2026-10-04,delegated,current-snapshot,country-code,PKNIC,Pakistan,,,yes,,https://www.iana.org/domains/root/db/pk.html
.pl,.pl,1990-07-30,ianaRegistration,iana-registration,country-code,Research and Academic Computer Network,Poland,,,no,,https://www.iana.org/domains/root/db/pl.html
.pl,.pl,2026-10-04,delegated,current-snapshot,country-code,Research and Academic Computer Network,Poland,,,yes,,https://www.iana.org/domains/root/db/pl.html
.place,.place,2014-06-05,ianaRegistration,iana-registration,generic,"Binky Moon, LLC",United States of America (the),,,no,,https://www.iana.org/domains/root/db/place.html
.place,.place,2014-06-24,ianaDelegationReport,iana-report,generic,,,"Delegation of the .place domain to Snow Galley, LLC",,no,,https://www.iana.org/reports/c.2.9.2.d/20140624-place
.place,.place,2018-03-23,ianaTransferReport,iana-report,generic,,,Transfer of the .academy domain and 195 others,,no,,https://www.iana.org/reports/tld-transfer/20180323-binkymoon
.place,.place,2026-10-04,delegated,current-snapshot,generic,"Binky Moon, LLC",United States of America (the),,,yes,,https://www.iana.org/domains/root/db/place.html
.planet,.planet,2000,applicationSubmitted,application,notApplicable,"Name.Space, Incorporated",United States,2000-001,,no,,https://archive.icann.org/en/tlds/tld-applications-lodged-02oct00.htm
.planet,.planet,2026-10-04,notDelegated,current-snapshot,notApplicable,"Name.Space, Incorporated",,,,yes,,https://archive.icann.org/en/tlds/tld-applications-lodged-02oct00.htm
.play,.play,2015-06-04,ianaRegistration,iana-registration,generic,Charleston Road Registry Inc.,United States of America (the),,,no,,https://www.iana.org/domains/root/db/play.html
.play,.play,2015-06-17,ianaDelegationReport,iana-report,generic,,,Delegation of the .play domain to Charleston Road Registry Inc.,,no,,https://www.iana.org/reports/c.2.9.2.d/20150617-play
.play,.play,2026-10-04,delegated,current-snapshot,generic,Charleston Road Registry Inc.,United States of America (the),,,yes,,https://www.iana.org/domains/root/db/play.html
.playstation,.playstation,2015-09-24,ianaRegistration,iana-registration,generic,Sony Computer Entertainment Inc.,Japan,,,no,,https://www.iana.org/domains/root/db/playstation.html
.playstation,.playstation,2015-11-05,ianaDelegationReport,iana-report,generic,,,Delegation of the .playstation domain to Sony Computer Entertainment Inc.,,no,,https://www.iana.org/reports/c.2.9.2.d/20151105-playstation
.playstation,.playstation,2026-10-04,delegated,current-snapshot,generic,Sony Computer Entertainment Inc.,Japan,,,yes,,https://www.iana.org/domains/root/db/playstation.html
.plumbing,.plumbing,2013-11-08,ianaRegistration,iana-registration,generic,"Binky Moon, LLC",United States of America (the),,,no,,https://www.iana.org/domains/root/db/plumbing.html
.plumbing,.plumbing,2013-11-11,ianaDelegationReport,iana-report,generic,,,"Delegation of the .PLUMBING domain to Spring Tigers, LLC",,no,,https://www.iana.org/reports/c.2.9.2.d/20131111-plumbing
.plumbing,.plumbing,2018-03-23,ianaTransferReport,iana-report,generic,,,Transfer of the .academy domain and 195 others,,no,,https://www.iana.org/reports/tld-transfer/20180323-binkymoon
.plumbing,.plumbing,2026-10-04,delegated,current-snapshot,generic,"Binky Moon, LLC",United States of America (the),,,yes,,https://www.iana.org/domains/root/db/plumbing.html
.plus,.plus,2015-03-12,ianaRegistration,iana-registration,generic,"Binky Moon, LLC",United States of America (the),,,no,,https://www.iana.org/domains/root/db/plus.html
.plus,.plus,2015-03-18,ianaDelegationReport,iana-report,generic,,,"Delegation of the .plus domain to Sugar Mill, LLC",,no,,https://www.iana.org/reports/c.2.9.2.d/20150318-plus
.plus,.plus,2018-03-23,ianaTransferReport,iana-report,generic,,,Transfer of the .academy domain and 195 others,,no,,https://www.iana.org/reports/tld-transfer/20180323-binkymoon
.plus,.plus,2026-10-04,delegated,current-snapshot,generic,"Binky Moon, LLC",United States of America (the),,,yes,,https://www.iana.org/domains/root/db/plus.html
.pm,.pm,1997-08-20,ianaRegistration,iana-registration,country-code,Association Française pour le Nommage Internet en Coopération (A.F.N.I.C.),France,,,no,,https://www.iana.org/domains/root/db/pm.html
.pm,.pm,2026-10-04,delegated,current-snapshot,country-code,Association Française pour le Nommage Internet en Coopération (A.F.N.I.C.),France,,,yes,,https://www.iana.org/domains/root/db/pm.html
.pn,.pn,1997-07-10,ianaRegistration,iana-registration,country-code,Pitcairn Island Administration,New Zealand,,,no,,https://www.iana.org/domains/root/db/pn.html
.pn,.pn,2000-02-11,ianaTransferReport,iana-report,country-code,,,IANA Report on Request for Redelegation of the .PN Top-Level Domain,,no,,https://www.iana.org/reports/2000/pn-report-11feb00.html
.pn,.pn,2026-10-04,delegated,current-snapshot,country-code,Pitcairn Island Administration,New Zealand,,,yes,,https://www.iana.org/domains/root/db/pn.html
.pnc,.pnc,2015-10-29,ianaRegistration,iana-registration,generic,"PNC Domain Co., LLC",United States of America (the),,,no,,https://www.iana.org/domains/root/db/pnc.html
.pnc,.pnc,2016-06-28,ianaDelegationReport,iana-report,generic,,,"Delegation of the .pnc domain to PNC Domain Co., LLC",,no,,https://www.iana.org/reports/c.2.9.2.d/20160628-pnc
.pnc,.pnc,2026-10-04,delegated,current-snapshot,generic,"PNC Domain Co., LLC",United States of America (the),,,yes,,https://www.iana.org/domains/root/db/pnc.html
.pohl,.pohl,2014-09-18,ianaRegistration,iana-registration,generic,Deutsche Vermögensberatung Aktiengesellschaft DVAG,Germany,,,no,,https://www.iana.org/domains/root/db/pohl.html
.pohl,.pohl,2014-09-25,ianaDelegationReport,iana-report,generic,,,Delegation of the .pohl domain to Deutsche Vermögensberatung Aktiengesellschaft DVAG,,no,,https://www.iana.org/reports/c.2.9.2.d/20140925-pohl
.pohl,.pohl,2026-10-04,delegated,current-snapshot,generic,Deutsche Vermögensberatung Aktiengesellschaft DVAG,Germany,,,yes,,https://www.iana.org/domains/root/db/pohl.html
.poker,.poker,2014-09-04,ianaRegistration,iana-registration,generic,Identity Digital Limited,United States of America (the),,,no,,https://www.iana.org/domains/root/db/poker.html
.poker,.poker,2014-10-09,ianaDelegationReport,iana-report,generic,,,Delegation of the .poker domain to Afilias Domains No. 5 Limited,,no,,https://www.iana.org/reports/c.2.9.2.d/20141009-poker
.poker,.poker,2026-10-04,delegated,current-snapshot,generic,Identity Digital Limited,United States of America (the),,,yes,,https://www.iana.org/domains/root/db/poker.html
.politics,.politics,2000,applicationSubmitted,application,notApplicable,"Name.Space, Incorporated",United States,2000-001,,no,,https://archive.icann.org/en/tlds/tld-applications-lodged-02oct00.htm
.politics,.politics,2026-10-04,notDelegated,current-snapshot,notApplicable,"Name.Space, Incorporated",,,,yes,,https://archive.icann.org/en/tlds/tld-applications-lodged-02oct00.htm
.politie,.politie,2016-06-16,ianaRegistration,iana-registration,generic,Politie Nederland,Netherlands (the),,,no,,https://www.iana.org/domains/root/db/politie.html
.politie,.politie,2016-06-20,ianaDelegationReport,iana-report,generic,,,Delegation of the .politie domain to Politie Nederland,,no,,https://www.iana.org/reports/c.2.9.2.d/20160620-politie
.politie,.politie,2026-10-04,delegated,current-snapshot,generic,Politie Nederland,Netherlands (the),,,yes,,https://www.iana.org/domains/root/db/politie.html
.porn,.porn,2014-11-26,ianaRegistration,iana-registration,generic,ICM Registry PN LLC,United States of America (the),,,no,,https://www.iana.org/domains/root/db/porn.html
.porn,.porn,2014-12-03,ianaDelegationReport,iana-report,generic,,,Delegation of the .porn domain to ICM Registry PN LLC,,no,,https://www.iana.org/reports/c.2.9.2.d/20141203-porn
.porn,.porn,2026-10-04,delegated,current-snapshot,generic,ICM Registry PN LLC,United States of America (the),,,yes,,https://www.iana.org/domains/root/db/porn.html
.post,.post,2000,applicationSubmitted,application,sponsored,Universal Postal Union,Switzerland,2000-038,,no,,https://archive.icann.org/en/tlds/tld-applications-lodged-02oct00.htm
.post,.post,2004,application,,sponsored,Universal Postal Union,Switzerland,,,no,,https://www.icann.org/en/announcements/details/icann-progress-in-process-for-introducing-new-sponsored-top-level-domains-19-3-2004-en
.post,.post,2004,applicationSubmitted,application,sponsored,Universal Postal Union,Switzerland,2004-006,outcome_delegated_2012,no,,https://www.iana.org/domains/root/db/post.html
.post,.post,2012,delegated,,sponsored,,Switzerland,,,no,,https://www.iana.org/domains/root/db/post.html
.post,.post,2012-08-02,ianaDelegationReport,iana-report,sponsored,,,Report on the Delegation of the .POST Top-Level Domain,,no,,https://www.iana.org/reports/2012/post-report-20120802.html
.post,.post,2012-08-07,ianaRegistration,,,,,,,no,,https://www.iana.org/domains/root/db/post.html
.post,.post,2026-10-04,delegated,,sponsored,Universal Postal Union,Switzerland,,,yes,,https://www.iana.org/domains/root/db/post.html
.power,.power,2000,applicationSubmitted,application,notApplicable,"Name.Space, Incorporated",United States,2000-001,,no,,https://archive.icann.org/en/tlds/tld-applications-lodged-02oct00.htm
.power,.power,2026-10-04,notDelegated,current-snapshot,notApplicable,"Name.Space, Incorporated",,,,yes,,https://archive.icann.org/en/tlds/tld-applications-lodged-02oct00.htm
.pr,.pr,1989-08-27,ianaRegistration,iana-registration,country-code,Gauss Research Laboratory Inc.,Puerto Rico,,,no,,https://www.iana.org/domains/root/db/pr.html
.pr,.pr,2026-10-04,delegated,current-snapshot,country-code,Gauss Research Laboratory Inc.,Puerto Rico,,,yes,,https://www.iana.org/domains/root/db/pr.html
.pramerica,.pramerica,2016-07-14,ianaRegistration,iana-registration,generic,,,,,no,,https://www.iana.org/domains/root/db/pramerica.html
.pramerica,.pramerica,2016-07-25,ianaDelegationReport,iana-report,generic,,,"Delegation of the .pramerica domain to Prudential Financial, Inc.",,no,,https://www.iana.org/reports/c.2.9.2.d/20160725-pramerica
.pramerica,.pramerica,2025-05-16,ianaRevocationReport,iana-report,generic,,,Revocation of the .pramerica domain,,no,,https://www.iana.org/reports/tld-transfer/20250516-pramerica
.pramerica,.pramerica,2026-10-04,notDelegated,current-snapshot,generic,,,,,yes,,https://www.iana.org/domains/root/db/pramerica.html
.praxi,.praxi,2014-03-27,ianaRegistration,iana-registration,generic,Praxi S.p.A.,Italy,,,no,,https://www.iana.org/domains/root/db/praxi.html
.praxi,.praxi,2014-07-17,ianaDelegationReport,iana-report,generic,,,Delegation of the .praxi domain to Praxi S.p.A.,,no,,https://www.iana.org/reports/c.2.9.2.d/20140717-praxi
.praxi,.praxi,2026-10-04,delegated,current-snapshot,generic,Praxi S.p.A.,Italy,,,yes,,https://www.iana.org/domains/root/db/praxi.html
.press,.press,2014-05-22,ianaRegistration,iana-registration,generic,Radix Technologies Inc.,Cayman Islands (the),,,no,,https://www.iana.org/domains/root/db/press.html
.press,.press,2014-05-27,ianaDelegationReport,iana-report,generic,,,Delegation of the .press domain to DotPress Inc.,,no,,https://www.iana.org/reports/c.2.9.2.d/20140527-press
.press,.press,2021-08-25,ianaTransferReport,iana-report,generic,,,Transfer of the .press domain to Radix FZC,,no,,https://www.iana.org/reports/tld-transfer/20210825-press
.press,.press,2024-02-07,ianaTransferReport,iana-report,generic,,,Transfer of the .press domain to Radix Technologies Inc.,,no,,https://www.iana.org/reports/tld-transfer/20240207-press
.press,.press,2026-10-04,delegated,current-snapshot,generic,Radix Technologies Inc.,Cayman Islands (the),,,yes,,https://www.iana.org/domains/root/db/press.html
.prime,.prime,2016-05-19,ianaRegistration,iana-registration,generic,"Amazon Registry Services, Inc.",United States of America (the),,,no,,https://www.iana.org/domains/root/db/prime.html
.prime,.prime,2016-06-02,ianaDelegationReport,iana-report,generic,,,"Delegation of the .prime domain to Amazon Registry Services, Inc.",,no,,https://www.iana.org/reports/c.2.9.2.d/20160602-prime
.prime,.prime,2026-10-04,delegated,current-snapshot,generic,"Amazon Registry Services, Inc.",United States of America (the),,,yes,,https://www.iana.org/domains/root/db/prime.html
.pro,.pro,2000,applicationSubmitted,application,generic-restricted,The dotPRO Consortium,International consortium,2000-039,,no,,https://archive.icann.org/en/tlds/tld-applications-lodged-02oct00.htm
.pro,.pro,2000,applicationSubmitted,application,generic-restricted,"RegistryPro, Ltd.",Ireland,2000-040,,no,,https://archive.icann.org/en/tlds/tld-applications-lodged-02oct00.htm
.pro,.pro,2002-05-06,ianaReportEvent,iana-report,generic-restricted,,,IANA Report on Establishment of the .PRO Top-Level Domain,,no,,https://www.iana.org/reports/2002/pro-report-06may02.html
.pro,.pro,2002-05-08,ianaRegistration,iana-registration,generic-restricted,Identity Digital Limited,United States of America (the),,,no,,https://www.iana.org/domains/root/db/pro.html
.pro,.pro,2019-05-08,ianaTransferReport,iana-report,generic-restricted,,,Transfer of the .pro domain to Afilias Limited,,no,,https://www.iana.org/reports/tld-transfer/20190508-pro
.pro,.pro,2026-10-04,delegated,current-snapshot,generic-restricted,Identity Digital Limited,United States of America (the),,,yes,,https://www.iana.org/domains/root/db/pro.html
.prod,.prod,2014-08-23,ianaRegistration,iana-registration,generic,Charleston Road Registry Inc.,United States of America (the),,,no,,https://www.iana.org/domains/root/db/prod.html
.prod,.prod,2014-08-25,ianaDelegationReport,iana-report,generic,,,Delegation of the .prod domain to Charleston Road Registry Inc.,,no,,https://www.iana.org/reports/c.2.9.2.d/20140825-prod
.prod,.prod,2026-10-04,delegated,current-snapshot,generic,Charleston Road Registry Inc.,United States of America (the),,,yes,,https://www.iana.org/domains/root/db/prod.html
.productions,.productions,2000,applicationSubmitted,application,generic,"Name.Space, Incorporated",United States,2000-001,,no,,https://archive.icann.org/en/tlds/tld-applications-lodged-02oct00.htm
.productions,.productions,2014-02-06,ianaRegistration,iana-registration,generic,"Binky Moon, LLC",United States of America (the),,,no,,https://www.iana.org/domains/root/db/productions.html
.productions,.productions,2014-02-07,ianaDelegationReport,iana-report,generic,,,"Delegation of the .productions domain to Magic Birch, LLC",,no,,https://www.iana.org/reports/c.2.9.2.d/20140207-productions
.productions,.productions,2018-03-23,ianaTransferReport,iana-report,generic,,,Transfer of the .academy domain and 195 others,,no,,https://www.iana.org/reports/tld-transfer/20180323-binkymoon
.productions,.productions,2026-10-04,delegated,current-snapshot,generic,"Binky Moon, LLC",United States of America (the),,,yes,,https://www.iana.org/domains/root/db/productions.html
.prof,.prof,2014-09-04,ianaRegistration,iana-registration,generic,Charleston Road Registry Inc.,United States of America (the),,,no,,https://www.iana.org/domains/root/db/prof.html
.prof,.prof,2014-09-10,ianaDelegationReport,iana-report,generic,,,Delegation of the .prof domain to Charleston Road Registry Inc.,,no,,https://www.iana.org/reports/c.2.9.2.d/20140910-prof
.prof,.prof,2026-10-04,delegated,current-snapshot,generic,Charleston Road Registry Inc.,United States of America (the),,,yes,,https://www.iana.org/domains/root/db/prof.html
.progressive,.progressive,2016-02-19,ianaRegistration,iana-registration,generic,Progressive Casualty Insurance Company,United States of America (the),,,no,,https://www.iana.org/domains/root/db/progressive.html
.progressive,.progressive,2016-04-18,ianaDelegationReport,iana-report,generic,,,Delegation of the .progressive domain to Progressive Casualty Insurance Company,,no,,https://www.iana.org/reports/c.2.9.2.d/20160418-progressive
.progressive,.progressive,2026-10-04,delegated,current-snapshot,generic,Progressive Casualty Insurance Company,United States of America (the),,,yes,,https://www.iana.org/domains/root/db/progressive.html
.projects,.projects,2000,applicationSubmitted,application,notApplicable,"Name.Space, Incorporated",United States,2000-001,,no,,https://archive.icann.org/en/tlds/tld-applications-lodged-02oct00.htm
.projects,.projects,2026-10-04,notDelegated,current-snapshot,notApplicable,"Name.Space, Incorporated",,,,yes,,https://archive.icann.org/en/tlds/tld-applications-lodged-02oct00.htm
.promo,.promo,2015-12-18,ianaRegistration,iana-registration,generic,Identity Digital Limited,United States of America (the),,,no,,https://www.iana.org/domains/root/db/promo.html
.promo,.promo,2015-12-30,ianaDelegationReport,iana-report,generic,,,Delegation of the .promo domain to Afilias plc,,no,,https://www.iana.org/reports/c.2.9.2.d/20151230-promo
.promo,.promo,2026-10-04,delegated,current-snapshot,generic,Identity Digital Limited,United States of America (the),,,yes,,https://www.iana.org/domains/root/db/promo.html
.properties,.properties,2000,applicationSubmitted,application,generic,"Name.Space, Incorporated",United States,2000-001,,no,,https://archive.icann.org/en/tlds/tld-applications-lodged-02oct00.htm
.properties,.properties,2014-01-30,ianaRegistration,iana-registration,generic,"Binky Moon, LLC",United States of America (the),,,no,,https://www.iana.org/domains/root/db/properties.html
.properties,.properties,2014-01-31,ianaDelegationReport,iana-report,generic,,,"Delegation of the .properties domain to Big Pass, LLC",,no,,https://www.iana.org/reports/c.2.9.2.d/20140131-properties
.properties,.properties,2018-03-23,ianaTransferReport,iana-report,generic,,,Transfer of the .academy domain and 195 others,,no,,https://www.iana.org/reports/tld-transfer/20180323-binkymoon
.properties,.properties,2026-10-04,delegated,current-snapshot,generic,"Binky Moon, LLC",United States of America (the),,,yes,,https://www.iana.org/domains/root/db/properties.html
.property,.property,2014-08-15,ianaDelegationReport,iana-report,generic,,,"Delegation of the .property domain to Uniregistry, Corp.",,no,,https://www.iana.org/reports/c.2.9.2.d/20140815-property
.property,.property,2014-08-15,ianaRegistration,iana-registration,generic,Digital Property Infrastructure Limited,Virgin Islands (British),,,no,,https://www.iana.org/domains/root/db/property.html
.property,.property,2022-11-16,ianaTransferReport,iana-report,generic,,,Transfer of the .property domain to Internet Naming Co.,,no,,https://www.iana.org/reports/tld-transfer/20221116-property
.property,.property,2023-11-01,ianaTransferReport,iana-report,generic,,,Transfer of the .property domain to Digital Property Infrastructure Limited,,no,,https://www.iana.org/reports/tld-transfer/20231101-property
.property,.property,2026-10-04,delegated,current-snapshot,generic,Digital Property Infrastructure Limited,Virgin Islands (British),,,yes,,https://www.iana.org/domains/root/db/property.html
.protection,.protection,2015-08-13,ianaRegistration,iana-registration,generic,XYZ.COM LLC,United States of America (the),,,no,,https://www.iana.org/domains/root/db/protection.html
.protection,.protection,2015-08-26,ianaDelegationReport,iana-report,generic,,,Delegation of the .protection domain to XYZ.COM LLC,,no,,https://www.iana.org/reports/c.2.9.2.d/20150826-protection
.protection,.protection,2026-10-04,delegated,current-snapshot,generic,XYZ.COM LLC,United States of America (the),,,yes,,https://www.iana.org/domains/root/db/protection.html
.pru,.pru,2016-07-14,ianaRegistration,iana-registration,generic,"Prudential Financial, Inc.",United States of America (the),,,no,,https://www.iana.org/domains/root/db/pru.html
.pru,.pru,2016-07-25,ianaDelegationReport,iana-report,generic,,,"Delegation of the .pru domain to Prudential Financial, Inc.",,no,,https://www.iana.org/reports/c.2.9.2.d/20160725-pru
.pru,.pru,2026-10-04,delegated,current-snapshot,generic,"Prudential Financial, Inc.",United States of America (the),,,yes,,https://www.iana.org/domains/root/db/pru.html
.prudential,.prudential,2016-07-14,ianaRegistration,iana-registration,generic,"Prudential Financial, Inc.",United States of America (the),,,no,,https://www.iana.org/domains/root/db/prudential.html
.prudential,.prudential,2016-07-25,ianaDelegationReport,iana-report,generic,,,"Delegation of the .prudential domain to Prudential Financial, Inc.",,no,,https://www.iana.org/reports/c.2.9.2.d/20160725-prudential
.prudential,.prudential,2026-10-04,delegated,current-snapshot,generic,"Prudential Financial, Inc.",United States of America (the),,,yes,,https://www.iana.org/domains/root/db/prudential.html
.ps,.ps,2000-03-22,ianaDelegationReport,iana-report,country-code,,,IANA Report on Request for Delegation of the .PS Top-Level Domain,,no,,https://www.iana.org/reports/2000/ps-report-22mar00.html
.ps,.ps,2000-03-22,ianaRegistration,iana-registration,country-code,"Ministry of Telecommunications & Information Technology, Government Computer Center","Palestine, State of",,,no,,https://www.iana.org/domains/root/db/ps.html
.ps,.ps,2004-06-21,ianaDelegationReport,iana-report,country-code,,,IANA Report on the Delegation of the .PS Top-Level Domain,,no,,https://www.iana.org/reports/2004/ps-report-21jun04.html
.ps,.ps,2026-10-04,delegated,current-snapshot,country-code,"Ministry of Telecommunications & Information Technology, Government Computer Center","Palestine, State of",,,yes,,https://www.iana.org/domains/root/db/ps.html
.pt,.pt,1988-06-30,ianaRegistration,iana-registration,country-code,Associação DNS.PT,Portugal,,,no,,https://www.iana.org/domains/root/db/pt.html
.pt,.pt,2013-08-08,ianaTransferReport,iana-report,country-code,,,Report on the Redelegation of the .PT domain representing Portugal to Associação DNS.PT,,no,,https://www.iana.org/reports/2013/pt-report-20130808.html
.pt,.pt,2026-10-04,delegated,current-snapshot,country-code,Associação DNS.PT,Portugal,,,yes,,https://www.iana.org/domains/root/db/pt.html
.pub,.pub,2014-02-20,ianaRegistration,iana-registration,generic,"Dog Beach, LLC",United States of America (the),,,no,,https://www.iana.org/domains/root/db/pub.html
.pub,.pub,2014-02-25,ianaDelegationReport,iana-report,generic,,,Delegation of the .pub domain to United TLD Holdco Ltd.,,no,,https://www.iana.org/reports/c.2.9.2.d/20140225-pub
.pub,.pub,2021-06-02,ianaTransferReport,iana-report,generic,,,"Transfer of the .pub domain to Dog Beach, LLC",,no,,https://www.iana.org/reports/tld-transfer/20210602-pub
.pub,.pub,2026-10-04,delegated,current-snapshot,generic,"Dog Beach, LLC",United States of America (the),,,yes,,https://www.iana.org/domains/root/db/pub.html
.pw,.pw,1997-06-12,ianaRegistration,iana-registration,country-code,Micronesia Investment and Development Corporation,Palau,,,no,,https://www.iana.org/domains/root/db/pw.html
.pw,.pw,2003-06-30,ianaTransferReport,iana-report,country-code,,,IANA Report on Redelegation of the .PW Top-Level Domain,,no,,https://www.iana.org/reports/2003/pw-report-30jun03.html
.pw,.pw,2026-10-04,delegated,current-snapshot,country-code,Micronesia Investment and Development Corporation,Palau,,,yes,,https://www.iana.org/domains/root/db/pw.html
.pwc,.pwc,2016-01-15,ianaRegistration,iana-registration,generic,PricewaterhouseCoopers LLP,United Kingdom of Great Britain and Northern Ireland (the),,,no,,https://www.iana.org/domains/root/db/pwc.html
.pwc,.pwc,2016-02-08,ianaDelegationReport,iana-report,generic,,,Delegation of the .pwc domain to PricewaterhouseCoopers LLP,,no,,https://www.iana.org/reports/c.2.9.2.d/20160208-pwc
.pwc,.pwc,2026-10-04,delegated,current-snapshot,generic,PricewaterhouseCoopers LLP,United Kingdom of Great Britain and Northern Ireland (the),,,yes,,https://www.iana.org/domains/root/db/pwc.html
.py,.py,1991-09-09,ianaRegistration,iana-registration,country-code,NIC-PY,Paraguay,,,no,,https://www.iana.org/domains/root/db/py.html
.py,.py,2026-10-04,delegated,current-snapshot,country-code,NIC-PY,Paraguay,,,yes,,https://www.iana.org/domains/root/db/py.html
.qa,.qa,1996-06-12,ianaRegistration,iana-registration,country-code,Communications Regulatory Authority,Qatar,,,no,,https://www.iana.org/domains/root/db/qa.html
.qa,.qa,2010-10-12,ianaTransferReport,iana-report,country-code,,,Redelegation of the .QA domain representing Qatar to the Supreme Council of Information and Communication Technology,,no,,http://www.iana.org/reports/2010/qa-report-12oct2010.html
.qa,.qa,2026-10-04,delegated,current-snapshot,country-code,Communications Regulatory Authority,Qatar,,,yes,,https://www.iana.org/domains/root/db/qa.html
.qpon,.qpon,2014-01-09,ianaRegistration,iana-registration,generic,DOTQPON LLC.,United States of America (the),,,no,,https://www.iana.org/domains/root/db/qpon.html
.qpon,.qpon,2014-02-10,ianaDelegationReport,iana-report,generic,,,"Delegation of the .qpon domain to dotCOOL, Inc.",,no,,https://www.iana.org/reports/c.2.9.2.d/20140210-qpon
.qpon,.qpon,2023-02-24,ianaTransferReport,iana-report,generic,,,Transfer of the .qpon domain to DOTQPON LLC.,,no,,https://www.iana.org/reports/tld-transfer/20230224-qpon
.qpon,.qpon,2026-10-04,delegated,current-snapshot,generic,DOTQPON LLC.,United States of America (the),,,yes,,https://www.iana.org/domains/root/db/qpon.html
.quebec,.quebec,2014-03-13,ianaRegistration,,,,,,,no,,https://www.iana.org/domains/root/db/quebec.html
.quebec,.quebec,2014-04-14,ianaDelegationReport,iana-report,generic,,,Delegation of the .quebec domain to PointQuébec Inc,,no,,https://www.iana.org/reports/c.2.9.2.d/20140414-quebec
.quebec,.quebec,2026-10-04,delegated,,generic,PointQuébec Inc,Canada,,,yes,,https://www.iana.org/domains/root/db/quebec.html
.quest,.quest,2015-08-06,ianaRegistration,iana-registration,generic,XYZ.COM LLC,United States of America (the),,,no,,https://www.iana.org/domains/root/db/quest.html
.quest,.quest,2016-02-04,ianaDelegationReport,iana-report,generic,,,Delegation of the .quest domain to Quest ION Limited,,no,,https://www.iana.org/reports/c.2.9.2.d/20160204-quest
.quest,.quest,2019-11-14,ianaTransferReport,iana-report,generic,,,Transfer of the .quest domain to XYZ.COM LLC,,no,,https://www.iana.org/reports/tld-transfer/20191114-quest
.quest,.quest,2026-10-04,delegated,current-snapshot,generic,XYZ.COM LLC,United States of America (the),,,yes,,https://www.iana.org/domains/root/db/quest.html
.qvc,.qvc,2016-07-21,ianaRegistration,iana-registration,generic,,,,,no,,https://www.iana.org/domains/root/db/qvc.html
.qvc,.qvc,2016-07-29,ianaDelegationReport,iana-report,generic,,,"Delegation of the .qvc domain to QVC, Inc.",,no,,https://www.iana.org/reports/c.2.9.2.d/20160729-qvc
.qvc,.qvc,2021-10-07,ianaRevocationReport,iana-report,generic,,,Revocation of the .qvc domain,,no,,https://www.iana.org/reports/tld-transfer/20211007-qvc
.qvc,.qvc,2026-10-04,notDelegated,current-snapshot,generic,,,,,yes,,https://www.iana.org/domains/root/db/qvc.html
.racing,.racing,2015-03-26,ianaRegistration,iana-registration,generic,Premier Registry Limited,Gibraltar,,,no,,https://www.iana.org/domains/root/db/racing.html
.racing,.racing,2015-03-31,ianaDelegationReport,iana-report,generic,,,Delegation of the .racing domain to Premier Registry Limited,,no,,https://www.iana.org/reports/c.2.9.2.d/20150331-racing
.racing,.racing,2026-10-04,delegated,current-snapshot,generic,Premier Registry Limited,Gibraltar,,,yes,,https://www.iana.org/domains/root/db/racing.html
.radio,.radio,2000,applicationSubmitted,application,generic,"Name.Space, Incorporated",United States,2000-001,,no,,https://archive.icann.org/en/tlds/tld-applications-lodged-02oct00.htm
.radio,.radio,2016-09-22,ianaRegistration,iana-registration,generic,"Digity, LLC",United States of America (the),,,no,,https://www.iana.org/domains/root/db/radio.html
.radio,.radio,2016-10-07,ianaDelegationReport,iana-report,generic,,,Delegation of the .radio domain to European Broadcasting Union (EBU),,no,,https://www.iana.org/reports/tld-transfer/20161007-radio
.radio,.radio,2026-02-25,ianaTransferReport,iana-report,generic,,,"Transfer of the .radio domain to Digity, LLC",,no,,https://www.iana.org/reports/tld-transfer/20260225-radio
.radio,.radio,2026-10-04,delegated,current-snapshot,generic,"Digity, LLC",United States of America (the),,,yes,,https://www.iana.org/domains/root/db/radio.html
.raid,.raid,2016-07-14,ianaRegistration,iana-registration,generic,,,,,no,,https://www.iana.org/domains/root/db/raid.html
.raid,.raid,2016-07-15,ianaDelegationReport,iana-report,generic,,,"Delegation of the .raid domain to Johnson Shareholdings, Inc",,no,,https://www.iana.org/reports/c.2.9.2.d/20160715-raid
.raid,.raid,2021-12-03,ianaRevocationReport,iana-report,generic,,,Revocation of the .raid domain,,no,,https://www.iana.org/reports/tld-transfer/20211203-raid
.raid,.raid,2026-10-04,notDelegated,current-snapshot,generic,,,,,yes,,https://www.iana.org/domains/root/db/raid.html
.re,.re,1997-04-07,ianaRegistration,iana-registration,country-code,Association Française pour le Nommage Internet en Coopération (A.F.N.I.C.),France,,,no,,https://www.iana.org/domains/root/db/re.html
.re,.re,2026-10-04,delegated,current-snapshot,country-code,Association Française pour le Nommage Internet en Coopération (A.F.N.I.C.),France,,,yes,,https://www.iana.org/domains/root/db/re.html
.read,.read,2015-11-12,ianaRegistration,iana-registration,generic,"Amazon Registry Services, Inc.",United States of America (the),,,no,,https://www.iana.org/domains/root/db/read.html
.read,.read,2015-12-02,ianaDelegationReport,iana-report,generic,,,"Delegation of the .read domain to Amazon Registry Services, Inc.",,no,,https://www.iana.org/reports/c.2.9.2.d/20151202-read
.read,.read,2026-10-04,delegated,current-snapshot,generic,"Amazon Registry Services, Inc.",United States of America (the),,,yes,,https://www.iana.org/domains/root/db/read.html
.real,.real,2000,applicationSubmitted,application,notApplicable,"Affinity Internet, Inc. / biz Regulatory and Advisory Council (bizTRAC)",United States,2000-006,,no,,https://archive.icann.org/en/tlds/tld-applications-lodged-02oct00.htm
.real,.real,2026-10-04,notDelegated,current-snapshot,notApplicable,"Affinity Internet, Inc. / biz Regulatory and Advisory Council (bizTRAC)",,,,yes,,https://archive.icann.org/en/tlds/tld-applications-lodged-02oct00.htm
.realestate,.realestate,2016-04-28,ianaRegistration,iana-registration,generic,dotRealEstate LLC,United States of America (the),,,no,,https://www.iana.org/domains/root/db/realestate.html
.realestate,.realestate,2016-05-19,ianaDelegationReport,iana-report,generic,,,Delegation of the .realestate domain to dotRealEstate LLC,,no,,https://www.iana.org/reports/c.2.9.2.d/20160519-realestate
.realestate,.realestate,2026-10-04,delegated,current-snapshot,generic,dotRealEstate LLC,United States of America (the),,,yes,,https://www.iana.org/domains/root/db/realestate.html
.realtor,.realtor,2014-07-24,ianaRegistration,iana-registration,generic,Real Estate Domains LLC,United States of America (the),,,no,,https://www.iana.org/domains/root/db/realtor.html
.realtor,.realtor,2014-07-28,ianaDelegationReport,iana-report,generic,,,Delegation of the .realtor domain to Real Estate Domains LLC,,no,,https://www.iana.org/reports/c.2.9.2.d/20140728-realtor
.realtor,.realtor,2026-10-04,delegated,current-snapshot,generic,Real Estate Domains LLC,United States of America (the),,,yes,,https://www.iana.org/domains/root/db/realtor.html
.realty,.realty,2015-06-11,ianaRegistration,iana-registration,generic,Internet Naming Co.,Cayman Islands (the),,,no,,https://www.iana.org/domains/root/db/realty.html
.realty,.realty,2015-06-26,ianaDelegationReport,iana-report,generic,,,"Delegation of the .realty domain to Fegistry, LLC",,no,,https://www.iana.org/reports/c.2.9.2.d/20150626-realty
.realty,.realty,2021-02-11,ianaTransferReport,iana-report,generic,,,"Transfer of the .realty domain to Dog Beach, LLC",,no,,https://www.iana.org/reports/tld-transfer/20210211-realty
.realty,.realty,2024-02-23,ianaTransferReport,iana-report,generic,,,Transfer of the .realty domain to Internet Naming Co.,,no,,https://www.iana.org/reports/tld-transfer/20240223-realty
.realty,.realty,2026-10-04,delegated,current-snapshot,generic,Internet Naming Co.,Cayman Islands (the),,,yes,,https://www.iana.org/domains/root/db/realty.html
.recipes,.recipes,2013-12-12,ianaDelegationReport,iana-report,generic,,,"Delegation of the .RECIPES domain to Grand Island, LLC",,no,,https://www.iana.org/reports/c.2.9.2.d/20131212-recipes
.recipes,.recipes,2013-12-12,ianaRegistration,iana-registration,generic,"Binky Moon, LLC",United States of America (the),,,no,,https://www.iana.org/domains/root/db/recipes.html
.recipes,.recipes,2018-03-23,ianaTransferReport,iana-report,generic,,,Transfer of the .academy domain and 195 others,,no,,https://www.iana.org/reports/tld-transfer/20180323-binkymoon
.recipes,.recipes,2026-10-04,delegated,current-snapshot,generic,"Binky Moon, LLC",United States of America (the),,,yes,,https://www.iana.org/domains/root/db/recipes.html
.records,.records,2000,applicationSubmitted,application,notApplicable,"Name.Space, Incorporated",United States,2000-001,,no,,https://archive.icann.org/en/tlds/tld-applications-lodged-02oct00.htm
.records,.records,2026-10-04,notDelegated,current-snapshot,notApplicable,"Name.Space, Incorporated",,,,yes,,https://archive.icann.org/en/tlds/tld-applications-lodged-02oct00.htm
.red,.red,2014-01-16,ianaRegistration,iana-registration,generic,Identity Digital Limited,United States of America (the),,,no,,https://www.iana.org/domains/root/db/red.html
.red,.red,2014-01-17,ianaDelegationReport,iana-report,generic,,,Delegation of the .RED domain to Afilias Limited,,no,,https://www.iana.org/reports/c.2.9.2.d/20140117-red
.red,.red,2026-10-04,delegated,current-snapshot,generic,Identity Digital Limited,United States of America (the),,,yes,,https://www.iana.org/domains/root/db/red.html
.redstone,.redstone,2015-03-06,ianaRegistration,iana-registration,generic,,,,,no,,https://www.iana.org/domains/root/db/redstone.html
.redstone,.redstone,2015-03-26,ianaDelegationReport,iana-report,generic,,,"Delegation of the .redstone domain to Redstone Haute Couture Co., Ltd.",,no,,https://www.iana.org/reports/c.2.9.2.d/20150326-redstone
.redstone,.redstone,2025-08-26,ianaRevocationReport,iana-report,generic,,,Revocation of the .redstone domain,,no,,https://www.iana.org/reports/tld-transfer/20250826-redstone
.redstone,.redstone,2026-10-04,notDelegated,current-snapshot,generic,,,,,yes,,https://www.iana.org/domains/root/db/redstone.html
.redumbrella,.redumbrella,2015-11-20,ianaRegistration,iana-registration,generic,"Travelers TLD, LLC",United States of America (the),,,no,,https://www.iana.org/domains/root/db/redumbrella.html
.redumbrella,.redumbrella,2015-12-08,ianaDelegationReport,iana-report,generic,,,"Delegation of the .redumbrella domain to Travelers TLD, LLC",,no,,https://www.iana.org/reports/c.2.9.2.d/20151208-redumbrella
.redumbrella,.redumbrella,2026-10-04,delegated,current-snapshot,generic,"Travelers TLD, LLC",United States of America (the),,,yes,,https://www.iana.org/domains/root/db/redumbrella.html
.rehab,.rehab,2014-05-29,ianaRegistration,iana-registration,generic,"Dog Beach, LLC",United States of America (the),,,no,,https://www.iana.org/domains/root/db/rehab.html
.rehab,.rehab,2014-06-02,ianaDelegationReport,iana-report,generic,,,"Delegation of the .rehab domain to United TLD Holdco, Ltd",,no,,https://www.iana.org/reports/c.2.9.2.d/20140602-rehab
.rehab,.rehab,2021-06-02,ianaTransferReport,iana-report,generic,,,"Transfer of the .rehab domain to Dog Beach, LLC",,no,,https://www.iana.org/reports/tld-transfer/20210602-rehab
.rehab,.rehab,2026-10-04,delegated,current-snapshot,generic,"Dog Beach, LLC",United States of America (the),,,yes,,https://www.iana.org/domains/root/db/rehab.html
.reise,.reise,2014-05-15,ianaRegistration,iana-registration,generic,"Binky Moon, LLC",United States of America (the),,,no,,https://www.iana.org/domains/root/db/reise.html
.reise,.reise,2014-05-21,ianaDelegationReport,iana-report,generic,,,Delegation of the .reise domain to dotreise GmbH,,no,,https://www.iana.org/reports/c.2.9.2.d/20140521-reise
.reise,.reise,2015-06-12,ianaTransferReport,iana-report,generic,,,"Redelegation of the .reise domain to Foggy Way, LLC",,no,,https://www.iana.org/reports/c.2.9.2.d/20150612-reise
.reise,.reise,2018-03-23,ianaTransferReport,iana-report,generic,,,Transfer of the .academy domain and 195 others,,no,,https://www.iana.org/reports/tld-transfer/20180323-binkymoon
.reise,.reise,2026-10-04,delegated,current-snapshot,generic,"Binky Moon, LLC",United States of America (the),,,yes,,https://www.iana.org/domains/root/db/reise.html
.reisen,.reisen,2014-04-03,ianaRegistration,iana-registration,generic,"Binky Moon, LLC",United States of America (the),,,no,,https://www.iana.org/domains/root/db/reisen.html
.reisen,.reisen,2014-04-09,ianaDelegationReport,iana-report,generic,,,"Delegation of the .reisen domain to New Cypress, LLC",,no,,https://www.iana.org/reports/c.2.9.2.d/20140409-reisen
.reisen,.reisen,2018-03-23,ianaTransferReport,iana-report,generic,,,Transfer of the .academy domain and 195 others,,no,,https://www.iana.org/reports/tld-transfer/20180323-binkymoon
.reisen,.reisen,2026-10-04,delegated,current-snapshot,generic,"Binky Moon, LLC",United States of America (the),,,yes,,https://www.iana.org/domains/root/db/reisen.html
.reit,.reit,2014-10-23,ianaRegistration,iana-registration,generic,"National Association of Real Estate Investment Trusts, Inc.",United States of America (the),,,no,,https://www.iana.org/domains/root/db/reit.html
.reit,.reit,2014-11-04,ianaDelegationReport,iana-report,generic,,,"Delegation of the .reit domain to National Association of Real Estate Investment Trusts, Inc.",,no,,https://www.iana.org/reports/c.2.9.2.d/20141104-reit
.reit,.reit,2026-10-04,delegated,current-snapshot,generic,"National Association of Real Estate Investment Trusts, Inc.",United States of America (the),,,yes,,https://www.iana.org/domains/root/db/reit.html
.reliance,.reliance,2016-08-11,ianaRegistration,iana-registration,generic,Reliance Industries Limited,India,,,no,,https://www.iana.org/domains/root/db/reliance.html
.reliance,.reliance,2016-11-11,ianaDelegationReport,iana-report,generic,,,Delegation of the .reliance domain to Reliance Industries Limited,,no,,https://www.iana.org/reports/tld-transfer/20161111-reliance
.reliance,.reliance,2026-10-04,delegated,current-snapshot,generic,Reliance Industries Limited,India,,,yes,,https://www.iana.org/domains/root/db/reliance.html
.ren,.ren,2014-02-28,ianaRegistration,iana-registration,generic,ZDNS International Limited,China,,,no,,https://www.iana.org/domains/root/db/ren.html
.ren,.ren,2014-03-21,ianaDelegationReport,iana-report,generic,,,"Delegation of the .ren domain to Beijing Qianxiang Wangjing Technology Development Co., Ltd.",,no,,https://www.iana.org/reports/c.2.9.2.d/20140321-ren
.ren,.ren,2019-09-20,ianaTransferReport,iana-report,generic,,,Transfer of the .ren domain to ZDNS International Limited,,no,,https://www.iana.org/reports/tld-transfer/20190920-ren
.ren,.ren,2026-10-04,delegated,current-snapshot,generic,ZDNS International Limited,China,,,yes,,https://www.iana.org/domains/root/db/ren.html
.rent,.rent,2015-04-02,ianaRegistration,iana-registration,generic,XYZ.COM LLC,United States of America (the),,,no,,https://www.iana.org/domains/root/db/rent.html
.rent,.rent,2015-04-28,ianaDelegationReport,iana-report,generic,,,Delegation of the .rent domain to XYZ.COM LLC,,no,,https://www.iana.org/reports/c.2.9.2.d/20150428-rent
.rent,.rent,2026-10-04,delegated,current-snapshot,generic,XYZ.COM LLC,United States of America (the),,,yes,,https://www.iana.org/domains/root/db/rent.html
.rentals,.rentals,2014-01-30,ianaRegistration,iana-registration,generic,"Binky Moon, LLC",United States of America (the),,,no,,https://www.iana.org/domains/root/db/rentals.html
.rentals,.rentals,2014-01-31,ianaDelegationReport,iana-report,generic,,,"Delegation of the .rentals domain to Big Hollow,LLC",,no,,https://www.iana.org/reports/c.2.9.2.d/20140131-rentals
.rentals,.rentals,2018-03-23,ianaTransferReport,iana-report,generic,,,Transfer of the .academy domain and 195 others,,no,,https://www.iana.org/reports/tld-transfer/20180323-binkymoon
.rentals,.rentals,2026-10-04,delegated,current-snapshot,generic,"Binky Moon, LLC",United States of America (the),,,yes,,https://www.iana.org/domains/root/db/rentals.html
.repair,.repair,2013-12-19,ianaRegistration,iana-registration,generic,"Binky Moon, LLC",United States of America (the),,,no,,https://www.iana.org/domains/root/db/repair.html
.repair,.repair,2013-12-20,ianaDelegationReport,iana-report,generic,,,"Delegation of the .REPAIR domain to Lone Sunset, LLC",,no,,https://www.iana.org/reports/c.2.9.2.d/20131220-repair
.repair,.repair,2018-03-23,ianaTransferReport,iana-report,generic,,,Transfer of the .academy domain and 195 others,,no,,https://www.iana.org/reports/tld-transfer/20180323-binkymoon
.repair,.repair,2026-10-04,delegated,current-snapshot,generic,"Binky Moon, LLC",United States of America (the),,,yes,,https://www.iana.org/domains/root/db/repair.html
.report,.report,2014-01-30,ianaRegistration,iana-registration,generic,"Binky Moon, LLC",United States of America (the),,,no,,https://www.iana.org/domains/root/db/report.html
.report,.report,2014-01-31,ianaDelegationReport,iana-report,generic,,,"Delegation of the .report domain to Binky Glen, LLC",,no,,https://www.iana.org/reports/c.2.9.2.d/20140131-report
.report,.report,2018-03-23,ianaTransferReport,iana-report,generic,,,Transfer of the .academy domain and 195 others,,no,,https://www.iana.org/reports/tld-transfer/20180323-binkymoon
.report,.report,2026-10-04,delegated,current-snapshot,generic,"Binky Moon, LLC",United States of America (the),,,yes,,https://www.iana.org/domains/root/db/report.html
.republican,.republican,2014-05-29,ianaRegistration,iana-registration,generic,"Dog Beach, LLC",United States of America (the),,,no,,https://www.iana.org/domains/root/db/republican.html
.republican,.republican,2014-06-02,ianaDelegationReport,iana-report,generic,,,"Delegation of the .republican domain to United TLD Holdco, Ltd",,no,,https://www.iana.org/reports/c.2.9.2.d/20140602-republican
.republican,.republican,2021-06-02,ianaTransferReport,iana-report,generic,,,"Transfer of the .republican domain to Dog Beach, LLC",,no,,https://www.iana.org/reports/tld-transfer/20210602-republican
.republican,.republican,2026-10-04,delegated,current-snapshot,generic,"Dog Beach, LLC",United States of America (the),,,yes,,https://www.iana.org/domains/root/db/republican.html
.rest,.rest,2014-03-06,ianaRegistration,iana-registration,generic,Punto 2012 Sociedad Anonima Promotora de Inversion de Capital Variable,Mexico,,,no,,https://www.iana.org/domains/root/db/rest.html
.rest,.rest,2014-03-28,ianaDelegationReport,iana-report,generic,,,Delegation of the .rest domain to Punto 2012 Sociedad Anonima Promotora de Inversion de Capital Variable,,no,,https://www.iana.org/reports/c.2.9.2.d/20140328-rest
.rest,.rest,2026-10-04,delegated,current-snapshot,generic,Punto 2012 Sociedad Anonima Promotora de Inversion de Capital Variable,Mexico,,,yes,,https://www.iana.org/domains/root/db/rest.html
.restaurant,.restaurant,2014-07-31,ianaRegistration,iana-registration,generic,"Binky Moon, LLC",United States of America (the),,,no,,https://www.iana.org/domains/root/db/restaurant.html
.restaurant,.restaurant,2014-08-05,ianaDelegationReport,iana-report,generic,,,"Delegation of the .restaurant domain to Snow Avenue, LLC",,no,,https://www.iana.org/reports/c.2.9.2.d/20140805-restaurant
.restaurant,.restaurant,2018-03-23,ianaTransferReport,iana-report,generic,,,Transfer of the .academy domain and 195 others,,no,,https://www.iana.org/reports/tld-transfer/20180323-binkymoon
.restaurant,.restaurant,2026-10-04,delegated,current-snapshot,generic,"Binky Moon, LLC",United States of America (the),,,yes,,https://www.iana.org/domains/root/db/restaurant.html
.review,.review,2015-02-05,ianaRegistration,iana-registration,generic,dot Review Limited,Gibraltar,,,no,,https://www.iana.org/domains/root/db/review.html
.review,.review,2015-03-23,ianaDelegationReport,iana-report,generic,,,Delegation of the .review domain to dot Review Limited,,no,,https://www.iana.org/reports/c.2.9.2.d/20150323-review
.review,.review,2026-10-04,delegated,current-snapshot,generic,dot Review Limited,Gibraltar,,,yes,,https://www.iana.org/domains/root/db/review.html
.reviews,.reviews,2014-02-06,ianaRegistration,iana-registration,generic,"Dog Beach, LLC",United States of America (the),,,no,,https://www.iana.org/domains/root/db/reviews.html
.reviews,.reviews,2014-02-07,ianaDelegationReport,iana-report,generic,,,"Delegation of the .reviews domain to United TLD Holdco, LTD",,no,,https://www.iana.org/reports/c.2.9.2.d/20140207-reviews
.reviews,.reviews,2021-06-02,ianaTransferReport,iana-report,generic,,,"Transfer of the .reviews domain to Dog Beach, LLC",,no,,https://www.iana.org/reports/tld-transfer/20210602-reviews
.reviews,.reviews,2026-10-04,delegated,current-snapshot,generic,"Dog Beach, LLC",United States of America (the),,,yes,,https://www.iana.org/domains/root/db/reviews.html
.rexroth,.rexroth,2015-12-17,ianaRegistration,iana-registration,generic,Robert Bosch GMBH,Germany,,,no,,https://www.iana.org/domains/root/db/rexroth.html
.rexroth,.rexroth,2015-12-22,ianaDelegationReport,iana-report,generic,,,Delegation of the .rexroth domain to Robert Bosch GMBH,,no,,https://www.iana.org/reports/c.2.9.2.d/20151222-rexroth
.rexroth,.rexroth,2026-10-04,delegated,current-snapshot,generic,Robert Bosch GMBH,Germany,,,yes,,https://www.iana.org/domains/root/db/rexroth.html
.rich,.rich,2014-01-16,ianaRegistration,,,,,,,no,,https://www.iana.org/domains/root/db/rich.html
.rich,.rich,2014-01-17,ianaDelegationReport,iana-report,generic,,,"Delegation of the .RICH domain to I-REGISTRY Ltd., Niederlassung Deutschland",,no,,https://www.iana.org/reports/c.2.9.2.d/20140117-rich
.rich,.rich,2026-10-04,delegated,,generic,iRegistry GmbH,Germany,,,yes,,https://www.iana.org/domains/root/db/rich.html
.richardli,.richardli,2016-04-15,ianaRegistration,iana-registration,generic,Pacific Century Asset Management (HK) Limited,China,,,no,,https://www.iana.org/domains/root/db/richardli.html
.richardli,.richardli,2016-05-10,ianaDelegationReport,iana-report,generic,,,Delegation of the .richardli domain to Pacific Century Asset Management (HK) Limited,,no,,https://www.iana.org/reports/c.2.9.2.d/20160510-richardli
.richardli,.richardli,2026-10-04,delegated,current-snapshot,generic,Pacific Century Asset Management (HK) Limited,China,,,yes,,https://www.iana.org/domains/root/db/richardli.html
.ricoh,.ricoh,2015-03-06,ianaRegistration,iana-registration,generic,"Ricoh Company, Ltd.",Japan,,,no,,https://www.iana.org/domains/root/db/ricoh.html
.ricoh,.ricoh,2015-06-18,ianaDelegationReport,iana-report,generic,,,"Delegation of the .ricoh domain to Ricoh Company, Ltd.",,no,,https://www.iana.org/reports/c.2.9.2.d/20150618-ricoh
.ricoh,.ricoh,2026-10-04,delegated,current-snapshot,generic,"Ricoh Company, Ltd.",Japan,,,yes,,https://www.iana.org/domains/root/db/ricoh.html
.rightathome,.rightathome,2016-07-14,ianaRegistration,iana-registration,generic,,,,,no,,https://www.iana.org/domains/root/db/rightathome.html
.rightathome,.rightathome,2016-07-15,ianaDelegationReport,iana-report,generic,,,"Delegation of the .rightathome domain to Johnson Shareholdings, Inc.",,no,,https://www.iana.org/reports/c.2.9.2.d/20160715-rightathome
.rightathome,.rightathome,2020-07-28,ianaRevocationReport,iana-report,generic,,,Revocation of the .rightathome domain,,no,,https://www.iana.org/reports/tld-transfer/20200728-rightathome
.rightathome,.rightathome,2026-10-04,notDelegated,current-snapshot,generic,,,,,yes,,https://www.iana.org/domains/root/db/rightathome.html
.ril,.ril,2016-08-11,ianaRegistration,iana-registration,generic,Reliance Industries Limited,India,,,no,,https://www.iana.org/domains/root/db/ril.html
.ril,.ril,2016-11-11,ianaDelegationReport,iana-report,generic,,,Delegation of the .ril domain to Reliance Industries Limited,,no,,https://www.iana.org/reports/tld-transfer/20161111-ril
.ril,.ril,2026-10-04,delegated,current-snapshot,generic,Reliance Industries Limited,India,,,yes,,https://www.iana.org/domains/root/db/ril.html
.rio,.rio,2014-05-15,ianaRegistration,iana-registration,generic,Empresa Municipal de Informática SA - IPLANRIO,Brazil,,,no,,https://www.iana.org/domains/root/db/rio.html
.rio,.rio,2014-05-21,ianaDelegationReport,iana-report,generic,,,Delegation of the .rio domain to Empresa Municipal de Informática SA - IPLANRIO,,no,,https://www.iana.org/reports/c.2.9.2.d/20140521-rio
.rio,.rio,2026-10-04,delegated,current-snapshot,generic,Empresa Municipal de Informática SA - IPLANRIO,Brazil,,,yes,,https://www.iana.org/domains/root/db/rio.html
.rip,.rip,2014-10-09,ianaRegistration,iana-registration,generic,"Dog Beach, LLC",United States of America (the),,,no,,https://www.iana.org/domains/root/db/rip.html
.rip,.rip,2014-10-10,ianaDelegationReport,iana-report,generic,,,Delegation of the .rip domain to United TLD Holdco Ltd.,,no,,https://www.iana.org/reports/c.2.9.2.d/20141010-rip
.rip,.rip,2021-06-02,ianaTransferReport,iana-report,generic,,,"Transfer of the .rip domain to Dog Beach, LLC",,no,,https://www.iana.org/reports/tld-transfer/20210602-rip
.rip,.rip,2026-10-04,delegated,current-snapshot,generic,"Dog Beach, LLC",United States of America (the),,,yes,,https://www.iana.org/domains/root/db/rip.html
.rmit,.rmit,2015-12-23,ianaRegistration,iana-registration,generic,,,,,no,,https://www.iana.org/domains/root/db/rmit.html
.rmit,.rmit,2016-11-23,ianaDelegationReport,iana-report,generic,,,Delegation of the .rmit domain to Royal Melbourne Institute of Technology,,no,,https://www.iana.org/reports/tld-transfer/20161123-rmit
.rmit,.rmit,2021-09-27,ianaRevocationReport,iana-report,generic,,,Revocation of the .rmit domain,,no,,https://www.iana.org/reports/tld-transfer/20210927-rmit
.rmit,.rmit,2026-10-04,notDelegated,current-snapshot,generic,,,,,yes,,https://www.iana.org/domains/root/db/rmit.html
.ro,.ro,1993-02-26,ianaRegistration,iana-registration,country-code,National Institute for R&D in Informatics,Romania,,,no,,https://www.iana.org/domains/root/db/ro.html
.ro,.ro,2026-10-04,delegated,current-snapshot,country-code,National Institute for R&D in Informatics,Romania,,,yes,,https://www.iana.org/domains/root/db/ro.html
.rocher,.rocher,2015-09-10,ianaRegistration,iana-registration,generic,,,,,no,,https://www.iana.org/domains/root/db/rocher.html
.rocher,.rocher,2015-11-04,ianaDelegationReport,iana-report,generic,,,Delegation of the .rocher domain to Ferrero Trading Lux S.A.,,no,,https://www.iana.org/reports/c.2.9.2.d/20151104-rocher
.rocher,.rocher,2023-11-02,ianaRevocationReport,iana-report,generic,,,Revocation of the .rocher domain,,no,,https://www.iana.org/reports/tld-transfer/20231102-rocher
.rocher,.rocher,2026-10-04,notDelegated,current-snapshot,generic,,,,,yes,,https://www.iana.org/domains/root/db/rocher.html
.rocks,.rocks,2014-01-16,ianaRegistration,iana-registration,generic,"Dog Beach, LLC",United States of America (the),,,no,,https://www.iana.org/domains/root/db/rocks.html
.rocks,.rocks,2014-03-27,ianaDelegationReport,iana-report,generic,,,"Delegation of the .rocks domain to United TLD Holdco, Ltd",,no,,https://www.iana.org/reports/c.2.9.2.d/20140327-rocks
.rocks,.rocks,2021-06-02,ianaTransferReport,iana-report,generic,,,"Transfer of the .rocks domain to Dog Beach, LLC",,no,,https://www.iana.org/reports/tld-transfer/20210602-rocks
.rocks,.rocks,2026-10-04,delegated,current-snapshot,generic,"Dog Beach, LLC",United States of America (the),,,yes,,https://www.iana.org/domains/root/db/rocks.html
.rodeo,.rodeo,2014-02-28,ianaRegistration,iana-registration,generic,"Registry Services, LLC",United States of America (the),,,no,,https://www.iana.org/domains/root/db/rodeo.html
.rodeo,.rodeo,2014-03-27,ianaDelegationReport,iana-report,generic,,,Delegation of the .rodeo domain to Top Level Domain Holdings Limited,,no,,https://www.iana.org/reports/c.2.9.2.d/20140327-rodeo
.rodeo,.rodeo,2021-09-14,ianaTransferReport,iana-report,generic,,,"Transfer of the .rodeo domain to Registry Services, LLC",,no,,https://www.iana.org/reports/tld-transfer/20210914-rodeo
.rodeo,.rodeo,2026-10-04,delegated,current-snapshot,generic,"Registry Services, LLC",United States of America (the),,,yes,,https://www.iana.org/domains/root/db/rodeo.html
.rogers,.rogers,2016-08-18,ianaRegistration,iana-registration,generic,Rogers Communications Canada Inc.,Canada,,,no,,https://www.iana.org/domains/root/db/rogers.html
.rogers,.rogers,2016-09-15,ianaDelegationReport,iana-report,generic,,,Delegation of the .rogers domain to Rogers Communications Canada Inc.,,no,,https://www.iana.org/reports/c.2.9.2.d/20160914-rogers
.rogers,.rogers,2026-10-04,delegated,current-snapshot,generic,Rogers Communications Canada Inc.,Canada,,,yes,,https://www.iana.org/domains/root/db/rogers.html
.room,.room,2015-11-12,ianaRegistration,iana-registration,generic,"Amazon Registry Services, Inc.",United States of America (the),,,no,,https://www.iana.org/domains/root/db/room.html
.room,.room,2015-12-02,ianaDelegationReport,iana-report,generic,,,"Delegation of the .room domain to Amazon Registry Services, Inc.",,no,,https://www.iana.org/reports/c.2.9.2.d/20151202-room
.room,.room,2026-10-04,delegated,current-snapshot,generic,"Amazon Registry Services, Inc.",United States of America (the),,,yes,,https://www.iana.org/domains/root/db/room.html
.rs,.rs,2007-09-11,ianaTransferReport,iana-report,country-code,,,"Report on Delegation of the .RS Top-Level Domain, and Redelegation of the .YU Top-Level Domain, to ""Serbian National Register of Internet Domain Names""",,no,,https://www.iana.org/reports/2007/rs-yu-report-11sep2007.html
.rs,.rs,2007-09-24,ianaRegistration,iana-registration,country-code,Serbian National Internet Domain Registry (RNIDS),Serbia,,,no,,https://www.iana.org/domains/root/db/rs.html
.rs,.rs,2026-10-04,delegated,current-snapshot,country-code,Serbian National Internet Domain Registry (RNIDS),Serbia,,,yes,,https://www.iana.org/domains/root/db/rs.html
.rsvp,.rsvp,2014-08-23,ianaRegistration,iana-registration,generic,Charleston Road Registry Inc.,United States of America (the),,,no,,https://www.iana.org/domains/root/db/rsvp.html
.rsvp,.rsvp,2014-08-28,ianaDelegationReport,iana-report,generic,,,Delegation of the .rsvp domain to Charleston Road Registry Inc.,,no,,https://www.iana.org/reports/tld-transfer/20140828-rsvp
.rsvp,.rsvp,2026-10-04,delegated,current-snapshot,generic,Charleston Road Registry Inc.,United States of America (the),,,yes,,https://www.iana.org/domains/root/db/rsvp.html
.ru,.ru,1994-04-07,ianaRegistration,iana-registration,country-code,Coordination Center for TLD RU,Russian Federation (the),,,no,,https://www.iana.org/domains/root/db/ru.html
.ru,.ru,2026-10-04,delegated,current-snapshot,country-code,Coordination Center for TLD RU,Russian Federation (the),,,yes,,https://www.iana.org/domains/root/db/ru.html
.rugby,.rugby,2017-03-23,ianaRegistration,iana-registration,generic,World Rugby Strategic Developments Limited,Ireland,,,no,,https://www.iana.org/domains/root/db/rugby.html
.rugby,.rugby,2017-04-05,ianaDelegationReport,iana-report,generic,,,Delegation of the .rugby domain to World Rugby Strategic Developments Limited,,no,,https://www.iana.org/reports/tld-transfer/20170405-rugby
.rugby,.rugby,2026-10-04,delegated,current-snapshot,generic,World Rugby Strategic Developments Limited,Ireland,,,yes,,https://www.iana.org/domains/root/db/rugby.html
.ruhr,.ruhr,2013-11-25,ianaRegistration,iana-registration,generic,dotSaarland GmbH,Germany,,,no,,https://www.iana.org/domains/root/db/ruhr.html
.ruhr,.ruhr,2013-12-06,ianaDelegationReport,iana-report,generic,,,Delegation of the .RUHR domain to regiodot GmbH & Co. KG,,no,,https://www.iana.org/reports/c.2.9.2.d/20131206-ruhr
.ruhr,.ruhr,2022-08-31,ianaTransferReport,iana-report,generic,,,Transfer of the .ruhr domain to dotSaarland GmbH,,no,,https://www.iana.org/reports/tld-transfer/20220831-ruhr
.ruhr,.ruhr,2026-10-04,delegated,current-snapshot,generic,dotSaarland GmbH,Germany,,,yes,,https://www.iana.org/domains/root/db/ruhr.html
.run,.run,2015-04-30,ianaRegistration,iana-registration,generic,"Binky Moon, LLC",United States of America (the),,,no,,https://www.iana.org/domains/root/db/run.html
.run,.run,2015-05-04,ianaDelegationReport,iana-report,generic,,,"Delegation of the .run domain to Snow Park, LLC",,no,,https://www.iana.org/reports/c.2.9.2.d/20150504-run
.run,.run,2018-03-23,ianaTransferReport,iana-report,generic,,,Transfer of the .academy domain and 195 others,,no,,https://www.iana.org/reports/tld-transfer/20180323-binkymoon
.run,.run,2026-10-04,delegated,current-snapshot,generic,"Binky Moon, LLC",United States of America (the),,,yes,,https://www.iana.org/domains/root/db/run.html
.rw,.rw,1996-10-21,ianaRegistration,iana-registration,country-code,Rwanda Internet Community and Technology Alliance (RICTA) Ltd,Rwanda,,,no,,https://www.iana.org/domains/root/db/rw.html
.rw,.rw,2012-08-18,ianaTransferReport,iana-report,country-code,,,Report on the Redelegation of the .RW domain representing Rwanda to the Rwanda Information Communication and Technology Association,,no,,https://www.iana.org/reports/2012/rw-report-20120818.html
.rw,.rw,2026-10-04,delegated,current-snapshot,country-code,Rwanda Internet Community and Technology Alliance (RICTA) Ltd,Rwanda,,,yes,,https://www.iana.org/domains/root/db/rw.html
.rwe,.rwe,2015-10-01,ianaRegistration,iana-registration,generic,RWE AG,Germany,,,no,,https://www.iana.org/domains/root/db/rwe.html
.rwe,.rwe,2015-10-23,ianaDelegationReport,iana-report,generic,,,Delegation of the .rwe domain to RWE AG,,no,,https://www.iana.org/reports/c.2.9.2.d/20151023-rwe
.rwe,.rwe,2026-10-04,delegated,current-snapshot,generic,RWE AG,Germany,,,yes,,https://www.iana.org/domains/root/db/rwe.html
.ryukyu,.ryukyu,2014-03-13,ianaRegistration,iana-registration,generic,"BRregistry, Inc.",Japan,,,no,,https://www.iana.org/domains/root/db/ryukyu.html
.ryukyu,.ryukyu,2014-03-31,ianaDelegationReport,iana-report,generic,,,Delegation of the .ryukyu domain to BusinessRalliart inc.,,no,,https://www.iana.org/reports/c.2.9.2.d/20140331-ryukyu
.ryukyu,.ryukyu,2016-06-13,ianaTransferReport,iana-report,generic,,,"Redelegation of the .ryukyu domain to BRregistry, Inc.",,no,,https://www.iana.org/reports/c.2.9.2.d/20160613-ryukyu
.ryukyu,.ryukyu,2026-10-04,delegated,current-snapshot,generic,"BRregistry, Inc.",Japan,,,yes,,https://www.iana.org/domains/root/db/ryukyu.html
.sa,.sa,1994-05-17,ianaRegistration,iana-registration,country-code,"Communications, Space and Technology Commission",Saudi Arabia,,,no,,https://www.iana.org/domains/root/db/sa.html
.sa,.sa,2026-10-04,delegated,current-snapshot,country-code,"Communications, Space and Technology Commission",Saudi Arabia,,,yes,,https://www.iana.org/domains/root/db/sa.html
.saarland,.saarland,2014-03-20,ianaRegistration,iana-registration,generic,dotSaarland GmbH,Germany,,,no,,https://www.iana.org/domains/root/db/saarland.html
.saarland,.saarland,2014-03-28,ianaDelegationReport,iana-report,generic,,,Delegation of the .saarland domain to dotSaarland GmbH,,no,,https://www.iana.org/reports/c.2.9.2.d/20140328-saarland
.saarland,.saarland,2026-10-04,delegated,current-snapshot,generic,dotSaarland GmbH,Germany,,,yes,,https://www.iana.org/domains/root/db/saarland.html
.safe,.safe,2015-11-12,ianaRegistration,iana-registration,generic,"Amazon Registry Services, Inc.",United States of America (the),,,no,,https://www.iana.org/domains/root/db/safe.html
.safe,.safe,2015-12-02,ianaDelegationReport,iana-report,generic,,,"Delegation of the .safe domain to Amazon Registry Services, Inc.",,no,,https://www.iana.org/reports/c.2.9.2.d/20151202-safe
.safe,.safe,2026-10-04,delegated,current-snapshot,generic,"Amazon Registry Services, Inc.",United States of America (the),,,yes,,https://www.iana.org/domains/root/db/safe.html
.safety,.safety,2015-04-23,ianaRegistration,iana-registration,generic,"Jolly Host, LLC",United States of America (the),,,no,,https://www.iana.org/domains/root/db/safety.html
.safety,.safety,2015-12-22,ianaDelegationReport,iana-report,generic,,,"Delegation of the .safety domain to Safety Registry Services, LLC.",,no,,https://www.iana.org/reports/c.2.9.2.d/20151222-safety
.safety,.safety,2026-07-08,ianaTransferReport,iana-report,generic,,,"Transfer of the .safety domain to Jolly Host, LLC",,no,,https://www.iana.org/reports/tld-transfer/20260708-safety
.safety,.safety,2026-10-04,delegated,current-snapshot,generic,"Jolly Host, LLC",United States of America (the),,,yes,,https://www.iana.org/domains/root/db/safety.html
.sakura,.sakura,2015-06-04,ianaRegistration,iana-registration,generic,SAKURA internet Inc.,Japan,,,no,,https://www.iana.org/domains/root/db/sakura.html
.sakura,.sakura,2015-06-29,ianaDelegationReport,iana-report,generic,,,Delegation of the .sakura domain to SAKURA Internet Inc.,,no,,https://www.iana.org/reports/c.2.9.2.d/20150629-sakura
.sakura,.sakura,2026-10-04,delegated,current-snapshot,generic,SAKURA internet Inc.,Japan,,,yes,,https://www.iana.org/domains/root/db/sakura.html
.sale,.sale,2014-12-17,ianaRegistration,iana-registration,generic,"Dog Beach, LLC",United States of America (the),,,no,,https://www.iana.org/domains/root/db/sale.html
.sale,.sale,2014-12-22,ianaDelegationReport,iana-report,generic,,,"Delegation of the .sale domain to United TLD Holdco, Ltd",,no,,https://www.iana.org/reports/c.2.9.2.d/20141222-sale
.sale,.sale,2021-06-02,ianaTransferReport,iana-report,generic,,,"Transfer of the .sale domain to Dog Beach, LLC",,no,,https://www.iana.org/reports/tld-transfer/20210602-sale
.sale,.sale,2026-10-04,delegated,current-snapshot,generic,"Dog Beach, LLC",United States of America (the),,,yes,,https://www.iana.org/domains/root/db/sale.html
.salon,.salon,2015-11-12,ianaRegistration,iana-registration,generic,"Binky Moon, LLC",United States of America (the),,,no,,https://www.iana.org/domains/root/db/salon.html
.salon,.salon,2015-12-01,ianaDelegationReport,iana-report,generic,,,"Delegation of the .salon domain to Outer Orchard, LLC",,no,,https://www.iana.org/reports/c.2.9.2.d/20151201-salon
.salon,.salon,2018-03-23,ianaTransferReport,iana-report,generic,,,Transfer of the .academy domain and 195 others,,no,,https://www.iana.org/reports/tld-transfer/20180323-binkymoon
.salon,.salon,2026-10-04,delegated,current-snapshot,generic,"Binky Moon, LLC",United States of America (the),,,yes,,https://www.iana.org/domains/root/db/salon.html
.samsclub,.samsclub,2016-07-21,ianaRegistration,iana-registration,generic,"Wal-Mart Stores, Inc.",United States of America (the),,,no,,https://www.iana.org/domains/root/db/samsclub.html
.samsclub,.samsclub,2016-08-16,ianaDelegationReport,iana-report,generic,,,"Delegation of the .samsclub domain to Wal-Mart Stores, Inc.",,no,,https://www.iana.org/reports/c.2.9.2.d/20160816-samsclub
.samsclub,.samsclub,2026-10-04,delegated,current-snapshot,generic,"Wal-Mart Stores, Inc.",United States of America (the),,,yes,,https://www.iana.org/domains/root/db/samsclub.html
.samsung,.samsung,2014-10-30,ianaRegistration,iana-registration,generic,"SAMSUNG SDS CO., LTD",Korea (the Republic of),,,no,,https://www.iana.org/domains/root/db/samsung.html
.samsung,.samsung,2014-12-05,ianaDelegationReport,iana-report,generic,,,"Delegation of the .samsung domain to SAMSUNG SDS CO., LTD",,no,,https://www.iana.org/reports/c.2.9.2.d/20141205-samsung
.samsung,.samsung,2026-10-04,delegated,current-snapshot,generic,"SAMSUNG SDS CO., LTD",Korea (the Republic of),,,yes,,https://www.iana.org/domains/root/db/samsung.html
.san,.san,2000,applicationSubmitted,application,notApplicable,"The Global Name Registry, Limited",United Kingdom,2000-022,,no,,https://archive.icann.org/en/tlds/tld-applications-lodged-02oct00.htm
.san,.san,2026-10-04,notDelegated,current-snapshot,notApplicable,"The Global Name Registry, Limited",,,,yes,,https://archive.icann.org/en/tlds/tld-applications-lodged-02oct00.htm
.sandvik,.sandvik,2015-05-14,ianaRegistration,iana-registration,generic,Sandvik AB,Sweden,,,no,,https://www.iana.org/domains/root/db/sandvik.html
.sandvik,.sandvik,2015-05-22,ianaDelegationReport,iana-report,generic,,,Delegation of the .sandvik domain to Sandvik AB,,no,,https://www.iana.org/reports/c.2.9.2.d/20150522-sandvik
.sandvik,.sandvik,2026-10-04,delegated,current-snapshot,generic,Sandvik AB,Sweden,,,yes,,https://www.iana.org/domains/root/db/sandvik.html
.sandvikcoromant,.sandvikcoromant,2015-05-14,ianaRegistration,iana-registration,generic,Sandvik AB,Sweden,,,no,,https://www.iana.org/domains/root/db/sandvikcoromant.html
.sandvikcoromant,.sandvikcoromant,2015-05-22,ianaDelegationReport,iana-report,generic,,,Delegation of the .sandvikcoromant domain to Sandvik AB,,no,,https://www.iana.org/reports/c.2.9.2.d/20150522-sandvikcoromant
.sandvikcoromant,.sandvikcoromant,2026-10-04,delegated,current-snapshot,generic,Sandvik AB,Sweden,,,yes,,https://www.iana.org/domains/root/db/sandvikcoromant.html
.sanofi,.sanofi,2015-07-16,ianaRegistration,iana-registration,generic,Sanofi,France,,,no,,https://www.iana.org/domains/root/db/sanofi.html
.sanofi,.sanofi,2015-07-22,ianaDelegationReport,iana-report,generic,,,Delegation of the .sanofi domain to Sanofi,,no,,https://www.iana.org/reports/c.2.9.2.d/20150722-sanofi
.sanofi,.sanofi,2026-10-04,delegated,current-snapshot,generic,Sanofi,France,,,yes,,https://www.iana.org/domains/root/db/sanofi.html
.sansansan,.sansansan,2000,applicationSubmitted,application,notApplicable,Rathbawn Computers Limited,United States / Australia,2000-002,,no,,https://archive.icann.org/en/tlds/tld-applications-lodged-02oct00.htm
.sansansan,.sansansan,2026-10-04,notDelegated,current-snapshot,notApplicable,Rathbawn Computers Limited,,,,yes,,https://archive.icann.org/en/tlds/tld-applications-lodged-02oct00.htm
.sap,.sap,2015-03-19,ianaRegistration,iana-registration,generic,SAP AG,Germany,,,no,,https://www.iana.org/domains/root/db/sap.html
.sap,.sap,2015-03-25,ianaDelegationReport,iana-report,generic,,,Delegation of the .sap domain to SAP AG,,no,,https://www.iana.org/reports/c.2.9.2.d/20150325-sap
.sap,.sap,2026-10-04,delegated,current-snapshot,generic,SAP AG,Germany,,,yes,,https://www.iana.org/domains/root/db/sap.html
.sapo,.sapo,2015-01-15,ianaRegistration,iana-registration,generic,,,,,no,,https://www.iana.org/domains/root/db/sapo.html
.sapo,.sapo,2015-10-28,ianaDelegationReport,iana-report,generic,,,Delegation of the .sapo domain to PT Comunicacoes S.A.,,no,,https://www.iana.org/reports/c.2.9.2.d/20151028-sapo
.sapo,.sapo,2018-05-21,ianaRevocationReport,iana-report,generic,,,Revocation of the .sapo domain,,no,,https://www.iana.org/reports/tld-transfer/20180521-sapo
.sapo,.sapo,2026-10-04,notDelegated,current-snapshot,generic,,,,,yes,,https://www.iana.org/domains/root/db/sapo.html
.sarl,.sarl,2014-07-31,ianaRegistration,iana-registration,generic,"Binky Moon, LLC",United States of America (the),,,no,,https://www.iana.org/domains/root/db/sarl.html
.sarl,.sarl,2014-08-05,ianaDelegationReport,iana-report,generic,,,"Delegation of the .sarl domain to Delta Orchard, LLC",,no,,https://www.iana.org/reports/c.2.9.2.d/20140805-sarl
.sarl,.sarl,2018-03-23,ianaTransferReport,iana-report,generic,,,Transfer of the .academy domain and 195 others,,no,,https://www.iana.org/reports/tld-transfer/20180323-binkymoon
.sarl,.sarl,2026-10-04,delegated,current-snapshot,generic,"Binky Moon, LLC",United States of America (the),,,yes,,https://www.iana.org/domains/root/db/sarl.html
.sas,.sas,2015-11-20,ianaRegistration,iana-registration,generic,Research IP LLC,United States of America (the),,,no,,https://www.iana.org/domains/root/db/sas.html
.sas,.sas,2015-12-16,ianaDelegationReport,iana-report,generic,,,Delegation of the .sas domain to Research IP LLC,,no,,https://www.iana.org/reports/c.2.9.2.d/20151216-sas
.sas,.sas,2026-10-04,delegated,current-snapshot,generic,Research IP LLC,United States of America (the),,,yes,,https://www.iana.org/domains/root/db/sas.html
.save,.save,2016-05-19,ianaRegistration,iana-registration,generic,"Amazon Registry Services, Inc.",United States of America (the),,,no,,https://www.iana.org/domains/root/db/save.html
.save,.save,2016-06-02,ianaDelegationReport,iana-report,generic,,,"Delegation of the .save domain to Amazon Registry Services, Inc.",,no,,https://www.iana.org/reports/c.2.9.2.d/20160602-save
.save,.save,2026-10-04,delegated,current-snapshot,generic,"Amazon Registry Services, Inc.",United States of America (the),,,yes,,https://www.iana.org/domains/root/db/save.html
.saxo,.saxo,2015-01-15,ianaRegistration,iana-registration,generic,Saxo Bank A/S,Denmark,,,no,,https://www.iana.org/domains/root/db/saxo.html
.saxo,.saxo,2015-02-05,ianaDelegationReport,iana-report,generic,,,Delegation of the .saxo domain to Saxo Bank A/S,,no,,https://www.iana.org/reports/c.2.9.2.d/20150205-saxo
.saxo,.saxo,2026-10-04,delegated,current-snapshot,generic,Saxo Bank A/S,Denmark,,,yes,,https://www.iana.org/domains/root/db/saxo.html
.sb,.sb,1994-04-19,ianaRegistration,iana-registration,country-code,Solomon Telekom Company Limited,Solomon Islands,,,no,,https://www.iana.org/domains/root/db/sb.html
.sb,.sb,2026-10-04,delegated,current-snapshot,country-code,Solomon Telekom Company Limited,Solomon Islands,,,yes,,https://www.iana.org/domains/root/db/sb.html
.sbi,.sbi,2016-03-24,ianaRegistration,iana-registration,generic,STATE BANK OF INDIA,India,,,no,,https://www.iana.org/domains/root/db/sbi.html
.sbi,.sbi,2016-04-12,ianaDelegationReport,iana-report,generic,,,Delegation of the .sbi domain to State Bank of India,,no,,https://www.iana.org/reports/c.2.9.2.d/20160412-sbi
.sbi,.sbi,2026-10-04,delegated,current-snapshot,generic,STATE BANK OF INDIA,India,,,yes,,https://www.iana.org/domains/root/db/sbi.html
.sbs,.sbs,2015-09-24,ianaRegistration,iana-registration,generic,Shortdot SA,Luxembourg,,,no,,https://www.iana.org/domains/root/db/sbs.html
.sbs,.sbs,2015-10-27,ianaDelegationReport,iana-report,generic,,,Delegation of the .sbs domain to Special Broadcasting Service Corporation,,no,,https://www.iana.org/reports/c.2.9.2.d/20151027-sbs
.sbs,.sbs,2024-04-30,ianaTransferReport,iana-report,generic,,,Transfer of the .sbs domain to Shortdot SA,,no,,https://www.iana.org/reports/tld-transfer/20240430-sbs
.sbs,.sbs,2026-10-04,delegated,current-snapshot,generic,Shortdot SA,Luxembourg,,,yes,,https://www.iana.org/domains/root/db/sbs.html
.sc,.sc,1997-05-09,ianaRegistration,iana-registration,country-code,VCS Pty Ltd,Seychelles,,,no,,https://www.iana.org/domains/root/db/sc.html
.sc,.sc,2026-10-04,delegated,current-snapshot,country-code,VCS Pty Ltd,Seychelles,,,yes,,https://www.iana.org/domains/root/db/sc.html
.sca,.sca,2014-07-17,ianaRegistration,iana-registration,generic,,,,,no,,https://www.iana.org/domains/root/db/sca.html
.sca,.sca,2014-08-11,ianaDelegationReport,iana-report,generic,,,Delegation of the .sca domain to SVENSKA CELLULOSA AKTIEBOLAGET SCA (publ),,no,,https://www.iana.org/reports/c.2.9.2.d/20140811-sca
.sca,.sca,2023-12-11,ianaRevocationReport,iana-report,generic,,,Revocation of the .sca domain,,no,,https://www.iana.org/reports/tld-transfer/20231211-sca
.sca,.sca,2026-10-04,notDelegated,current-snapshot,generic,,,,,yes,,https://www.iana.org/domains/root/db/sca.html
.scb,.scb,2014-06-26,ianaRegistration,iana-registration,generic,"The Siam Commercial Bank Public Company Limited (""SCB"")",Thailand,,,no,,https://www.iana.org/domains/root/db/scb.html
.scb,.scb,2014-07-09,ianaDelegationReport,iana-report,generic,,,"Delegation of the .scb domain to The Siam Commercial Bank Public Company Limited (""SCB"")",,no,,https://www.iana.org/reports/c.2.9.2.d/20140709-scb
.scb,.scb,2026-10-04,delegated,current-snapshot,generic,"The Siam Commercial Bank Public Company Limited (""SCB"")",Thailand,,,yes,,https://www.iana.org/domains/root/db/scb.html
.schaeffler,.schaeffler,2015-12-17,ianaRegistration,iana-registration,generic,Schaeffler Technologies AG & Co. KG,Germany,,,no,,https://www.iana.org/domains/root/db/schaeffler.html
.schaeffler,.schaeffler,2015-12-22,ianaDelegationReport,iana-report,generic,,,Delegation of the .schaeffler domain to Schaeffler Technologies AG & Co. KG,,no,,https://www.iana.org/reports/c.2.9.2.d/20151222-schaeffler
.schaeffler,.schaeffler,2026-10-04,delegated,current-snapshot,generic,Schaeffler Technologies AG & Co. KG,Germany,,,yes,,https://www.iana.org/domains/root/db/schaeffler.html
.schmidt,.schmidt,2014-06-19,ianaRegistration,iana-registration,generic,SCHMIDT GROUPE S.A.S.,France,,,no,,https://www.iana.org/domains/root/db/schmidt.html
.schmidt,.schmidt,2014-07-01,ianaDelegationReport,iana-report,generic,,,Delegation of the .schmidt domain to SALM S.A.S.,,no,,https://www.iana.org/reports/c.2.9.2.d/20140701-schmidt
.schmidt,.schmidt,2026-10-04,delegated,current-snapshot,generic,SCHMIDT GROUPE S.A.S.,France,,,yes,,https://www.iana.org/domains/root/db/schmidt.html
.scholarships,.scholarships,2014-07-10,ianaRegistration,iana-registration,generic,"Scholarships.com, LLC",United States of America (the),,,no,,https://www.iana.org/domains/root/db/scholarships.html
.scholarships,.scholarships,2015-03-30,ianaDelegationReport,iana-report,generic,,,"Delegation of the .scholarships domain to Scholarships.com, LLC",,no,,https://www.iana.org/reports/c.2.9.2.d/20150330-scholarships
.scholarships,.scholarships,2026-10-04,delegated,current-snapshot,generic,"Scholarships.com, LLC",United States of America (the),,,yes,,https://www.iana.org/domains/root/db/scholarships.html
.school,.school,2000,applicationSubmitted,application,generic,"Name.Space, Incorporated",United States,2000-001,,no,,https://archive.icann.org/en/tlds/tld-applications-lodged-02oct00.htm
.school,.school,2015-02-13,ianaRegistration,iana-registration,generic,"Binky Moon, LLC",United States of America (the),,,no,,https://www.iana.org/domains/root/db/school.html
.school,.school,2015-02-16,ianaDelegationReport,iana-report,generic,,,"Delegation of the .school domain to Little Galley, LLC",,no,,https://www.iana.org/reports/c.2.9.2.d/20150216-school
.school,.school,2018-03-23,ianaTransferReport,iana-report,generic,,,Transfer of the .academy domain and 195 others,,no,,https://www.iana.org/reports/tld-transfer/20180323-binkymoon
.school,.school,2026-10-04,delegated,current-snapshot,generic,"Binky Moon, LLC",United States of America (the),,,yes,,https://www.iana.org/domains/root/db/school.html
.schule,.schule,2014-04-11,ianaRegistration,iana-registration,generic,"Binky Moon, LLC",United States of America (the),,,no,,https://www.iana.org/domains/root/db/schule.html
.schule,.schule,2014-04-14,ianaDelegationReport,iana-report,generic,,,"Delegation of the .schule domain to Outer Moon, LLC",,no,,https://www.iana.org/reports/c.2.9.2.d/20140414-schule
.schule,.schule,2018-03-23,ianaTransferReport,iana-report,generic,,,Transfer of the .academy domain and 195 others,,no,,https://www.iana.org/reports/tld-transfer/20180323-binkymoon
.schule,.schule,2026-10-04,delegated,current-snapshot,generic,"Binky Moon, LLC",United States of America (the),,,yes,,https://www.iana.org/domains/root/db/schule.html
.schwarz,.schwarz,2014-12-04,ianaRegistration,iana-registration,generic,Schwarz Domains und Services GmbH & Co. KG,Germany,,,no,,https://www.iana.org/domains/root/db/schwarz.html
.schwarz,.schwarz,2014-12-10,ianaDelegationReport,iana-report,generic,,,Delegation of the .schwarz domain to Schwarz Domains und Services GmbH & Co. KG,,no,,https://www.iana.org/reports/c.2.9.2.d/20141210-schwarz
.schwarz,.schwarz,2026-10-04,delegated,current-snapshot,generic,Schwarz Domains und Services GmbH & Co. KG,Germany,,,yes,,https://www.iana.org/domains/root/db/schwarz.html
.science,.science,2014-10-23,ianaRegistration,iana-registration,generic,dot Science Limited,Gibraltar,,,no,,https://www.iana.org/domains/root/db/science.html
.science,.science,2014-11-05,ianaDelegationReport,iana-report,generic,,,Delegation of the .science domain to dot Science Limited,,no,,https://www.iana.org/reports/c.2.9.2.d/20141105-science
.science,.science,2026-10-04,delegated,current-snapshot,generic,dot Science Limited,Gibraltar,,,yes,,https://www.iana.org/domains/root/db/science.html
.scjohnson,.scjohnson,2016-07-14,ianaRegistration,iana-registration,generic,,,,,no,,https://www.iana.org/domains/root/db/scjohnson.html
.scjohnson,.scjohnson,2016-07-15,ianaDelegationReport,iana-report,generic,,,"Delegation of the .scjohnson domain to Johnson Shareholdings, Inc.",,no,,https://www.iana.org/reports/c.2.9.2.d/20160715-scjohnson
.scjohnson,.scjohnson,2021-12-03,ianaRevocationReport,iana-report,generic,,,Revocation of the .scjohnson domain,,no,,https://www.iana.org/reports/tld-transfer/20211203-scjohnson
.scjohnson,.scjohnson,2026-10-04,notDelegated,current-snapshot,generic,,,,,yes,,https://www.iana.org/domains/root/db/scjohnson.html
.scor,.scor,2015-04-30,ianaRegistration,iana-registration,generic,,,,,no,,https://www.iana.org/domains/root/db/scor.html
.scor,.scor,2015-06-22,ianaDelegationReport,iana-report,generic,,,Delegation of the .scor domain to SCOR SE,,no,,https://www.iana.org/reports/tld-transfer/20150622-scor
.scor,.scor,2020-05-28,ianaRevocationReport,iana-report,generic,,,Revocation of the .scor domain,,no,,https://www.iana.org/reports/tld-transfer/20200528-scor
.scor,.scor,2026-10-04,notDelegated,current-snapshot,generic,,,,,yes,,https://www.iana.org/domains/root/db/scor.html
.scot,.scot,2014-06-05,ianaRegistration,iana-registration,generic,Dot Scot Registry Limited,United Kingdom of Great Britain and Northern Ireland (the),,,no,,https://www.iana.org/domains/root/db/scot.html
.scot,.scot,2014-06-10,ianaDelegationReport,iana-report,generic,,,Delegation of the .scot domain to Dot Scot Registry Limited,,no,,https://www.iana.org/reports/c.2.9.2.d/20140610-scot
.scot,.scot,2026-10-04,delegated,current-snapshot,generic,Dot Scot Registry Limited,United Kingdom of Great Britain and Northern Ireland (the),,,yes,,https://www.iana.org/domains/root/db/scot.html
.sd,.sd,1997-03-06,ianaRegistration,iana-registration,country-code,Sudan Internet Society,Sudan (the),,,no,,https://www.iana.org/domains/root/db/sd.html
.sd,.sd,2002-12-20,ianaTransferReport,iana-report,country-code,,,IANA Report on Redelegation of the .SD Top-Level Domain,,no,,https://www.iana.org/reports/2002/sd-report-20dec02.html
.sd,.sd,2026-10-04,delegated,current-snapshot,country-code,Sudan Internet Society,Sudan (the),,,yes,,https://www.iana.org/domains/root/db/sd.html
.se,.se,1986-09-04,ianaRegistration,iana-registration,country-code,The Internet Infrastructure Foundation,Sweden,,,no,,https://www.iana.org/domains/root/db/se.html
.se,.se,2026-10-04,delegated,current-snapshot,country-code,The Internet Infrastructure Foundation,Sweden,,,yes,,https://www.iana.org/domains/root/db/se.html
.search,.search,2017-06-08,ianaRegistration,iana-registration,generic,Charleston Road Registry Inc.,United States of America (the),,,no,,https://www.iana.org/domains/root/db/search.html
.search,.search,2017-06-29,ianaDelegationReport,iana-report,generic,,,Delegation of the .search domain to Charleston Road Registry Inc.,,no,,https://www.iana.org/reports/tld-transfer/20170629-search
.search,.search,2026-10-04,delegated,current-snapshot,generic,Charleston Road Registry Inc.,United States of America (the),,,yes,,https://www.iana.org/domains/root/db/search.html
.seat,.seat,2015-03-06,ianaRegistration,iana-registration,generic,"SEAT, S.A. (Sociedad Unipersonal)",Spain,,,no,,https://www.iana.org/domains/root/db/seat.html
.seat,.seat,2015-04-16,ianaDelegationReport,iana-report,generic,,,"Delegation of the .seat domain to SEAT, S.A. (Sociedad Unipersonal)",,no,,https://www.iana.org/reports/c.2.9.2.d/20150416-seat
.seat,.seat,2026-10-04,delegated,current-snapshot,generic,"SEAT, S.A. (Sociedad Unipersonal)",Spain,,,yes,,https://www.iana.org/domains/root/db/seat.html
.secure,.secure,2000,applicationSubmitted,application,generic,Diebold Incorporated,United States,2000-009,,no,,https://archive.icann.org/en/tlds/tld-applications-lodged-02oct00.htm
.secure,.secure,2016-07-21,ianaRegistration,iana-registration,generic,"Amazon Registry Services, Inc.",United States of America (the),,,no,,https://www.iana.org/domains/root/db/secure.html
.secure,.secure,2016-08-05,ianaDelegationReport,iana-report,generic,,,"Delegation of the .secure domain to Amazon Registry Services, Inc.",,no,,https://www.iana.org/reports/c.2.9.2.d/20160805-secure
.secure,.secure,2026-10-04,delegated,current-snapshot,generic,"Amazon Registry Services, Inc.",United States of America (the),,,yes,,https://www.iana.org/domains/root/db/secure.html
.security,.security,2000,applicationSubmitted,application,generic,"Name.Space, Incorporated",United States,2000-001,,no,,https://archive.icann.org/en/tlds/tld-applications-lodged-02oct00.htm
.security,.security,2015-09-03,ianaRegistration,iana-registration,generic,XYZ.COM LLC,United States of America (the),,,no,,https://www.iana.org/domains/root/db/security.html
.security,.security,2015-09-15,ianaDelegationReport,iana-report,generic,,,Delegation of the .security domain to XYZ.COM LLC,,no,,https://www.iana.org/reports/c.2.9.2.d/20150915-security
.security,.security,2026-10-04,delegated,current-snapshot,generic,XYZ.COM LLC,United States of America (the),,,yes,,https://www.iana.org/domains/root/db/security.html
.seek,.seek,2015-04-16,ianaRegistration,iana-registration,generic,Seek Limited,Australia,,,no,,https://www.iana.org/domains/root/db/seek.html
.seek,.seek,2015-08-10,ianaDelegationReport,iana-report,generic,,,Delegation of the .seek domain to Seek Limited,,no,,https://www.iana.org/reports/c.2.9.2.d/20150810-seek
.seek,.seek,2026-10-04,delegated,current-snapshot,generic,Seek Limited,Australia,,,yes,,https://www.iana.org/domains/root/db/seek.html
.select,.select,2015-12-23,ianaRegistration,iana-registration,generic,"Registry Services, LLC",United States of America (the),,,no,,https://www.iana.org/domains/root/db/select.html
.select,.select,2016-01-12,ianaDelegationReport,iana-report,generic,,,Delegation of the .select domain to iSelect Ltd,,no,,https://www.iana.org/reports/c.2.9.2.d/20160112-select
.select,.select,2019-08-07,ianaTransferReport,iana-report,generic,,,"Transfer of the .select domain to Registry Services, LLC",,no,,https://www.iana.org/reports/tld-transfer/20190807-select
.select,.select,2026-10-04,delegated,current-snapshot,generic,"Registry Services, LLC",United States of America (the),,,yes,,https://www.iana.org/domains/root/db/select.html
.sener,.sener,2015-04-02,ianaRegistration,iana-registration,generic,"Sener Ingeniería y Sistemas, S.A.",Spain,,,no,,https://www.iana.org/domains/root/db/sener.html
.sener,.sener,2015-04-28,ianaDelegationReport,iana-report,generic,,,"Delegation of the .sener domain to Sener Ingeniería y Sistemas, S.A.",,no,,https://www.iana.org/reports/c.2.9.2.d/20150428-sener
.sener,.sener,2026-10-04,delegated,current-snapshot,generic,"Sener Ingeniería y Sistemas, S.A.",Spain,,,yes,,https://www.iana.org/domains/root/db/sener.html
.service,.service,2000,applicationSubmitted,application,notApplicable,"Name.Space, Incorporated",United States,2000-001,,no,,https://archive.icann.org/en/tlds/tld-applications-lodged-02oct00.htm
.service,.service,2026-10-04,notDelegated,current-snapshot,notApplicable,"Name.Space, Incorporated",,,,yes,,https://archive.icann.org/en/tlds/tld-applications-lodged-02oct00.htm
.services,.services,2014-04-03,ianaRegistration,iana-registration,generic,"Binky Moon, LLC",United States of America (the),,,no,,https://www.iana.org/domains/root/db/services.html
.services,.services,2014-04-09,ianaDelegationReport,iana-report,generic,,,"Delegation of the .services domain to Fox Castle, LLC",,no,,https://www.iana.org/reports/c.2.9.2.d/20140409-services
.services,.services,2018-03-23,ianaTransferReport,iana-report,generic,,,Transfer of the .academy domain and 195 others,,no,,https://www.iana.org/reports/tld-transfer/20180323-binkymoon
.services,.services,2026-10-04,delegated,current-snapshot,generic,"Binky Moon, LLC",United States of America (the),,,yes,,https://www.iana.org/domains/root/db/services.html
.ses,.ses,2016-05-05,ianaRegistration,iana-registration,generic,,,,,no,,https://www.iana.org/domains/root/db/ses.html
.ses,.ses,2016-07-06,ianaDelegationReport,iana-report,generic,,,Delegation of the .ses domain to SES,,no,,https://www.iana.org/reports/c.2.9.2.d/20160706-ses
.ses,.ses,2022-12-16,ianaRevocationReport,iana-report,generic,,,Revocation of the .ses domain,,no,,https://www.iana.org/reports/tld-transfer/20221216-ses
.ses,.ses,2026-10-04,notDelegated,current-snapshot,generic,,,,,yes,,https://www.iana.org/domains/root/db/ses.html
.seven,.seven,2015-09-23,ianaRegistration,iana-registration,generic,Seven West Media Ltd,Australia,,,no,,https://www.iana.org/domains/root/db/seven.html
.seven,.seven,2015-09-25,ianaDelegationReport,iana-report,generic,,,Delegation of the .seven domain to Seven West Media Ltd,,no,,https://www.iana.org/reports/c.2.9.2.d/20150925-seven
.seven,.seven,2026-10-04,delegated,current-snapshot,generic,Seven West Media Ltd,Australia,,,yes,,https://www.iana.org/domains/root/db/seven.html
.sew,.sew,2014-11-06,ianaRegistration,iana-registration,generic,SEW-EURODRIVE GmbH & Co KG,Germany,,,no,,https://www.iana.org/domains/root/db/sew.html
.sew,.sew,2014-12-10,ianaDelegationReport,iana-report,generic,,,Delegation of the .sew domain to SEW-EURODRIVE GmbH & Co. KG,,no,,https://www.iana.org/reports/c.2.9.2.d/20141210-sew
.sew,.sew,2026-10-04,delegated,current-snapshot,generic,SEW-EURODRIVE GmbH & Co KG,Germany,,,yes,,https://www.iana.org/domains/root/db/sew.html
.sex,.sex,2000,applicationSubmitted,application,generic,"Name.Space, Incorporated",United States,2000-001,,no,,https://archive.icann.org/en/tlds/tld-applications-lodged-02oct00.htm
.sex,.sex,2000,applicationSubmitted,application,generic,Rathbawn Computers Limited,United States / Australia,2000-002,,no,,https://archive.icann.org/en/tlds/tld-applications-lodged-02oct00.htm
.sex,.sex,2015-04-09,ianaRegistration,iana-registration,generic,ICM Registry SX LLC,United States of America (the),,,no,,https://www.iana.org/domains/root/db/sex.html
.sex,.sex,2015-04-16,ianaDelegationReport,iana-report,generic,,,Delegation of the .sex domain to ICM Registry SX LLC,,no,,https://www.iana.org/reports/c.2.9.2.d/20150416-sex
.sex,.sex,2026-10-04,delegated,current-snapshot,generic,ICM Registry SX LLC,United States of America (the),,,yes,,https://www.iana.org/domains/root/db/sex.html
.sexy,.sexy,2013-11-08,ianaRegistration,iana-registration,generic,Internet Naming Co.,Cayman Islands (the),,,no,,https://www.iana.org/domains/root/db/sexy.html
.sexy,.sexy,2013-11-11,ianaDelegationReport,iana-report,generic,,,"Delegation of the .SEXY domain to Uniregistry, Corp.",,no,,https://www.iana.org/reports/c.2.9.2.d/20131111-sexy
.sexy,.sexy,2022-11-16,ianaTransferReport,iana-report,generic,,,Transfer of the .sexy domain to Internet Naming Co.,,no,,https://www.iana.org/reports/tld-transfer/20221116-sexy
.sexy,.sexy,2026-10-04,delegated,current-snapshot,generic,Internet Naming Co.,Cayman Islands (the),,,yes,,https://www.iana.org/domains/root/db/sexy.html
.sfr,.sfr,2015-11-12,ianaRegistration,iana-registration,generic,Societe Francaise du Radiotelephone - SFR,France,,,no,,https://www.iana.org/domains/root/db/sfr.html
.sfr,.sfr,2015-11-24,ianaDelegationReport,iana-report,generic,,,Delegation of the .sfr domain to Societe Francaise du Radiotelephone - SFR,,no,,https://www.iana.org/reports/c.2.9.2.d/20151124-sfr
.sfr,.sfr,2026-10-04,delegated,current-snapshot,generic,Societe Francaise du Radiotelephone - SFR,France,,,yes,,https://www.iana.org/domains/root/db/sfr.html
.sg,.sg,1988-10-19,ianaRegistration,iana-registration,country-code,Singapore Network Information Centre (SGNIC) Pte Ltd,Singapore,,,no,,https://www.iana.org/domains/root/db/sg.html
.sg,.sg,2026-10-04,delegated,current-snapshot,country-code,Singapore Network Information Centre (SGNIC) Pte Ltd,Singapore,,,yes,,https://www.iana.org/domains/root/db/sg.html
.sh,.sh,1997-09-23,ianaRegistration,iana-registration,country-code,Government of St. Helena,"Saint Helena, Ascension and Tristan da Cunha",,,no,,https://www.iana.org/domains/root/db/sh.html
.sh,.sh,2026-10-04,delegated,current-snapshot,country-code,Government of St. Helena,"Saint Helena, Ascension and Tristan da Cunha",,,yes,,https://www.iana.org/domains/root/db/sh.html
.shangrila,.shangrila,2016-06-24,ianaRegistration,iana-registration,generic,Shangri-La International Hotel Management Limited,Hong Kong,,,no,,https://www.iana.org/domains/root/db/shangrila.html
.shangrila,.shangrila,2016-06-30,ianaDelegationReport,iana-report,generic,,,Delegation of the .shangrila domain to Shangri-La International Hotel Management Limited,,no,,https://www.iana.org/reports/c.2.9.2.d/20160630-shangrila
.shangrila,.shangrila,2026-10-04,delegated,current-snapshot,generic,Shangri-La International Hotel Management Limited,Hong Kong,,,yes,,https://www.iana.org/domains/root/db/shangrila.html
.shareware,.shareware,2000,applicationSubmitted,application,notApplicable,"Name.Space, Incorporated",United States,2000-001,,no,,https://archive.icann.org/en/tlds/tld-applications-lodged-02oct00.htm
.shareware,.shareware,2026-10-04,notDelegated,current-snapshot,notApplicable,"Name.Space, Incorporated",,,,yes,,https://archive.icann.org/en/tlds/tld-applications-lodged-02oct00.htm
.sharp,.sharp,2015-11-25,ianaRegistration,iana-registration,generic,Sharp Corporation,Japan,,,no,,https://www.iana.org/domains/root/db/sharp.html
.sharp,.sharp,2015-12-01,ianaDelegationReport,iana-report,generic,,,Delegation of the .sharp domain to Sharp Corporation,,no,,https://www.iana.org/reports/c.2.9.2.d/20151201-sharp
.sharp,.sharp,2026-10-04,delegated,current-snapshot,generic,Sharp Corporation,Japan,,,yes,,https://www.iana.org/domains/root/db/sharp.html
.shaw,.shaw,2016-03-10,ianaRegistration,iana-registration,generic,,,,,no,,https://www.iana.org/domains/root/db/shaw.html
.shaw,.shaw,2016-03-15,ianaDelegationReport,iana-report,generic,,,Delegation of the .shaw domain to Shaw Cablesystems G.P.,,no,,https://www.iana.org/reports/c.2.9.2.d/20160315-shaw
.shaw,.shaw,2024-07-09,ianaRevocationReport,iana-report,generic,,,Revocation of the .shaw domain,,no,,https://www.iana.org/reports/tld-transfer/20240709-shaw
.shaw,.shaw,2026-10-04,notDelegated,current-snapshot,generic,,,,,yes,,https://www.iana.org/domains/root/db/shaw.html
.shell,.shell,2015-11-06,ianaRegistration,iana-registration,generic,Shell Information Technology International Inc,United States of America (the),,,no,,https://www.iana.org/domains/root/db/shell.html
.shell,.shell,2015-12-08,ianaDelegationReport,iana-report,generic,,,Delegation of the .shell domain to Shell Information Technology International Inc,,no,,https://www.iana.org/reports/c.2.9.2.d/20151208-shell
.shell,.shell,2026-10-04,delegated,current-snapshot,generic,Shell Information Technology International Inc,United States of America (the),,,yes,,https://www.iana.org/domains/root/db/shell.html
.shia,.shia,2015-11-25,ianaRegistration,iana-registration,generic,Emergency Back-End Registry Operator Program - ICANN,United States of America (the),,,no,,https://www.iana.org/domains/root/db/shia.html
.shia,.shia,2015-12-01,ianaDelegationReport,iana-report,generic,,,Delegation of the .shia domain to Asia Green IT System Bilgisayar San. ve Tic. Ltd. Sti.,,no,,https://www.iana.org/reports/c.2.9.2.d/20151201-shia
.shia,.shia,2026-10-04,delegated,current-snapshot,generic,Emergency Back-End Registry Operator Program - ICANN,United States of America (the),,,yes,,https://www.iana.org/domains/root/db/shia.html
.shiksha,.shiksha,2014-01-16,ianaRegistration,iana-registration,generic,Identity Digital Limited,United States of America (the),,,no,,https://www.iana.org/domains/root/db/shiksha.html
.shiksha,.shiksha,2014-01-17,ianaDelegationReport,iana-report,generic,,,Delegation of the .SHIKSHA domain to Afilias Limited,,no,,https://www.iana.org/reports/c.2.9.2.d/20140117-shiksha
.shiksha,.shiksha,2026-10-04,delegated,current-snapshot,generic,Identity Digital Limited,United States of America (the),,,yes,,https://www.iana.org/domains/root/db/shiksha.html
.shoes,.shoes,2000,applicationSubmitted,application,generic,"Name.Space, Incorporated",United States,2000-001,,no,,https://archive.icann.org/en/tlds/tld-applications-lodged-02oct00.htm
.shoes,.shoes,2013-12-12,ianaDelegationReport,iana-report,generic,,,"Delegation of the .SHOES domain to Binky Galley, LLC",,no,,https://www.iana.org/reports/c.2.9.2.d/20131212-shoes
.shoes,.shoes,2013-12-12,ianaRegistration,iana-registration,generic,"Binky Moon, LLC",United States of America (the),,,no,,https://www.iana.org/domains/root/db/shoes.html
.shoes,.shoes,2018-03-23,ianaTransferReport,iana-report,generic,,,Transfer of the .academy domain and 195 others,,no,,https://www.iana.org/reports/tld-transfer/20180323-binkymoon
.shoes,.shoes,2026-10-04,delegated,current-snapshot,generic,"Binky Moon, LLC",United States of America (the),,,yes,,https://www.iana.org/domains/root/db/shoes.html
.shop,.shop,2000,applicationSubmitted,application,generic,"Name.Space, Incorporated",United States,2000-001,,no,,https://archive.icann.org/en/tlds/tld-applications-lodged-02oct00.htm
.shop,.shop,2000,applicationSubmitted,application,generic,Eastern Communications Company Limited,China,2000-017,,no,,https://archive.icann.org/en/tlds/tld-applications-lodged-02oct00.htm
.shop,.shop,2000,applicationSubmitted,application,generic,"Commercial Connect, LLC",United States,2000-028,,no,,https://archive.icann.org/en/tlds/tld-applications-lodged-02oct00.htm
.shop,.shop,2012,application,,generic,,,,,no,,https://newgtlds.icann.org/en/program-status/statistics
.shop,.shop,2016-05-05,ianaRegistration,,,,,,,no,,https://www.iana.org/domains/root/db/shop.html
.shop,.shop,2016-05-09,ianaDelegationReport,iana-report,generic,,,"Delegation of the .shop domain to GMO Registry, Inc.",,no,,https://www.iana.org/reports/c.2.9.2.d/20160509-shop
.shop,.shop,2026-10-04,delegated,,generic,"GMO Registry, Inc.",Japan,,,yes,,https://www.iana.org/domains/root/db/shop.html
.shopping,.shopping,2016-06-08,ianaRegistration,iana-registration,generic,"Binky Moon, LLC",United States of America (the),,,no,,https://www.iana.org/domains/root/db/shopping.html
.shopping,.shopping,2016-06-13,ianaDelegationReport,iana-report,generic,,,"Delegation of the .shopping domain to Over Keep, LLC",,no,,https://www.iana.org/reports/c.2.9.2.d/20160613-shopping
.shopping,.shopping,2018-03-23,ianaTransferReport,iana-report,generic,,,Transfer of the .academy domain and 195 others,,no,,https://www.iana.org/reports/tld-transfer/20180323-binkymoon
.shopping,.shopping,2026-10-04,delegated,current-snapshot,generic,"Binky Moon, LLC",United States of America (the),,,yes,,https://www.iana.org/domains/root/db/shopping.html
.shouji,.shouji,2016-03-18,ianaRegistration,iana-registration,generic,"Beijing Qihu Keji Co., Ltd.",China,,,no,,https://www.iana.org/domains/root/db/shouji.html
.shouji,.shouji,2016-03-25,ianaDelegationReport,iana-report,generic,,,Delegation of the .shouji domain to QIHOO 360 Technology Co. Ltd.,,no,,https://www.iana.org/reports/c.2.9.2.d/20160325-shouji
.shouji,.shouji,2025-10-24,ianaTransferReport,iana-report,generic,,,"Transfer of the .shouji domain to Beijing Qihu Keji Co., Ltd.",,no,,https://www.iana.org/reports/tld-transfer/20251024-shouji
.shouji,.shouji,2026-10-04,delegated,current-snapshot,generic,"Beijing Qihu Keji Co., Ltd.",China,,,yes,,https://www.iana.org/domains/root/db/shouji.html
.show,.show,2000,applicationSubmitted,application,generic,"Name.Space, Incorporated",United States,2000-001,,no,,https://archive.icann.org/en/tlds/tld-applications-lodged-02oct00.htm
.show,.show,2015-04-09,ianaRegistration,iana-registration,generic,"Binky Moon, LLC",United States of America (the),,,no,,https://www.iana.org/domains/root/db/show.html
.show,.show,2015-04-14,ianaDelegationReport,iana-report,generic,,,"Delegation of the .show domain to Snow Beach, LLC",,no,,https://www.iana.org/reports/c.2.9.2.d/20150414-show
.show,.show,2018-03-23,ianaTransferReport,iana-report,generic,,,Transfer of the .academy domain and 195 others,,no,,https://www.iana.org/reports/tld-transfer/20180323-binkymoon
.show,.show,2026-10-04,delegated,current-snapshot,generic,"Binky Moon, LLC",United States of America (the),,,yes,,https://www.iana.org/domains/root/db/show.html
.showtime,.showtime,2016-07-21,ianaRegistration,iana-registration,generic,,,,,no,,https://www.iana.org/domains/root/db/showtime.html
.showtime,.showtime,2016-08-01,ianaDelegationReport,iana-report,generic,,,Delegation of the .showtime domain to CBS Domains Inc.,,no,,https://www.iana.org/reports/c.2.9.2.d/20160801-showtime
.showtime,.showtime,2023-10-25,ianaRevocationReport,iana-report,generic,,,Revocation of the .showtime domain,,no,,https://www.iana.org/reports/tld-transfer/20231025-showtime
.showtime,.showtime,2026-10-04,notDelegated,current-snapshot,generic,,,,,yes,,https://www.iana.org/domains/root/db/showtime.html
.shriram,.shriram,2014-12-04,ianaRegistration,iana-registration,generic,,,,,no,,https://www.iana.org/domains/root/db/shriram.html
.shriram,.shriram,2014-12-24,ianaDelegationReport,iana-report,generic,,,Delegation of the .shriram domain to Shriram Capital Ltd.,,no,,https://www.iana.org/reports/c.2.9.2.d/20141224-shriram
.shriram,.shriram,2020-11-24,ianaRevocationReport,iana-report,generic,,,Revocation of the .shriram domain,,no,,https://www.iana.org/reports/tld-transfer/20201124-shriram
.shriram,.shriram,2026-10-04,notDelegated,current-snapshot,generic,,,,,yes,,https://www.iana.org/domains/root/db/shriram.html
.si,.si,1992-04-01,ianaRegistration,iana-registration,country-code,Academic and Research Network of Slovenia (ARNES),Slovenia,,,no,,https://www.iana.org/domains/root/db/si.html
.si,.si,2026-10-04,delegated,current-snapshot,country-code,Academic and Research Network of Slovenia (ARNES),Slovenia,,,yes,,https://www.iana.org/domains/root/db/si.html
.silk,.silk,2016-05-19,ianaRegistration,iana-registration,generic,"Amazon Registry Services, Inc.",United States of America (the),,,no,,https://www.iana.org/domains/root/db/silk.html
.silk,.silk,2016-06-02,ianaDelegationReport,iana-report,generic,,,"Delegation of the .silk domain to Amazon Registry Services, Inc.",,no,,https://www.iana.org/reports/c.2.9.2.d/20160602-silk
.silk,.silk,2026-10-04,delegated,current-snapshot,generic,"Amazon Registry Services, Inc.",United States of America (the),,,yes,,https://www.iana.org/domains/root/db/silk.html
.sina,.sina,2016-02-29,ianaRegistration,iana-registration,generic,Sina Corporation,China,,,no,,https://www.iana.org/domains/root/db/sina.html
.sina,.sina,2016-03-28,ianaDelegationReport,iana-report,generic,,,Delegation of the .sina domain to Sina Corporation,,no,,https://www.iana.org/reports/c.2.9.2.d/20160328-sina
.sina,.sina,2026-10-04,delegated,current-snapshot,generic,Sina Corporation,China,,,yes,,https://www.iana.org/domains/root/db/sina.html
.singles,.singles,2013-10-31,ianaRegistration,iana-registration,generic,"Binky Moon, LLC",United States of America (the),,,no,,https://www.iana.org/domains/root/db/singles.html
.singles,.singles,2013-11-04,ianaDelegationReport,iana-report,generic,,,"Delegation of the .SINGLES domain to Fern Madison, LLC",,no,,https://www.iana.org/reports/c.2.9.2.d/20131104-singles
.singles,.singles,2018-03-23,ianaTransferReport,iana-report,generic,,,Transfer of the .academy domain and 195 others,,no,,https://www.iana.org/reports/tld-transfer/20180323-binkymoon
.singles,.singles,2026-10-04,delegated,current-snapshot,generic,"Binky Moon, LLC",United States of America (the),,,yes,,https://www.iana.org/domains/root/db/singles.html
.site,.site,2000,applicationSubmitted,application,generic,"Name.Space, Incorporated",United States,2000-001,,no,,https://archive.icann.org/en/tlds/tld-applications-lodged-02oct00.htm
.site,.site,2000,applicationSubmitted,application,generic,"NeuStar, Inc.",United States,2000-012,,no,,https://archive.icann.org/en/tlds/tld-applications-lodged-02oct00.htm
.site,.site,2000,applicationSubmitted,application,generic,"Afilias, LLC",United States,2000-021,,no,,https://archive.icann.org/en/tlds/tld-applications-lodged-02oct00.htm
.site,.site,2015-03-06,ianaRegistration,iana-registration,generic,Radix Technologies Inc. SEZC,Cayman Islands (the),,,no,,https://www.iana.org/domains/root/db/site.html
.site,.site,2015-03-12,ianaDelegationReport,iana-report,generic,,,Delegation of the .site domain to DotSite Inc.,,no,,https://www.iana.org/reports/c.2.9.2.d/20150312-site
.site,.site,2021-08-31,ianaTransferReport,iana-report,generic,,,Transfer of the .site domain to Radix FZC,,no,,https://www.iana.org/reports/tld-transfer/20210831-site
.site,.site,2024-02-07,ianaTransferReport,iana-report,generic,,,Transfer of the .site domain to Radix Technologies Inc.,,no,,https://www.iana.org/reports/tld-transfer/20240207-site
.site,.site,2026-10-04,delegated,current-snapshot,generic,Radix Technologies Inc. SEZC,Cayman Islands (the),,,yes,,https://www.iana.org/domains/root/db/site.html
.sj,.sj,1997-08-21,ianaRegistration,,,,,,,no,,https://www.iana.org/domains/root/db/sj.html
.sj,.sj,2026-10-04,delegated,,country-code,Norid A/S,Norway,,,yes,,https://www.iana.org/domains/root/db/sj.html
.sk,.sk,1993-03-29,ianaRegistration,iana-registration,country-code,"SK-NIC, a.s.",Slovakia,,,no,,https://www.iana.org/domains/root/db/sk.html
.sk,.sk,2026-10-04,delegated,current-snapshot,country-code,"SK-NIC, a.s.",Slovakia,,,yes,,https://www.iana.org/domains/root/db/sk.html
.ski,.ski,2015-05-14,ianaRegistration,iana-registration,generic,Identity Digital Limited,United States of America (the),,,no,,https://www.iana.org/domains/root/db/ski.html
.ski,.ski,2015-05-27,ianaDelegationReport,iana-report,generic,,,Delegation of the .ski domain to STARTING DOT LIMITED,,no,,https://www.iana.org/reports/c.2.9.2.d/20150527-ski
.ski,.ski,2019-05-08,ianaTransferReport,iana-report,generic,,,Transfer of the .ski domain to Afilias Limited,,no,,https://www.iana.org/reports/tld-transfer/20190508-ski
.ski,.ski,2026-10-04,delegated,current-snapshot,generic,Identity Digital Limited,United States of America (the),,,yes,,https://www.iana.org/domains/root/db/ski.html
.skin,.skin,2015-12-23,ianaRegistration,iana-registration,generic,XYZ.COM LLC,United States of America (the),,,no,,https://www.iana.org/domains/root/db/skin.html
.skin,.skin,2016-01-11,ianaDelegationReport,iana-report,generic,,,Delegation of the .skin domain to L'Oréal,,no,,https://www.iana.org/reports/c.2.9.2.d/20160111-skin
.skin,.skin,2020-09-15,ianaTransferReport,iana-report,generic,,,Transfer of the .skin domain to XYZ.COM LLC,,no,,https://www.iana.org/reports/tld-transfer/20200915-skin
.skin,.skin,2026-10-04,delegated,current-snapshot,generic,XYZ.COM LLC,United States of America (the),,,yes,,https://www.iana.org/domains/root/db/skin.html
.sky,.sky,2014-10-02,ianaRegistration,iana-registration,generic,Sky UK Limited,United Kingdom of Great Britain and Northern Ireland (the),,,no,,https://www.iana.org/domains/root/db/sky.html
.sky,.sky,2014-12-05,ianaDelegationReport,iana-report,generic,,,Delegation of the .sky domain to Sky IP International Ltd,,no,,https://www.iana.org/reports/c.2.9.2.d/20141205-sky
.sky,.sky,2024-11-25,ianaTransferReport,iana-report,generic,,,Transfer of the .sky domain to Sky UK Limited,,no,,https://www.iana.org/reports/tld-transfer/20241125-sky
.sky,.sky,2026-10-04,delegated,current-snapshot,generic,Sky UK Limited,United Kingdom of Great Britain and Northern Ireland (the),,,yes,,https://www.iana.org/domains/root/db/sky.html
.skype,.skype,2015-03-19,ianaRegistration,iana-registration,generic,Microsoft Corporation,United States of America (the),,,no,,https://www.iana.org/domains/root/db/skype.html
.skype,.skype,2015-06-22,ianaDelegationReport,iana-report,generic,,,Delegation of the .skype domain to Microsoft Corporation,,no,,https://www.iana.org/reports/c.2.9.2.d/20150622-skype
.skype,.skype,2026-10-04,delegated,current-snapshot,generic,Microsoft Corporation,United States of America (the),,,yes,,https://www.iana.org/domains/root/db/skype.html
.sl,.sl,1997-05-09,ianaRegistration,iana-registration,country-code,Sierratel,Sierra Leone,,,no,,https://www.iana.org/domains/root/db/sl.html
.sl,.sl,2026-10-04,delegated,current-snapshot,country-code,Sierratel,Sierra Leone,,,yes,,https://www.iana.org/domains/root/db/sl.html
.sling,.sling,2016-08-04,ianaRegistration,iana-registration,generic,DISH Technologies L.L.C.,United States of America (the),,,no,,https://www.iana.org/domains/root/db/sling.html
.sling,.sling,2016-08-08,ianaDelegationReport,iana-report,generic,,,Delegation of the .sling domain to Hughes Satellite Systems Corporation,,no,,https://www.iana.org/reports/c.2.9.2.d/20160808-sling
.sling,.sling,2024-04-25,ianaTransferReport,iana-report,generic,,,Transfer of the .sling domain to DISH Technologies L.L.C.,,no,,https://www.iana.org/reports/tld-transfer/20240425-sling
.sling,.sling,2026-10-04,delegated,current-snapshot,generic,DISH Technologies L.L.C.,United States of America (the),,,yes,,https://www.iana.org/domains/root/db/sling.html
.sm,.sm,1995-08-16,ianaRegistration,iana-registration,country-code,Telecom Italia San Marino S.p.A.,San Marino,,,no,,https://www.iana.org/domains/root/db/sm.html
.sm,.sm,2026-10-04,delegated,current-snapshot,country-code,Telecom Italia San Marino S.p.A.,San Marino,,,yes,,https://www.iana.org/domains/root/db/sm.html
.smart,.smart,2016-04-21,ianaRegistration,iana-registration,generic,"Smart Communications, Inc. (SMART)",Philippines (the),,,no,,https://www.iana.org/domains/root/db/smart.html
.smart,.smart,2016-07-12,ianaDelegationReport,iana-report,generic,,,"Delegation of the .smart domain to Smart Communications, Inc. (SMART)",,no,,https://www.iana.org/reports/c.2.9.2.d/20160712-smart
.smart,.smart,2026-10-04,delegated,current-snapshot,generic,"Smart Communications, Inc. (SMART)",Philippines (the),,,yes,,https://www.iana.org/domains/root/db/smart.html
.smile,.smile,2015-11-12,ianaRegistration,iana-registration,generic,"Amazon Registry Services, Inc.",United States of America (the),,,no,,https://www.iana.org/domains/root/db/smile.html
.smile,.smile,2015-12-02,ianaDelegationReport,iana-report,generic,,,"Delegation of the .smile domain to Amazon Registry Services, Inc.",,no,,https://www.iana.org/reports/c.2.9.2.d/20151202-smile
.smile,.smile,2026-10-04,delegated,current-snapshot,generic,"Amazon Registry Services, Inc.",United States of America (the),,,yes,,https://www.iana.org/domains/root/db/smile.html
.sn,.sn,1993-03-19,ianaRegistration,iana-registration,country-code,Universite Cheikh Anta Diop,Senegal,,,no,,https://www.iana.org/domains/root/db/sn.html
.sn,.sn,2026-10-04,delegated,current-snapshot,country-code,Universite Cheikh Anta Diop,Senegal,,,yes,,https://www.iana.org/domains/root/db/sn.html
.sncf,.sncf,2015-05-08,ianaRegistration,iana-registration,generic,Société Nationale SNCF,France,,,no,,https://www.iana.org/domains/root/db/sncf.html
.sncf,.sncf,2015-05-29,ianaDelegationReport,iana-report,generic,,,Delegation of the .sncf domain to SNCF (Société Nationale des Chemins de fer Francais),,no,,https://www.iana.org/reports/c.2.9.2.d/20150529-sncf
.sncf,.sncf,2026-10-04,delegated,current-snapshot,generic,Société Nationale SNCF,France,,,yes,,https://www.iana.org/domains/root/db/sncf.html
.so,.so,1997-08-28,ianaRegistration,iana-registration,country-code,Ministry of Post and Telecommunications,,,,no,,https://www.iana.org/domains/root/db/so.html
.so,.so,2009-02-03,ianaTransferReport,iana-report,country-code,,,"Report on the Redelegation of the .SO Top-Level Domain to the ""Ministry of Post and Telecommunications of the Transitional Federal Government of Somalia""",,no,,https://www.iana.org/reports/2009/so-report-03feb2009.html
.so,.so,2026-10-04,delegated,current-snapshot,country-code,Ministry of Post and Telecommunications,,,,yes,,https://www.iana.org/domains/root/db/so.html
.soccer,.soccer,2015-05-08,ianaRegistration,iana-registration,generic,"Binky Moon, LLC",United States of America (the),,,no,,https://www.iana.org/domains/root/db/soccer.html
.soccer,.soccer,2015-05-11,ianaDelegationReport,iana-report,generic,,,"Delegation of the .soccer domain to Foggy Shadow, LLC",,no,,https://www.iana.org/reports/c.2.9.2.d/20150511-soccer
.soccer,.soccer,2018-03-23,ianaTransferReport,iana-report,generic,,,Transfer of the .academy domain and 195 others,,no,,https://www.iana.org/reports/tld-transfer/20180323-binkymoon
.soccer,.soccer,2026-10-04,delegated,current-snapshot,generic,"Binky Moon, LLC",United States of America (the),,,yes,,https://www.iana.org/domains/root/db/soccer.html
.social,.social,2014-01-09,ianaRegistration,iana-registration,generic,"Dog Beach, LLC",United States of America (the),,,no,,https://www.iana.org/domains/root/db/social.html
.social,.social,2014-01-10,ianaDelegationReport,iana-report,generic,,,Delegation of the .SOCIAL domain to United TLD Holdco Ltd.,,no,,https://www.iana.org/reports/c.2.9.2.d/20140110-social
.social,.social,2021-06-02,ianaTransferReport,iana-report,generic,,,"Transfer of the .social domain to Dog Beach, LLC",,no,,https://www.iana.org/reports/tld-transfer/20210602-social
.social,.social,2026-10-04,delegated,current-snapshot,generic,"Dog Beach, LLC",United States of America (the),,,yes,,https://www.iana.org/domains/root/db/social.html
.society,.society,2000,applicationSubmitted,application,notApplicable,"Name.Space, Incorporated",United States,2000-001,,no,,https://archive.icann.org/en/tlds/tld-applications-lodged-02oct00.htm
.society,.society,2026-10-04,notDelegated,current-snapshot,notApplicable,"Name.Space, Incorporated",,,,yes,,https://archive.icann.org/en/tlds/tld-applications-lodged-02oct00.htm
.softbank,.softbank,2015-12-23,ianaRegistration,iana-registration,generic,SoftBank Group Corp.,Japan,,,no,,https://www.iana.org/domains/root/db/softbank.html
.softbank,.softbank,2016-01-13,ianaDelegationReport,iana-report,generic,,,Delegation of the .softbank domain to SoftBank Corp.,,no,,https://www.iana.org/reports/c.2.9.2.d/20160113-softbank
.softbank,.softbank,2026-10-04,delegated,current-snapshot,generic,SoftBank Group Corp.,Japan,,,yes,,https://www.iana.org/domains/root/db/softbank.html
.software,.software,2000,applicationSubmitted,application,generic,"Name.Space, Incorporated",United States,2000-001,,no,,https://archive.icann.org/en/tlds/tld-applications-lodged-02oct00.htm
.software,.software,2014-05-22,ianaRegistration,iana-registration,generic,"Dog Beach, LLC",United States of America (the),,,no,,https://www.iana.org/domains/root/db/software.html
.software,.software,2014-05-28,ianaDelegationReport,iana-report,generic,,,"Delegation of the .software domain to United TLD Holdco, Ltd",,no,,https://www.iana.org/reports/c.2.9.2.d/20140528-software
.software,.software,2021-06-02,ianaTransferReport,iana-report,generic,,,"Transfer of the .software domain to Dog Beach, LLC",,no,,https://www.iana.org/reports/tld-transfer/20210602-software
.software,.software,2026-10-04,delegated,current-snapshot,generic,"Dog Beach, LLC",United States of America (the),,,yes,,https://www.iana.org/domains/root/db/software.html
.sohu,.sohu,2014-02-27,ianaRegistration,iana-registration,generic,Sohu.com Limited,China,,,no,,https://www.iana.org/domains/root/db/sohu.html
.sohu,.sohu,2014-03-21,ianaDelegationReport,iana-report,generic,,,Delegation of the .sohu domain to Sohu.com Limited,,no,,https://www.iana.org/reports/c.2.9.2.d/20140321-sohu
.sohu,.sohu,2026-10-04,delegated,current-snapshot,generic,Sohu.com Limited,China,,,yes,,https://www.iana.org/domains/root/db/sohu.html
.solar,.solar,2013-12-19,ianaRegistration,iana-registration,generic,"Binky Moon, LLC",United States of America (the),,,no,,https://www.iana.org/domains/root/db/solar.html
.solar,.solar,2013-12-20,ianaDelegationReport,iana-report,generic,,,"Delegation of the .SOLAR domain to Ruby Town, LLC",,no,,https://www.iana.org/reports/c.2.9.2.d/20131220-solar
.solar,.solar,2018-03-23,ianaTransferReport,iana-report,generic,,,Transfer of the .academy domain and 195 others,,no,,https://www.iana.org/reports/tld-transfer/20180323-binkymoon
.solar,.solar,2026-10-04,delegated,current-snapshot,generic,"Binky Moon, LLC",United States of America (the),,,yes,,https://www.iana.org/domains/root/db/solar.html
.solutions,.solutions,2000,applicationSubmitted,application,generic,"Name.Space, Incorporated",United States,2000-001,,no,,https://archive.icann.org/en/tlds/tld-applications-lodged-02oct00.htm
.solutions,.solutions,2013-12-19,ianaRegistration,iana-registration,generic,"Binky Moon, LLC",United States of America (the),,,no,,https://www.iana.org/domains/root/db/solutions.html
.solutions,.solutions,2013-12-20,ianaDelegationReport,iana-report,generic,,,"Delegation of the .SOLUTIONS domain to Silver Cover, LLC",,no,,https://www.iana.org/reports/c.2.9.2.d/20131220-solutions
.solutions,.solutions,2018-03-23,ianaTransferReport,iana-report,generic,,,Transfer of the .academy domain and 195 others,,no,,https://www.iana.org/reports/tld-transfer/20180323-binkymoon
.solutions,.solutions,2026-10-04,delegated,current-snapshot,generic,"Binky Moon, LLC",United States of America (the),,,yes,,https://www.iana.org/domains/root/db/solutions.html
.song,.song,2016-01-29,ianaRegistration,iana-registration,generic,"Amazon Registry Services, Inc.",United States of America (the),,,no,,https://www.iana.org/domains/root/db/song.html
.song,.song,2016-02-17,ianaDelegationReport,iana-report,generic,,,"Delegation of the .song domain to Amazon Registry Services, Inc.",,no,,https://www.iana.org/reports/c.2.9.2.d/20160217-song
.song,.song,2026-10-04,delegated,current-snapshot,generic,"Amazon Registry Services, Inc.",United States of America (the),,,yes,,https://www.iana.org/domains/root/db/song.html
.sony,.sony,2015-03-06,ianaRegistration,iana-registration,generic,Sony Corporation,Japan,,,no,,https://www.iana.org/domains/root/db/sony.html
.sony,.sony,2015-04-14,ianaDelegationReport,iana-report,generic,,,Delegation of the .sony domain to Sony Corporation,,no,,https://www.iana.org/reports/c.2.9.2.d/20150414-sony
.sony,.sony,2026-10-04,delegated,current-snapshot,generic,Sony Corporation,Japan,,,yes,,https://www.iana.org/domains/root/db/sony.html
.sound,.sound,2000,applicationSubmitted,application,notApplicable,"Name.Space, Incorporated",United States,2000-001,,no,,https://archive.icann.org/en/tlds/tld-applications-lodged-02oct00.htm
.sound,.sound,2026-10-04,notDelegated,current-snapshot,notApplicable,"Name.Space, Incorporated",,,,yes,,https://archive.icann.org/en/tlds/tld-applications-lodged-02oct00.htm
.soup,.soup,2000,applicationSubmitted,application,notApplicable,"Name.Space, Incorporated",United States,2000-001,,no,,https://archive.icann.org/en/tlds/tld-applications-lodged-02oct00.htm
.soup,.soup,2000,proposed,,application,,,,,no,,https://archive.icann.org/en/tlds/ads1/
.soup,.soup,2026-10-04,notDelegated,current-snapshot,notApplicable,"Name.Space, Incorporated",,,,yes,,https://archive.icann.org/en/tlds/ads1/
.soy,.soy,2014-03-20,ianaRegistration,iana-registration,generic,Charleston Road Registry Inc.,United States of America (the),,,no,,https://www.iana.org/domains/root/db/soy.html
.soy,.soy,2014-04-16,ianaDelegationReport,iana-report,generic,,,Delegation of the .soy domain to Charleston Road Registry Inc.,,no,,https://www.iana.org/reports/c.2.9.2.d/20140416-soy
.soy,.soy,2026-10-04,delegated,current-snapshot,generic,Charleston Road Registry Inc.,United States of America (the),,,yes,,https://www.iana.org/domains/root/db/soy.html
.spa,.spa,2020-09-25,ianaRegistration,iana-registration,generic,Asia Spa and Wellness Promotion Council Limited,Malaysia,,,no,,https://www.iana.org/domains/root/db/spa.html
.spa,.spa,2020-10-16,ianaDelegationReport,iana-report,generic,,,Delegation of the .spa domain to Asia Spa and Wellness Promotion Council Limited,,no,,https://www.iana.org/reports/tld-transfer/20201016-spa
.spa,.spa,2026-10-04,delegated,current-snapshot,generic,Asia Spa and Wellness Promotion Council Limited,Malaysia,,,yes,,https://www.iana.org/domains/root/db/spa.html
.space,.space,2000,applicationSubmitted,application,generic,"Name.Space, Incorporated",United States,2000-001,,no,,https://archive.icann.org/en/tlds/tld-applications-lodged-02oct00.htm
.space,.space,2014-05-22,ianaRegistration,iana-registration,generic,Radix Technologies Inc.,Cayman Islands (the),,,no,,https://www.iana.org/domains/root/db/space.html
.space,.space,2014-05-27,ianaDelegationReport,iana-report,generic,,,Delegation of the .space domain to DotSpace Inc.,,no,,https://www.iana.org/reports/c.2.9.2.d/20140527-space
.space,.space,2021-08-26,ianaTransferReport,iana-report,generic,,,Transfer of the .space domain to Radix FZC,,no,,https://www.iana.org/reports/tld-transfer/20210826-space
.space,.space,2024-02-07,ianaTransferReport,iana-report,generic,,,Transfer of the .space domain to Radix Technologies Inc.,,no,,https://www.iana.org/reports/tld-transfer/20240207-space
.space,.space,2026-10-04,delegated,current-snapshot,generic,Radix Technologies Inc.,Cayman Islands (the),,,yes,,https://www.iana.org/domains/root/db/space.html
.spiegel,.spiegel,2014-06-19,ianaRegistration,iana-registration,generic,,,,,no,,https://www.iana.org/domains/root/db/spiegel.html
.spiegel,.spiegel,2014-07-16,ianaDelegationReport,iana-report,generic,,,Delegation of the .spiegel domain to SPIEGEL-Verlag Rudolf Augstein GmbH & Co. KG,,no,,https://www.iana.org/reports/c.2.9.2.d/20140716-spiegel
.spiegel,.spiegel,2018-12-14,ianaRevocationReport,iana-report,generic,,,Revocation of the .spiegel domain,,no,,https://www.iana.org/reports/tld-transfer/20181214-spiegel
.spiegel,.spiegel,2026-10-04,notDelegated,current-snapshot,generic,,,,,yes,,https://www.iana.org/domains/root/db/spiegel.html
.sport,.sport,2018-01-05,ianaRegistration,iana-registration,generic,SportAccord,Switzerland,,,no,,https://www.iana.org/domains/root/db/sport.html
.sport,.sport,2018-01-08,ianaDelegationReport,iana-report,generic,,,Delegation of the .sport domain to Global Association of International Sports Federations (GAISF),,no,,https://www.iana.org/reports/tld-transfer/20180108-sport
.sport,.sport,2023-07-14,ianaTransferReport,iana-report,generic,,,Transfer of the .sport domain to SportAccord,,no,,https://www.iana.org/reports/tld-transfer/20230714-sport
.sport,.sport,2026-10-04,delegated,current-snapshot,generic,SportAccord,Switzerland,,,yes,,https://www.iana.org/domains/root/db/sport.html
.sports,.sports,2000,applicationSubmitted,application,notApplicable,"Name.Space, Incorporated",United States,2000-001,,no,,https://archive.icann.org/en/tlds/tld-applications-lodged-02oct00.htm
.sports,.sports,2026-10-04,notDelegated,current-snapshot,notApplicable,"Name.Space, Incorporated",,,,yes,,https://archive.icann.org/en/tlds/tld-applications-lodged-02oct00.htm
.spot,.spot,2000,applicationSubmitted,application,generic,"NeuStar, Inc.",United States,2000-012,,no,,https://archive.icann.org/en/tlds/tld-applications-lodged-02oct00.htm
.spot,.spot,2016-01-29,ianaRegistration,iana-registration,generic,"Amazon Registry Services, Inc.",United States of America (the),,,no,,https://www.iana.org/domains/root/db/spot.html
.spot,.spot,2016-02-17,ianaDelegationReport,iana-report,generic,,,"Delegation of the .spot domain to Amazon Registry Services, Inc.",,no,,https://www.iana.org/reports/c.2.9.2.d/20160217-spot
.spot,.spot,2026-10-04,delegated,current-snapshot,generic,"Amazon Registry Services, Inc.",United States of America (the),,,yes,,https://www.iana.org/domains/root/db/spot.html
.spreadbetting,.spreadbetting,2015-03-06,ianaRegistration,iana-registration,generic,,,,,no,,https://www.iana.org/domains/root/db/spreadbetting.html
.spreadbetting,.spreadbetting,2015-03-11,ianaDelegationReport,iana-report,generic,,,Delegation of the .spreadbetting domain to Dotspreadbetting Registry Ltd,,no,,https://www.iana.org/reports/c.2.9.2.d/20150311-spreadbetting
.spreadbetting,.spreadbetting,2021-04-21,ianaRevocationReport,iana-report,generic,,,Revocation of the .spreadbetting domain,,no,,https://www.iana.org/reports/tld-transfer/20210421-spreadbetting
.spreadbetting,.spreadbetting,2026-10-04,notDelegated,current-snapshot,generic,,,,,yes,,https://www.iana.org/domains/root/db/spreadbetting.html
.sr,.sr,1991-09-03,ianaRegistration,iana-registration,country-code,Telesur,Suriname,,,no,,https://www.iana.org/domains/root/db/sr.html
.sr,.sr,2026-10-04,delegated,current-snapshot,country-code,Telesur,Suriname,,,yes,,https://www.iana.org/domains/root/db/sr.html
.srl,.srl,2015-07-09,ianaRegistration,iana-registration,generic,InterNetX Corp.,United States of America (the),,,no,,https://www.iana.org/domains/root/db/srl.html
.srl,.srl,2015-07-22,ianaDelegationReport,iana-report,generic,,,"Delegation of the .srl domain to InterNetX, Corp.",,no,,https://www.iana.org/reports/c.2.9.2.d/20150722-srl
.srl,.srl,2026-10-04,delegated,current-snapshot,generic,InterNetX Corp.,United States of America (the),,,yes,,https://www.iana.org/domains/root/db/srl.html
.srt,.srt,2016-07-07,ianaRegistration,iana-registration,generic,,,,,no,,https://www.iana.org/domains/root/db/srt.html
.srt,.srt,2016-07-25,ianaDelegationReport,iana-report,generic,,,Delegation of the .srt domain to FCA US Llc,,no,,https://www.iana.org/reports/c.2.9.2.d/20160725-srt
.srt,.srt,2019-11-20,ianaRevocationReport,iana-report,generic,,,Revocation of the .srt domain,,no,,https://www.iana.org/reports/tld-transfer/20191120-srt
.srt,.srt,2026-10-04,notDelegated,current-snapshot,generic,,,,,yes,,https://www.iana.org/domains/root/db/srt.html
.ss,.ss,2011-08-31,ianaRegistration,iana-registration,country-code,National Communication Authority (NCA),South Sudan,,,no,,https://www.iana.org/domains/root/db/ss.html
.ss,.ss,2019-01-08,ianaDelegationReport,iana-report,country-code,,,Delegation of the .ss domain,,no,,https://www.iana.org/reports/2019/ss-report-20190108.html
.ss,.ss,2026-10-04,delegated,current-snapshot,country-code,National Communication Authority (NCA),South Sudan,,,yes,,https://www.iana.org/domains/root/db/ss.html
.st,.st,1997-11-07,ianaRegistration,iana-registration,country-code,Tecnisys,Sao Tome and Principe,,,no,,https://www.iana.org/domains/root/db/st.html
.st,.st,2026-10-04,delegated,current-snapshot,country-code,Tecnisys,Sao Tome and Principe,,,yes,,https://www.iana.org/domains/root/db/st.html
.stada,.stada,2015-08-13,ianaRegistration,iana-registration,generic,STADA Arzneimittel AG,Germany,,,no,,https://www.iana.org/domains/root/db/stada.html
.stada,.stada,2015-09-09,ianaDelegationReport,iana-report,generic,,,Delegation of the .stada domain to STADA Arzneimittel AG,,no,,https://www.iana.org/reports/c.2.9.2.d/20150909-stada
.stada,.stada,2026-10-04,delegated,current-snapshot,generic,STADA Arzneimittel AG,Germany,,,yes,,https://www.iana.org/domains/root/db/stada.html
.staples,.staples,2016-06-09,ianaRegistration,iana-registration,generic,"Staples, Inc.",United States of America (the),,,no,,https://www.iana.org/domains/root/db/staples.html
.staples,.staples,2016-07-12,ianaDelegationReport,iana-report,generic,,,"Delegation of the .staples domain to Staples, Inc.",,no,,https://www.iana.org/reports/c.2.9.2.d/20160712-staples
.staples,.staples,2026-10-04,delegated,current-snapshot,generic,"Staples, Inc.",United States of America (the),,,yes,,https://www.iana.org/domains/root/db/staples.html
.star,.star,2000,applicationSubmitted,application,generic,"Name.Space, Incorporated",United States,2000-001,,no,,https://archive.icann.org/en/tlds/tld-applications-lodged-02oct00.htm
.star,.star,2015-12-10,ianaRegistration,iana-registration,generic,Star India Private Limited,India,,,no,,https://www.iana.org/domains/root/db/star.html
.star,.star,2015-12-18,ianaDelegationReport,iana-report,generic,,,Delegation of the .star domain to Star India Private Limited,,no,,https://www.iana.org/reports/c.2.9.2.d/20151218-star
.star,.star,2026-10-04,delegated,current-snapshot,generic,Star India Private Limited,India,,,yes,,https://www.iana.org/domains/root/db/star.html
.starhub,.starhub,2015-05-08,ianaRegistration,iana-registration,generic,,,,,no,,https://www.iana.org/domains/root/db/starhub.html
.starhub,.starhub,2015-06-16,ianaDelegationReport,iana-report,generic,,,Delegation of the .starhub domain to StarHub Limited,,no,,https://www.iana.org/reports/c.2.9.2.d/20150616-starhub
.starhub,.starhub,2019-08-03,ianaRevocationReport,iana-report,generic,,,Revocation of the .starhub domain,,no,,https://www.iana.org/reports/tld-transfer/20190803-starhub
.starhub,.starhub,2026-10-04,notDelegated,current-snapshot,generic,,,,,yes,,https://www.iana.org/domains/root/db/starhub.html
.statebank,.statebank,2016-03-24,ianaRegistration,iana-registration,generic,STATE BANK OF INDIA,India,,,no,,https://www.iana.org/domains/root/db/statebank.html
.statebank,.statebank,2016-04-12,ianaDelegationReport,iana-report,generic,,,Delegation of the .statebank domain to State Bank of India,,no,,https://www.iana.org/reports/c.2.9.2.d/20160412-statebank
.statebank,.statebank,2026-10-04,delegated,current-snapshot,generic,STATE BANK OF INDIA,India,,,yes,,https://www.iana.org/domains/root/db/statebank.html
.statefarm,.statefarm,2015-11-06,ianaRegistration,iana-registration,generic,State Farm Mutual Automobile Insurance Company,United States of America (the),,,no,,https://www.iana.org/domains/root/db/statefarm.html
.statefarm,.statefarm,2015-12-22,ianaDelegationReport,iana-report,generic,,,Delegation of the .statefarm domain to State Farm Mutual Automobile Insurance Company,,no,,https://www.iana.org/reports/c.2.9.2.d/20151222-statefarm
.statefarm,.statefarm,2026-10-04,delegated,current-snapshot,generic,State Farm Mutual Automobile Insurance Company,United States of America (the),,,yes,,https://www.iana.org/domains/root/db/statefarm.html
.statoil,.statoil,2015-06-11,ianaRegistration,iana-registration,generic,,,,,no,,https://www.iana.org/domains/root/db/statoil.html
.statoil,.statoil,2015-06-16,ianaDelegationReport,iana-report,generic,,,Delegation of the .statoil domain to Statoil ASA,,no,,https://www.iana.org/reports/c.2.9.2.d/20150616-statoil
.statoil,.statoil,2018-10-03,ianaRevocationReport,iana-report,generic,,,Revocation of the .statoil domain,,no,,https://www.iana.org/reports/tld-transfer/20181003-statoil
.statoil,.statoil,2026-10-04,notDelegated,current-snapshot,generic,,,,,yes,,https://www.iana.org/domains/root/db/statoil.html
.stc,.stc,2015-08-20,ianaRegistration,iana-registration,generic,Saudi Telecom Company,Saudi Arabia,,,no,,https://www.iana.org/domains/root/db/stc.html
.stc,.stc,2015-08-26,ianaDelegationReport,iana-report,generic,,,Delegation of the .stc domain to Saudi Telecom Company,,no,,https://www.iana.org/reports/c.2.9.2.d/20150826-stc
.stc,.stc,2026-10-04,delegated,current-snapshot,generic,Saudi Telecom Company,Saudi Arabia,,,yes,,https://www.iana.org/domains/root/db/stc.html
.stcgroup,.stcgroup,2015-08-20,ianaRegistration,iana-registration,generic,Saudi Telecom Company,Saudi Arabia,,,no,,https://www.iana.org/domains/root/db/stcgroup.html
.stcgroup,.stcgroup,2015-08-26,ianaDelegationReport,iana-report,generic,,,Delegation of the .stcgroup domain to Saudi Telecom Company,,no,,https://www.iana.org/reports/c.2.9.2.d/20150826-stcgroup
.stcgroup,.stcgroup,2026-10-04,delegated,current-snapshot,generic,Saudi Telecom Company,Saudi Arabia,,,yes,,https://www.iana.org/domains/root/db/stcgroup.html
.stockholm,.stockholm,2015-09-17,ianaRegistration,iana-registration,generic,Stockholms kommun,Sweden,,,no,,https://www.iana.org/domains/root/db/stockholm.html
.stockholm,.stockholm,2015-09-25,ianaDelegationReport,iana-report,generic,,,Delegation of the .stockholm domain to Stockholms Kommun,,no,,https://www.iana.org/reports/c.2.9.2.d/20150925-stockholm
.stockholm,.stockholm,2026-10-04,delegated,current-snapshot,generic,Stockholms kommun,Sweden,,,yes,,https://www.iana.org/domains/root/db/stockholm.html
.storage,.storage,2015-12-10,ianaRegistration,iana-registration,generic,XYZ.COM LLC,United States of America (the),,,no,,https://www.iana.org/domains/root/db/storage.html
.storage,.storage,2015-12-15,ianaDelegationReport,iana-report,generic,,,Delegation of the .storage domain to Self Storage Company LLC,,no,,https://www.iana.org/reports/c.2.9.2.d/20151215-storage
.storage,.storage,2026-10-04,delegated,current-snapshot,generic,XYZ.COM LLC,United States of America (the),,,yes,,https://www.iana.org/domains/root/db/storage.html
.store,.store,2000,applicationSubmitted,application,generic,Eastern Communications Company Limited,China,2000-017,,no,,https://archive.icann.org/en/tlds/tld-applications-lodged-02oct00.htm
.store,.store,2016-02-11,ianaRegistration,iana-registration,generic,Radix Technologies Inc.,Cayman Islands (the),,,no,,https://www.iana.org/domains/root/db/store.html
.store,.store,2016-02-17,ianaDelegationReport,iana-report,generic,,,Delegation of the .store domain to DotStore Inc.,,no,,https://www.iana.org/reports/c.2.9.2.d/20160217-store
.store,.store,2021-08-26,ianaTransferReport,iana-report,generic,,,Transfer of the .store domain to Radix FZC,,no,,https://www.iana.org/reports/tld-transfer/20210826-store
.store,.store,2024-02-07,ianaTransferReport,iana-report,generic,,,Transfer of the .store domain to Radix Technologies Inc.,,no,,https://www.iana.org/reports/tld-transfer/20240207-store
.store,.store,2026-10-04,delegated,current-snapshot,generic,Radix Technologies Inc.,Cayman Islands (the),,,yes,,https://www.iana.org/domains/root/db/store.html
.stream,.stream,2016-02-26,ianaRegistration,iana-registration,generic,dot Stream Limited,Gibraltar,,,no,,https://www.iana.org/domains/root/db/stream.html
.stream,.stream,2016-03-16,ianaDelegationReport,iana-report,generic,,,Delegation of the .stream domain to dot Stream Limited,,no,,https://www.iana.org/reports/c.2.9.2.d/20160316-stream
.stream,.stream,2026-10-04,delegated,current-snapshot,generic,dot Stream Limited,Gibraltar,,,yes,,https://www.iana.org/domains/root/db/stream.html
.studio,.studio,2015-06-25,ianaRegistration,iana-registration,generic,"Dog Beach, LLC",United States of America (the),,,no,,https://www.iana.org/domains/root/db/studio.html
.studio,.studio,2015-07-06,ianaDelegationReport,iana-report,generic,,,"Delegation of the .studio domain to United TLD Holdco, Ltd.",,no,,https://www.iana.org/reports/c.2.9.2.d/20150706-studio
.studio,.studio,2021-06-02,ianaTransferReport,iana-report,generic,,,"Transfer of the .studio domain to Dog Beach, LLC",,no,,https://www.iana.org/reports/tld-transfer/20210602-studio
.studio,.studio,2026-10-04,delegated,current-snapshot,generic,"Dog Beach, LLC",United States of America (the),,,yes,,https://www.iana.org/domains/root/db/studio.html
.studios,.studios,2000,applicationSubmitted,application,notApplicable,"Name.Space, Incorporated",United States,2000-001,,no,,https://archive.icann.org/en/tlds/tld-applications-lodged-02oct00.htm
.studios,.studios,2026-10-04,notDelegated,current-snapshot,notApplicable,"Name.Space, Incorporated",,,,yes,,https://archive.icann.org/en/tlds/tld-applications-lodged-02oct00.htm
.study,.study,2015-02-19,ianaRegistration,iana-registration,generic,"Registry Services, LLC",United States of America (the),,,no,,https://www.iana.org/domains/root/db/study.html
.study,.study,2015-02-24,ianaDelegationReport,iana-report,generic,,,Delegation of the .study domain to Open Universities Australia Pty Ltd,,no,,https://www.iana.org/reports/c.2.9.2.d/20150224-study
.study,.study,2022-06-15,ianaTransferReport,iana-report,generic,,,"Transfer of the .study domain to Registry Services, LLC",,no,,https://www.iana.org/reports/tld-transfer/20220615-study
.study,.study,2026-10-04,delegated,current-snapshot,generic,"Registry Services, LLC",United States of America (the),,,yes,,https://www.iana.org/domains/root/db/study.html
.style,.style,2015-01-29,ianaRegistration,iana-registration,generic,"Binky Moon, LLC",United States of America (the),,,no,,https://www.iana.org/domains/root/db/style.html
.style,.style,2015-02-03,ianaDelegationReport,iana-report,generic,,,"Delegation of the .style domain to Binky Moon, LLC",,no,,https://www.iana.org/reports/c.2.9.2.d/20150203-style
.style,.style,2026-10-04,delegated,current-snapshot,generic,"Binky Moon, LLC",United States of America (the),,,yes,,https://www.iana.org/domains/root/db/style.html
.su,.su,1990-09-19,ianaRegistration,,,,,,,no,,https://www.iana.org/domains/root/db/su.html
.su,.su,2026-10-04,delegated,,country-code,Russian Institute for Development of Public Networks (ROSNIIROS),Russian Federation (the),,,yes,,https://www.iana.org/domains/root/db/su.html
.sucks,.sucks,2000,applicationSubmitted,application,generic,"Name.Space, Incorporated",United States,2000-001,,no,,https://archive.icann.org/en/tlds/tld-applications-lodged-02oct00.htm
.sucks,.sucks,2000,proposed,,application,,,,,no,,https://archive.icann.org/en/tlds/ads1/
.sucks,.sucks,2012,application,,generic,,,,,no,,https://newgtlds.icann.org/en/program-status/statistics
.sucks,.sucks,2015-02-19,ianaRegistration,,,,,,,no,,https://www.iana.org/domains/root/db/sucks.html
.sucks,.sucks,2015-02-24,ianaDelegationReport,iana-report,generic,,,Delegation of the .sucks domain to Vox Populi Registry Inc.,,no,,https://www.iana.org/reports/c.2.9.2.d/20150224-sucks
.sucks,.sucks,2026-10-04,delegated,,generic,Vox Populi Registry Ltd.,Cayman Islands (the),,,yes,,https://www.iana.org/domains/root/db/sucks.html
.supplies,.supplies,2014-02-13,ianaRegistration,iana-registration,generic,"Binky Moon, LLC",United States of America (the),,,no,,https://www.iana.org/domains/root/db/supplies.html
.supplies,.supplies,2014-02-14,ianaDelegationReport,iana-report,generic,,,"Delegation of the .supplies domain to Atomic Fields, LLC",,no,,https://www.iana.org/reports/c.2.9.2.d/20140214-supplies
.supplies,.supplies,2018-03-23,ianaTransferReport,iana-report,generic,,,Transfer of the .academy domain and 195 others,,no,,https://www.iana.org/reports/tld-transfer/20180323-binkymoon
.supplies,.supplies,2026-10-04,delegated,current-snapshot,generic,"Binky Moon, LLC",United States of America (the),,,yes,,https://www.iana.org/domains/root/db/supplies.html
.supply,.supply,2014-02-13,ianaRegistration,iana-registration,generic,"Binky Moon, LLC",United States of America (the),,,no,,https://www.iana.org/domains/root/db/supply.html
.supply,.supply,2014-02-14,ianaDelegationReport,iana-report,generic,,,"Delegation of the .supply domain to Half Falls, LLC",,no,,https://www.iana.org/reports/c.2.9.2.d/20140214-supply
.supply,.supply,2018-03-23,ianaTransferReport,iana-report,generic,,,Transfer of the .academy domain and 195 others,,no,,https://www.iana.org/reports/tld-transfer/20180323-binkymoon
.supply,.supply,2026-10-04,delegated,current-snapshot,generic,"Binky Moon, LLC",United States of America (the),,,yes,,https://www.iana.org/domains/root/db/supply.html
.support,.support,2013-12-12,ianaDelegationReport,iana-report,generic,,,"Delegation of the .SUPPORT domain to Grand Orchard, LLC",,no,,https://www.iana.org/reports/c.2.9.2.d/20131212-support
.support,.support,2013-12-12,ianaRegistration,iana-registration,generic,"Binky Moon, LLC",United States of America (the),,,no,,https://www.iana.org/domains/root/db/support.html
.support,.support,2018-03-23,ianaTransferReport,iana-report,generic,,,Transfer of the .academy domain and 195 others,,no,,https://www.iana.org/reports/tld-transfer/20180323-binkymoon
.support,.support,2026-10-04,delegated,current-snapshot,generic,"Binky Moon, LLC",United States of America (the),,,yes,,https://www.iana.org/domains/root/db/support.html
.surf,.surf,2000,applicationSubmitted,application,generic,"NeuStar, Inc.",United States,2000-012,,no,,https://archive.icann.org/en/tlds/tld-applications-lodged-02oct00.htm
.surf,.surf,2014-03-13,ianaRegistration,iana-registration,generic,"Registry Services, LLC",United States of America (the),,,no,,https://www.iana.org/domains/root/db/surf.html
.surf,.surf,2014-06-11,ianaDelegationReport,iana-report,generic,,,Delegation of the .surf domain to Top Level Domain Holdings Limited,,no,,https://www.iana.org/reports/c.2.9.2.d/20140611-surf
.surf,.surf,2021-09-14,ianaTransferReport,iana-report,generic,,,"Transfer of the .surf domain to Registry Services, LLC",,no,,https://www.iana.org/reports/tld-transfer/20210914-surf
.surf,.surf,2026-10-04,delegated,current-snapshot,generic,"Registry Services, LLC",United States of America (the),,,yes,,https://www.iana.org/domains/root/db/surf.html
.surgery,.surgery,2014-04-17,ianaRegistration,iana-registration,generic,"Binky Moon, LLC",United States of America (the),,,no,,https://www.iana.org/domains/root/db/surgery.html
.surgery,.surgery,2014-04-21,ianaDelegationReport,iana-report,generic,,,"Delegation of the .surgery domain to Tin Avenue, LLC",,no,,https://www.iana.org/reports/c.2.9.2.d/20140421-surgery
.surgery,.surgery,2018-03-23,ianaTransferReport,iana-report,generic,,,Transfer of the .academy domain and 195 others,,no,,https://www.iana.org/reports/tld-transfer/20180323-binkymoon
.surgery,.surgery,2026-10-04,delegated,current-snapshot,generic,"Binky Moon, LLC",United States of America (the),,,yes,,https://www.iana.org/domains/root/db/surgery.html
.suzuki,.suzuki,2014-06-26,ianaRegistration,iana-registration,generic,SUZUKI MOTOR CORPORATION,Japan,,,no,,https://www.iana.org/domains/root/db/suzuki.html
.suzuki,.suzuki,2014-06-30,ianaDelegationReport,iana-report,generic,,,Delegation of the .suzuki domain to Suzuki Motor Corporation,,no,,https://www.iana.org/reports/c.2.9.2.d/20140630-suzuki
.suzuki,.suzuki,2026-10-04,delegated,current-snapshot,generic,SUZUKI MOTOR CORPORATION,Japan,,,yes,,https://www.iana.org/domains/root/db/suzuki.html
.sv,.sv,1994-11-04,ianaRegistration,iana-registration,country-code,SVNet,El Salvador,,,no,,https://www.iana.org/domains/root/db/sv.html
.sv,.sv,2026-10-04,delegated,current-snapshot,country-code,SVNet,El Salvador,,,yes,,https://www.iana.org/domains/root/db/sv.html
.svc,.svc,2000,applicationSubmitted,application,notApplicable,"Commercial Connect, LLC",United States,2000-028,,no,,https://archive.icann.org/en/tlds/tld-applications-lodged-02oct00.htm
.svc,.svc,2026-10-04,notDelegated,current-snapshot,notApplicable,"Commercial Connect, LLC",,,,yes,,https://archive.icann.org/en/tlds/tld-applications-lodged-02oct00.htm
.swatch,.swatch,2015-04-23,ianaRegistration,iana-registration,generic,The Swatch Group Ltd,Switzerland,,,no,,https://www.iana.org/domains/root/db/swatch.html
.swatch,.swatch,2015-06-24,ianaDelegationReport,iana-report,generic,,,Delegation of the .swatch domain to The Swatch Group Ltd,,no,,https://www.iana.org/reports/c.2.9.2.d/20150624-swatch
.swatch,.swatch,2026-10-04,delegated,current-snapshot,generic,The Swatch Group Ltd,Switzerland,,,yes,,https://www.iana.org/domains/root/db/swatch.html
.swiftcover,.swiftcover,2016-06-09,ianaRegistration,iana-registration,generic,,,,,no,,https://www.iana.org/domains/root/db/swiftcover.html
.swiftcover,.swiftcover,2016-07-15,ianaDelegationReport,iana-report,generic,,,Delegation of the .swiftcover domain to Swiftcover Insurance Services Limited,,no,,https://www.iana.org/reports/c.2.9.2.d/20160715-swiftcover
.swiftcover,.swiftcover,2021-10-06,ianaRevocationReport,iana-report,generic,,,Revocation of the .swiftcover domain,,no,,https://www.iana.org/reports/tld-transfer/20211006-swiftcover
.swiftcover,.swiftcover,2026-10-04,notDelegated,current-snapshot,generic,,,,,yes,,https://www.iana.org/domains/root/db/swiftcover.html
.swiss,.swiss,2015-04-16,ianaRegistration,,,,,,,no,,https://www.iana.org/domains/root/db/swiss.html
.swiss,.swiss,2015-04-23,ianaDelegationReport,iana-report,generic,,,Delegation of the .swiss domain to Swiss Confederation,,no,,https://www.iana.org/reports/c.2.9.2.d/20150423-swiss
.swiss,.swiss,2026-10-04,delegated,,generic,Swiss Confederation,Switzerland,,,yes,,https://www.iana.org/domains/root/db/swiss.html
.sx,.sx,2010-12-20,ianaRegistration,iana-registration,country-code,SX Registry SA B.V.,Sint Maarten (Dutch part),,,no,,https://www.iana.org/domains/root/db/sx.html
.sx,.sx,2011-11-14,ianaDelegationReport,iana-report,country-code,,,Report on the Delegation of the .SX domain representing Sint Maarten (Dutch part) to SX Registry SA B.V.,,no,,https://www.iana.org/reports/2011/sx-report-20111114.html
.sx,.sx,2026-10-04,delegated,current-snapshot,country-code,SX Registry SA B.V.,Sint Maarten (Dutch part),,,yes,,https://www.iana.org/domains/root/db/sx.html
.sy,.sy,1996-02-20,ianaRegistration,iana-registration,country-code,National Authority for Information Technology Services (NAITS),Syrian Arab Republic (the),,,no,,https://www.iana.org/domains/root/db/sy.html
.sy,.sy,2011-01-07,ianaTransferReport,iana-report,country-code,,,Redelegation of the .SY domain representing the Syrian Arab Republic to the National Agency for Network Services,,no,,https://www.iana.org/reports/2011/sy-report-07jan2011.html
.sy,.sy,2026-10-04,delegated,current-snapshot,country-code,National Authority for Information Technology Services (NAITS),Syrian Arab Republic (the),,,yes,,https://www.iana.org/domains/root/db/sy.html
.sydney,.sydney,2014-10-30,ianaRegistration,iana-registration,generic,"State of New South Wales, Department of Premier and Cabinet",Australia,,,no,,https://www.iana.org/domains/root/db/sydney.html
.sydney,.sydney,2014-10-31,ianaDelegationReport,iana-report,generic,,,"Delegation of the .sydney domain to State of New South Wales, Department of Premier and Cabinet",,no,,https://www.iana.org/reports/c.2.9.2.d/20141031-sydney
.sydney,.sydney,2026-10-04,delegated,current-snapshot,generic,"State of New South Wales, Department of Premier and Cabinet",Australia,,,yes,,https://www.iana.org/domains/root/db/sydney.html
.symantec,.symantec,2015-09-24,ianaRegistration,iana-registration,generic,,,,,no,,https://www.iana.org/domains/root/db/symantec.html
.symantec,.symantec,2015-12-01,ianaDelegationReport,iana-report,generic,,,Delegation of the .symantec domain to Symantec Corporation,,no,,https://www.iana.org/reports/c.2.9.2.d/20151201-symantec
.symantec,.symantec,2020-07-17,ianaRevocationReport,iana-report,generic,,,Revocation of the .symantec domain,,no,,https://www.iana.org/reports/tld-transfer/20200717-symantec
.symantec,.symantec,2026-10-04,notDelegated,current-snapshot,generic,,,,,yes,,https://www.iana.org/domains/root/db/symantec.html
.systems,.systems,2000,applicationSubmitted,application,generic,"Name.Space, Incorporated",United States,2000-001,,no,,https://archive.icann.org/en/tlds/tld-applications-lodged-02oct00.htm
.systems,.systems,2013-12-12,ianaDelegationReport,iana-report,generic,,,"Delegation of the .SYSTEMS domain to Dash Cypress, LLC",,no,,https://www.iana.org/reports/c.2.9.2.d/20131212-systems
.systems,.systems,2013-12-12,ianaRegistration,iana-registration,generic,"Binky Moon, LLC",United States of America (the),,,no,,https://www.iana.org/domains/root/db/systems.html
.systems,.systems,2018-03-23,ianaTransferReport,iana-report,generic,,,Transfer of the .academy domain and 195 others,,no,,https://www.iana.org/reports/tld-transfer/20180323-binkymoon
.systems,.systems,2026-10-04,delegated,current-snapshot,generic,"Binky Moon, LLC",United States of America (the),,,yes,,https://www.iana.org/domains/root/db/systems.html
.sz,.sz,1993-07-19,ianaRegistration,iana-registration,country-code,University of Swaziland Department of Computer Science,Eswatini,,,no,,https://www.iana.org/domains/root/db/sz.html
.sz,.sz,2026-10-04,delegated,current-snapshot,country-code,University of Swaziland Department of Computer Science,Eswatini,,,yes,,https://www.iana.org/domains/root/db/sz.html
.tab,.tab,2015-09-04,ianaRegistration,iana-registration,generic,Tabcorp Holdings Limited,Australia,,,no,,https://www.iana.org/domains/root/db/tab.html
.tab,.tab,2015-11-11,ianaDelegationReport,iana-report,generic,,,Delegation of the .tab domain to Tabcorp Holdings Limited,,no,,https://www.iana.org/reports/c.2.9.2.d/20151111-tab
.tab,.tab,2026-10-04,delegated,current-snapshot,generic,Tabcorp Holdings Limited,Australia,,,yes,,https://www.iana.org/domains/root/db/tab.html
.taipei,.taipei,2014-09-25,ianaRegistration,iana-registration,generic,Taipei City Government,Taiwan,,,no,,https://www.iana.org/domains/root/db/taipei.html
.taipei,.taipei,2014-10-21,ianaDelegationReport,iana-report,generic,,,Delegation of the .taipei domain to Taipei City Government,,no,,https://www.iana.org/reports/c.2.9.2.d/20141021-taipei
.taipei,.taipei,2026-10-04,delegated,current-snapshot,generic,Taipei City Government,Taiwan,,,yes,,https://www.iana.org/domains/root/db/taipei.html
.talk,.talk,2016-03-18,ianaRegistration,iana-registration,generic,"Amazon Registry Services, Inc.",United States of America (the),,,no,,https://www.iana.org/domains/root/db/talk.html
.talk,.talk,2016-03-23,ianaDelegationReport,iana-report,generic,,,"Delegation of the .talk domain to Amazon Registry Services, Inc.",,no,,https://www.iana.org/reports/c.2.9.2.d/20160323-talk
.talk,.talk,2026-10-04,delegated,current-snapshot,generic,"Amazon Registry Services, Inc.",United States of America (the),,,yes,,https://www.iana.org/domains/root/db/talk.html
.taobao,.taobao,2016-01-08,ianaRegistration,iana-registration,generic,Alibaba Group Holding Limited,Grand Cayman,,,no,,https://www.iana.org/domains/root/db/taobao.html
.taobao,.taobao,2016-01-19,ianaDelegationReport,iana-report,generic,,,Delegation of the .taobao domain to Alibaba Group Holding Limited,,no,,https://www.iana.org/reports/c.2.9.2.d/20160119-taobao
.taobao,.taobao,2026-10-04,delegated,current-snapshot,generic,Alibaba Group Holding Limited,Grand Cayman,,,yes,,https://www.iana.org/domains/root/db/taobao.html
.target,.target,2016-07-21,ianaRegistration,iana-registration,generic,"Target Domain Holdings, LLC",United States of America (the),,,no,,https://www.iana.org/domains/root/db/target.html
.target,.target,2016-08-02,ianaDelegationReport,iana-report,generic,,,"Delegation of the .target domain to Target Domain Holdings, LLC",,no,,https://www.iana.org/reports/c.2.9.2.d/20160802-target
.target,.target,2026-10-04,delegated,current-snapshot,generic,"Target Domain Holdings, LLC",United States of America (the),,,yes,,https://www.iana.org/domains/root/db/target.html
.tatamotors,.tatamotors,2015-07-16,ianaRegistration,iana-registration,generic,Tata Motors Ltd,India,,,no,,https://www.iana.org/domains/root/db/tatamotors.html
.tatamotors,.tatamotors,2015-07-22,ianaDelegationReport,iana-report,generic,,,Delegation of the .tatamotors domain to Tata Motors Ltd,,no,,https://www.iana.org/reports/c.2.9.2.d/20150722-tatamotors
.tatamotors,.tatamotors,2026-10-04,delegated,current-snapshot,generic,Tata Motors Ltd,India,,,yes,,https://www.iana.org/domains/root/db/tatamotors.html
.tatar,.tatar,2014-07-03,ianaRegistration,iana-registration,generic,"Limited Liability Company ""Coordination Center of Regional Domain of Tatarstan Republic""",Russian Federation (the),,,no,,https://www.iana.org/domains/root/db/tatar.html
.tatar,.tatar,2014-08-04,ianaDelegationReport,iana-report,generic,,,"Delegation of the .tatar domain to Limited Liability Company ""Coordination Center of Regional Domain of Tatarstan Republic""",,no,,https://www.iana.org/reports/c.2.9.2.d/20140804-tatar
.tatar,.tatar,2026-10-04,delegated,current-snapshot,generic,"Limited Liability Company ""Coordination Center of Regional Domain of Tatarstan Republic""",Russian Federation (the),,,yes,,https://www.iana.org/domains/root/db/tatar.html
.tattoo,.tattoo,2013-11-08,ianaRegistration,iana-registration,generic,"Registry Services, LLC",United States of America (the),,,no,,https://www.iana.org/domains/root/db/tattoo.html
.tattoo,.tattoo,2013-11-11,ianaDelegationReport,iana-report,generic,,,"Delegation of the .TATTOO domain to Uniregistry, Corp.",,no,,https://www.iana.org/reports/c.2.9.2.d/20131111-tattoo
.tattoo,.tattoo,2022-08-10,ianaTransferReport,iana-report,generic,,,"Transfer of the .tattoo domain to Top Level Design, LLC",,no,,https://www.iana.org/reports/tld-transfer/20220810-tattoo
.tattoo,.tattoo,2023-06-26,ianaTransferReport,iana-report,generic,,,"Transfer of the .tattoo domain to Registry Services, LLC",,no,,https://www.iana.org/reports/tld-transfer/20230626-tattoo
.tattoo,.tattoo,2026-10-04,delegated,current-snapshot,generic,"Registry Services, LLC",United States of America (the),,,yes,,https://www.iana.org/domains/root/db/tattoo.html
.tax,.tax,2014-04-17,ianaRegistration,iana-registration,generic,"Binky Moon, LLC",United States of America (the),,,no,,https://www.iana.org/domains/root/db/tax.html
.tax,.tax,2014-04-21,ianaDelegationReport,iana-report,generic,,,"Delegation of the .tax domain to Storm Orchard, LLC",,no,,https://www.iana.org/reports/c.2.9.2.d/20140421-tax
.tax,.tax,2018-03-23,ianaTransferReport,iana-report,generic,,,Transfer of the .academy domain and 195 others,,no,,https://www.iana.org/reports/tld-transfer/20180323-binkymoon
.tax,.tax,2026-10-04,delegated,current-snapshot,generic,"Binky Moon, LLC",United States of America (the),,,yes,,https://www.iana.org/domains/root/db/tax.html
.taxi,.taxi,2015-04-30,ianaRegistration,iana-registration,generic,"Binky Moon, LLC",United States of America (the),,,no,,https://www.iana.org/domains/root/db/taxi.html
.taxi,.taxi,2015-05-04,ianaDelegationReport,iana-report,generic,,,"Delegation of the .taxi domain to Pine Falls, LLC",,no,,https://www.iana.org/reports/c.2.9.2.d/20150504-taxi
.taxi,.taxi,2018-03-23,ianaTransferReport,iana-report,generic,,,Transfer of the .academy domain and 195 others,,no,,https://www.iana.org/reports/tld-transfer/20180323-binkymoon
.taxi,.taxi,2026-10-04,delegated,current-snapshot,generic,"Binky Moon, LLC",United States of America (the),,,yes,,https://www.iana.org/domains/root/db/taxi.html
.tc,.tc,1997-01-27,ianaRegistration,iana-registration,country-code,Melrex TC,Turks and Caicos Islands (the),,,no,,https://www.iana.org/domains/root/db/tc.html
.tc,.tc,2026-10-04,delegated,current-snapshot,country-code,Melrex TC,Turks and Caicos Islands (the),,,yes,,https://www.iana.org/domains/root/db/tc.html
.tci,.tci,2015-11-25,ianaRegistration,iana-registration,generic,Emergency Back-End Registry Operator Program - ICANN,United States of America (the),,,no,,https://www.iana.org/domains/root/db/tci.html
.tci,.tci,2015-12-01,ianaDelegationReport,iana-report,generic,,,Delegation of the .tci domain to Asia Green IT System Bilgisayar San. ve Tic. Ltd. Sti.,,no,,https://www.iana.org/reports/c.2.9.2.d/20151201-tci
.tci,.tci,2026-10-04,delegated,current-snapshot,generic,Emergency Back-End Registry Operator Program - ICANN,United States of America (the),,,yes,,https://www.iana.org/domains/root/db/tci.html
.td,.td,1997-11-03,ianaRegistration,iana-registration,country-code,l'Agence de Développement des Technologies de l'Information et de la Communication (ADETIC),Chad,,,no,,https://www.iana.org/domains/root/db/td.html
.td,.td,2018-02-27,ianaTransferReport,iana-report,country-code,,,Transfer of the .TD (Chad) top-level domain to l'Agence de Développement des Technologies de l'Information et de la Communication (ADETIC),,no,,https://www.iana.org/reports/2018/td-report-20180227.html
.td,.td,2026-10-04,delegated,current-snapshot,country-code,l'Agence de Développement des Technologies de l'Information et de la Communication (ADETIC),Chad,,,yes,,https://www.iana.org/domains/root/db/td.html
.tdk,.tdk,2016-03-10,ianaRegistration,iana-registration,generic,TDK Corporation,Japan,,,no,,https://www.iana.org/domains/root/db/tdk.html
.tdk,.tdk,2016-06-02,ianaDelegationReport,iana-report,generic,,,Delegation of the .tdk domain to TDK Corporation,,no,,https://www.iana.org/reports/c.2.9.2.d/20160602-tdk
.tdk,.tdk,2026-10-04,delegated,current-snapshot,generic,TDK Corporation,Japan,,,yes,,https://www.iana.org/domains/root/db/tdk.html
.team,.team,2015-04-09,ianaRegistration,iana-registration,generic,"Binky Moon, LLC",United States of America (the),,,no,,https://www.iana.org/domains/root/db/team.html
.team,.team,2015-04-14,ianaDelegationReport,iana-report,generic,,,"Delegation of the .team domain to Atomic Lake, LLC",,no,,https://www.iana.org/reports/c.2.9.2.d/20150414-team
.team,.team,2018-03-23,ianaTransferReport,iana-report,generic,,,Transfer of the .academy domain and 195 others,,no,,https://www.iana.org/reports/tld-transfer/20180323-binkymoon
.team,.team,2026-10-04,delegated,current-snapshot,generic,"Binky Moon, LLC",United States of America (the),,,yes,,https://www.iana.org/domains/root/db/team.html
.tech,.tech,2000,applicationSubmitted,application,generic,"Name.Space, Incorporated",United States,2000-001,,no,,https://archive.icann.org/en/tlds/tld-applications-lodged-02oct00.htm
.tech,.tech,2015-03-12,ianaRegistration,iana-registration,generic,Radix Technologies Inc.,Cayman Islands (the),,,no,,https://www.iana.org/domains/root/db/tech.html
.tech,.tech,2015-03-18,ianaDelegationReport,iana-report,generic,,,Delegation of the .tech domain to Dot Tech LLC,,no,,https://www.iana.org/reports/c.2.9.2.d/20150318-tech
.tech,.tech,2021-02-01,ianaTransferReport,iana-report,generic,,,Transfer of the .tech domain to Personals TLD Inc.,,no,,https://www.iana.org/reports/tld-transfer/20210201-tech
.tech,.tech,2021-08-26,ianaTransferReport,iana-report,generic,,,Transfer of the .tech domain to Radix FZC,,no,,https://www.iana.org/reports/tld-transfer/20210826-tech
.tech,.tech,2024-02-07,ianaTransferReport,iana-report,generic,,,Transfer of the .tech domain to Radix Technologies Inc.,,no,,https://www.iana.org/reports/tld-transfer/20240207-tech
.tech,.tech,2026-10-04,delegated,current-snapshot,generic,Radix Technologies Inc.,Cayman Islands (the),,,yes,,https://www.iana.org/domains/root/db/tech.html
.technology,.technology,2013-11-08,ianaRegistration,iana-registration,generic,"Binky Moon, LLC",United States of America (the),,,no,,https://www.iana.org/domains/root/db/technology.html
.technology,.technology,2013-11-11,ianaDelegationReport,iana-report,generic,,,Delegation of the .TECHNOLOGY domain to Auburn Falls,,no,,https://www.iana.org/reports/c.2.9.2.d/20131111-technology
.technology,.technology,2018-03-23,ianaTransferReport,iana-report,generic,,,Transfer of the .academy domain and 195 others,,no,,https://www.iana.org/reports/tld-transfer/20180323-binkymoon
.technology,.technology,2026-10-04,delegated,current-snapshot,generic,"Binky Moon, LLC",United States of America (the),,,yes,,https://www.iana.org/domains/root/db/technology.html
.tel,.tel,2000,applicationSubmitted,application,sponsored,De Breed Holding B.V.,Netherlands,2000-033,,no,,https://archive.icann.org/en/tlds/tld-applications-lodged-02oct00.htm
.tel,.tel,2000,applicationSubmitted,application,sponsored,Jeff Pulver / David P. Peek / Glenn W. Marschel,United States,2000-041,,no,,https://archive.icann.org/en/tlds/tld-applications-lodged-02oct00.htm
.tel,.tel,2000,applicationSubmitted,application,sponsored,Number.tel LLC,United States,2000-042,,no,,https://archive.icann.org/en/tlds/tld-applications-lodged-02oct00.htm
.tel,.tel,2000,applicationSubmitted,application,sponsored,Telnic Limited,United Kingdom,2000-043,,no,,https://archive.icann.org/en/tlds/tld-applications-lodged-02oct00.htm
.tel,.tel,2004,application,,sponsored,Telname Limited,United Kingdom,,notSelected,no,,https://www.icann.org/en/announcements/details/icann-progress-in-process-for-introducing-new-sponsored-top-level-domains-19-3-2004-en
.tel,.tel,2004,application,,sponsored,Telnic Limited,United Kingdom,,,no,,https://www.icann.org/en/announcements/details/icann-progress-in-process-for-introducing-new-sponsored-top-level-domains-19-3-2004-en
.tel,.tel,2004,applicationSubmitted,application,sponsored,Telnic Limited,United Kingdom,2004-007,outcome_delegated,no,,https://www.icann.org/en/announcements/details/icann-progress-in-process-for-introducing-new-sponsored-top-level-domains-19-3-2004-en
.tel,.tel,2004,applicationSubmitted,application,sponsored,Telname Limited,United Kingdom,2004-008,outcome_not_selected,no,,https://www.icann.org/en/announcements/details/icann-progress-in-process-for-introducing-new-sponsored-top-level-domains-19-3-2004-en
.tel,.tel,2007-01-22,ianaDelegationReport,iana-report,sponsored,,,IANA Report on the Delegation of the .TEL Top-Level Domain,,no,,https://www.iana.org/reports/2007/tel-report-22jan2007.html
.tel,.tel,2007-03-01,ianaRegistration,,,,,,,no,,https://www.iana.org/domains/root/db/tel.html
.tel,.tel,2017-05-03,ianaTransferReport,iana-report,sponsored,,,Transfer of the .tel domain to Telnames Ltd,,no,,https://www.iana.org/reports/tld-transfer/20170503-tel
.tel,.tel,2026-10-04,delegated,,sponsored,Telnames Ltd.,United Kingdom of Great Britain and Northern Ireland (the),,,yes,,https://www.iana.org/domains/root/db/tel.html
.telecity,.telecity,2016-02-11,ianaRegistration,iana-registration,generic,,,,,no,,https://www.iana.org/domains/root/db/telecity.html
.telecity,.telecity,2016-02-23,ianaDelegationReport,iana-report,generic,,,Delegation of the .telecity domain to TelecityGroup International Limited,,no,,https://www.iana.org/reports/c.2.9.2.d/20160223-telecity
.telecity,.telecity,2018-08-10,ianaRevocationReport,iana-report,generic,,,Revocation of the .telecity domain,,no,,https://www.iana.org/reports/tld-transfer/20180810-telecity
.telecity,.telecity,2026-10-04,notDelegated,current-snapshot,generic,,,,,yes,,https://www.iana.org/domains/root/db/telecity.html
.telefonica,.telefonica,2015-06-18,ianaRegistration,iana-registration,generic,,,,,no,,https://www.iana.org/domains/root/db/telefonica.html
.telefonica,.telefonica,2015-06-24,ianaDelegationReport,iana-report,generic,,,Delegation of the .telefonica domain to Telefónica S.A.,,no,,https://www.iana.org/reports/c.2.9.2.d/20150624-telefonica
.telefonica,.telefonica,2019-12-24,ianaRevocationReport,iana-report,generic,,,Revocation of the .telefonica domain,,no,,https://www.iana.org/reports/tld-transfer/20191224-telefonica
.telefonica,.telefonica,2026-10-04,notDelegated,current-snapshot,generic,,,,,yes,,https://www.iana.org/domains/root/db/telefonica.html
.temasek,.temasek,2014-12-18,ianaRegistration,iana-registration,generic,Temasek Holdings (Private) Limited,Singapore,,,no,,https://www.iana.org/domains/root/db/temasek.html
.temasek,.temasek,2015-01-21,ianaDelegationReport,iana-report,generic,,,Delegation of the .temasek domain to Temasek Holdings (Private) Limited,,no,,https://www.iana.org/reports/c.2.9.2.d/20150121-temasek
.temasek,.temasek,2026-10-04,delegated,current-snapshot,generic,Temasek Holdings (Private) Limited,Singapore,,,yes,,https://www.iana.org/domains/root/db/temasek.html
.temple,.temple,2000,applicationSubmitted,application,notApplicable,"Name.Space, Incorporated",United States,2000-001,,no,,https://archive.icann.org/en/tlds/tld-applications-lodged-02oct00.htm
.temple,.temple,2026-10-04,notDelegated,current-snapshot,notApplicable,"Name.Space, Incorporated",,,,yes,,https://archive.icann.org/en/tlds/tld-applications-lodged-02oct00.htm
.tennis,.tennis,2015-01-29,ianaRegistration,iana-registration,generic,"Binky Moon, LLC",United States of America (the),,,no,,https://www.iana.org/domains/root/db/tennis.html
.tennis,.tennis,2015-02-03,ianaDelegationReport,iana-report,generic,,,"Delegation of the .tennis domain to Cotton Bloom, LLC",,no,,https://www.iana.org/reports/c.2.9.2.d/20150203-tennis
.tennis,.tennis,2018-03-23,ianaTransferReport,iana-report,generic,,,Transfer of the .academy domain and 195 others,,no,,https://www.iana.org/reports/tld-transfer/20180323-binkymoon
.tennis,.tennis,2026-10-04,delegated,current-snapshot,generic,"Binky Moon, LLC",United States of America (the),,,yes,,https://www.iana.org/domains/root/db/tennis.html
.teva,.teva,2016-02-19,ianaRegistration,iana-registration,generic,Teva Pharmaceutical Industries Limited,Israel,,,no,,https://www.iana.org/domains/root/db/teva.html
.teva,.teva,2016-04-12,ianaDelegationReport,iana-report,generic,,,Delegation of the .teva domain to Teva Pharmaceutical Industries Limited,,no,,https://www.iana.org/reports/c.2.9.2.d/20160412-teva
.teva,.teva,2026-10-04,delegated,current-snapshot,generic,Teva Pharmaceutical Industries Limited,Israel,,,yes,,https://www.iana.org/domains/root/db/teva.html
.tf,.tf,1997-08-26,ianaRegistration,iana-registration,country-code,Association Française pour le Nommage Internet en Coopération (A.F.N.I.C.),France,,,no,,https://www.iana.org/domains/root/db/tf.html
.tf,.tf,2005-08-05,ianaTransferReport,iana-report,country-code,,,IANA Report on the Redelegation of the .TF Top-Level Domain,,no,,https://www.iana.org/reports/2005/tf-report-05aug2005.pdf
.tf,.tf,2026-10-04,delegated,current-snapshot,country-code,Association Française pour le Nommage Internet en Coopération (A.F.N.I.C.),France,,,yes,,https://www.iana.org/domains/root/db/tf.html
.tg,.tg,1996-09-05,ianaRegistration,iana-registration,country-code,Autorité de Régulation des Communications Electroniques et des Postes (ARCEP),Togo,,,no,,https://www.iana.org/domains/root/db/tg.html
.tg,.tg,2016-01-18,ianaTransferReport,iana-report,country-code,,,Redelegation of the .TG domain representing Togo to the Autorite de Reglementation des Secteurs de Postes et de Telecommunications (ART&P),,no,,https://www.iana.org/reports/2016/tg-report-20160118.html
.tg,.tg,2026-10-04,delegated,current-snapshot,country-code,Autorité de Régulation des Communications Electroniques et des Postes (ARCEP),Togo,,,yes,,https://www.iana.org/domains/root/db/tg.html
.th,.th,1988-09-07,ianaRegistration,iana-registration,country-code,Thai Network Information Center Foundation,Thailand,,,no,,https://www.iana.org/domains/root/db/th.html
.th,.th,2026-10-04,delegated,current-snapshot,country-code,Thai Network Information Center Foundation,Thailand,,,yes,,https://www.iana.org/domains/root/db/th.html
.thd,.thd,2015-05-14,ianaRegistration,iana-registration,generic,"Home Depot Product Authority, LLC",United States of America (the),,,no,,https://www.iana.org/domains/root/db/thd.html
.thd,.thd,2015-05-21,ianaDelegationReport,iana-report,generic,,,"Delegation of the .thd domain to Homer TLC, Inc.",,no,,https://www.iana.org/reports/c.2.9.2.d/20150521-thd
.thd,.thd,2017-02-21,ianaTransferReport,iana-report,generic,,,"Transfer of the .thd domain to Home Depot Product Authority, LLC",,no,,https://www.iana.org/reports/tld-transfer/20170221-thd
.thd,.thd,2026-10-04,delegated,current-snapshot,generic,"Home Depot Product Authority, LLC",United States of America (the),,,yes,,https://www.iana.org/domains/root/db/thd.html
.theater,.theater,2000,applicationSubmitted,application,generic,"Name.Space, Incorporated",United States,2000-001,,no,,https://archive.icann.org/en/tlds/tld-applications-lodged-02oct00.htm
.theater,.theater,2015-04-30,ianaRegistration,iana-registration,generic,"Binky Moon, LLC",United States of America (the),,,no,,https://www.iana.org/domains/root/db/theater.html
.theater,.theater,2015-05-01,ianaDelegationReport,iana-report,generic,,,"Delegation of the .theater domain to Blue Tigers, LLC",,no,,https://www.iana.org/reports/c.2.9.2.d/20150501-theater
.theater,.theater,2018-03-23,ianaTransferReport,iana-report,generic,,,Transfer of the .academy domain and 195 others,,no,,https://www.iana.org/reports/tld-transfer/20180323-binkymoon
.theater,.theater,2026-10-04,delegated,current-snapshot,generic,"Binky Moon, LLC",United States of America (the),,,yes,,https://www.iana.org/domains/root/db/theater.html
.theatre,.theatre,2015-08-13,ianaRegistration,iana-registration,generic,XYZ.COM LLC,United States of America (the),,,no,,https://www.iana.org/domains/root/db/theatre.html
.theatre,.theatre,2015-08-26,ianaDelegationReport,iana-report,generic,,,Delegation of the .theatre domain to XYZ.COM LLC,,no,,https://www.iana.org/reports/c.2.9.2.d/20150826-theatre
.theatre,.theatre,2026-10-04,delegated,current-snapshot,generic,XYZ.COM LLC,United States of America (the),,,yes,,https://www.iana.org/domains/root/db/theatre.html
.three33,.three33,2000,applicationSubmitted,application,notApplicable,Rathbawn Computers Limited,United States / Australia,2000-002,,no,,https://archive.icann.org/en/tlds/tld-applications-lodged-02oct00.htm
.three33,.three33,2026-10-04,notDelegated,current-snapshot,notApplicable,Rathbawn Computers Limited,,,,yes,,https://archive.icann.org/en/tlds/tld-applications-lodged-02oct00.htm
.tiaa,.tiaa,2016-03-24,ianaRegistration,iana-registration,generic,Teachers Insurance and Annuity Association of America,United States of America (the),,,no,,https://www.iana.org/domains/root/db/tiaa.html
.tiaa,.tiaa,2016-07-15,ianaDelegationReport,iana-report,generic,,,Delegation of the .tiaa domain to Teachers Insurance and Annuity Association of America,,no,,https://www.iana.org/reports/c.2.9.2.d/20160715-tiaa
.tiaa,.tiaa,2026-10-04,delegated,current-snapshot,generic,Teachers Insurance and Annuity Association of America,United States of America (the),,,yes,,https://www.iana.org/domains/root/db/tiaa.html
.tickets,.tickets,2015-03-19,ianaRegistration,iana-registration,generic,XYZ.COM LLC,United States of America (the),,,no,,https://www.iana.org/domains/root/db/tickets.html
.tickets,.tickets,2015-03-23,ianaDelegationReport,iana-report,generic,,,Delegation of the .tickets domain to Accent Media Limited,,no,,https://www.iana.org/reports/c.2.9.2.d/20150323-tickets
.tickets,.tickets,2021-05-28,ianaTransferReport,iana-report,generic,,,Transfer of the .tickets domain to XYZ.COM LLC,,no,,https://www.iana.org/reports/tld-transfer/20210528-tickets
.tickets,.tickets,2026-10-04,delegated,current-snapshot,generic,XYZ.COM LLC,United States of America (the),,,yes,,https://www.iana.org/domains/root/db/tickets.html
.tienda,.tienda,2014-01-16,ianaRegistration,iana-registration,generic,"Binky Moon, LLC",United States of America (the),,,no,,https://www.iana.org/domains/root/db/tienda.html
.tienda,.tienda,2014-01-17,ianaDelegationReport,iana-report,generic,,,"Delegation of the .TIENDA domain to Victor Manor, LLC",,no,,https://www.iana.org/reports/c.2.9.2.d/20140117-tienda
.tienda,.tienda,2018-03-23,ianaTransferReport,iana-report,generic,,,Transfer of the .academy domain and 195 others,,no,,https://www.iana.org/reports/tld-transfer/20180323-binkymoon
.tienda,.tienda,2026-10-04,delegated,current-snapshot,generic,"Binky Moon, LLC",United States of America (the),,,yes,,https://www.iana.org/domains/root/db/tienda.html
.tiffany,.tiffany,2015-12-17,ianaRegistration,iana-registration,generic,,,,,no,,https://www.iana.org/domains/root/db/tiffany.html
.tiffany,.tiffany,2016-01-19,ianaDelegationReport,iana-report,generic,,,Delegation of the .tiffany domain to Tiffany and Company,,no,,https://www.iana.org/reports/c.2.9.2.d/20160119-tiffany
.tiffany,.tiffany,2023-07-25,ianaRevocationReport,iana-report,generic,,,Revocation of the .tiffany domain,,no,,https://www.iana.org/reports/tld-transfer/20230725-tiffany
.tiffany,.tiffany,2026-10-04,notDelegated,current-snapshot,generic,,,,,yes,,https://www.iana.org/domains/root/db/tiffany.html
.time,.time,2000,applicationSubmitted,application,notApplicable,"Name.Space, Incorporated",United States,2000-001,,no,,https://archive.icann.org/en/tlds/tld-applications-lodged-02oct00.htm
.time,.time,2026-10-04,notDelegated,current-snapshot,notApplicable,"Name.Space, Incorporated",,,,yes,,https://archive.icann.org/en/tlds/tld-applications-lodged-02oct00.htm
.times,.times,2000,applicationSubmitted,application,notApplicable,"Name.Space, Incorporated",United States,2000-001,,no,,https://archive.icann.org/en/tlds/tld-applications-lodged-02oct00.htm
.times,.times,2026-10-04,notDelegated,current-snapshot,notApplicable,"Name.Space, Incorporated",,,,yes,,https://archive.icann.org/en/tlds/tld-applications-lodged-02oct00.htm
.tips,.tips,2013-11-13,ianaRegistration,iana-registration,generic,"Binky Moon, LLC",United States of America (the),,,no,,https://www.iana.org/domains/root/db/tips.html
.tips,.tips,2013-11-18,ianaDelegationReport,iana-report,generic,,,"Delegation of the .TIPS domain to Corn Willow, LLC",,no,,https://www.iana.org/reports/c.2.9.2.d/20131118-tips
.tips,.tips,2018-03-23,ianaTransferReport,iana-report,generic,,,Transfer of the .academy domain and 195 others,,no,,https://www.iana.org/reports/tld-transfer/20180323-binkymoon
.tips,.tips,2026-10-04,delegated,current-snapshot,generic,"Binky Moon, LLC",United States of America (the),,,yes,,https://www.iana.org/domains/root/db/tips.html
.tires,.tires,2014-12-11,ianaRegistration,iana-registration,generic,"Binky Moon, LLC",United States of America (the),,,no,,https://www.iana.org/domains/root/db/tires.html
.tires,.tires,2014-12-12,ianaDelegationReport,iana-report,generic,,,"Delegation of the .tires domain to Dog Edge, LLC",,no,,https://www.iana.org/reports/c.2.9.2.d/20141212-tires
.tires,.tires,2018-03-23,ianaTransferReport,iana-report,generic,,,Transfer of the .academy domain and 195 others,,no,,https://www.iana.org/reports/tld-transfer/20180323-binkymoon
.tires,.tires,2026-10-04,delegated,current-snapshot,generic,"Binky Moon, LLC",United States of America (the),,,yes,,https://www.iana.org/domains/root/db/tires.html
.tirol,.tirol,2014-05-29,ianaRegistration,iana-registration,generic,punkt Tirol GmbH,Austria,,,no,,https://www.iana.org/domains/root/db/tirol.html
.tirol,.tirol,2014-06-02,ianaDelegationReport,iana-report,generic,,,Delegation of the .tirol domain to punkt Tirol GmbH,,no,,https://www.iana.org/reports/c.2.9.2.d/20140602-tirol
.tirol,.tirol,2026-10-04,delegated,current-snapshot,generic,punkt Tirol GmbH,Austria,,,yes,,https://www.iana.org/domains/root/db/tirol.html
.tj,.tj,1997-12-11,ianaRegistration,iana-registration,country-code,Information Technology Center,Tajikistan,,,no,,https://www.iana.org/domains/root/db/tj.html
.tj,.tj,2003-06-30,ianaTransferReport,iana-report,country-code,,,IANA Report on Redelegation of the .TJ Top-Level Domain,,no,,https://www.iana.org/reports/2003/tj-report-30jun03.html
.tj,.tj,2026-10-04,delegated,current-snapshot,country-code,Information Technology Center,Tajikistan,,,yes,,https://www.iana.org/domains/root/db/tj.html
.tjmaxx,.tjmaxx,2016-04-07,ianaRegistration,iana-registration,generic,"The TJX Companies, Inc.",United States of America (the),,,no,,https://www.iana.org/domains/root/db/tjmaxx.html
.tjmaxx,.tjmaxx,2016-07-07,ianaDelegationReport,iana-report,generic,,,"Delegation of the .tjmaxx domain to The TJX Companies, Inc.",,no,,https://www.iana.org/reports/c.2.9.2.d/20160707-tjmaxx
.tjmaxx,.tjmaxx,2026-10-04,delegated,current-snapshot,generic,"The TJX Companies, Inc.",United States of America (the),,,yes,,https://www.iana.org/domains/root/db/tjmaxx.html
.tjx,.tjx,2016-04-07,ianaRegistration,iana-registration,generic,"The TJX Companies, Inc.",United States of America (the),,,no,,https://www.iana.org/domains/root/db/tjx.html
.tjx,.tjx,2016-07-07,ianaDelegationReport,iana-report,generic,,,"Delegation of the .tjx domain to The TJX Companies, Inc.",,no,,https://www.iana.org/reports/c.2.9.2.d/20160707-tjx
.tjx,.tjx,2026-10-04,delegated,current-snapshot,generic,"The TJX Companies, Inc.",United States of America (the),,,yes,,https://www.iana.org/domains/root/db/tjx.html
.tk,.tk,1997-11-07,ianaRegistration,iana-registration,country-code,Telecommunication Tokelau Corporation (Teletok),Tokelau,,,no,,https://www.iana.org/domains/root/db/tk.html
.tk,.tk,2006-01-31,ianaTransferReport,iana-report,country-code,,,IANA Report on the Redelegation of the .TK Top-Level Domain,,no,,https://www.iana.org/reports/2006/tk-report-31jan2006.pdf
.tk,.tk,2026-10-04,delegated,current-snapshot,country-code,Telecommunication Tokelau Corporation (Teletok),Tokelau,,,yes,,https://www.iana.org/domains/root/db/tk.html
.tkmaxx,.tkmaxx,2016-04-07,ianaRegistration,iana-registration,generic,"The TJX Companies, Inc.",United States of America (the),,,no,,https://www.iana.org/domains/root/db/tkmaxx.html
.tkmaxx,.tkmaxx,2016-07-07,ianaDelegationReport,iana-report,generic,,,"Delegation of the .tkmaxx domain to The TJX Companies, Inc.",,no,,https://www.iana.org/reports/c.2.9.2.d/20160707-tkmaxx
.tkmaxx,.tkmaxx,2026-10-04,delegated,current-snapshot,generic,"The TJX Companies, Inc.",United States of America (the),,,yes,,https://www.iana.org/domains/root/db/tkmaxx.html
.tl,.tl,2005-03-23,ianaRegistration,iana-registration,country-code,Autoridade Nacional de Comunicações,Timor-Leste,,,no,,https://www.iana.org/domains/root/db/tl.html
.tl,.tl,2005-08-05,ianaDelegationReport,iana-report,country-code,,,IANA Report on the Delegation of the .TL Top-Level Domain,,no,,https://www.iana.org/reports/2005/tl-report-05aug05.pdf
.tl,.tl,2026-10-04,delegated,current-snapshot,country-code,Autoridade Nacional de Comunicações,Timor-Leste,,,yes,,https://www.iana.org/domains/root/db/tl.html
.tm,.tm,1997-05-30,ianaRegistration,iana-registration,country-code,TM Domain Registry Ltd,United Kingdom of Great Britain and Northern Ireland (the),,,no,,https://www.iana.org/domains/root/db/tm.html
.tm,.tm,2026-10-04,delegated,current-snapshot,country-code,TM Domain Registry Ltd,United Kingdom of Great Britain and Northern Ireland (the),,,yes,,https://www.iana.org/domains/root/db/tm.html
.tmall,.tmall,2016-01-08,ianaRegistration,iana-registration,generic,Alibaba Group Holding Limited,Grand Cayman,,,no,,https://www.iana.org/domains/root/db/tmall.html
.tmall,.tmall,2016-01-19,ianaDelegationReport,iana-report,generic,,,Delegation of the .tmall domain to Alibaba Group Holding Limited,,no,,https://www.iana.org/reports/c.2.9.2.d/20160119-tmall
.tmall,.tmall,2026-10-04,delegated,current-snapshot,generic,Alibaba Group Holding Limited,Grand Cayman,,,yes,,https://www.iana.org/domains/root/db/tmall.html
.tn,.tn,1991-05-17,ianaRegistration,iana-registration,country-code,Agence Tunisienne d'Internet,Tunisia,,,no,,https://www.iana.org/domains/root/db/tn.html
.tn,.tn,2026-10-04,delegated,current-snapshot,country-code,Agence Tunisienne d'Internet,Tunisia,,,yes,,https://www.iana.org/domains/root/db/tn.html
.to,.to,1995-12-18,ianaRegistration,iana-registration,country-code,"Government of the Kingdom of Tonga, H.R.H. Crown Prince Tupouto'a, c/o Consulate of Tonga",United States of America (the),,,no,,https://www.iana.org/domains/root/db/to.html
.to,.to,2026-10-04,delegated,current-snapshot,country-code,"Government of the Kingdom of Tonga, H.R.H. Crown Prince Tupouto'a, c/o Consulate of Tonga",United States of America (the),,,yes,,https://www.iana.org/domains/root/db/to.html
.today,.today,2013-11-13,ianaRegistration,iana-registration,generic,"Binky Moon, LLC",United States of America (the),,,no,,https://www.iana.org/domains/root/db/today.html
.today,.today,2013-11-16,ianaDelegationReport,iana-report,generic,,,"Delegation of the .TODAY domain to Pearl Woods, LLC",,no,,https://www.iana.org/reports/c.2.9.2.d/20131116-today
.today,.today,2018-03-23,ianaTransferReport,iana-report,generic,,,Transfer of the .academy domain and 195 others,,no,,https://www.iana.org/reports/tld-transfer/20180323-binkymoon
.today,.today,2026-10-04,delegated,current-snapshot,generic,"Binky Moon, LLC",United States of America (the),,,yes,,https://www.iana.org/domains/root/db/today.html
.tokyo,.tokyo,2014-01-16,ianaRegistration,,,,,,,no,,https://www.iana.org/domains/root/db/tokyo.html
.tokyo,.tokyo,2014-01-24,ianaDelegationReport,iana-report,generic,,,"Delegation of the .TOKYO domain to GMO Registry, Inc.",,no,,https://www.iana.org/reports/c.2.9.2.d/20140124-tokyo
.tokyo,.tokyo,2026-10-04,delegated,,generic,"GMO Registry, Inc.",Japan,,,yes,,https://www.iana.org/domains/root/db/tokyo.html
.tools,.tools,2014-01-16,ianaRegistration,iana-registration,generic,"Binky Moon, LLC",United States of America (the),,,no,,https://www.iana.org/domains/root/db/tools.html
.tools,.tools,2014-01-17,ianaDelegationReport,iana-report,generic,,,"Delegation of the .TOOLS domain to Pioneer North, LLC",,no,,https://www.iana.org/reports/c.2.9.2.d/20140117-tools
.tools,.tools,2018-03-23,ianaTransferReport,iana-report,generic,,,Transfer of the .academy domain and 195 others,,no,,https://www.iana.org/reports/tld-transfer/20180323-binkymoon
.tools,.tools,2026-10-04,delegated,current-snapshot,generic,"Binky Moon, LLC",United States of America (the),,,yes,,https://www.iana.org/domains/root/db/tools.html
.top,.top,2014-07-24,ianaRegistration,iana-registration,generic,Hong Kong Zhongze International Limited,China,,,no,,https://www.iana.org/domains/root/db/top.html
.top,.top,2014-08-01,ianaDelegationReport,iana-report,generic,,,"Delegation of the .top domain to Jiangsu Bangning Science & Technology Co.,Ltd.",,no,,https://www.iana.org/reports/c.2.9.2.d/20140801-top
.top,.top,2026-01-20,ianaTransferReport,iana-report,generic,,,Transfer of the .top domain to Hong Kong Zhongze International Limited,,no,,https://www.iana.org/reports/tld-transfer/20260120-top
.top,.top,2026-10-04,delegated,current-snapshot,generic,Hong Kong Zhongze International Limited,China,,,yes,,https://www.iana.org/domains/root/db/top.html
.toray,.toray,2015-04-16,ianaRegistration,iana-registration,generic,"Toray Industries, Inc.",Japan,,,no,,https://www.iana.org/domains/root/db/toray.html
.toray,.toray,2015-04-28,ianaDelegationReport,iana-report,generic,,,"Delegation of the .toray domain to Toray Industries, Inc.",,no,,https://www.iana.org/reports/c.2.9.2.d/20150428-toray
.toray,.toray,2026-10-04,delegated,current-snapshot,generic,"Toray Industries, Inc.",Japan,,,yes,,https://www.iana.org/domains/root/db/toray.html
.toshiba,.toshiba,2014-10-09,ianaRegistration,iana-registration,generic,TOSHIBA Corporation,Japan,,,no,,https://www.iana.org/domains/root/db/toshiba.html
.toshiba,.toshiba,2015-02-02,ianaDelegationReport,iana-report,generic,,,Delegation of the .toshiba domain to Toshiba Corporation,,no,,https://www.iana.org/reports/c.2.9.2.d/20150202-toshiba
.toshiba,.toshiba,2026-10-04,delegated,current-snapshot,generic,TOSHIBA Corporation,Japan,,,yes,,https://www.iana.org/domains/root/db/toshiba.html
.total,.total,2016-02-05,ianaRegistration,iana-registration,generic,TotalEnergies SE,France,,,no,,https://www.iana.org/domains/root/db/total.html
.total,.total,2016-02-25,ianaDelegationReport,iana-report,generic,,,Delegation of the .total domain to Total SA,,no,,https://www.iana.org/reports/c.2.9.2.d/20160225-total
.total,.total,2026-10-04,delegated,current-snapshot,generic,TotalEnergies SE,France,,,yes,,https://www.iana.org/domains/root/db/total.html
.tour,.tour,2000,applicationSubmitted,application,notApplicable,Eastern Communications Company Limited,China,2000-017,,no,,https://archive.icann.org/en/tlds/tld-applications-lodged-02oct00.htm
.tour,.tour,2026-10-04,notDelegated,current-snapshot,notApplicable,Eastern Communications Company Limited,,,,yes,,https://archive.icann.org/en/tlds/tld-applications-lodged-02oct00.htm
.tours,.tours,2015-03-12,ianaRegistration,iana-registration,generic,"Binky Moon, LLC",United States of America (the),,,no,,https://www.iana.org/domains/root/db/tours.html
.tours,.tours,2015-03-18,ianaDelegationReport,iana-report,generic,,,"Delegation of the .tours domain to Sugar Station, LLC",,no,,https://www.iana.org/reports/c.2.9.2.d/20150318-tours
.tours,.tours,2018-03-23,ianaTransferReport,iana-report,generic,,,Transfer of the .academy domain and 195 others,,no,,https://www.iana.org/reports/tld-transfer/20180323-binkymoon
.tours,.tours,2026-10-04,delegated,current-snapshot,generic,"Binky Moon, LLC",United States of America (the),,,yes,,https://www.iana.org/domains/root/db/tours.html
.town,.town,2014-04-03,ianaRegistration,iana-registration,generic,"Binky Moon, LLC",United States of America (the),,,no,,https://www.iana.org/domains/root/db/town.html
.town,.town,2014-04-09,ianaDelegationReport,iana-report,generic,,,"Delegation of the .town domain to Koko Moon, LLC",,no,,https://www.iana.org/reports/c.2.9.2.d/20140409-town
.town,.town,2018-03-23,ianaTransferReport,iana-report,generic,,,Transfer of the .academy domain and 195 others,,no,,https://www.iana.org/reports/tld-transfer/20180323-binkymoon
.town,.town,2026-10-04,delegated,current-snapshot,generic,"Binky Moon, LLC",United States of America (the),,,yes,,https://www.iana.org/domains/root/db/town.html
.toyota,.toyota,2015-07-16,ianaRegistration,iana-registration,generic,TOYOTA MOTOR CORPORATION,Japan,,,no,,https://www.iana.org/domains/root/db/toyota.html
.toyota,.toyota,2015-07-24,ianaDelegationReport,iana-report,generic,,,Delegation of the .toyota domain to Toyota Motor Corporation,,no,,https://www.iana.org/reports/c.2.9.2.d/20150724-toyota
.toyota,.toyota,2026-10-04,delegated,current-snapshot,generic,TOYOTA MOTOR CORPORATION,Japan,,,yes,,https://www.iana.org/domains/root/db/toyota.html
.toys,.toys,2000,applicationSubmitted,application,generic,"Name.Space, Incorporated",United States,2000-001,,no,,https://archive.icann.org/en/tlds/tld-applications-lodged-02oct00.htm
.toys,.toys,2014-04-03,ianaRegistration,iana-registration,generic,"Binky Moon, LLC",United States of America (the),,,no,,https://www.iana.org/domains/root/db/toys.html
.toys,.toys,2014-04-09,ianaDelegationReport,iana-report,generic,,,"Delegation of the .toys domain to Pioneer Orchard, LLC",,no,,https://www.iana.org/reports/c.2.9.2.d/20140409-toys
.toys,.toys,2018-03-23,ianaTransferReport,iana-report,generic,,,Transfer of the .academy domain and 195 others,,no,,https://www.iana.org/reports/tld-transfer/20180323-binkymoon
.toys,.toys,2026-10-04,delegated,current-snapshot,generic,"Binky Moon, LLC",United States of America (the),,,yes,,https://www.iana.org/domains/root/db/toys.html
.tp,.tp,1997,delegated,,country-code,,Portuguese Timor,,,no,,https://www.iana.org/reports/2015/tp-report-20150126.html
.tp,.tp,1997-05-09,ianaRegistration,iana-registration,country-code,,,,,no,,https://www.iana.org/domains/root/db/tp.html
.tp,.tp,2015,retired,,country-code,,Portuguese Timor,,,no,,https://www.iana.org/reports/2015/tp-report-20150126.html
.tp,.tp,2015-01-26,ianaRetirementReport,iana-report,country-code,,,Removal of the .TP top-level domain representing Portuguese Timor,,no,,https://www.iana.org/reports/2015/tp-report-20150126.html
.tp,.tp,2026-10-04,retired,current-snapshot,country-code,,Portuguese Timor,,,yes,,https://www.iana.org/domains/root/db/tp.html
.tr,.tr,1990-09-17,ianaRegistration,iana-registration,country-code,Bilgi Teknolojileri ve İletişim Kurumu (BTK),Türkiye,,,no,,https://www.iana.org/domains/root/db/tr.html
.tr,.tr,2019-04-17,ianaTransferReport,iana-report,country-code,,,Transfer of the .TR (Turkey) country-code top-level domain to Bilgi Teknolojileri ve İletişim Kurumu (BTK),,no,,https://www.iana.org/reports/2019/tr-report-20190417.html
.tr,.tr,2026-10-04,delegated,current-snapshot,country-code,Bilgi Teknolojileri ve İletişim Kurumu (BTK),Türkiye,,,yes,,https://www.iana.org/domains/root/db/tr.html
.trade,.trade,2000,applicationSubmitted,application,generic,"Name.Space, Incorporated",United States,2000-001,,no,,https://archive.icann.org/en/tlds/tld-applications-lodged-02oct00.htm
.trade,.trade,2014-03-06,ianaRegistration,iana-registration,generic,Elite Registry Limited,Gibraltar,,,no,,https://www.iana.org/domains/root/db/trade.html
.trade,.trade,2014-03-14,ianaDelegationReport,iana-report,generic,,,Delegation of the .trade domain to Elite Registry Limited,,no,,https://www.iana.org/reports/c.2.9.2.d/20140314-trade
.trade,.trade,2026-10-04,delegated,current-snapshot,generic,Elite Registry Limited,Gibraltar,,,yes,,https://www.iana.org/domains/root/db/trade.html
.trading,.trading,2015-03-06,ianaRegistration,iana-registration,generic,"Dog Beach, LLC",United States of America (the),,,no,,https://www.iana.org/domains/root/db/trading.html
.trading,.trading,2015-03-11,ianaDelegationReport,iana-report,generic,,,Delegation of the .trading domain to Dottrading Registry Ltd,,no,,https://www.iana.org/reports/c.2.9.2.d/20150311-trading
.trading,.trading,2021-06-29,ianaTransferReport,iana-report,generic,,,"Transfer of the .trading domain to Dog Beach, LLC",,no,,https://www.iana.org/reports/tld-transfer/20210629-trading
.trading,.trading,2026-10-04,delegated,current-snapshot,generic,"Dog Beach, LLC",United States of America (the),,,yes,,https://www.iana.org/domains/root/db/trading.html
.training,.training,2013-12-19,ianaRegistration,iana-registration,generic,"Binky Moon, LLC",United States of America (the),,,no,,https://www.iana.org/domains/root/db/training.html
.training,.training,2013-12-20,ianaDelegationReport,iana-report,generic,,,"Delegation of the .TRAINING domain to Wild Willow, LLC",,no,,https://www.iana.org/reports/c.2.9.2.d/20131220-training
.training,.training,2018-03-23,ianaTransferReport,iana-report,generic,,,Transfer of the .academy domain and 195 others,,no,,https://www.iana.org/reports/tld-transfer/20180323-binkymoon
.training,.training,2026-10-04,delegated,current-snapshot,generic,"Binky Moon, LLC",United States of America (the),,,yes,,https://www.iana.org/domains/root/db/training.html
.travel,.travel,2000,applicationSubmitted,application,sponsored,"Name.Space, Incorporated",United States,2000-001,,no,,https://archive.icann.org/en/tlds/tld-applications-lodged-02oct00.htm
.travel,.travel,2000,applicationSubmitted,application,sponsored,International Air Transport Association,Switzerland,2000-044,,no,,https://archive.icann.org/en/tlds/tld-applications-lodged-02oct00.htm
.travel,.travel,2004,application,,sponsored,The Travel Partnership Corporation,United States,,,no,,https://www.icann.org/en/announcements/details/icann-progress-in-process-for-introducing-new-sponsored-top-level-domains-19-3-2004-en
.travel,.travel,2004,applicationSubmitted,application,sponsored,The Travel Partnership Corporation,United States,2004-009,outcome_delegated,no,,https://www.icann.org/en/announcements/details/icann-progress-in-process-for-introducing-new-sponsored-top-level-domains-19-3-2004-en
.travel,.travel,2005-07-27,ianaRegistration,,,,,,,no,,https://www.iana.org/domains/root/db/travel.html
.travel,.travel,2005-08-05,ianaDelegationReport,iana-report,sponsored,,,IANA Report on the Delegation of the .TRAVEL Top-Level Domain,,no,,https://www.iana.org/reports/2005/travel-report-05aug2005.pdf
.travel,.travel,2018-02-22,ianaTransferReport,iana-report,sponsored,,,"Transfer of the .travel domain to Dog Beach, LLC",,no,,https://www.iana.org/reports/tld-transfer/20180222-travel
.travel,.travel,2026-10-04,delegated,,sponsored,"Dog Beach, LLC",United States of America (the),,,yes,,https://www.iana.org/domains/root/db/travel.html
.travelchannel,.travelchannel,2016-05-05,ianaRegistration,iana-registration,generic,,,,,no,,https://www.iana.org/domains/root/db/travelchannel.html
.travelchannel,.travelchannel,2016-06-22,ianaDelegationReport,iana-report,generic,,,"Delegation of the .travelchannel domain to Lifestyle Domain Holdings, Inc.",,no,,https://www.iana.org/reports/c.2.9.2.d/20160622-travelchannel
.travelchannel,.travelchannel,2023-06-14,ianaRevocationReport,iana-report,generic,,,Revocation of the .travelchannel domain,,no,,https://www.iana.org/reports/tld-transfer/20230614-travelchannel
.travelchannel,.travelchannel,2026-10-04,notDelegated,current-snapshot,generic,,,,,yes,,https://www.iana.org/domains/root/db/travelchannel.html
.travelers,.travelers,2015-11-25,ianaRegistration,iana-registration,generic,"Travelers TLD, LLC",United States of America (the),,,no,,https://www.iana.org/domains/root/db/travelers.html
.travelers,.travelers,2015-12-02,ianaDelegationReport,iana-report,generic,,,"Delegation of the .travelers domain to Travelers TLD, LLC",,no,,https://www.iana.org/reports/c.2.9.2.d/20151202-travelers
.travelers,.travelers,2026-10-04,delegated,current-snapshot,generic,"Travelers TLD, LLC",United States of America (the),,,yes,,https://www.iana.org/domains/root/db/travelers.html
.travelersinsurance,.travelersinsurance,2015-11-25,ianaRegistration,iana-registration,generic,"Travelers TLD, LLC",United States of America (the),,,no,,https://www.iana.org/domains/root/db/travelersinsurance.html
.travelersinsurance,.travelersinsurance,2015-12-08,ianaDelegationReport,iana-report,generic,,,"Delegation of the .travelersinsurance domain to Travelers TLD, LLC",,no,,https://www.iana.org/reports/c.2.9.2.d/20151208-travelersinsurance
.travelersinsurance,.travelersinsurance,2026-10-04,delegated,current-snapshot,generic,"Travelers TLD, LLC",United States of America (the),,,yes,,https://www.iana.org/domains/root/db/travelersinsurance.html
.trust,.trust,2014-11-26,ianaRegistration,iana-registration,generic,Internet Naming Co.,Cayman Islands (the),,,no,,https://www.iana.org/domains/root/db/trust.html
.trust,.trust,2014-12-01,ianaDelegationReport,iana-report,generic,,,Delegation of the .trust domain to Artemis Internet Inc,,no,,https://www.iana.org/reports/c.2.9.2.d/20141201-trust
.trust,.trust,2021-01-18,ianaTransferReport,iana-report,generic,,,Transfer of the .trust domain to UNR Corp.,,no,,https://www.iana.org/reports/tld-transfer/20210118-trust
.trust,.trust,2022-11-16,ianaTransferReport,iana-report,generic,,,Transfer of the .trust domain to Internet Naming Co.,,no,,https://www.iana.org/reports/tld-transfer/20221116-trust
.trust,.trust,2026-10-04,delegated,current-snapshot,generic,Internet Naming Co.,Cayman Islands (the),,,yes,,https://www.iana.org/domains/root/db/trust.html
.trv,.trv,2015-11-25,ianaRegistration,iana-registration,generic,"Travelers TLD, LLC",United States of America (the),,,no,,https://www.iana.org/domains/root/db/trv.html
.trv,.trv,2015-12-08,ianaDelegationReport,iana-report,generic,,,"Delegation of the .trv domain to Travelers TLD, LLC",,no,,https://www.iana.org/reports/c.2.9.2.d/20151208-trv
.trv,.trv,2026-10-04,delegated,current-snapshot,generic,"Travelers TLD, LLC",United States of America (the),,,yes,,https://www.iana.org/domains/root/db/trv.html
.tt,.tt,1991-09-03,ianaRegistration,iana-registration,country-code,"University of the West Indies, Faculty of Engineering",Trinidad and Tobago,,,no,,https://www.iana.org/domains/root/db/tt.html
.tt,.tt,2026-10-04,delegated,current-snapshot,country-code,"University of the West Indies, Faculty of Engineering",Trinidad and Tobago,,,yes,,https://www.iana.org/domains/root/db/tt.html
.tube,.tube,2015-12-23,ianaRegistration,iana-registration,generic,Latin American Telecom LLC,United States of America (the),,,no,,https://www.iana.org/domains/root/db/tube.html
.tube,.tube,2016-01-07,ianaDelegationReport,iana-report,generic,,,Delegation of the .tube domain to Latin American Telecom LLC,,no,,https://www.iana.org/reports/c.2.9.2.d/20160107-tube
.tube,.tube,2026-10-04,delegated,current-snapshot,generic,Latin American Telecom LLC,United States of America (the),,,yes,,https://www.iana.org/domains/root/db/tube.html
.tui,.tui,2014-09-18,ianaRegistration,iana-registration,generic,TUI AG,Germany,,,no,,https://www.iana.org/domains/root/db/tui.html
.tui,.tui,2014-09-26,ianaDelegationReport,iana-report,generic,,,Delegation of the .tui domain to TUI AG,,no,,https://www.iana.org/reports/c.2.9.2.d/20140926-tui
.tui,.tui,2026-10-04,delegated,current-snapshot,generic,TUI AG,Germany,,,yes,,https://www.iana.org/domains/root/db/tui.html
.tunes,.tunes,2016-01-29,ianaRegistration,iana-registration,generic,"Amazon Registry Services, Inc.",United States of America (the),,,no,,https://www.iana.org/domains/root/db/tunes.html
.tunes,.tunes,2016-02-17,ianaDelegationReport,iana-report,generic,,,"Delegation of the .tunes domain to Amazon Registry Services, Inc.",,no,,https://www.iana.org/reports/c.2.9.2.d/20160217-tunes
.tunes,.tunes,2026-10-04,delegated,current-snapshot,generic,"Amazon Registry Services, Inc.",United States of America (the),,,yes,,https://www.iana.org/domains/root/db/tunes.html
.tushu,.tushu,2015-11-12,ianaRegistration,iana-registration,generic,"Amazon Registry Services, Inc.",United States of America (the),,,no,,https://www.iana.org/domains/root/db/tushu.html
.tushu,.tushu,2015-12-08,ianaDelegationReport,iana-report,generic,,,"Delegation of the .tushu domain to Amazon Registry Services, Inc.",,no,,https://www.iana.org/reports/c.2.9.2.d/20151208-tushu
.tushu,.tushu,2026-10-04,delegated,current-snapshot,generic,"Amazon Registry Services, Inc.",United States of America (the),,,yes,,https://www.iana.org/domains/root/db/tushu.html
.tv,.tv,1996-03-18,ianaRegistration,,,,,,,no,,https://www.iana.org/domains/root/db/tv.html
.tv,.tv,2026-10-04,delegated,,country-code,"Ministry of Transport, Energy, Communications and Innovations",Tuvalu,,,yes,,https://www.iana.org/domains/root/db/tv.html
.tvs,.tvs,2016-02-05,ianaRegistration,iana-registration,generic,T V SUNDRAM IYENGAR & SONS PRIVATE LIMITED,India,,,no,,https://www.iana.org/domains/root/db/tvs.html
.tvs,.tvs,2016-02-09,ianaDelegationReport,iana-report,generic,,,Delegation of the .tvs domain to T V Sundram Iyengar & Sons Private Limited,,no,,https://www.iana.org/reports/c.2.9.2.d/20160209-tvs
.tvs,.tvs,2026-10-04,delegated,current-snapshot,generic,T V SUNDRAM IYENGAR & SONS PRIVATE LIMITED,India,,,yes,,https://www.iana.org/domains/root/db/tvs.html
.tw,.tw,1989-07-31,ianaRegistration,iana-registration,country-code,Taiwan Network Information Center (TWNIC),Taiwan,,,no,,https://www.iana.org/domains/root/db/tw.html
.tw,.tw,2026-10-04,delegated,current-snapshot,country-code,Taiwan Network Information Center (TWNIC),Taiwan,,,yes,,https://www.iana.org/domains/root/db/tw.html
.tz,.tz,1995-07-14,ianaRegistration,iana-registration,country-code,Tanzania Communications Regulatory Authority,"Tanzania, the United Republic of",,,no,,https://www.iana.org/domains/root/db/tz.html
.tz,.tz,2010-04-01,ianaTransferReport,iana-report,country-code,,,"Report on the Redelegation of the .TZ Top-Level Domain to ""Tanzania Network Information Centre Ltd.""",,no,,https://www.iana.org/reports/2010/tz-report-01apr2010.html
.tz,.tz,2019-10-14,ianaTransferReport,iana-report,country-code,,,Transfer of the .TZ (United Republic of Tanzania) domain to the Tanzania Communications Regulatory Authority,,no,,https://www.iana.org/reports/2019/tz-report-20191014.html
.tz,.tz,2026-10-04,delegated,current-snapshot,country-code,Tanzania Communications Regulatory Authority,"Tanzania, the United Republic of",,,yes,,https://www.iana.org/domains/root/db/tz.html
.ua,.ua,1992-12-01,ianaRegistration,iana-registration,country-code,Hostmaster Ltd.,Ukraine,,,no,,https://www.iana.org/domains/root/db/ua.html
.ua,.ua,2026-10-04,delegated,current-snapshot,country-code,Hostmaster Ltd.,Ukraine,,,yes,,https://www.iana.org/domains/root/db/ua.html
.ubank,.ubank,2016-08-04,ianaRegistration,iana-registration,generic,National Australia Bank Limited,Australia,,,no,,https://www.iana.org/domains/root/db/ubank.html
.ubank,.ubank,2016-08-15,ianaDelegationReport,iana-report,generic,,,Delegation of the .ubank domain to National Australia Bank Limited,,no,,https://www.iana.org/reports/c.2.9.2.d/20160815-ubank
.ubank,.ubank,2026-10-04,delegated,current-snapshot,generic,National Australia Bank Limited,Australia,,,yes,,https://www.iana.org/domains/root/db/ubank.html
.ubs,.ubs,2015-06-11,ianaRegistration,iana-registration,generic,UBS AG,Switzerland,,,no,,https://www.iana.org/domains/root/db/ubs.html
.ubs,.ubs,2015-07-09,ianaDelegationReport,iana-report,generic,,,Delegation of the .ubs domain to UBS AG,,no,,https://www.iana.org/reports/c.2.9.2.d/20150709-ubs
.ubs,.ubs,2026-10-04,delegated,current-snapshot,generic,UBS AG,Switzerland,,,yes,,https://www.iana.org/domains/root/db/ubs.html
.uconnect,.uconnect,2016-07-07,ianaRegistration,iana-registration,generic,,,,,no,,https://www.iana.org/domains/root/db/uconnect.html
.uconnect,.uconnect,2016-07-25,ianaDelegationReport,iana-report,generic,,,Delegation of the .uconnect domain to FCA US Llc,,no,,https://www.iana.org/reports/c.2.9.2.d/20160725-uconnect
.uconnect,.uconnect,2019-11-20,ianaRevocationReport,iana-report,generic,,,Revocation of the .uconnect domain,,no,,https://www.iana.org/reports/tld-transfer/20191120-uconnect
.uconnect,.uconnect,2026-10-04,notDelegated,current-snapshot,generic,,,,,yes,,https://www.iana.org/domains/root/db/uconnect.html
.ug,.ug,1995-03-08,ianaRegistration,iana-registration,country-code,Uganda Online Ltd.,Uganda,,,no,,https://www.iana.org/domains/root/db/ug.html
.ug,.ug,2026-10-04,delegated,current-snapshot,country-code,Uganda Online Ltd.,Uganda,,,yes,,https://www.iana.org/domains/root/db/ug.html
.uk,.uk,1985-07-24,ianaRegistration,,,,,,,no,,https://www.iana.org/domains/root/db/uk.html
.uk,.uk,2026-10-04,delegated,,country-code,Nominet UK,United Kingdom of Great Britain and Northern Ireland (the),,,yes,,https://www.iana.org/domains/root/db/uk.html
.um,.um,2007-01-10,ianaRevocationReport,iana-report,country-code,,,Report on Revocation of the .UM Top-Level Domain,,no,,https://www.iana.org/reports/2007/um-report-10jan2007.html
.um,.um,2008-04-21,ianaRegistration,iana-registration,country-code,,,,,no,,https://www.iana.org/domains/root/db/um.html
.um,.um,2026-10-04,notDelegated,current-snapshot,country-code,,,,,yes,,https://www.iana.org/domains/root/db/um.html
.unicom,.unicom,2016-01-22,ianaRegistration,iana-registration,generic,China United Network Communications Corporation Limited,China,,,no,,https://www.iana.org/domains/root/db/unicom.html
.unicom,.unicom,2016-02-01,ianaDelegationReport,iana-report,generic,,,Delegation of the .unicom domain to China United Network Communications Corporation Limited,,no,,https://www.iana.org/reports/c.2.9.2.d/20160201-unicom
.unicom,.unicom,2026-10-04,delegated,current-snapshot,generic,China United Network Communications Corporation Limited,China,,,yes,,https://www.iana.org/domains/root/db/unicom.html
.union,.union,2000,applicationSubmitted,application,notApplicable,International Confederation of Free Trade Unions (ICFTU),Belgium,2000-045,,no,,https://archive.icann.org/en/tlds/tld-applications-lodged-02oct00.htm
.union,.union,2000,evaluated,,application,,,,,no,,https://archive.icann.org/en/tlds/union1/ | https://archive.icann.org/en/tlds/
.union,.union,2026-10-04,notDelegated,current-snapshot,notApplicable,International Confederation of Free Trade Unions (ICFTU),,,,yes,,https://archive.icann.org/en/tlds/union1/
.university,.university,2014-04-03,ianaRegistration,iana-registration,generic,"Binky Moon, LLC",United States of America (the),,,no,,https://www.iana.org/domains/root/db/university.html
.university,.university,2014-04-09,ianaDelegationReport,iana-report,generic,,,"Delegation of the .university domain to Little Station, LLC",,no,,https://www.iana.org/reports/c.2.9.2.d/20140409-university
.university,.university,2018-03-23,ianaTransferReport,iana-report,generic,,,Transfer of the .academy domain and 195 others,,no,,https://www.iana.org/reports/tld-transfer/20180323-binkymoon
.university,.university,2026-10-04,delegated,current-snapshot,generic,"Binky Moon, LLC",United States of America (the),,,yes,,https://www.iana.org/domains/root/db/university.html
.uno,.uno,2013-11-13,ianaRegistration,iana-registration,generic,Radix Technologies Inc.,Cayman Islands (the),,,no,,https://www.iana.org/domains/root/db/uno.html
.uno,.uno,2013-11-26,ianaDelegationReport,iana-report,generic,,,Delegation of the .UNO domain to Dot Latin LLC,,no,,https://www.iana.org/reports/c.2.9.2.d/20131126-uno
.uno,.uno,2019-10-23,ianaTransferReport,iana-report,generic,,,Transfer of the .uno domain to DotSite Inc.,,no,,https://www.iana.org/reports/tld-transfer/20191023-uno
.uno,.uno,2021-08-26,ianaTransferReport,iana-report,generic,,,Transfer of the .uno domain to Radix FZC,,no,,https://www.iana.org/reports/tld-transfer/20210826-uno
.uno,.uno,2024-02-07,ianaTransferReport,iana-report,generic,,,Transfer of the .uno domain to Radix Technologies Inc.,,no,,https://www.iana.org/reports/tld-transfer/20240207-uno
.uno,.uno,2026-10-04,delegated,current-snapshot,generic,Radix Technologies Inc.,Cayman Islands (the),,,yes,,https://www.iana.org/domains/root/db/uno.html
.uol,.uol,2014-08-07,ianaRegistration,iana-registration,generic,UBN INTERNET LTDA.,Brazil,,,no,,https://www.iana.org/domains/root/db/uol.html
.uol,.uol,2014-08-14,ianaDelegationReport,iana-report,generic,,,Delegation of the .uol domain to UBN Internet Ltda.,,no,,https://www.iana.org/reports/c.2.9.2.d/20140814-uol
.uol,.uol,2026-10-04,delegated,current-snapshot,generic,UBN INTERNET LTDA.,Brazil,,,yes,,https://www.iana.org/domains/root/db/uol.html
.ups,.ups,2016-04-14,ianaRegistration,iana-registration,generic,"UPS Market Driver, Inc.",United States of America (the),,,no,,https://www.iana.org/domains/root/db/ups.html
.ups,.ups,2016-05-26,ianaDelegationReport,iana-report,generic,,,"Delegation of the .ups domain to UPS Market Driver, Inc.",,no,,https://www.iana.org/reports/c.2.9.2.d/20160526-ups
.ups,.ups,2026-10-04,delegated,current-snapshot,generic,"UPS Market Driver, Inc.",United States of America (the),,,yes,,https://www.iana.org/domains/root/db/ups.html
.us,.us,1985-02-15,ianaRegistration,iana-registration,country-code,"Registry Services, LLC",United States of America (the),,,no,,https://www.iana.org/domains/root/db/us.html
.us,.us,2026-10-04,delegated,current-snapshot,country-code,"Registry Services, LLC",United States of America (the),,,yes,,https://www.iana.org/domains/root/db/us.html
.uy,.uy,1990-09-10,ianaRegistration,iana-registration,country-code,SeCIU - Universidad de la Republica,Uruguay,,,no,,https://www.iana.org/domains/root/db/uy.html
.uy,.uy,2026-10-04,delegated,current-snapshot,country-code,SeCIU - Universidad de la Republica,Uruguay,,,yes,,https://www.iana.org/domains/root/db/uy.html
.uz,.uz,1995-04-29,ianaRegistration,iana-registration,country-code,Single Integrator for Creation and Support of State Information Systems UZINFOCOM,Uzbekistan,,,no,,https://www.iana.org/domains/root/db/uz.html
.uz,.uz,2003-04-10,ianaTransferReport,iana-report,country-code,,,IANA Report on Redelegation of the .UZ Top-Level Domain,,no,,https://www.iana.org/reports/2003/uz-report-10apr03.html
.uz,.uz,2026-10-04,delegated,current-snapshot,country-code,Single Integrator for Creation and Support of State Information Systems UZINFOCOM,Uzbekistan,,,yes,,https://www.iana.org/domains/root/db/uz.html
.va,.va,1995-09-11,ianaRegistration,iana-registration,country-code,Holy See - Vatican City State,Holy See (the),,,no,,https://www.iana.org/domains/root/db/va.html
.va,.va,2026-10-04,delegated,current-snapshot,country-code,Holy See - Vatican City State,Holy See (the),,,yes,,https://www.iana.org/domains/root/db/va.html
.vacations,.vacations,2014-02-13,ianaRegistration,iana-registration,generic,"Binky Moon, LLC",United States of America (the),,,no,,https://www.iana.org/domains/root/db/vacations.html
.vacations,.vacations,2014-02-14,ianaDelegationReport,iana-report,generic,,,"Delegation of the .vacations domain to Atomic Tigers, LLC",,no,,https://www.iana.org/reports/c.2.9.2.d/20140214-vacations
.vacations,.vacations,2018-03-23,ianaTransferReport,iana-report,generic,,,Transfer of the .academy domain and 195 others,,no,,https://www.iana.org/reports/tld-transfer/20180323-binkymoon
.vacations,.vacations,2026-10-04,delegated,current-snapshot,generic,"Binky Moon, LLC",United States of America (the),,,yes,,https://www.iana.org/domains/root/db/vacations.html
.vana,.vana,2015-09-24,ianaRegistration,iana-registration,generic,D3 Registry LLC,United States of America (the),,,no,,https://www.iana.org/domains/root/db/vana.html
.vana,.vana,2015-11-06,ianaDelegationReport,iana-report,generic,,,"Delegation of the .vana domain to Lifestyle Domain Holdings, Inc.",,no,,https://www.iana.org/reports/c.2.9.2.d/20151106-vana
.vana,.vana,2024-01-09,ianaTransferReport,iana-report,generic,,,Transfer of the .vana domain to Internet Naming Co.,,no,,https://www.iana.org/reports/tld-transfer/20240109-vana
.vana,.vana,2024-07-16,ianaTransferReport,iana-report,generic,,,Transfer of the .vana domain to D3 Registry LLC,,no,,https://www.iana.org/reports/tld-transfer/20240716-vana
.vana,.vana,2026-10-04,delegated,current-snapshot,generic,D3 Registry LLC,United States of America (the),,,yes,,https://www.iana.org/domains/root/db/vana.html
.vanguard,.vanguard,2016-08-18,ianaRegistration,iana-registration,generic,"The Vanguard Group, Inc.",United States of America (the),,,no,,https://www.iana.org/domains/root/db/vanguard.html
.vanguard,.vanguard,2016-08-24,ianaDelegationReport,iana-report,generic,,,"Delegation of the .vanguard domain to The Vanguard Group, Inc.",,no,,https://www.iana.org/reports/c.2.9.2.d/20160824-vanguard
.vanguard,.vanguard,2026-10-04,delegated,current-snapshot,generic,"The Vanguard Group, Inc.",United States of America (the),,,yes,,https://www.iana.org/domains/root/db/vanguard.html
.vc,.vc,1991-09-03,ianaRegistration,iana-registration,country-code,"Ministry of Telecommunications, Science, Technology and Industry",Saint Vincent and the Grenadines,,,no,,https://www.iana.org/domains/root/db/vc.html
.vc,.vc,2026-10-04,delegated,current-snapshot,country-code,"Ministry of Telecommunications, Science, Technology and Industry",Saint Vincent and the Grenadines,,,yes,,https://www.iana.org/domains/root/db/vc.html
.ve,.ve,1991-03-07,ianaRegistration,iana-registration,country-code,Comisión Nacional de Telecomunicaciones (CONATEL),Venezuela (Bolivarian Republic of),,,no,,https://www.iana.org/domains/root/db/ve.html
.ve,.ve,2026-10-04,delegated,current-snapshot,country-code,Comisión Nacional de Telecomunicaciones (CONATEL),Venezuela (Bolivarian Republic of),,,yes,,https://www.iana.org/domains/root/db/ve.html
.vegas,.vegas,2014-03-20,ianaRegistration,iana-registration,generic,"Dot Vegas, Inc.",United States of America (the),,,no,,https://www.iana.org/domains/root/db/vegas.html
.vegas,.vegas,2014-03-27,ianaDelegationReport,iana-report,generic,,,"Delegation of the .vegas domain to Dot Vegas, Inc.",,no,,https://www.iana.org/reports/c.2.9.2.d/20140327-vegas
.vegas,.vegas,2026-10-04,delegated,current-snapshot,generic,"Dot Vegas, Inc.",United States of America (the),,,yes,,https://www.iana.org/domains/root/db/vegas.html
.ventures,.ventures,2013-10-31,ianaRegistration,iana-registration,generic,"Binky Moon, LLC",United States of America (the),,,no,,https://www.iana.org/domains/root/db/ventures.html
.ventures,.ventures,2013-11-04,ianaDelegationReport,iana-report,generic,,,"Delegation of the .VENTURES domain to Binky Lake, LLC",,no,,https://www.iana.org/reports/c.2.9.2.d/20131104-ventures
.ventures,.ventures,2018-03-23,ianaTransferReport,iana-report,generic,,,Transfer of the .academy domain and 195 others,,no,,https://www.iana.org/reports/tld-transfer/20180323-binkymoon
.ventures,.ventures,2026-10-04,delegated,current-snapshot,generic,"Binky Moon, LLC",United States of America (the),,,yes,,https://www.iana.org/domains/root/db/ventures.html
.verisign,.verisign,2015-11-06,ianaRegistration,iana-registration,generic,"VeriSign, Inc.",United States of America (the),,,no,,https://www.iana.org/domains/root/db/verisign.html
.verisign,.verisign,2015-11-20,ianaDelegationReport,iana-report,generic,,,"Delegation of the .verisign domain to VeriSign, Inc.",,no,,https://www.iana.org/reports/c.2.9.2.d/20151120-verisign
.verisign,.verisign,2026-10-04,delegated,current-snapshot,generic,"VeriSign, Inc.",United States of America (the),,,yes,,https://www.iana.org/domains/root/db/verisign.html
.versicherung,.versicherung,2014-05-15,ianaRegistration,iana-registration,generic,tldbox GmbH,Austria,,,no,,https://www.iana.org/domains/root/db/versicherung.html
.versicherung,.versicherung,2014-05-21,ianaDelegationReport,iana-report,generic,,,Delegation of the .versicherung domain to dotversicherung-registry GmbH,,no,,https://www.iana.org/reports/c.2.9.2.d/20140521-versicherung
.versicherung,.versicherung,2017-03-06,ianaTransferReport,iana-report,generic,,,Transfer of the .versicherung domain to TLD-BOX Registrydienstleistungen GmbH,,no,,https://www.iana.org/reports/tld-transfer/20170306-versicherung
.versicherung,.versicherung,2026-10-04,delegated,current-snapshot,generic,tldbox GmbH,Austria,,,yes,,https://www.iana.org/domains/root/db/versicherung.html
.vet,.vet,2014-05-22,ianaRegistration,iana-registration,generic,"Dog Beach, LLC",United States of America (the),,,no,,https://www.iana.org/domains/root/db/vet.html
.vet,.vet,2014-05-28,ianaDelegationReport,iana-report,generic,,,"Delegation of the .vet domain to United TLD Holdco, Ltd",,no,,https://www.iana.org/reports/c.2.9.2.d/20140528-vet
.vet,.vet,2021-06-02,ianaTransferReport,iana-report,generic,,,"Transfer of the .vet domain to Dog Beach, LLC",,no,,https://www.iana.org/reports/tld-transfer/20210602-vet
.vet,.vet,2026-10-04,delegated,current-snapshot,generic,"Dog Beach, LLC",United States of America (the),,,yes,,https://www.iana.org/domains/root/db/vet.html
.vg,.vg,1997-02-20,ianaRegistration,iana-registration,country-code,Telecommunications Regulatory Commission of the Virgin Islands,Virgin Islands (British),,,no,,https://www.iana.org/domains/root/db/vg.html
.vg,.vg,2014-02-03,ianaTransferReport,iana-report,country-code,,,Redelegation of the .vg domain representing the British Virgin Islands to the Telecommunications Regulatory Commission,,no,,https://www.iana.org/reports/2014/vg-report-20140203.html
.vg,.vg,2026-10-04,delegated,current-snapshot,country-code,Telecommunications Regulatory Commission of the Virgin Islands,Virgin Islands (British),,,yes,,https://www.iana.org/domains/root/db/vg.html
.vi,.vi,1995-08-31,ianaRegistration,iana-registration,country-code,"Virgin Islands Public Telecommunications System, Inc.",Virgin Islands (U.S.),,,no,,https://www.iana.org/domains/root/db/vi.html
.vi,.vi,2026-10-04,delegated,current-snapshot,country-code,"Virgin Islands Public Telecommunications System, Inc.",Virgin Islands (U.S.),,,yes,,https://www.iana.org/domains/root/db/vi.html
.viajes,.viajes,2013-12-12,ianaDelegationReport,iana-report,generic,,,"Delegation of the .VIAJES domain to Black Madison, LLC",,no,,https://www.iana.org/reports/c.2.9.2.d/20131212-viajes
.viajes,.viajes,2013-12-12,ianaRegistration,iana-registration,generic,"Binky Moon, LLC",United States of America (the),,,no,,https://www.iana.org/domains/root/db/viajes.html
.viajes,.viajes,2018-03-23,ianaTransferReport,iana-report,generic,,,Transfer of the .academy domain and 195 others,,no,,https://www.iana.org/reports/tld-transfer/20180323-binkymoon
.viajes,.viajes,2026-10-04,delegated,current-snapshot,generic,"Binky Moon, LLC",United States of America (the),,,yes,,https://www.iana.org/domains/root/db/viajes.html
.video,.video,2014-12-17,ianaRegistration,iana-registration,generic,"Dog Beach, LLC",United States of America (the),,,no,,https://www.iana.org/domains/root/db/video.html
.video,.video,2014-12-22,ianaDelegationReport,iana-report,generic,,,"Delegation of the .video domain to United TLD Holdco, Ltd",,no,,https://www.iana.org/reports/c.2.9.2.d/20141222-video
.video,.video,2021-06-02,ianaTransferReport,iana-report,generic,,,"Transfer of the .video domain to Dog Beach, LLC",,no,,https://www.iana.org/reports/tld-transfer/20210602-video
.video,.video,2026-10-04,delegated,current-snapshot,generic,"Dog Beach, LLC",United States of America (the),,,yes,,https://www.iana.org/domains/root/db/video.html
.vig,.vig,2015-11-25,ianaRegistration,iana-registration,generic,VIENNA INSURANCE GROUP AG Wiener Versicherung Gruppe,Austria,,,no,,https://www.iana.org/domains/root/db/vig.html
.vig,.vig,2016-04-01,ianaDelegationReport,iana-report,generic,,,Delegation of the .vig domain to Vienna Insurance Group AG Wiener Versicherung Gruppe,,no,,https://www.iana.org/reports/c.2.9.2.d/20160401-vig
.vig,.vig,2026-10-04,delegated,current-snapshot,generic,VIENNA INSURANCE GROUP AG Wiener Versicherung Gruppe,Austria,,,yes,,https://www.iana.org/domains/root/db/vig.html
.viking,.viking,2015-10-15,ianaRegistration,iana-registration,generic,Viking River Cruises (Bermuda) Ltd.,United States of America (the),,,no,,https://www.iana.org/domains/root/db/viking.html
.viking,.viking,2016-02-17,ianaDelegationReport,iana-report,generic,,,Delegation of the .viking domain to Viking River Cruises (Bermuda) Ltd.,,no,,https://www.iana.org/reports/c.2.9.2.d/20160217-viking
.viking,.viking,2026-10-04,delegated,current-snapshot,generic,Viking River Cruises (Bermuda) Ltd.,United States of America (the),,,yes,,https://www.iana.org/domains/root/db/viking.html
.villas,.villas,2014-02-06,ianaRegistration,iana-registration,generic,"Binky Moon, LLC",United States of America (the),,,no,,https://www.iana.org/domains/root/db/villas.html
.villas,.villas,2014-02-07,ianaDelegationReport,iana-report,generic,,,"Delegation of the .villas domain to New Sky, LLC",,no,,https://www.iana.org/reports/c.2.9.2.d/20140207-villas
.villas,.villas,2018-03-23,ianaTransferReport,iana-report,generic,,,Transfer of the .academy domain and 195 others,,no,,https://www.iana.org/reports/tld-transfer/20180323-binkymoon
.villas,.villas,2026-10-04,delegated,current-snapshot,generic,"Binky Moon, LLC",United States of America (the),,,yes,,https://www.iana.org/domains/root/db/villas.html
.vin,.vin,2015-07-23,ianaRegistration,iana-registration,generic,"Binky Moon, LLC",United States of America (the),,,no,,https://www.iana.org/domains/root/db/vin.html
.vin,.vin,2015-07-30,ianaDelegationReport,iana-report,generic,,,"Delegation of the .vin domain to Holly Shadow, LLC",,no,,https://www.iana.org/reports/c.2.9.2.d/20150730-vin
.vin,.vin,2018-03-23,ianaTransferReport,iana-report,generic,,,Transfer of the .academy domain and 195 others,,no,,https://www.iana.org/reports/tld-transfer/20180323-binkymoon
.vin,.vin,2026-10-04,delegated,current-snapshot,generic,"Binky Moon, LLC",United States of America (the),,,yes,,https://www.iana.org/domains/root/db/vin.html
.vip,.vip,2015-07-30,ianaRegistration,iana-registration,generic,"Registry Services, LLC",United States of America (the),,,no,,https://www.iana.org/domains/root/db/vip.html
.vip,.vip,2015-11-17,ianaDelegationReport,iana-report,generic,,,Delegation of the .vip domain to Minds + Machines Group Limited,,no,,https://www.iana.org/reports/c.2.9.2.d/20151117-vip
.vip,.vip,2021-09-14,ianaTransferReport,iana-report,generic,,,"Transfer of the .vip domain to Registry Services, LLC",,no,,https://www.iana.org/reports/tld-transfer/20210914-vip
.vip,.vip,2026-10-04,delegated,current-snapshot,generic,"Registry Services, LLC",United States of America (the),,,yes,,https://www.iana.org/domains/root/db/vip.html
.virgin,.virgin,2015-09-10,ianaRegistration,iana-registration,generic,Virgin Enterprises Limited,United Kingdom of Great Britain and Northern Ireland (the),,,no,,https://www.iana.org/domains/root/db/virgin.html
.virgin,.virgin,2015-10-05,ianaDelegationReport,iana-report,generic,,,Delegation of the .virgin domain to Virgin Enterprises Limited,,no,,https://www.iana.org/reports/c.2.9.2.d/20151005-virgin
.virgin,.virgin,2026-10-04,delegated,current-snapshot,generic,Virgin Enterprises Limited,United Kingdom of Great Britain and Northern Ireland (the),,,yes,,https://www.iana.org/domains/root/db/virgin.html
.visa,.visa,2016-06-30,ianaRegistration,iana-registration,generic,Visa Worldwide Pte. Limited,Singapore,,,no,,https://www.iana.org/domains/root/db/visa.html
.visa,.visa,2016-07-22,ianaDelegationReport,iana-report,generic,,,Delegation of the .visa domain to Visa Worldwide Pte. Limited,,no,,https://www.iana.org/reports/c.2.9.2.d/20160722-visa
.visa,.visa,2026-10-04,delegated,current-snapshot,generic,Visa Worldwide Pte. Limited,Singapore,,,yes,,https://www.iana.org/domains/root/db/visa.html
.vision,.vision,2014-02-06,ianaRegistration,iana-registration,generic,"Binky Moon, LLC",United States of America (the),,,no,,https://www.iana.org/domains/root/db/vision.html
.vision,.vision,2014-02-07,ianaDelegationReport,iana-report,generic,,,"Delegation of the .vision domain to Koko Station, LLC",,no,,https://www.iana.org/reports/c.2.9.2.d/20140207-vision
.vision,.vision,2018-03-23,ianaTransferReport,iana-report,generic,,,Transfer of the .academy domain and 195 others,,no,,https://www.iana.org/reports/tld-transfer/20180323-binkymoon
.vision,.vision,2026-10-04,delegated,current-snapshot,generic,"Binky Moon, LLC",United States of America (the),,,yes,,https://www.iana.org/domains/root/db/vision.html
.vista,.vista,2015-06-04,ianaRegistration,iana-registration,generic,,,,,no,,https://www.iana.org/domains/root/db/vista.html
.vista,.vista,2015-06-16,ianaDelegationReport,iana-report,generic,,,Delegation of the .vista domain to Vistaprint Limited,,no,,https://www.iana.org/reports/c.2.9.2.d/20150616-vista
.vista,.vista,2018-09-12,ianaRevocationReport,iana-report,generic,,,Revocation of the .vista domain,,no,,https://www.iana.org/reports/tld-transfer/20180912-vista
.vista,.vista,2026-10-04,notDelegated,current-snapshot,generic,,,,,yes,,https://www.iana.org/domains/root/db/vista.html
.vistaprint,.vistaprint,2015-06-04,ianaRegistration,iana-registration,generic,,,,,no,,https://www.iana.org/domains/root/db/vistaprint.html
.vistaprint,.vistaprint,2015-06-16,ianaDelegationReport,iana-report,generic,,,Delegation of the .vistaprint domain to Vistaprint Limited,,no,,https://www.iana.org/reports/c.2.9.2.d/20150616-vistaprint
.vistaprint,.vistaprint,2020-03-14,ianaRevocationReport,iana-report,generic,,,Revocation of the .vistaprint domain,,no,,https://www.iana.org/reports/tld-transfer/20200314-vistaprint
.vistaprint,.vistaprint,2026-10-04,notDelegated,current-snapshot,generic,,,,,yes,,https://www.iana.org/domains/root/db/vistaprint.html
.viva,.viva,2015-08-20,ianaRegistration,iana-registration,generic,Saudi Telecom Company,Saudi Arabia,,,no,,https://www.iana.org/domains/root/db/viva.html
.viva,.viva,2015-08-26,ianaDelegationReport,iana-report,generic,,,Delegation of the .viva domain to Saudi Telecom Company,,no,,https://www.iana.org/reports/c.2.9.2.d/20150826-viva
.viva,.viva,2026-10-04,delegated,current-snapshot,generic,Saudi Telecom Company,Saudi Arabia,,,yes,,https://www.iana.org/domains/root/db/viva.html
.vivo,.vivo,2016-05-26,ianaRegistration,iana-registration,generic,Telefonica Brasil S.A.,Brazil,,,no,,https://www.iana.org/domains/root/db/vivo.html
.vivo,.vivo,2016-07-12,ianaDelegationReport,iana-report,generic,,,Delegation of the .vivo domain to Telefonica Brasil S.A.,,no,,https://www.iana.org/reports/c.2.9.2.d/20160712-vivo
.vivo,.vivo,2026-10-04,delegated,current-snapshot,generic,Telefonica Brasil S.A.,Brazil,,,yes,,https://www.iana.org/domains/root/db/vivo.html
.vlaanderen,.vlaanderen,2014-06-05,ianaRegistration,iana-registration,generic,DNS.be vzw,Belgium,,,no,,https://www.iana.org/domains/root/db/vlaanderen.html
.vlaanderen,.vlaanderen,2014-06-12,ianaDelegationReport,iana-report,generic,,,Delegation of the .vlaanderen domain to DNS.be vzw,,no,,https://www.iana.org/reports/c.2.9.2.d/20140612-vlaanderen
.vlaanderen,.vlaanderen,2026-10-04,delegated,current-snapshot,generic,DNS.be vzw,Belgium,,,yes,,https://www.iana.org/domains/root/db/vlaanderen.html
.vn,.vn,1994-04-14,ianaRegistration,iana-registration,country-code,Viet Nam Internet Network Information Center (VNNIC),Viet Nam,,,no,,https://www.iana.org/domains/root/db/vn.html
.vn,.vn,2026-10-04,delegated,current-snapshot,country-code,Viet Nam Internet Network Information Center (VNNIC),Viet Nam,,,yes,,https://www.iana.org/domains/root/db/vn.html
.vodka,.vodka,2014-02-28,ianaRegistration,iana-registration,generic,"Registry Services, LLC",United States of America (the),,,no,,https://www.iana.org/domains/root/db/vodka.html
.vodka,.vodka,2014-03-27,ianaDelegationReport,iana-report,generic,,,Delegation of the .vodka domain to Top Level Domain Holdings Limited,,no,,https://www.iana.org/reports/c.2.9.2.d/20140327-vodka
.vodka,.vodka,2021-09-14,ianaTransferReport,iana-report,generic,,,"Transfer of the .vodka domain to Registry Services, LLC",,no,,https://www.iana.org/reports/tld-transfer/20210914-vodka
.vodka,.vodka,2026-10-04,delegated,current-snapshot,generic,"Registry Services, LLC",United States of America (the),,,yes,,https://www.iana.org/domains/root/db/vodka.html
.voice,.voice,2000,applicationSubmitted,application,notApplicable,"Name.Space, Incorporated",United States,2000-001,,no,,https://archive.icann.org/en/tlds/tld-applications-lodged-02oct00.htm
.voice,.voice,2026-10-04,notDelegated,current-snapshot,notApplicable,"Name.Space, Incorporated",,,,yes,,https://archive.icann.org/en/tlds/tld-applications-lodged-02oct00.htm
.volkswagen,.volkswagen,2015-12-23,ianaRegistration,iana-registration,generic,,,,,no,,https://www.iana.org/domains/root/db/volkswagen.html
.volkswagen,.volkswagen,2016-01-06,ianaDelegationReport,iana-report,generic,,,Delegation of the .volkswagen domain to Volkswagen Group of America Inc.,,no,,https://www.iana.org/reports/c.2.9.2.d/20160106-volkswagen
.volkswagen,.volkswagen,2023-11-20,ianaRevocationReport,iana-report,generic,,,Revocation of the .volkswagen domain,,no,,https://www.iana.org/reports/tld-transfer/20231120-volkswagen
.volkswagen,.volkswagen,2026-10-04,notDelegated,current-snapshot,generic,,,,,yes,,https://www.iana.org/domains/root/db/volkswagen.html
.volvo,.volvo,2016-01-29,ianaRegistration,iana-registration,generic,Volvo Holding Sverige Aktiebolag,Sweden,,,no,,https://www.iana.org/domains/root/db/volvo.html
.volvo,.volvo,2016-10-24,ianaDelegationReport,iana-report,generic,,,Delegation of the .volvo domain to Volvo Holding Sverige Aktiebolag,,no,,https://www.iana.org/reports/tld-transfer/20161024-volvo
.volvo,.volvo,2026-10-04,delegated,current-snapshot,generic,Volvo Holding Sverige Aktiebolag,Sweden,,,yes,,https://www.iana.org/domains/root/db/volvo.html
.vote,.vote,2014-02-13,ianaRegistration,iana-registration,generic,Monolith Registry LLC,United States of America (the),,,no,,https://www.iana.org/domains/root/db/vote.html
.vote,.vote,2014-02-25,ianaDelegationReport,iana-report,generic,,,Delegation of the .vote domain to Monolith Registry LLC,,no,,https://www.iana.org/reports/c.2.9.2.d/20140225-vote
.vote,.vote,2026-10-04,delegated,current-snapshot,generic,Monolith Registry LLC,United States of America (the),,,yes,,https://www.iana.org/domains/root/db/vote.html
.voting,.voting,2014-01-16,ianaRegistration,iana-registration,generic,Valuetainment Corp.,Switzerland,,,no,,https://www.iana.org/domains/root/db/voting.html
.voting,.voting,2014-01-24,ianaDelegationReport,iana-report,generic,,,Delegation of the .VOTING domain to Valuetainment Corp.,,no,,https://www.iana.org/reports/c.2.9.2.d/20140124-voting
.voting,.voting,2026-10-04,delegated,current-snapshot,generic,Valuetainment Corp.,Switzerland,,,yes,,https://www.iana.org/domains/root/db/voting.html
.voto,.voto,2014-02-13,ianaRegistration,iana-registration,generic,Monolith Registry LLC,United States of America (the),,,no,,https://www.iana.org/domains/root/db/voto.html
.voto,.voto,2014-02-25,ianaDelegationReport,iana-report,generic,,,Delegation of the .voto domain to Monolith Registry LLC,,no,,https://www.iana.org/reports/c.2.9.2.d/20140225-voto
.voto,.voto,2026-10-04,delegated,current-snapshot,generic,Monolith Registry LLC,United States of America (the),,,yes,,https://www.iana.org/domains/root/db/voto.html
.voyage,.voyage,2013-10-31,ianaRegistration,iana-registration,generic,"Binky Moon, LLC",United States of America (the),,,no,,https://www.iana.org/domains/root/db/voyage.html
.voyage,.voyage,2013-11-04,ianaDelegationReport,iana-report,generic,,,"Delegation of the .VOYAGE domain to Ruby House, LLC",,no,,https://www.iana.org/reports/c.2.9.2.d/20131104-voyage
.voyage,.voyage,2018-03-23,ianaTransferReport,iana-report,generic,,,Transfer of the .academy domain and 195 others,,no,,https://www.iana.org/reports/tld-transfer/20180323-binkymoon
.voyage,.voyage,2026-10-04,delegated,current-snapshot,generic,"Binky Moon, LLC",United States of America (the),,,yes,,https://www.iana.org/domains/root/db/voyage.html
.vu,.vu,1995-04-10,ianaRegistration,iana-registration,country-code,Telecommunications Radiocommunications and Broadcasting Regulator (TRBR),Vanuatu,,,no,,https://www.iana.org/domains/root/db/vu.html
.vu,.vu,2019-02-25,ianaTransferReport,iana-report,country-code,,,Transfer of the .vu domain to Telecommunications Radiocommunications and Broadcasting Regulator (TRBR),,no,,https://www.iana.org/reports/2019/vu-report-20190225.html
.vu,.vu,2026-10-04,delegated,current-snapshot,country-code,Telecommunications Radiocommunications and Broadcasting Regulator (TRBR),Vanuatu,,,yes,,https://www.iana.org/domains/root/db/vu.html
.vuelos,.vuelos,2016-02-19,ianaRegistration,iana-registration,generic,,,,,no,,https://www.iana.org/domains/root/db/vuelos.html
.vuelos,.vuelos,2016-02-29,ianaDelegationReport,iana-report,generic,,,Delegation of the .vuelos domain to Travel Reservations SRL,,no,,https://www.iana.org/reports/c.2.9.2.d/20160229-vuelos
.vuelos,.vuelos,2023-07-07,ianaRevocationReport,iana-report,generic,,,Revocation of the .vuelos domain,,no,,https://www.iana.org/reports/tld-transfer/20230707-vuelos
.vuelos,.vuelos,2026-10-04,notDelegated,current-snapshot,generic,,,,,yes,,https://www.iana.org/domains/root/db/vuelos.html
.wales,.wales,2014-07-31,ianaRegistration,iana-registration,generic,Nominet UK,United Kingdom of Great Britain and Northern Ireland (the),,,no,,https://www.iana.org/domains/root/db/wales.html
.wales,.wales,2014-08-05,ianaDelegationReport,iana-report,generic,,,Delegation of the .wales domain to Nominet UK,,no,,https://www.iana.org/reports/c.2.9.2.d/20140805-wales
.wales,.wales,2026-10-04,delegated,current-snapshot,generic,Nominet UK,United Kingdom of Great Britain and Northern Ireland (the),,,yes,,https://www.iana.org/domains/root/db/wales.html
.walmart,.walmart,2016-07-21,ianaRegistration,iana-registration,generic,"Wal-Mart Stores, Inc.",United States of America (the),,,no,,https://www.iana.org/domains/root/db/walmart.html
.walmart,.walmart,2016-08-16,ianaDelegationReport,iana-report,generic,,,"Delegation of the .walmart domain to Wal-Mart Stores, Inc.",,no,,https://www.iana.org/reports/c.2.9.2.d/20160816-walmart
.walmart,.walmart,2026-10-04,delegated,current-snapshot,generic,"Wal-Mart Stores, Inc.",United States of America (the),,,yes,,https://www.iana.org/domains/root/db/walmart.html
.walter,.walter,2015-05-14,ianaRegistration,iana-registration,generic,Sandvik AB,Sweden,,,no,,https://www.iana.org/domains/root/db/walter.html
.walter,.walter,2015-05-22,ianaDelegationReport,iana-report,generic,,,Delegation of the .walter domain to Sandvik AB,,no,,https://www.iana.org/reports/c.2.9.2.d/20150522-walter
.walter,.walter,2026-10-04,delegated,current-snapshot,generic,Sandvik AB,Sweden,,,yes,,https://www.iana.org/domains/root/db/walter.html
.wang,.wang,2013-12-12,ianaRegistration,iana-registration,generic,Zodiac Wang Limited,China,,,no,,https://www.iana.org/domains/root/db/wang.html
.wang,.wang,2013-12-31,ianaDelegationReport,iana-report,generic,,,Delegation of the .WANG domain to Zodiac Leo Limited,,no,,https://www.iana.org/reports/c.2.9.2.d/20131231-wang
.wang,.wang,2014-06-16,ianaTransferReport,iana-report,generic,,,Redelegation of the .wang domain to Zodiac Registry Limited,,no,,https://www.iana.org/reports/c.2.9.2.d/20140616-wang
.wang,.wang,2026-10-04,delegated,current-snapshot,generic,Zodiac Wang Limited,China,,,yes,,https://www.iana.org/domains/root/db/wang.html
.wanggou,.wanggou,2015-11-12,ianaRegistration,iana-registration,generic,"Amazon Registry Services, Inc.",United States of America (the),,,no,,https://www.iana.org/domains/root/db/wanggou.html
.wanggou,.wanggou,2015-12-08,ianaDelegationReport,iana-report,generic,,,"Delegation of the .wanggou domain to Amazon Registry Services, Inc.",,no,,https://www.iana.org/reports/tld-transfer/20151208-wanggou
.wanggou,.wanggou,2026-10-04,delegated,current-snapshot,generic,"Amazon Registry Services, Inc.",United States of America (the),,,yes,,https://www.iana.org/domains/root/db/wanggou.html
.wap,.wap,2000,applicationSubmitted,application,notApplicable,Rathbawn Computers Limited,United States / Australia,2000-002,,no,,https://archive.icann.org/en/tlds/tld-applications-lodged-02oct00.htm
.wap,.wap,2000,applicationSubmitted,application,notApplicable,"dotWAP Domain Registry (DDR), Inc.",United States,2000-046,,no,,https://archive.icann.org/en/tlds/tld-applications-lodged-02oct00.htm
.wap,.wap,2000,returned,,application,,,,,no,,https://archive.icann.org/en/tlds/
.wap,.wap,2026-10-04,notDelegated,current-snapshot,notApplicable,,,,,yes,,https://archive.icann.org/en/tlds/
.war,.war,2000,applicationSubmitted,application,notApplicable,"Name.Space, Incorporated",United States,2000-001,,no,,https://archive.icann.org/en/tlds/tld-applications-lodged-02oct00.htm
.war,.war,2000,proposed,,application,,,,,no,,https://archive.icann.org/en/tlds/ads1/
.war,.war,2026-10-04,notDelegated,current-snapshot,notApplicable,"Name.Space, Incorporated",,,,yes,,https://archive.icann.org/en/tlds/ads1/
.warman,.warman,2016-04-14,ianaRegistration,iana-registration,generic,,,,,no,,https://www.iana.org/domains/root/db/warman.html
.warman,.warman,2016-04-29,ianaDelegationReport,iana-report,generic,,,Delegation of the .warman domain to Weir Group IP Limited,,no,,https://www.iana.org/reports/c.2.9.2.d/20160429-warman
.warman,.warman,2019-11-19,ianaRevocationReport,iana-report,generic,,,Revocation of the .warman domain,,no,,https://www.iana.org/reports/tld-transfer/20191119-warman
.warman,.warman,2026-10-04,notDelegated,current-snapshot,generic,,,,,yes,,https://www.iana.org/domains/root/db/warman.html
.watch,.watch,2000,applicationSubmitted,application,generic,"Name.Space, Incorporated",United States,2000-001,,no,,https://archive.icann.org/en/tlds/tld-applications-lodged-02oct00.htm
.watch,.watch,2014-01-16,ianaRegistration,iana-registration,generic,"Binky Moon, LLC",United States of America (the),,,no,,https://www.iana.org/domains/root/db/watch.html
.watch,.watch,2014-01-17,ianaDelegationReport,iana-report,generic,,,"Delegation of the .WATCH domain to Sand Shadow, LLC",,no,,https://www.iana.org/reports/c.2.9.2.d/20140117-watch
.watch,.watch,2018-03-23,ianaTransferReport,iana-report,generic,,,Transfer of the .academy domain and 195 others,,no,,https://www.iana.org/reports/tld-transfer/20180323-binkymoon
.watch,.watch,2026-10-04,delegated,current-snapshot,generic,"Binky Moon, LLC",United States of America (the),,,yes,,https://www.iana.org/domains/root/db/watch.html
.watches,.watches,2015-11-12,ianaRegistration,iana-registration,generic,Identity Digital Limited,United States of America (the),,,no,,https://www.iana.org/domains/root/db/watches.html
.watches,.watches,2015-12-08,ianaDelegationReport,iana-report,generic,,,Delegation of the .watches domain to Richemont DNS Inc.,,no,,https://www.iana.org/reports/c.2.9.2.d/20151207-watches
.watches,.watches,2021-03-08,ianaTransferReport,iana-report,generic,,,Transfer of the .watches domain to Afilias Limited,,no,,https://www.iana.org/reports/tld-transfer/20210308-watches
.watches,.watches,2026-10-04,delegated,current-snapshot,generic,Identity Digital Limited,United States of America (the),,,yes,,https://www.iana.org/domains/root/db/watches.html
.weather,.weather,2000,applicationSubmitted,application,generic,"Name.Space, Incorporated",United States,2000-001,,no,,https://archive.icann.org/en/tlds/tld-applications-lodged-02oct00.htm
.weather,.weather,2015-12-23,ianaRegistration,iana-registration,generic,"The Weather Company, LLC",United States of America (the),,,no,,https://www.iana.org/domains/root/db/weather.html
.weather,.weather,2016-01-07,ianaDelegationReport,iana-report,generic,,,"Delegation of the .weather domain to The Weather Channel, LLC",,no,,https://www.iana.org/reports/c.2.9.2.d/20160107-weather
.weather,.weather,2017-07-28,ianaTransferReport,iana-report,generic,,,Transfer of the .weather domain to International Business Machines,,no,,https://www.iana.org/reports/tld-transfer/20170728-weather
.weather,.weather,2026-10-04,delegated,current-snapshot,generic,"The Weather Company, LLC",United States of America (the),,,yes,,https://www.iana.org/domains/root/db/weather.html
.weatherchannel,.weatherchannel,2016-01-22,ianaRegistration,iana-registration,generic,"The Weather Company, LLC",United States of America (the),,,no,,https://www.iana.org/domains/root/db/weatherchannel.html
.weatherchannel,.weatherchannel,2016-01-26,ianaDelegationReport,iana-report,generic,,,"Delegation of the .weatherchannel domain to The Weather Channel, LLC",,no,,https://www.iana.org/reports/c.2.9.2.d/20160126-weatherchannel
.weatherchannel,.weatherchannel,2017-07-28,ianaTransferReport,iana-report,generic,,,Transfer of the .weatherchannel domain to International Business Machines,,no,,https://www.iana.org/reports/tld-transfer/20170728-weatherchannel
.weatherchannel,.weatherchannel,2026-10-04,delegated,current-snapshot,generic,"The Weather Company, LLC",United States of America (the),,,yes,,https://www.iana.org/domains/root/db/weatherchannel.html
.web,.web,2000,applicationSubmitted,application,generic,"NeuStar, Inc.",United States,2000-012,,no,,https://archive.icann.org/en/tlds/tld-applications-lodged-02oct00.htm
.web,.web,2000,applicationSubmitted,application,generic,"Afilias, LLC",United States,2000-021,,no,,https://archive.icann.org/en/tlds/tld-applications-lodged-02oct00.htm
.web,.web,2000,applicationSubmitted,application,generic,"Image Online Design, Inc. dba Web Registry",United States,2000-047,,no,,https://archive.icann.org/en/tlds/tld-applications-lodged-02oct00.htm
.web,.web,2026-07-23,ianaDelegationReport,iana-report,generic,,,"Delegation of the .web domain to VeriSign, Inc.",,no,,https://www.iana.org/reports/tld-transfer/20260723-web
.web,.web,2026-10-04,delegated,current-snapshot,generic,"VeriSign, Inc.",United States of America (the),,,yes,,https://www.iana.org/domains/root/db/web.html
.webcam,.webcam,2014-03-06,ianaRegistration,iana-registration,generic,dot Webcam Limited,Gibraltar,,,no,,https://www.iana.org/domains/root/db/webcam.html
.webcam,.webcam,2014-03-14,ianaDelegationReport,iana-report,generic,,,Delegation of the .webcam domain to dot Webcam Limited,,no,,https://www.iana.org/reports/c.2.9.2.d/20140314-webcam
.webcam,.webcam,2026-10-04,delegated,current-snapshot,generic,dot Webcam Limited,Gibraltar,,,yes,,https://www.iana.org/domains/root/db/webcam.html
.weber,.weber,2015-12-10,ianaRegistration,iana-registration,generic,Saint-Gobain Weber SA,France,,,no,,https://www.iana.org/domains/root/db/weber.html
.weber,.weber,2015-12-18,ianaDelegationReport,iana-report,generic,,,Delegation of the .weber domain to Saint-Gobain Weber SA,,no,,https://www.iana.org/reports/c.2.9.2.d/20151218-weber
.weber,.weber,2026-10-04,delegated,current-snapshot,generic,Saint-Gobain Weber SA,France,,,yes,,https://www.iana.org/domains/root/db/weber.html
.website,.website,2014-05-22,ianaRegistration,iana-registration,generic,Radix Technologies Inc.,Cayman Islands (the),,,no,,https://www.iana.org/domains/root/db/website.html
.website,.website,2014-05-27,ianaDelegationReport,iana-report,generic,,,Delegation of the .website domain to DotWebsite Inc.,,no,,https://www.iana.org/reports/c.2.9.2.d/20140527-website
.website,.website,2021-08-26,ianaTransferReport,iana-report,generic,,,Transfer of the .website domain to Radix FZC,,no,,https://www.iana.org/reports/tld-transfer/20210826-website
.website,.website,2024-02-07,ianaTransferReport,iana-report,generic,,,Transfer of the .website domain to Radix Technologies Inc.,,no,,https://www.iana.org/reports/tld-transfer/20240207-website
.website,.website,2026-10-04,delegated,current-snapshot,generic,Radix Technologies Inc.,Cayman Islands (the),,,yes,,https://www.iana.org/domains/root/db/website.html
.wed,.wed,2013-12-12,ianaRegistration,iana-registration,generic,Emergency Back-End Registry Operator Program - ICANN,United States of America (the),,,no,,https://www.iana.org/domains/root/db/wed.html
.wed,.wed,2014-01-17,ianaDelegationReport,iana-report,generic,,,"Delegation of the .WED domain to Atgron, Inc.",,no,,https://www.iana.org/reports/c.2.9.2.d/20140117-wed
.wed,.wed,2017-12-08,ianaTransferReport,iana-report,generic,,,Transfer of the .wed domain to emergency back-end registry operations,,no,,https://www.iana.org/reports/tld-transfer/20171208-wed
.wed,.wed,2026-10-04,delegated,current-snapshot,generic,Emergency Back-End Registry Operator Program - ICANN,United States of America (the),,,yes,,https://www.iana.org/domains/root/db/wed.html
.wedding,.wedding,2014-07-10,ianaRegistration,iana-registration,generic,"Registry Services, LLC",United States of America (the),,,no,,https://www.iana.org/domains/root/db/wedding.html
.wedding,.wedding,2014-10-09,ianaDelegationReport,iana-report,generic,,,Delegation of the .wedding domain to Top Level Domain Holdings Limited,,no,,https://www.iana.org/reports/c.2.9.2.d/20141009-wedding
.wedding,.wedding,2021-09-14,ianaTransferReport,iana-report,generic,,,"Transfer of the .wedding domain to Registry Services, LLC",,no,,https://www.iana.org/reports/tld-transfer/20210914-wedding
.wedding,.wedding,2026-10-04,delegated,current-snapshot,generic,"Registry Services, LLC",United States of America (the),,,yes,,https://www.iana.org/domains/root/db/wedding.html
.weibo,.weibo,2016-02-29,ianaRegistration,iana-registration,generic,Sina Corporation,China,,,no,,https://www.iana.org/domains/root/db/weibo.html
.weibo,.weibo,2016-03-25,ianaDelegationReport,iana-report,generic,,,Delegation of the .weibo domain to Sina Corporation,,no,,https://www.iana.org/reports/c.2.9.2.d/20160325-weibo
.weibo,.weibo,2026-10-04,delegated,current-snapshot,generic,Sina Corporation,China,,,yes,,https://www.iana.org/domains/root/db/weibo.html
.weir,.weir,2015-04-02,ianaRegistration,iana-registration,generic,Weir Group IP Limited,United Kingdom of Great Britain and Northern Ireland (the),,,no,,https://www.iana.org/domains/root/db/weir.html
.weir,.weir,2015-04-13,ianaDelegationReport,iana-report,generic,,,Delegation of the .weir domain to Weir Group IP Limited,,no,,https://www.iana.org/reports/c.2.9.2.d/20150413-weir
.weir,.weir,2026-10-04,delegated,current-snapshot,generic,Weir Group IP Limited,United Kingdom of Great Britain and Northern Ireland (the),,,yes,,https://www.iana.org/domains/root/db/weir.html
.wf,.wf,1997-11-14,ianaRegistration,iana-registration,country-code,Association Française pour le Nommage Internet en Coopération (A.F.N.I.C.),France,,,no,,https://www.iana.org/domains/root/db/wf.html
.wf,.wf,2026-10-04,delegated,current-snapshot,country-code,Association Française pour le Nommage Internet en Coopération (A.F.N.I.C.),France,,,yes,,https://www.iana.org/domains/root/db/wf.html
.whoswho,.whoswho,2014-06-12,ianaRegistration,iana-registration,generic,Who's Who Registry,United States of America (the),,,no,,https://www.iana.org/domains/root/db/whoswho.html
.whoswho,.whoswho,2014-07-16,ianaDelegationReport,iana-report,generic,,,Delegation of the .whoswho domain to Who's Who Registry,,no,,https://www.iana.org/reports/c.2.9.2.d/20140716-whoswho
.whoswho,.whoswho,2026-10-04,delegated,current-snapshot,generic,Who's Who Registry,United States of America (the),,,yes,,https://www.iana.org/domains/root/db/whoswho.html
.wien,.wien,2013-12-19,ianaRegistration,,,,,,,no,,https://www.iana.org/domains/root/db/wien.html
.wien,.wien,2013-12-27,ianaDelegationReport,iana-report,generic,,,Delegation of the .WIEN domain to punkt.wien GmbH,,no,,https://www.iana.org/reports/c.2.9.2.d/20131227-wien
.wien,.wien,2026-10-04,delegated,,generic,punkt.wien GmbH,Austria,,,yes,,https://www.iana.org/domains/root/db/wien.html
.wiki,.wiki,2014-02-06,ianaRegistration,iana-registration,generic,"Registry Services, LLC",United States of America (the),,,no,,https://www.iana.org/domains/root/db/wiki.html
.wiki,.wiki,2014-02-13,ianaDelegationReport,iana-report,generic,,,"Delegation of the .wiki domain to Top Level Design, LLC",,no,,https://www.iana.org/reports/c.2.9.2.d/20140213-wiki
.wiki,.wiki,2023-06-26,ianaTransferReport,iana-report,generic,,,"Transfer of the .wiki domain to Registry Services, LLC",,no,,https://www.iana.org/reports/tld-transfer/20230626-wiki
.wiki,.wiki,2026-10-04,delegated,current-snapshot,generic,"Registry Services, LLC",United States of America (the),,,yes,,https://www.iana.org/domains/root/db/wiki.html
.williamhill,.williamhill,2014-07-03,ianaRegistration,iana-registration,generic,William Hill Organization Limited,United Kingdom of Great Britain and Northern Ireland (the),,,no,,https://www.iana.org/domains/root/db/williamhill.html
.williamhill,.williamhill,2014-07-24,ianaDelegationReport,iana-report,generic,,,Delegation of the .williamhill domain to William Hill Organization Limited,,no,,https://www.iana.org/reports/c.2.9.2.d/20140724-williamhill
.williamhill,.williamhill,2026-10-04,delegated,current-snapshot,generic,William Hill Organization Limited,United Kingdom of Great Britain and Northern Ireland (the),,,yes,,https://www.iana.org/domains/root/db/williamhill.html
.win,.win,2015-02-05,ianaRegistration,iana-registration,generic,First Registry Limited,Gibraltar,,,no,,https://www.iana.org/domains/root/db/win.html
.win,.win,2015-03-23,ianaDelegationReport,iana-report,generic,,,Delegation of the .win domain to First Registry Limited,,no,,https://www.iana.org/reports/c.2.9.2.d/20150323-win
.win,.win,2026-10-04,delegated,current-snapshot,generic,First Registry Limited,Gibraltar,,,yes,,https://www.iana.org/domains/root/db/win.html
.windows,.windows,2015-04-30,ianaRegistration,iana-registration,generic,Microsoft Corporation,United States of America (the),,,no,,https://www.iana.org/domains/root/db/windows.html
.windows,.windows,2015-06-04,ianaDelegationReport,iana-report,generic,,,Delegation of the .windows domain to Microsoft Corporation,,no,,https://www.iana.org/reports/c.2.9.2.d/20150604-windows
.windows,.windows,2026-10-04,delegated,current-snapshot,generic,Microsoft Corporation,United States of America (the),,,yes,,https://www.iana.org/domains/root/db/windows.html
.wine,.wine,2015-07-23,ianaRegistration,iana-registration,generic,"Binky Moon, LLC",United States of America (the),,,no,,https://www.iana.org/domains/root/db/wine.html
.wine,.wine,2015-07-30,ianaDelegationReport,iana-report,generic,,,"Delegation of the .wine domain to June Station, LLC",,no,,https://www.iana.org/reports/c.2.9.2.d/20150730-wine
.wine,.wine,2018-03-23,ianaTransferReport,iana-report,generic,,,Transfer of the .academy domain and 195 others,,no,,https://www.iana.org/reports/tld-transfer/20180323-binkymoon
.wine,.wine,2026-10-04,delegated,current-snapshot,generic,"Binky Moon, LLC",United States of America (the),,,yes,,https://www.iana.org/domains/root/db/wine.html
.winners,.winners,2016-04-07,ianaRegistration,iana-registration,generic,"The TJX Companies, Inc.",United States of America (the),,,no,,https://www.iana.org/domains/root/db/winners.html
.winners,.winners,2016-07-07,ianaDelegationReport,iana-report,generic,,,"Delegation of the .winners domain to The TJX Companies, Inc.",,no,,https://www.iana.org/reports/c.2.9.2.d/20160707-winners
.winners,.winners,2026-10-04,delegated,current-snapshot,generic,"The TJX Companies, Inc.",United States of America (the),,,yes,,https://www.iana.org/domains/root/db/winners.html
.wme,.wme,2014-08-22,ianaRegistration,iana-registration,generic,"William Morris Endeavor Entertainment, LLC",United States of America (the),,,no,,https://www.iana.org/domains/root/db/wme.html
.wme,.wme,2014-09-05,ianaDelegationReport,iana-report,generic,,,"Delegation of the .wme domain to William Morris Endeavor Entertainment, LLC",,no,,https://www.iana.org/reports/c.2.9.2.d/20140905-wme
.wme,.wme,2026-10-04,delegated,current-snapshot,generic,"William Morris Endeavor Entertainment, LLC",United States of America (the),,,yes,,https://www.iana.org/domains/root/db/wme.html
.wolterskluwer,.wolterskluwer,2016-02-05,ianaRegistration,iana-registration,generic,,,,,no,,https://www.iana.org/domains/root/db/wolterskluwer.html
.wolterskluwer,.wolterskluwer,2016-02-09,ianaDelegationReport,iana-report,generic,,,Delegation of the .wolterskluwer domain to Wolters Kluwer N.V.,,no,,https://www.iana.org/reports/c.2.9.2.d/20160209-wolterskluwer
.wolterskluwer,.wolterskluwer,2026-02-13,ianaRevocationReport,iana-report,generic,,,Revocation of the .wolterskluwer domain,,no,,https://www.iana.org/reports/tld-transfer/20260213-wolterskluwer
.wolterskluwer,.wolterskluwer,2026-10-04,notDelegated,current-snapshot,generic,,,,,yes,,https://www.iana.org/domains/root/db/wolterskluwer.html
.women,.women,2000,applicationSubmitted,application,notApplicable,"Name.Space, Incorporated",United States,2000-001,,no,,https://archive.icann.org/en/tlds/tld-applications-lodged-02oct00.htm
.women,.women,2026-10-04,notDelegated,current-snapshot,notApplicable,"Name.Space, Incorporated",,,,yes,,https://archive.icann.org/en/tlds/tld-applications-lodged-02oct00.htm
.woodside,.woodside,2016-01-08,ianaRegistration,iana-registration,generic,Woodside Petroleum Limited,Australia,,,no,,https://www.iana.org/domains/root/db/woodside.html
.woodside,.woodside,2016-06-20,ianaDelegationReport,iana-report,generic,,,Delegation of the .woodside domain to Woodside Petroleum Limited,,no,,https://www.iana.org/reports/c.2.9.2.d/20160620-woodside
.woodside,.woodside,2026-10-04,delegated,current-snapshot,generic,Woodside Petroleum Limited,Australia,,,yes,,https://www.iana.org/domains/root/db/woodside.html
.work,.work,2014-08-18,ianaRegistration,iana-registration,generic,"Registry Services, LLC",United States of America (the),,,no,,https://www.iana.org/domains/root/db/work.html
.work,.work,2014-09-19,ianaDelegationReport,iana-report,generic,,,Delegation of the .work domain to Top Level Domain Holdings Limited,,no,,https://www.iana.org/reports/c.2.9.2.d/20140919-work
.work,.work,2021-09-14,ianaTransferReport,iana-report,generic,,,"Transfer of the .work domain to Registry Services, LLC",,no,,https://www.iana.org/reports/tld-transfer/20210914-work
.work,.work,2026-10-04,delegated,current-snapshot,generic,"Registry Services, LLC",United States of America (the),,,yes,,https://www.iana.org/domains/root/db/work.html
.works,.works,2014-01-16,ianaRegistration,iana-registration,generic,"Binky Moon, LLC",United States of America (the),,,no,,https://www.iana.org/domains/root/db/works.html
.works,.works,2014-01-17,ianaDelegationReport,iana-report,generic,,,"Delegation of the .WORKS domain to Little Dynamite, LLC",,no,,https://www.iana.org/reports/c.2.9.2.d/20140117-works
.works,.works,2018-03-23,ianaTransferReport,iana-report,generic,,,Transfer of the .academy domain and 195 others,,no,,https://www.iana.org/reports/tld-transfer/20180323-binkymoon
.works,.works,2026-10-04,delegated,current-snapshot,generic,"Binky Moon, LLC",United States of America (the),,,yes,,https://www.iana.org/domains/root/db/works.html
.world,.world,2000,applicationSubmitted,application,generic,"Name.Space, Incorporated",United States,2000-001,,no,,https://archive.icann.org/en/tlds/tld-applications-lodged-02oct00.htm
.world,.world,2014-09-11,ianaRegistration,iana-registration,generic,"Binky Moon, LLC",United States of America (the),,,no,,https://www.iana.org/domains/root/db/world.html
.world,.world,2014-09-12,ianaDelegationReport,iana-report,generic,,,"Delegation of the .world domain to Bitter Fields, LLC",,no,,https://www.iana.org/reports/c.2.9.2.d/20140912-world
.world,.world,2018-03-23,ianaTransferReport,iana-report,generic,,,Transfer of the .academy domain and 195 others,,no,,https://www.iana.org/reports/tld-transfer/20180323-binkymoon
.world,.world,2026-10-04,delegated,current-snapshot,generic,"Binky Moon, LLC",United States of America (the),,,yes,,https://www.iana.org/domains/root/db/world.html
.wow,.wow,2016-09-16,ianaRegistration,iana-registration,generic,"Amazon Registry Services, Inc.",United States of America (the),,,no,,https://www.iana.org/domains/root/db/wow.html
.wow,.wow,2016-09-21,ianaDelegationReport,iana-report,generic,,,"Delegation of the .wow domain to Amazon Registry Services, Inc.",,no,,https://www.iana.org/reports/tld-transfer/20160921-wow
.wow,.wow,2026-10-04,delegated,current-snapshot,generic,"Amazon Registry Services, Inc.",United States of America (the),,,yes,,https://www.iana.org/domains/root/db/wow.html
.writer,.writer,2000,applicationSubmitted,application,notApplicable,"Name.Space, Incorporated",United States,2000-001,,no,,https://archive.icann.org/en/tlds/tld-applications-lodged-02oct00.htm
.writer,.writer,2026-10-04,notDelegated,current-snapshot,notApplicable,"Name.Space, Incorporated",,,,yes,,https://archive.icann.org/en/tlds/tld-applications-lodged-02oct00.htm
.ws,.ws,1995-07-14,ianaRegistration,iana-registration,country-code,Government of Samoa Ministry of Foreign Affairs & Trade,Samoa,,,no,,https://www.iana.org/domains/root/db/ws.html
.ws,.ws,2026-10-04,delegated,current-snapshot,country-code,Government of Samoa Ministry of Foreign Affairs & Trade,Samoa,,,yes,,https://www.iana.org/domains/root/db/ws.html
.wtc,.wtc,2014-04-17,ianaRegistration,iana-registration,generic,"World Trade Centers Association, Inc.",United States of America (the),,,no,,https://www.iana.org/domains/root/db/wtc.html
.wtc,.wtc,2014-04-24,ianaDelegationReport,iana-report,generic,,,"Delegation of the .wtc domain to World Trade Centers Association, Inc.",,no,,https://www.iana.org/reports/c.2.9.2.d/20140424-wtc
.wtc,.wtc,2026-10-04,delegated,current-snapshot,generic,"World Trade Centers Association, Inc.",United States of America (the),,,yes,,https://www.iana.org/domains/root/db/wtc.html
.wtf,.wtf,2014-04-17,ianaRegistration,,,,,,,no,,https://www.iana.org/domains/root/db/wtf.html
.wtf,.wtf,2014-04-21,ianaDelegationReport,iana-report,generic,,,"Delegation of the .wtf domain to Hidden Way, LLC",,no,,https://www.iana.org/reports/c.2.9.2.d/20140421-wtf
.wtf,.wtf,2018-03-23,ianaTransferReport,iana-report,generic,,,Transfer of the .academy domain and 195 others,,no,,https://www.iana.org/reports/tld-transfer/20180323-binkymoon
.wtf,.wtf,2026-10-04,delegated,,generic,"Binky Moon, LLC",United States of America (the),,,yes,,https://www.iana.org/domains/root/db/wtf.html
.xbox,.xbox,2015-04-30,ianaRegistration,iana-registration,generic,Microsoft Corporation,United States of America (the),,,no,,https://www.iana.org/domains/root/db/xbox.html
.xbox,.xbox,2015-06-02,ianaDelegationReport,iana-report,generic,,,Delegation of the .xbox domain to Microsoft Corporation,,no,,https://www.iana.org/reports/c.2.9.2.d/20150602-xbox
.xbox,.xbox,2026-10-04,delegated,current-snapshot,generic,Microsoft Corporation,United States of America (the),,,yes,,https://www.iana.org/domains/root/db/xbox.html
.xerox,.xerox,2015-04-02,ianaRegistration,iana-registration,generic,Xerox DNHC LLC,United States of America (the),,,no,,https://www.iana.org/domains/root/db/xerox.html
.xerox,.xerox,2015-04-14,ianaDelegationReport,iana-report,generic,,,Delegation of the .xerox domain to Xerox DNHC LLC,,no,,https://www.iana.org/reports/c.2.9.2.d/20150414-xerox
.xerox,.xerox,2026-10-04,delegated,current-snapshot,generic,Xerox DNHC LLC,United States of America (the),,,yes,,https://www.iana.org/domains/root/db/xerox.html
.xfinity,.xfinity,2016-06-16,ianaRegistration,iana-registration,generic,,,,,no,,https://www.iana.org/domains/root/db/xfinity.html
.xfinity,.xfinity,2016-07-05,ianaDelegationReport,iana-report,generic,,,"Delegation of the .xfinity domain to Comcast IP Holdings I, LLC",,no,,https://www.iana.org/reports/c.2.9.2.d/20160705-xfinity
.xfinity,.xfinity,2024-02-07,ianaRevocationReport,iana-report,generic,,,Revocation of the .xfinity domain,,no,,https://www.iana.org/reports/tld-transfer/20240207-xfinity
.xfinity,.xfinity,2026-10-04,notDelegated,current-snapshot,generic,,,,,yes,,https://www.iana.org/domains/root/db/xfinity.html
.xihuan,.xihuan,2016-03-18,ianaRegistration,iana-registration,generic,"Beijing Qihu Keji Co., Ltd.",China,,,no,,https://www.iana.org/domains/root/db/xihuan.html
.xihuan,.xihuan,2016-03-25,ianaDelegationReport,iana-report,generic,,,Delegation of the .xihuan domain to QIHOO 360 Technology Co. Ltd.,,no,,https://www.iana.org/reports/c.2.9.2.d/20160325-xihuan
.xihuan,.xihuan,2025-10-24,ianaTransferReport,iana-report,generic,,,"Transfer of the .xihuan domain to Beijing Qihu Keji Co., Ltd.",,no,,https://www.iana.org/reports/tld-transfer/20251024-xihuan
.xihuan,.xihuan,2026-10-04,delegated,current-snapshot,generic,"Beijing Qihu Keji Co., Ltd.",China,,,yes,,https://www.iana.org/domains/root/db/xihuan.html
.xin,.xin,2015-02-19,ianaRegistration,iana-registration,generic,Elegant Leader Limited,China,,,no,,https://www.iana.org/domains/root/db/xin.html
.xin,.xin,2015-03-02,ianaDelegationReport,iana-report,generic,,,Delegation of the .xin domain to Elegant Leader Limited,,no,,https://www.iana.org/reports/c.2.9.2.d/20150302-xin
.xin,.xin,2026-10-04,delegated,current-snapshot,generic,Elegant Leader Limited,China,,,yes,,https://www.iana.org/domains/root/db/xin.html
.xing,.xing,2000,applicationSubmitted,application,notApplicable,"The Global Name Registry, Limited",United Kingdom,2000-022,,no,,https://archive.icann.org/en/tlds/tld-applications-lodged-02oct00.htm
.xing,.xing,2026-10-04,notDelegated,current-snapshot,notApplicable,"The Global Name Registry, Limited",,,,yes,,https://archive.icann.org/en/tlds/tld-applications-lodged-02oct00.htm
.测试,.xn--0zwm56d,2007-08-01,ianaReportEvent,iana-report,test,,,Report on Delegation of Eleven Evaluative Internationalised Top-Level Domains,,no,,https://www.iana.org/reports/2007/testetal-report-01aug2007.html
.测试,.xn--0zwm56d,2007-10-19,ianaRegistration,iana-registration,test,,,,,no,,https://www.iana.org/domains/root/db/xn--0zwm56d.html
.测试,.xn--0zwm56d,2026-10-04,notDelegated,current-snapshot,test,,,,,yes,,https://www.iana.org/domains/root/db/xn--0zwm56d.html
.कॉम,.xn--11b4c3d,2015-07-02,ianaRegistration,iana-registration,generic,VeriSign Sarl,Switzerland,,,no,,https://www.iana.org/domains/root/db/xn--11b4c3d.html
.कॉम,.xn--11b4c3d,2015-07-26,ianaReportEvent,iana-report,generic,,,Delegation of the .कॉम domain to VeriSign Sarl,,no,,https://www.iana.org/reports/c.2.9.2.d/20150726-xn--11b4c3d
.कॉम,.xn--11b4c3d,2026-10-04,delegated,current-snapshot,generic,VeriSign Sarl,Switzerland,,,yes,,https://www.iana.org/domains/root/db/xn--11b4c3d.html
.परीक्षा,.xn--11b5bs3a9aj6g,2007-08-01,ianaReportEvent,iana-report,test,,,Report on Delegation of Eleven Evaluative Internationalised Top-Level Domains,,no,,https://www.iana.org/reports/2007/testetal-report-01aug2007.html
.परीक्षा,.xn--11b5bs3a9aj6g,2007-10-19,ianaRegistration,iana-registration,test,,,,,no,,https://www.iana.org/domains/root/db/xn--11b5bs3a9aj6g.html
.परीक्षा,.xn--11b5bs3a9aj6g,2026-10-04,notDelegated,current-snapshot,test,,,,,yes,,https://www.iana.org/domains/root/db/xn--11b5bs3a9aj6g.html
.セール,.xn--1ck2e1b,2016-01-29,ianaRegistration,iana-registration,generic,"Amazon Registry Services, Inc.",United States of America (the),,,no,,https://www.iana.org/domains/root/db/xn--1ck2e1b.html
.セール,.xn--1ck2e1b,2016-02-17,ianaReportEvent,iana-report,generic,,,"Delegation of the .セール domain to Amazon Registry Services, Inc.",,no,,https://www.iana.org/reports/c.2.9.2.d/20160217-xn--1ck2e1b
.セール,.xn--1ck2e1b,2026-10-04,delegated,current-snapshot,generic,"Amazon Registry Services, Inc.",United States of America (the),,,yes,,https://www.iana.org/domains/root/db/xn--1ck2e1b.html
.佛山,.xn--1qqw23a,2014-07-17,ianaRegistration,iana-registration,generic,"Guangzhou YU Wei Information Technology Co., Ltd.",China,,,no,,https://www.iana.org/domains/root/db/xn--1qqw23a.html
.佛山,.xn--1qqw23a,2014-08-11,ianaReportEvent,iana-report,generic,,,"Delegation of the .佛山 domain to Guangzhou YU Wei Information Technology Co., Ltd.",,no,,https://www.iana.org/reports/c.2.9.2.d/20140811-xn--1qqw23a
.佛山,.xn--1qqw23a,2026-10-04,delegated,current-snapshot,generic,"Guangzhou YU Wei Information Technology Co., Ltd.",China,,,yes,,https://www.iana.org/domains/root/db/xn--1qqw23a.html
.ಭಾರತ,.xn--2scrj9c,2016-04-18,ianaRegistration,iana-registration,country-code,National Internet eXchange of India,India,,,no,,https://www.iana.org/domains/root/db/xn--2scrj9c.html
.ಭಾರತ,.xn--2scrj9c,2017-06-09,ianaReportEvent,iana-report,country-code,,,Delegation of eight top-level domains representing India in various languages to the National Internet Exchange of India,,no,,https://www.iana.org/reports/2017/india-report-20170609.html
.ಭಾರತ,.xn--2scrj9c,2026-10-04,delegated,current-snapshot,country-code,National Internet eXchange of India,India,,,yes,,https://www.iana.org/domains/root/db/xn--2scrj9c.html
.慈善,.xn--30rr7y,2015-03-12,ianaRegistration,iana-registration,generic,Excellent First Limited,Cayman Islands (the),,,no,,https://www.iana.org/domains/root/db/xn--30rr7y.html
.慈善,.xn--30rr7y,2015-03-25,ianaReportEvent,iana-report,generic,,,Delegation of the .慈善 domain to Excellent First Limited,,no,,https://www.iana.org/reports/c.2.9.2.d/20150325-xn--30rr7y
.慈善,.xn--30rr7y,2026-10-04,delegated,current-snapshot,generic,Excellent First Limited,Cayman Islands (the),,,yes,,https://www.iana.org/domains/root/db/xn--30rr7y.html
.集团,.xn--3bst00m,2013-12-12,ianaRegistration,iana-registration,generic,Eagle Horizon Limited,Cayman Islands (the),,,no,,https://www.iana.org/domains/root/db/xn--3bst00m.html
.集团,.xn--3bst00m,2013-12-31,ianaReportEvent,iana-report,generic,,,Delegation of the .集团 domain to Eagle Horizon Limited,,no,,https://www.iana.org/reports/c.2.9.2.d/20131231-xn--3bst00m
.集团,.xn--3bst00m,2026-10-04,delegated,current-snapshot,generic,Eagle Horizon Limited,Cayman Islands (the),,,yes,,https://www.iana.org/domains/root/db/xn--3bst00m.html
.在线,.xn--3ds443g,2013-12-19,ianaRegistration,iana-registration,generic,Beijing TLD Registry Technology Limited,China,,,no,,https://www.iana.org/domains/root/db/xn--3ds443g.html
.在线,.xn--3ds443g,2013-12-27,ianaReportEvent,iana-report,generic,,,Delegation of the .在线 domain to TLD Registry Limited,,no,,https://www.iana.org/reports/c.2.9.2.d/20131227-xn--3ds443g
.在线,.xn--3ds443g,2024-12-09,ianaTransferReport,iana-report,generic,,,Transfer of the .在线 domain to Beijing Tld Registry Technology Limited,,no,,https://www.iana.org/reports/tld-transfer/20241209-xn--3ds443g
.在线,.xn--3ds443g,2026-10-04,delegated,current-snapshot,generic,Beijing TLD Registry Technology Limited,China,,,yes,,https://www.iana.org/domains/root/db/xn--3ds443g.html
.한국,.xn--3e0b707e,2011-01-07,ianaReportEvent,iana-report,country-code,,,"Delegation of the .한국 (""Hanguk"") domain representing the Republic of Korea in Korean",,no,,https://www.iana.org/reports/2011/hanguk-report-07jan2011.html
.한국,.xn--3e0b707e,2011-02-05,ianaRegistration,iana-registration,country-code,KISA (Korea Internet & Security Agency),Korea (the Republic of),,,no,,https://www.iana.org/domains/root/db/xn--3e0b707e.html
.한국,.xn--3e0b707e,2026-10-04,delegated,current-snapshot,country-code,KISA (Korea Internet & Security Agency),Korea (the Republic of),,,yes,,https://www.iana.org/domains/root/db/xn--3e0b707e.html
.ଭାରତ,.xn--3hcrj9c,2016-04-18,ianaRegistration,iana-registration,country-code,National Internet eXchange of India,India,,,no,,https://www.iana.org/domains/root/db/xn--3hcrj9c.html
.ଭାରତ,.xn--3hcrj9c,2017-06-09,ianaReportEvent,iana-report,country-code,,,Delegation of eight top-level domains representing India in various languages to the National Internet Exchange of India,,no,,https://www.iana.org/reports/2017/india-report-20170609.html
.ଭାରତ,.xn--3hcrj9c,2026-10-04,delegated,current-snapshot,country-code,National Internet eXchange of India,India,,,yes,,https://www.iana.org/domains/root/db/xn--3hcrj9c.html
.大众汽车,.xn--3oq18vl8pn36a,2016-07-21,ianaRegistration,iana-registration,generic,,,,,no,,https://www.iana.org/domains/root/db/xn--3oq18vl8pn36a.html
.大众汽车,.xn--3oq18vl8pn36a,2016-08-12,ianaReportEvent,iana-report,generic,,,"Delegation of the .大众汽车 domain to Volkswagen (China) Investment Co., Ltd.",,no,,https://www.iana.org/reports/c.2.9.2.d/20160812-xn--3oq18vl8pn36a
.大众汽车,.xn--3oq18vl8pn36a,2021-10-27,ianaRevocationReport,iana-report,generic,,,Revocation of the .大众汽车 domain,,no,,https://www.iana.org/reports/tld-transfer/20211027-xn--3oq18vl8pn36a
.大众汽车,.xn--3oq18vl8pn36a,2026-10-04,notDelegated,current-snapshot,generic,,,,,yes,,https://www.iana.org/domains/root/db/xn--3oq18vl8pn36a.html
.点看,.xn--3pxu8k,2015-07-02,ianaRegistration,iana-registration,generic,VeriSign Sarl,Switzerland,,,no,,https://www.iana.org/domains/root/db/xn--3pxu8k.html
.点看,.xn--3pxu8k,2015-07-26,ianaReportEvent,iana-report,generic,,,Delegation of the .点看 domain to VeriSign Sarl,,no,,https://www.iana.org/reports/c.2.9.2.d/20150726-xn--3pxu8k
.点看,.xn--3pxu8k,2026-10-04,delegated,current-snapshot,generic,VeriSign Sarl,Switzerland,,,yes,,https://www.iana.org/domains/root/db/xn--3pxu8k.html
.คอม,.xn--42c2d9a,2015-07-02,ianaRegistration,iana-registration,generic,VeriSign Sarl,Switzerland,,,no,,https://www.iana.org/domains/root/db/xn--42c2d9a.html
.คอม,.xn--42c2d9a,2015-07-26,ianaReportEvent,iana-report,generic,,,Delegation of the .คอม domain to VeriSign Sarl,,no,,https://www.iana.org/reports/c.2.9.2.d/20150726-xn--42c2d9a
.คอม,.xn--42c2d9a,2026-10-04,delegated,current-snapshot,generic,VeriSign Sarl,Switzerland,,,yes,,https://www.iana.org/domains/root/db/xn--42c2d9a.html
.ভাৰত,.xn--45br5cyl,2016-04-18,ianaRegistration,iana-registration,country-code,National Internet eXchange of India,India,,,no,,https://www.iana.org/domains/root/db/xn--45br5cyl.html
.ভাৰত,.xn--45br5cyl,2017-06-09,ianaReportEvent,iana-report,country-code,,,Delegation of eight top-level domains representing India in various languages to the National Internet Exchange of India,,no,,https://www.iana.org/reports/2017/india-report-20170609.html
.ভাৰত,.xn--45br5cyl,2026-10-04,delegated,current-snapshot,country-code,National Internet eXchange of India,India,,,yes,,https://www.iana.org/domains/root/db/xn--45br5cyl.html
.ভারত,.xn--45brj9c,2011-01-07,ianaReportEvent,iana-report,country-code,,,Delegation of the seven top-level domains representing India in various languages,,no,,https://www.iana.org/reports/2011/india-report-07jan2011.html
.ভারত,.xn--45brj9c,2011-02-05,ianaRegistration,iana-registration,country-code,National Internet Exchange of India,India,,,no,,https://www.iana.org/domains/root/db/xn--45brj9c.html
.ভারত,.xn--45brj9c,2026-10-04,delegated,current-snapshot,country-code,National Internet Exchange of India,India,,,yes,,https://www.iana.org/domains/root/db/xn--45brj9c.html
.八卦,.xn--45q11c,2014-11-06,ianaRegistration,iana-registration,generic,Zodiac Gemini Ltd,China,,,no,,https://www.iana.org/domains/root/db/xn--45q11c.html
.八卦,.xn--45q11c,2014-11-17,ianaReportEvent,iana-report,generic,,,Delegation of the .八卦 domain to Zodiac Scorpio Limited,,no,,https://www.iana.org/reports/c.2.9.2.d/20141117-xn--45q11c
.八卦,.xn--45q11c,2026-10-04,delegated,current-snapshot,generic,Zodiac Gemini Ltd,China,,,yes,,https://www.iana.org/domains/root/db/xn--45q11c.html
.ישראל,.xn--4dbrk0ce,2020-06-16,ianaRegistration,iana-registration,country-code,The Israel Internet Association (RA),Israel,,,no,,https://www.iana.org/domains/root/db/xn--4dbrk0ce.html
.ישראל,.xn--4dbrk0ce,2021-01-14,ianaReportEvent,iana-report,country-code,,,Delegation of the ישראל. (“Israel”) domain representing Israel in Hebrew script to the Israel Internet Association,,no,,https://www.iana.org/reports/2021/israel-report-20210114.html
.ישראל,.xn--4dbrk0ce,2026-10-04,delegated,current-snapshot,country-code,The Israel Internet Association (RA),Israel,,,yes,,https://www.iana.org/domains/root/db/xn--4dbrk0ce.html
.موقع,.xn--4gbrim,2014-05-15,ianaRegistration,iana-registration,generic,Helium TLDs Ltd,United Kingdom of Great Britain and Northern Ireland (the),,,no,,https://www.iana.org/domains/root/db/xn--4gbrim.html
.موقع,.xn--4gbrim,2014-05-22,ianaReportEvent,iana-report,generic,,,Delegation of the .موقع domain to Suhub Electronic Establishment,,no,,https://www.iana.org/reports/c.2.9.2.d/20140522-xn--4gbrim
.موقع,.xn--4gbrim,2021-11-24,ianaTransferReport,iana-report,generic,,,Transfer of the .موقع domain to Helium TLDs Ltd,,no,,https://www.iana.org/reports/tld-transfer/20211124-xn--4gbrim
.موقع,.xn--4gbrim,2026-10-04,delegated,current-snapshot,generic,Helium TLDs Ltd,United Kingdom of Great Britain and Northern Ireland (the),,,yes,,https://www.iana.org/domains/root/db/xn--4gbrim.html
.一号店,.xn--4gq48lf9j,2016-07-21,ianaRegistration,iana-registration,generic,,,,,no,,https://www.iana.org/domains/root/db/xn--4gq48lf9j.html
.一号店,.xn--4gq48lf9j,2026-10-04,notDelegated,current-snapshot,generic,,,,,yes,,https://www.iana.org/domains/root/db/xn--4gq48lf9j.html
.বাংলা,.xn--54b7fta0cc,2011-03-30,ianaRegistration,iana-registration,country-code,Posts and Telecommunications Division,Bangladesh,,,no,,https://www.iana.org/domains/root/db/xn--54b7fta0cc.html
.বাংলা,.xn--54b7fta0cc,2016-09-02,ianaReportEvent,iana-report,country-code,,,"Delegation of the .বাংলা (“bangla”) domain representing Bangladesh in Bengali script to the Ministry of Posts, Telecommunications and Information Technology, Posts and Telecommunications Division",,no,,https://www.iana.org/reports/2016/bangla-report-20160902.html
.বাংলা,.xn--54b7fta0cc,2026-10-04,delegated,current-snapshot,country-code,Posts and Telecommunications Division,Bangladesh,,,yes,,https://www.iana.org/domains/root/db/xn--54b7fta0cc.html
.公益,.xn--55qw42g,2013-12-12,ianaRegistration,iana-registration,generic,China Organizational Name Administration Center,China,,,no,,https://www.iana.org/domains/root/db/xn--55qw42g.html
.公益,.xn--55qw42g,2013-12-13,ianaReportEvent,iana-report,generic,,,Delegation of the .公益 domain to China Organizational Name Administration Center,,no,,https://www.iana.org/reports/c.2.9.2.d/20131213-xn--55qw42g
.公益,.xn--55qw42g,2026-10-04,delegated,current-snapshot,generic,China Organizational Name Administration Center,China,,,yes,,https://www.iana.org/domains/root/db/xn--55qw42g.html
.公司,.xn--55qx5d,2014-01-09,ianaRegistration,iana-registration,generic,China Internet Network Information Center (CNNIC),China,,,no,,https://www.iana.org/domains/root/db/xn--55qx5d.html
.公司,.xn--55qx5d,2014-01-16,ianaReportEvent,iana-report,generic,,,Delegation of the .公司 domain to Computer Network Information Center of Chinese Academy of Sciences,,no,,https://www.iana.org/reports/c.2.9.2.d/20140116-xn--55qx5d
.公司,.xn--55qx5d,2026-10-04,delegated,current-snapshot,generic,China Internet Network Information Center (CNNIC),China,,,yes,,https://www.iana.org/domains/root/db/xn--55qx5d.html
.香格里拉,.xn--5su34j936bgsg,2016-06-24,ianaRegistration,iana-registration,generic,Shangri-La International Hotel Management Limited,Hong Kong,,,no,,https://www.iana.org/domains/root/db/xn--5su34j936bgsg.html
.香格里拉,.xn--5su34j936bgsg,2016-06-30,ianaReportEvent,iana-report,generic,,,Delegation of the .香格里拉 domain to Shangri-La International Hotel Management Limited,,no,,https://www.iana.org/reports/c.2.9.2.d/20160630-xn--5su34j936bgsg
.香格里拉,.xn--5su34j936bgsg,2026-10-04,delegated,current-snapshot,generic,Shangri-La International Hotel Management Limited,Hong Kong,,,yes,,https://www.iana.org/domains/root/db/xn--5su34j936bgsg.html
.网站,.xn--5tzm5g,2015-12-04,ianaRegistration,iana-registration,generic,Global Website TLD Asia Limited,Hong Kong,,,no,,https://www.iana.org/domains/root/db/xn--5tzm5g.html
.网站,.xn--5tzm5g,2016-04-13,ianaReportEvent,iana-report,generic,,,Delegation of the .网站 domain to Global Website TLD Asia Limited,,no,,https://www.iana.org/reports/c.2.9.2.d/20160413-xn--5tzm5g
.网站,.xn--5tzm5g,2026-10-04,delegated,current-snapshot,generic,Global Website TLD Asia Limited,Hong Kong,,,yes,,https://www.iana.org/domains/root/db/xn--5tzm5g.html
.移动,.xn--6frz82g,2014-01-23,ianaRegistration,iana-registration,generic,Identity Digital Limited,United States of America (the),,,no,,https://www.iana.org/domains/root/db/xn--6frz82g.html
.移动,.xn--6frz82g,2014-01-29,ianaReportEvent,iana-report,generic,,,Delegation of the .移动 domain to Afilias Limited,,no,,https://www.iana.org/reports/c.2.9.2.d/20140129-xn--6frz82g
.移动,.xn--6frz82g,2026-10-04,delegated,current-snapshot,generic,Identity Digital Limited,United States of America (the),,,yes,,https://www.iana.org/domains/root/db/xn--6frz82g.html
.我爱你,.xn--6qq986b3xl,2013-12-12,ianaRegistration,iana-registration,generic,Tycoon Treasure Limited,Cayman Islands (the),,,no,,https://www.iana.org/domains/root/db/xn--6qq986b3xl.html
.我爱你,.xn--6qq986b3xl,2013-12-31,ianaReportEvent,iana-report,generic,,,Delegation of the .我爱你 domain to Tycoon Treasure Limited,,no,,https://www.iana.org/reports/c.2.9.2.d/20131231-xn--6qq986b3xl
.我爱你,.xn--6qq986b3xl,2026-10-04,delegated,current-snapshot,generic,Tycoon Treasure Limited,Cayman Islands (the),,,yes,,https://www.iana.org/domains/root/db/xn--6qq986b3xl.html
.москва,.xn--80adxhks,2014-04-17,ianaRegistration,iana-registration,generic,Foundation for Assistance for Internet Technologies and Infrastructure Development (FAITID),Russian Federation (the),,,no,,https://www.iana.org/domains/root/db/xn--80adxhks.html
.москва,.xn--80adxhks,2014-04-18,ianaReportEvent,iana-report,generic,,,Delegation of the .москва domain to Foundation for Assistance for Internet Technologies and Infrastructure Development,,no,,https://www.iana.org/reports/c.2.9.2.d/20140418-xn--80adxhks
.москва,.xn--80adxhks,2026-10-04,delegated,current-snapshot,generic,Foundation for Assistance for Internet Technologies and Infrastructure Development (FAITID),Russian Federation (the),,,yes,,https://www.iana.org/domains/root/db/xn--80adxhks.html
.испытание,.xn--80akhbyknj4f,2007-08-01,ianaReportEvent,iana-report,test,,,Report on Delegation of Eleven Evaluative Internationalised Top-Level Domains,,no,,https://www.iana.org/reports/2007/testetal-report-01aug2007.html
.испытание,.xn--80akhbyknj4f,2007-10-19,ianaRegistration,iana-registration,test,,,,,no,,https://www.iana.org/domains/root/db/xn--80akhbyknj4f.html
.испытание,.xn--80akhbyknj4f,2026-10-04,notDelegated,current-snapshot,test,,,,,yes,,https://www.iana.org/domains/root/db/xn--80akhbyknj4f.html
.қаз,.xn--80ao21a,2011-09-15,ianaRegistration,iana-registration,country-code,Association of IT Companies of Kazakhstan,Kazakhstan,,,no,,https://www.iana.org/domains/root/db/xn--80ao21a.html
.қаз,.xn--80ao21a,2012-01-09,ianaReportEvent,iana-report,country-code,,,"Report on the Delegation of .қаз (""kaz"") representing Kazakhstan in Cyrillic",,no,,https://www.iana.org/reports/2012/kaz-report-20120109.html
.қаз,.xn--80ao21a,2026-10-04,delegated,current-snapshot,country-code,Association of IT Companies of Kazakhstan,Kazakhstan,,,yes,,https://www.iana.org/domains/root/db/xn--80ao21a.html
.католик,.xn--80aqecdr1a,2016-11-16,ianaRegistration,iana-registration,generic,Pontificium Consilium de Comunicationibus Socialibus (PCCS) (Pontifical Council for Social Communication),Holy See (the),,,no,,https://www.iana.org/domains/root/db/xn--80aqecdr1a.html
.католик,.xn--80aqecdr1a,2016-11-30,ianaReportEvent,iana-report,generic,,,Delegation of the .католик domain to Pontificium Consilium de Comunicationibus Socialibus (PCCS) (Pontifical Council for Social Communication),,no,,https://www.iana.org/reports/tld-transfer/20161130-xn--80aqecdr1a
.католик,.xn--80aqecdr1a,2026-10-04,delegated,current-snapshot,generic,Pontificium Consilium de Comunicationibus Socialibus (PCCS) (Pontifical Council for Social Communication),Holy See (the),,,yes,,https://www.iana.org/domains/root/db/xn--80aqecdr1a.html
.онлайн,.xn--80asehdb,2013-10-21,ianaRegistration,iana-registration,generic,CORE Association,Switzerland,,,no,,https://www.iana.org/domains/root/db/xn--80asehdb.html
.онлайн,.xn--80asehdb,2013-10-22,ianaReportEvent,iana-report,generic,,,Delegation of the .онлайн domain to CORE Association,,no,,https://www.iana.org/reports/c.2.9.2.d/20131022-xn--80asehdb
.онлайн,.xn--80asehdb,2026-10-04,delegated,current-snapshot,generic,CORE Association,Switzerland,,,yes,,https://www.iana.org/domains/root/db/xn--80asehdb.html
.сайт,.xn--80aswg,2013-10-21,ianaRegistration,iana-registration,generic,CORE Association,Switzerland,,,no,,https://www.iana.org/domains/root/db/xn--80aswg.html
.сайт,.xn--80aswg,2013-10-22,ianaReportEvent,iana-report,generic,,,Delegation of the .сайт domain to CORE Association,,no,,https://www.iana.org/reports/c.2.9.2.d/20131022-xn--80aswg
.сайт,.xn--80aswg,2026-10-04,delegated,current-snapshot,generic,CORE Association,Switzerland,,,yes,,https://www.iana.org/domains/root/db/xn--80aswg.html
.联通,.xn--8y0a063a,2015-12-10,ianaRegistration,iana-registration,generic,China United Network Communications Corporation Limited,China,,,no,,https://www.iana.org/domains/root/db/xn--8y0a063a.html
.联通,.xn--8y0a063a,2016-02-03,ianaReportEvent,iana-report,generic,,,Delegation of the .联通 domain to China United Network Communications Corporation Limited,,no,,https://www.iana.org/reports/c.2.9.2.d/20160203-xn--8y0a063a
.联通,.xn--8y0a063a,2026-10-04,delegated,current-snapshot,generic,China United Network Communications Corporation Limited,China,,,yes,,https://www.iana.org/domains/root/db/xn--8y0a063a.html
.срб,.xn--90a3ac,2011-02-05,ianaRegistration,iana-registration,country-code,Serbian National Internet Domain Registry (RNIDS),Serbia,,,no,,https://www.iana.org/domains/root/db/xn--90a3ac.html
.срб,.xn--90a3ac,2011-04-01,ianaReportEvent,iana-report,country-code,,,Report on the Delegation of the .срб (“srb”) domain representing Serbia in Cyrillic,,no,,https://www.iana.org/reports/2011/serbia-report-20110401.html
.срб,.xn--90a3ac,2026-10-04,delegated,current-snapshot,country-code,Serbian National Internet Domain Registry (RNIDS),Serbia,,,yes,,https://www.iana.org/domains/root/db/xn--90a3ac.html
.бг,.xn--90ae,2016-03-05,ianaRegistration,iana-registration,country-code,Imena.BG AD,Bulgaria,,,no,,https://www.iana.org/domains/root/db/xn--90ae.html
.бг,.xn--90ae,2016-06-10,ianaReportEvent,iana-report,country-code,,,Delegation of the .бг (“bg”) domain representing Bulgaria in Bulgarian language to Imena.BG AD,,no,,https://www.iana.org/reports/2016/bg-report-20160610.html
.бг,.xn--90ae,2026-10-04,delegated,current-snapshot,country-code,Imena.BG AD,Bulgaria,,,yes,,https://www.iana.org/domains/root/db/xn--90ae.html
.бел,.xn--90ais,2014-09-29,ianaRegistration,iana-registration,country-code,Belarusian Cloud Technologies LLC,Belarus,,,no,,https://www.iana.org/domains/root/db/xn--90ais.html
.бел,.xn--90ais,2015-01-27,ianaReportEvent,iana-report,country-code,,,Delegation of the .бел domain to Reliable Software Inc.,,no,,https://www.iana.org/reports/2015/bel-report-20150127.html
.бел,.xn--90ais,2022-05-27,ianaTransferReport,iana-report,country-code,,,Transfer of the .BY top-level domain and the .бел (“bel”) top-level domain representing Belarus to Belarusian Cloud Technologies LLC,,no,,https://www.iana.org/reports/2022/belarus-report-20220527.html
.бел,.xn--90ais,2026-10-04,delegated,current-snapshot,country-code,Belarusian Cloud Technologies LLC,Belarus,,,yes,,https://www.iana.org/domains/root/db/xn--90ais.html
.קום,.xn--9dbq2a,2015-07-02,ianaRegistration,iana-registration,generic,VeriSign Sarl,Switzerland,,,no,,https://www.iana.org/domains/root/db/xn--9dbq2a.html
.קום,.xn--9dbq2a,2015-07-26,ianaReportEvent,iana-report,generic,,,Delegation of the .קום domain to VeriSign Sarl,,no,,https://www.iana.org/reports/c.2.9.2.d/20150726-xn--9dbq2a
.קום,.xn--9dbq2a,2026-10-04,delegated,current-snapshot,generic,VeriSign Sarl,Switzerland,,,yes,,https://www.iana.org/domains/root/db/xn--9dbq2a.html
.时尚,.xn--9et52u,2015-03-12,ianaRegistration,iana-registration,generic,RISE VICTORY LIMITED,Hong Kong,,,no,,https://www.iana.org/domains/root/db/xn--9et52u.html
.时尚,.xn--9et52u,2015-03-25,ianaReportEvent,iana-report,generic,,,Delegation of the .时尚 domain to Rise Victory Limited,,no,,https://www.iana.org/reports/c.2.9.2.d/20150325-xn--9et52u
.时尚,.xn--9et52u,2026-10-04,delegated,current-snapshot,generic,RISE VICTORY LIMITED,Hong Kong,,,yes,,https://www.iana.org/domains/root/db/xn--9et52u.html
.微博,.xn--9krt00a,2016-02-29,ianaRegistration,iana-registration,generic,Sina Corporation,China,,,no,,https://www.iana.org/domains/root/db/xn--9krt00a.html
.微博,.xn--9krt00a,2016-03-28,ianaReportEvent,iana-report,generic,,,Delegation of the .微博 domain to Sina Corporation,,no,,https://www.iana.org/reports/c.2.9.2.d/20160328-xn--9krt00a
.微博,.xn--9krt00a,2026-10-04,delegated,current-snapshot,generic,Sina Corporation,China,,,yes,,https://www.iana.org/domains/root/db/xn--9krt00a.html
.테스트,.xn--9t4b11yi5a,2007-08-01,ianaReportEvent,iana-report,test,,,Report on Delegation of Eleven Evaluative Internationalised Top-Level Domains,,no,,https://www.iana.org/reports/2007/testetal-report-01aug2007.html
.테스트,.xn--9t4b11yi5a,2007-10-19,ianaRegistration,iana-registration,test,,,,,no,,https://www.iana.org/domains/root/db/xn--9t4b11yi5a.html
.테스트,.xn--9t4b11yi5a,2026-10-04,notDelegated,current-snapshot,test,,,,,yes,,https://www.iana.org/domains/root/db/xn--9t4b11yi5a.html
.淡马锡,.xn--b4w605ferd,2014-12-18,ianaRegistration,iana-registration,generic,Temasek Holdings (Private) Limited,Singapore,,,no,,https://www.iana.org/domains/root/db/xn--b4w605ferd.html
.淡马锡,.xn--b4w605ferd,2015-01-21,ianaReportEvent,iana-report,generic,,,Delegation of the .淡马锡 domain to Temasek Holdings (Private) Limited,,no,,https://www.iana.org/reports/c.2.9.2.d/20150121-xn--b4w605ferd
.淡马锡,.xn--b4w605ferd,2026-10-04,delegated,current-snapshot,generic,Temasek Holdings (Private) Limited,Singapore,,,yes,,https://www.iana.org/domains/root/db/xn--b4w605ferd.html
.ファッション,.xn--bck1b9a5dre4c,2016-01-29,ianaRegistration,iana-registration,generic,"Amazon Registry Services, Inc.",United States of America (the),,,no,,https://www.iana.org/domains/root/db/xn--bck1b9a5dre4c.html
.ファッション,.xn--bck1b9a5dre4c,2016-02-17,ianaReportEvent,iana-report,generic,,,"Delegation of the .ファッション domain to Amazon Registry Services, Inc.",,no,,https://www.iana.org/reports/c.2.9.2.d/20160217-xn--bck1b9a5dre4c
.ファッション,.xn--bck1b9a5dre4c,2026-10-04,delegated,current-snapshot,generic,"Amazon Registry Services, Inc.",United States of America (the),,,yes,,https://www.iana.org/domains/root/db/xn--bck1b9a5dre4c.html
.орг,.xn--c1avg,2014-02-27,ianaRegistration,iana-registration,generic,Public Interest Registry,United States of America (the),,,no,,https://www.iana.org/domains/root/db/xn--c1avg.html
.орг,.xn--c1avg,2014-03-04,ianaReportEvent,iana-report,generic,,,Delegation of the .орг domain to Public Interest Registry,,no,,https://www.iana.org/reports/c.2.9.2.d/20140304-xn--c1avg
.орг,.xn--c1avg,2026-10-04,delegated,current-snapshot,generic,Public Interest Registry,United States of America (the),,,yes,,https://www.iana.org/domains/root/db/xn--c1avg.html
.नेट,.xn--c2br7g,2015-07-02,ianaRegistration,iana-registration,generic,VeriSign Sarl,Switzerland,,,no,,https://www.iana.org/domains/root/db/xn--c2br7g.html
.नेट,.xn--c2br7g,2015-07-26,ianaReportEvent,iana-report,generic,,,Delegation of the .नेट domain to VeriSign Sarl,,no,,https://www.iana.org/reports/c.2.9.2.d/20150726-xn--c2br7g
.नेट,.xn--c2br7g,2026-10-04,delegated,current-snapshot,generic,VeriSign Sarl,Switzerland,,,yes,,https://www.iana.org/domains/root/db/xn--c2br7g.html
.ストア,.xn--cck2b3b,2016-01-29,ianaRegistration,iana-registration,generic,"Amazon Registry Services, Inc.",United States of America (the),,,no,,https://www.iana.org/domains/root/db/xn--cck2b3b.html
.ストア,.xn--cck2b3b,2016-02-17,ianaReportEvent,iana-report,generic,,,"Delegation of the .ストア domain to Amazon Registry Services, Inc.",,no,,https://www.iana.org/reports/c.2.9.2.d/20160217-xn--cck2b3b
.ストア,.xn--cck2b3b,2026-10-04,delegated,current-snapshot,generic,"Amazon Registry Services, Inc.",United States of America (the),,,yes,,https://www.iana.org/domains/root/db/xn--cck2b3b.html
.アマゾン,.xn--cckwcxetd,2020-05-28,ianaRegistration,iana-registration,generic,"Amazon Registry Services, Inc.",United States of America (the),,,no,,https://www.iana.org/domains/root/db/xn--cckwcxetd.html
.アマゾン,.xn--cckwcxetd,2020-06-02,ianaReportEvent,iana-report,generic,,,"Delegation of the .アマゾン domain to Amazon Registry Services, Inc.",,no,,https://www.iana.org/reports/tld-transfer/20200602-xn--cckwcxetd
.アマゾン,.xn--cckwcxetd,2026-10-04,delegated,current-snapshot,generic,"Amazon Registry Services, Inc.",United States of America (the),,,yes,,https://www.iana.org/domains/root/db/xn--cckwcxetd.html
.삼성,.xn--cg4bki,2013-12-12,ianaRegistration,iana-registration,generic,"SAMSUNG SDS CO., LTD",Korea (the Republic of),,,no,,https://www.iana.org/domains/root/db/xn--cg4bki.html
.삼성,.xn--cg4bki,2014-02-17,ianaReportEvent,iana-report,generic,,,"Delegation of the .삼성 domain to SAMSUNG SDS CO., LTD",,no,,https://www.iana.org/reports/c.2.9.2.d/20140217-xn--cg4bki
.삼성,.xn--cg4bki,2026-10-04,delegated,current-snapshot,generic,"SAMSUNG SDS CO., LTD",Korea (the Republic of),,,yes,,https://www.iana.org/domains/root/db/xn--cg4bki.html
.சிங்கப்பூர்,.xn--clchc0ea0b2g2a9gcd,2011-01-07,ianaReportEvent,iana-report,country-code,,,"Delegation of the .新加坡 (""Singapore"") domain, and the .சிங்கப்பூர் (""Singapore"") domain, representing Singapore in Chinese and Tamil",,no,,https://www.iana.org/reports/2011/singapore-report-07jan2011.html
.சிங்கப்பூர்,.xn--clchc0ea0b2g2a9gcd,2011-02-05,ianaRegistration,iana-registration,country-code,Singapore Network Information Centre (SGNIC) Pte Ltd,Singapore,,,no,,https://www.iana.org/domains/root/db/xn--clchc0ea0b2g2a9gcd.html
.சிங்கப்பூர்,.xn--clchc0ea0b2g2a9gcd,2026-10-04,delegated,current-snapshot,country-code,Singapore Network Information Centre (SGNIC) Pte Ltd,Singapore,,,yes,,https://www.iana.org/domains/root/db/xn--clchc0ea0b2g2a9gcd.html
.商标,.xn--czr694b,2014-05-08,ianaRegistration,iana-registration,generic,Internet DotTrademark Organisation Limited,China,,,no,,https://www.iana.org/domains/root/db/xn--czr694b.html
.商标,.xn--czr694b,2014-05-15,ianaReportEvent,iana-report,generic,,,Delegation of the .商标 domain to Huyi Global Information Resources (Holding) Company Hong Kong Limited,,no,,https://www.iana.org/reports/c.2.9.2.d/20140515-xn--czr694b
.商标,.xn--czr694b,2026-10-04,delegated,current-snapshot,generic,Internet DotTrademark Organisation Limited,China,,,yes,,https://www.iana.org/domains/root/db/xn--czr694b.html
.商店,.xn--czrs0t,2014-11-20,ianaRegistration,iana-registration,generic,"Binky Moon, LLC",United States of America (the),,,no,,https://www.iana.org/domains/root/db/xn--czrs0t.html
.商店,.xn--czrs0t,2014-12-03,ianaReportEvent,iana-report,generic,,,"Delegation of the .商店 domain to Wild Island, LLC",,no,,https://www.iana.org/reports/c.2.9.2.d/20141203-xn--czrs0t
.商店,.xn--czrs0t,2018-03-23,ianaTransferReport,iana-report,generic,,,Transfer of the .academy domain and 195 others,,no,,https://www.iana.org/reports/tld-transfer/20180323-binkymoon
.商店,.xn--czrs0t,2026-10-04,delegated,current-snapshot,generic,"Binky Moon, LLC",United States of America (the),,,yes,,https://www.iana.org/domains/root/db/xn--czrs0t.html
.商城,.xn--czru2d,2014-02-27,ianaRegistration,iana-registration,generic,Zodiac Aquarius Limited,China,,,no,,https://www.iana.org/domains/root/db/xn--czru2d.html
.商城,.xn--czru2d,2014-03-27,ianaReportEvent,iana-report,generic,,,Delegation of the .商城 domain to Zodiac Capricorn Limited,,no,,https://www.iana.org/reports/c.2.9.2.d/20140327-xn--czru2d
.商城,.xn--czru2d,2014-07-23,ianaTransferReport,iana-report,generic,,,Redelegation of the .商城 domain to Zodiac Aquarius Limited,,no,,https://www.iana.org/reports/c.2.9.2.d/20140723-xn--czru2d
.商城,.xn--czru2d,2026-10-04,delegated,current-snapshot,generic,Zodiac Aquarius Limited,China,,,yes,,https://www.iana.org/domains/root/db/xn--czru2d.html
.дети,.xn--d1acj3b,2014-02-13,ianaRegistration,iana-registration,generic,The Foundation for Network Initiatives “The Smart Internet”,Russian Federation (the),,,no,,https://www.iana.org/domains/root/db/xn--d1acj3b.html
.дети,.xn--d1acj3b,2014-02-24,ianaReportEvent,iana-report,generic,,,Delegation of the .дети domain to The Foundation for Network Initiatives “The Smart Internet”,,no,,https://www.iana.org/reports/c.2.9.2.d/20140224-xn--d1acj3b
.дети,.xn--d1acj3b,2026-10-04,delegated,current-snapshot,generic,The Foundation for Network Initiatives “The Smart Internet”,Russian Federation (the),,,yes,,https://www.iana.org/domains/root/db/xn--d1acj3b.html
.мкд,.xn--d1alf,2014-04-21,ianaRegistration,iana-registration,country-code,Macedonian Academic Research Network Skopje,North Macedonia,,,no,,https://www.iana.org/domains/root/db/xn--d1alf.html
.мкд,.xn--d1alf,2014-09-26,ianaTransferReport,iana-report,country-code,,,Redelegation of the .MK domain and Delegation of the .мкд domain representing the Former Yugoslav Republic of Macedonia to Macedonian Academic Research Network Skopje,,no,,https://www.iana.org/reports/2014/mk-report-20140926.html
.мкд,.xn--d1alf,2026-10-04,delegated,current-snapshot,country-code,Macedonian Academic Research Network Skopje,North Macedonia,,,yes,,https://www.iana.org/domains/root/db/xn--d1alf.html
.טעסט,.xn--deba0ad,2007-08-01,ianaReportEvent,iana-report,test,,,Report on Delegation of Eleven Evaluative Internationalised Top-Level Domains,,no,,https://www.iana.org/reports/2007/testetal-report-01aug2007.html
.טעסט,.xn--deba0ad,2007-10-19,ianaRegistration,iana-registration,test,,,,,no,,https://www.iana.org/domains/root/db/xn--deba0ad.html
.טעסט,.xn--deba0ad,2026-10-04,notDelegated,current-snapshot,test,,,,,yes,,https://www.iana.org/domains/root/db/xn--deba0ad.html
.ею,.xn--e1a4c,2015-12-08,ianaRegistration,,,,,,,no,,https://www.iana.org/domains/root/db/xn--e1a4c.html
.ею,.xn--e1a4c,2016,delegated,,country-code,EURid vzw,European Union,,,no,,https://www.iana.org/reports/2016/eu-report-20160118.html
.ею,.xn--e1a4c,2016-01-18,ianaReportEvent,iana-report,country-code,,,Delegation of the ею (“eu”) domain representing the European Union in Cyrillic script to EURid vzw/asbl,,no,,https://www.iana.org/reports/2016/eu-report-20160118.html
.ею,.xn--e1a4c,2026-10-04,delegated,,country-code,EURid vzw,Belgium,,,yes,,https://www.iana.org/domains/root/db/xn--e1a4c.html
.ポイント,.xn--eckvdtc9d,2015-11-25,ianaRegistration,iana-registration,generic,"Amazon Registry Services, Inc.",United States of America (the),,,no,,https://www.iana.org/domains/root/db/xn--eckvdtc9d.html
.ポイント,.xn--eckvdtc9d,2015-12-08,ianaReportEvent,iana-report,generic,,,"Delegation of the .ポイント domain to Amazon Registry Services, Inc.",,no,,https://www.iana.org/reports/c.2.9.2.d/20151208-xn--eckvdtc9d
.ポイント,.xn--eckvdtc9d,2026-10-04,delegated,current-snapshot,generic,"Amazon Registry Services, Inc.",United States of America (the),,,yes,,https://www.iana.org/domains/root/db/xn--eckvdtc9d.html
.新闻,.xn--efvy88h,2015-08-06,ianaRegistration,iana-registration,generic,"Guangzhou YU Wei Information and Technology Co.,Ltd",China,,,no,,https://www.iana.org/domains/root/db/xn--efvy88h.html
.新闻,.xn--efvy88h,2015-08-17,ianaReportEvent,iana-report,generic,,,Delegation of the .新闻 domain to Xinhua News Agency Guangdong Branch 新华通讯社广东分社,,no,,https://www.iana.org/reports/c.2.9.2.d/20150817-xn--efvy88h
.新闻,.xn--efvy88h,2018-03-26,ianaTransferReport,iana-report,generic,,,"Transfer of the .新闻 domain to Guangzhou YU Wei Information Technology Co., Ltd",,no,,https://www.iana.org/reports/tld-transfer/20180326-xn--efvy88h
.新闻,.xn--efvy88h,2026-10-04,delegated,current-snapshot,generic,"Guangzhou YU Wei Information and Technology Co.,Ltd",China,,,yes,,https://www.iana.org/domains/root/db/xn--efvy88h.html
.工行,.xn--estv75g,2015-04-23,ianaRegistration,iana-registration,generic,,,,,no,,https://www.iana.org/domains/root/db/xn--estv75g.html
.工行,.xn--estv75g,2015-05-05,ianaReportEvent,iana-report,generic,,,Delegation of the .工行 domain to Industrial and Commercial Bank of China Limited,,no,,https://www.iana.org/reports/c.2.9.2.d/20150505-xn--estv75g
.工行,.xn--estv75g,2020-04-01,ianaRevocationReport,iana-report,generic,,,Revocation of the .工行 domain,,no,,https://www.iana.org/reports/tld-transfer/20200401-xn--estv75g
.工行,.xn--estv75g,2026-10-04,notDelegated,current-snapshot,generic,,,,,yes,,https://www.iana.org/domains/root/db/xn--estv75g.html
.家電,.xn--fct429k,2016-03-18,ianaRegistration,iana-registration,generic,"Amazon Registry Services, Inc.",United States of America (the),,,no,,https://www.iana.org/domains/root/db/xn--fct429k.html
.家電,.xn--fct429k,2016-03-23,ianaReportEvent,iana-report,generic,,,"Delegation of the .家電 domain to Amazon Registry Services, Inc.",,no,,https://www.iana.org/reports/c.2.9.2.d/20160323-xn--fct429k
.家電,.xn--fct429k,2026-10-04,delegated,current-snapshot,generic,"Amazon Registry Services, Inc.",United States of America (the),,,yes,,https://www.iana.org/domains/root/db/xn--fct429k.html
.كوم,.xn--fhbei,2015-07-02,ianaRegistration,iana-registration,generic,VeriSign Sarl,Switzerland,,,no,,https://www.iana.org/domains/root/db/xn--fhbei.html
.كوم,.xn--fhbei,2015-07-26,ianaReportEvent,iana-report,generic,,,Delegation of the .كوم domain to VeriSign Sarl,,no,,https://www.iana.org/reports/c.2.9.2.d/20150726-xn--fhbei
.كوم,.xn--fhbei,2026-10-04,delegated,current-snapshot,generic,VeriSign Sarl,Switzerland,,,yes,,https://www.iana.org/domains/root/db/xn--fhbei.html
.中文网,.xn--fiq228c5hs,2013-12-19,ianaRegistration,iana-registration,generic,Beijing TLD Registry Technology Limited,China,,,no,,https://www.iana.org/domains/root/db/xn--fiq228c5hs.html
.中文网,.xn--fiq228c5hs,2013-12-27,ianaReportEvent,iana-report,generic,,,Delegation of the .中文网 domain to TLD Registry Limited,,no,,https://www.iana.org/reports/c.2.9.2.d/20131227-xn--fiq228c5hs
.中文网,.xn--fiq228c5hs,2025-11-24,ianaTransferReport,iana-report,generic,,,Transfer of the .中文网 domain to Beijing TLD Registry Technology Limited,,no,,https://www.iana.org/reports/tld-transfer/20251124-xn--fiq228c5hs
.中文网,.xn--fiq228c5hs,2026-10-04,delegated,current-snapshot,generic,Beijing TLD Registry Technology Limited,China,,,yes,,https://www.iana.org/domains/root/db/xn--fiq228c5hs.html
.中信,.xn--fiq64b,2014-01-09,ianaRegistration,iana-registration,generic,CITIC Group Corporation,China,,,no,,https://www.iana.org/domains/root/db/xn--fiq64b.html
.中信,.xn--fiq64b,2014-01-17,ianaReportEvent,iana-report,generic,,,Delegation of the .中信 domain to CITIC Group Corporation,,no,,https://www.iana.org/reports/c.2.9.2.d/20140117-xn--fiq64b
.中信,.xn--fiq64b,2026-10-04,delegated,current-snapshot,generic,CITIC Group Corporation,China,,,yes,,https://www.iana.org/domains/root/db/xn--fiq64b.html
.中国,.xn--fiqs8s,2010-06-07,ianaReportEvent,iana-report,country-code,,,Report on the Delegation of the .中国 and .中國 (“Zhongguo”) domains representing China in Chinese to China Internet Network Information Center,,no,,https://www.iana.org/reports/2010/zhongguo-report-07jun2010.html
.中国,.xn--fiqs8s,2010-07-09,ianaRegistration,iana-registration,country-code,China Internet Network Information Center (CNNIC),China,,,no,,https://www.iana.org/domains/root/db/xn--fiqs8s.html
.中国,.xn--fiqs8s,2026-10-04,delegated,current-snapshot,country-code,China Internet Network Information Center (CNNIC),China,,,yes,,https://www.iana.org/domains/root/db/xn--fiqs8s.html
.中國,.xn--fiqz9s,2010-06-07,ianaReportEvent,iana-report,country-code,,,Report on the Delegation of the .中国 and .中國 (“Zhongguo”) domains representing China in Chinese to China Internet Network Information Center,,no,,https://www.iana.org/reports/2010/zhongguo-report-07jun2010.html
.中國,.xn--fiqz9s,2010-07-09,ianaRegistration,iana-registration,country-code,China Internet Network Information Center (CNNIC),China,,,no,,https://www.iana.org/domains/root/db/xn--fiqz9s.html
.中國,.xn--fiqz9s,2026-10-04,delegated,current-snapshot,country-code,China Internet Network Information Center (CNNIC),China,,,yes,,https://www.iana.org/domains/root/db/xn--fiqz9s.html
.娱乐,.xn--fjq720a,2014-07-17,ianaRegistration,iana-registration,generic,"Binky Moon, LLC",United States of America (the),,,no,,https://www.iana.org/domains/root/db/xn--fjq720a.html
.娱乐,.xn--fjq720a,2015-05-06,ianaReportEvent,iana-report,generic,,,"Delegation of the .娱乐 domain to Will Bloom, LLC",,no,,https://www.iana.org/reports/c.2.9.2.d/20150506-xn--fjq720a
.娱乐,.xn--fjq720a,2018-03-23,ianaTransferReport,iana-report,generic,,,Transfer of the .academy domain and 195 others,,no,,https://www.iana.org/reports/tld-transfer/20180323-binkymoon
.娱乐,.xn--fjq720a,2026-10-04,delegated,current-snapshot,generic,"Binky Moon, LLC",United States of America (the),,,yes,,https://www.iana.org/domains/root/db/xn--fjq720a.html
.谷歌,.xn--flw351e,2014-10-09,ianaRegistration,iana-registration,generic,Charleston Road Registry Inc.,United States of America (the),,,no,,https://www.iana.org/domains/root/db/xn--flw351e.html
.谷歌,.xn--flw351e,2014-11-13,ianaReportEvent,iana-report,generic,,,Delegation of the .谷歌 domain to Charleston Road Registry Inc.,,no,,https://www.iana.org/reports/c.2.9.2.d/20141113-xn--flw351e
.谷歌,.xn--flw351e,2026-10-04,delegated,current-snapshot,generic,Charleston Road Registry Inc.,United States of America (the),,,yes,,https://www.iana.org/domains/root/db/xn--flw351e.html
.భారత్,.xn--fpcrj9c3d,2011-01-07,ianaReportEvent,iana-report,country-code,,,Delegation of the seven top-level domains representing India in various languages,,no,,https://www.iana.org/reports/2011/india-report-07jan2011.html
.భారత్,.xn--fpcrj9c3d,2011-02-05,ianaRegistration,iana-registration,country-code,National Internet Exchange of India,India,,,no,,https://www.iana.org/domains/root/db/xn--fpcrj9c3d.html
.భారత్,.xn--fpcrj9c3d,2026-10-04,delegated,current-snapshot,country-code,National Internet Exchange of India,India,,,yes,,https://www.iana.org/domains/root/db/xn--fpcrj9c3d.html
.ලංකා,.xn--fzc2c9e2c,2010-07-16,ianaReportEvent,iana-report,country-code,,,"Report on the Delegation of the .ලංකා (“Lanka”) domain representing Sri Lanka in Sinhalese, and இலங்கை (“Ilangai”) domain representing Sri Lanka in Tamil, to L K Domain Registry",,no,,https://www.iana.org/reports/2010/lanka-report-16jul2010.html
.ලංකා,.xn--fzc2c9e2c,2010-08-19,ianaRegistration,iana-registration,country-code,LK Domain Registry,Sri Lanka,,,no,,https://www.iana.org/domains/root/db/xn--fzc2c9e2c.html
.ලංකා,.xn--fzc2c9e2c,2026-10-04,delegated,current-snapshot,country-code,LK Domain Registry,Sri Lanka,,,yes,,https://www.iana.org/domains/root/db/xn--fzc2c9e2c.html
.電訊盈科,.xn--fzys8d69uvgm,2016-04-15,ianaRegistration,iana-registration,generic,PCCW Enterprises Limited,China,,,no,,https://www.iana.org/domains/root/db/xn--fzys8d69uvgm.html
.電訊盈科,.xn--fzys8d69uvgm,2016-05-10,ianaReportEvent,iana-report,generic,,,Delegation of the .電訊盈科 domain to PCCW Enterprises Limited,,no,,https://www.iana.org/reports/c.2.9.2.d/20160510-xn--fzys8d69uvgm
.電訊盈科,.xn--fzys8d69uvgm,2026-10-04,delegated,current-snapshot,generic,PCCW Enterprises Limited,China,,,yes,,https://www.iana.org/domains/root/db/xn--fzys8d69uvgm.html
.购物,.xn--g2xx48c,2016-01-08,ianaRegistration,iana-registration,generic,"Nawang Heli(Xiamen) Network Service Co., LTD.",China,,,no,,https://www.iana.org/domains/root/db/xn--g2xx48c.html
.购物,.xn--g2xx48c,2016-01-13,ianaReportEvent,iana-report,generic,,,Delegation of the .购物 domain to Minds + Machines Group Limited,,no,,https://www.iana.org/reports/c.2.9.2.d/20160113-xn--g2xx48c
.购物,.xn--g2xx48c,2020-11-11,ianaTransferReport,iana-report,generic,,,"Transfer of the .xn--g2xx48c domain to Nawang Heli(Xiamen) Network Service Co., LTD.",,no,,https://www.iana.org/reports/tld-transfer/20201111-xn--g2xx48c
.购物,.xn--g2xx48c,2026-10-04,delegated,current-snapshot,generic,"Nawang Heli(Xiamen) Network Service Co., LTD.",China,,,yes,,https://www.iana.org/domains/root/db/xn--g2xx48c.html
.測試,.xn--g6w251d,2007-08-01,ianaReportEvent,iana-report,test,,,Report on Delegation of Eleven Evaluative Internationalised Top-Level Domains,,no,,https://www.iana.org/reports/2007/testetal-report-01aug2007.html
.測試,.xn--g6w251d,2007-10-19,ianaRegistration,iana-registration,test,,,,,no,,https://www.iana.org/domains/root/db/xn--g6w251d.html
.測試,.xn--g6w251d,2026-10-04,notDelegated,current-snapshot,test,,,,,yes,,https://www.iana.org/domains/root/db/xn--g6w251d.html
.クラウド,.xn--gckr3f0f,2016-01-29,ianaRegistration,iana-registration,generic,"Amazon Registry Services, Inc.",United States of America (the),,,no,,https://www.iana.org/domains/root/db/xn--gckr3f0f.html
.クラウド,.xn--gckr3f0f,2016-02-17,ianaReportEvent,iana-report,generic,,,"Delegation of the .クラウド domain to Amazon Registry Services, Inc.",,no,,https://www.iana.org/reports/c.2.9.2.d/20160217-xn--gckr3f0f
.クラウド,.xn--gckr3f0f,2026-10-04,delegated,current-snapshot,generic,"Amazon Registry Services, Inc.",United States of America (the),,,yes,,https://www.iana.org/domains/root/db/xn--gckr3f0f.html
.ભારત,.xn--gecrj9c,2011-01-07,ianaReportEvent,iana-report,country-code,,,Delegation of the seven top-level domains representing India in various languages,,no,,https://www.iana.org/reports/2011/india-report-07jan2011.html
.ભારત,.xn--gecrj9c,2011-02-05,ianaRegistration,iana-registration,country-code,National Internet Exchange of India,India,,,no,,https://www.iana.org/domains/root/db/xn--gecrj9c.html
.ભારત,.xn--gecrj9c,2026-10-04,delegated,current-snapshot,country-code,National Internet Exchange of India,India,,,yes,,https://www.iana.org/domains/root/db/xn--gecrj9c.html
.通販,.xn--gk3at1e,2016-09-16,ianaRegistration,iana-registration,generic,"Amazon Registry Services, Inc.",United States of America (the),,,no,,https://www.iana.org/domains/root/db/xn--gk3at1e.html
.通販,.xn--gk3at1e,2016-09-21,ianaReportEvent,iana-report,generic,,,"Delegation of the .通販 domain to Amazon Registry Services, Inc.",,no,,https://www.iana.org/reports/tld-transfer/20160921-xn--gk3at1e
.通販,.xn--gk3at1e,2026-10-04,delegated,current-snapshot,generic,"Amazon Registry Services, Inc.",United States of America (the),,,yes,,https://www.iana.org/domains/root/db/xn--gk3at1e.html
.भारतम्,.xn--h2breg3eve,2016-08-15,ianaRegistration,iana-registration,country-code,National Internet eXchange of India,India,,,no,,https://www.iana.org/domains/root/db/xn--h2breg3eve.html
.भारतम्,.xn--h2breg3eve,2017-06-09,ianaReportEvent,iana-report,country-code,,,Delegation of eight top-level domains representing India in various languages to the National Internet Exchange of India,,no,,https://www.iana.org/reports/2017/india-report-20170609.html
.भारतम्,.xn--h2breg3eve,2026-10-04,delegated,current-snapshot,country-code,National Internet eXchange of India,India,,,yes,,https://www.iana.org/domains/root/db/xn--h2breg3eve.html
.भारत,.xn--h2brj9c,2011-01-07,ianaReportEvent,iana-report,country-code,,,Delegation of the seven top-level domains representing India in various languages,,no,,https://www.iana.org/reports/2011/india-report-07jan2011.html
.भारत,.xn--h2brj9c,2011-02-05,ianaRegistration,iana-registration,country-code,National Internet Exchange of India,India,,,no,,https://www.iana.org/domains/root/db/xn--h2brj9c.html
.भारत,.xn--h2brj9c,2026-10-04,delegated,current-snapshot,country-code,National Internet Exchange of India,India,,,yes,,https://www.iana.org/domains/root/db/xn--h2brj9c.html
.भारोत,.xn--h2brj9c8c,2016-08-15,ianaRegistration,iana-registration,country-code,National Internet eXchange of India,India,,,no,,https://www.iana.org/domains/root/db/xn--h2brj9c8c.html
.भारोत,.xn--h2brj9c8c,2017-06-09,ianaReportEvent,iana-report,country-code,,,Delegation of eight top-level domains representing India in various languages to the National Internet Exchange of India,,no,,https://www.iana.org/reports/2017/india-report-20170609.html
.भारोत,.xn--h2brj9c8c,2026-10-04,delegated,current-snapshot,country-code,National Internet eXchange of India,India,,,yes,,https://www.iana.org/domains/root/db/xn--h2brj9c8c.html
.آزمایشی,.xn--hgbk6aj7f53bba,2007-08-01,ianaReportEvent,iana-report,test,,,Report on Delegation of Eleven Evaluative Internationalised Top-Level Domains,,no,,https://www.iana.org/reports/2007/testetal-report-01aug2007.html
.آزمایشی,.xn--hgbk6aj7f53bba,2007-10-19,ianaRegistration,iana-registration,test,,,,,no,,https://www.iana.org/domains/root/db/xn--hgbk6aj7f53bba.html
.آزمایشی,.xn--hgbk6aj7f53bba,2026-10-04,notDelegated,current-snapshot,test,,,,,yes,,https://www.iana.org/domains/root/db/xn--hgbk6aj7f53bba.html
.பரிட்சை,.xn--hlcj6aya9esc7a,2007-08-01,ianaReportEvent,iana-report,test,,,Report on Delegation of Eleven Evaluative Internationalised Top-Level Domains,,no,,https://www.iana.org/reports/2007/testetal-report-01aug2007.html
.பரிட்சை,.xn--hlcj6aya9esc7a,2007-10-19,ianaRegistration,iana-registration,test,,,,,no,,https://www.iana.org/domains/root/db/xn--hlcj6aya9esc7a.html
.பரிட்சை,.xn--hlcj6aya9esc7a,2026-10-04,notDelegated,current-snapshot,test,,,,,yes,,https://www.iana.org/domains/root/db/xn--hlcj6aya9esc7a.html
.网店,.xn--hxt814e,2014-11-20,ianaRegistration,iana-registration,generic,Zodiac Taurus Ltd.,China,,,no,,https://www.iana.org/domains/root/db/xn--hxt814e.html
.网店,.xn--hxt814e,2014-11-26,ianaReportEvent,iana-report,generic,,,Delegation of the .网店 domain to Zodiac Libra Limited,,no,,https://www.iana.org/reports/c.2.9.2.d/20141126-xn--hxt814e
.网店,.xn--hxt814e,2026-10-04,delegated,current-snapshot,generic,Zodiac Taurus Ltd.,China,,,yes,,https://www.iana.org/domains/root/db/xn--hxt814e.html
.संगठन,.xn--i1b6b1a6a2e,2014-02-27,ianaRegistration,iana-registration,generic,Public Interest Registry,United States of America (the),,,no,,https://www.iana.org/domains/root/db/xn--i1b6b1a6a2e.html
.संगठन,.xn--i1b6b1a6a2e,2014-03-04,ianaReportEvent,iana-report,generic,,,Delegation of the .संगठन domain to Public Interest Registry,,no,,https://www.iana.org/reports/c.2.9.2.d/20140304-xn--i1b6b1a6a2e
.संगठन,.xn--i1b6b1a6a2e,2026-10-04,delegated,current-snapshot,generic,Public Interest Registry,United States of America (the),,,yes,,https://www.iana.org/domains/root/db/xn--i1b6b1a6a2e.html
.餐厅,.xn--imr513n,2015-05-08,ianaRegistration,iana-registration,generic,Internet DotTrademark Organisation Limited,China,,,no,,https://www.iana.org/domains/root/db/xn--imr513n.html
.餐厅,.xn--imr513n,2015-05-22,ianaReportEvent,iana-report,generic,,,Delegation of the .餐厅 domain to Hu Yi Global Information Resources (Holding) Company. Hong Kong Limited,,no,,https://www.iana.org/reports/c.2.9.2.d/20150522-xn--imr513n
.餐厅,.xn--imr513n,2026-10-04,delegated,current-snapshot,generic,Internet DotTrademark Organisation Limited,China,,,yes,,https://www.iana.org/domains/root/db/xn--imr513n.html
.网络,.xn--io0a7i,2014-01-09,ianaRegistration,iana-registration,generic,China Internet Network Information Center (CNNIC),China,,,no,,https://www.iana.org/domains/root/db/xn--io0a7i.html
.网络,.xn--io0a7i,2014-01-16,ianaReportEvent,iana-report,generic,,,Delegation of the .网络 domain to Computer Network Information Center of Chinese Academy of Sciences,,no,,https://www.iana.org/reports/c.2.9.2.d/20140116-xn--io0a7i
.网络,.xn--io0a7i,2026-10-04,delegated,current-snapshot,generic,China Internet Network Information Center (CNNIC),China,,,yes,,https://www.iana.org/domains/root/db/xn--io0a7i.html
.ком,.xn--j1aef,2015-07-02,ianaRegistration,iana-registration,generic,VeriSign Sarl,Switzerland,,,no,,https://www.iana.org/domains/root/db/xn--j1aef.html
.ком,.xn--j1aef,2015-07-26,ianaReportEvent,iana-report,generic,,,Delegation of the .ком domain to VeriSign Sarl,,no,,https://www.iana.org/reports/c.2.9.2.d/20150726-xn--j1aef
.ком,.xn--j1aef,2026-10-04,delegated,current-snapshot,generic,VeriSign Sarl,Switzerland,,,yes,,https://www.iana.org/domains/root/db/xn--j1aef.html
.укр,.xn--j1amh,2011-03-01,ianaRegistration,iana-registration,country-code,"Ukrainian Network Information Centre (UANIC), Inc.",Ukraine,,,no,,https://www.iana.org/domains/root/db/xn--j1amh.html
.укр,.xn--j1amh,2013-02-19,ianaReportEvent,iana-report,country-code,,,Report on the Delegation of the .укр (“ukr”) domain representing Ukraine in Cyrillic,,no,,https://www.iana.org/reports/2013/ukr-report-20130219.html
.укр,.xn--j1amh,2026-10-04,delegated,current-snapshot,country-code,"Ukrainian Network Information Centre (UANIC), Inc.",Ukraine,,,yes,,https://www.iana.org/domains/root/db/xn--j1amh.html
.香港,.xn--j6w193g,2010-06-07,ianaReportEvent,iana-report,country-code,,,Report on the Delegation of the .香港 (“Hong Kong”) domain representing Hong Kong in Chinese to Hong Kong Internet Registration Corporation Limited,,no,,https://www.iana.org/reports/2010/hongkong-report-07jun2010.html
.香港,.xn--j6w193g,2010-07-12,ianaRegistration,iana-registration,country-code,Hong Kong Internet Registration Corporation Ltd.,Hong Kong,,,no,,https://www.iana.org/domains/root/db/xn--j6w193g.html
.香港,.xn--j6w193g,2026-10-04,delegated,current-snapshot,country-code,Hong Kong Internet Registration Corporation Ltd.,Hong Kong,,,yes,,https://www.iana.org/domains/root/db/xn--j6w193g.html
.亚马逊,.xn--jlq480n2rg,2020-05-28,ianaRegistration,iana-registration,generic,"Amazon Registry Services, Inc.",United States of America (the),,,no,,https://www.iana.org/domains/root/db/xn--jlq480n2rg.html
.亚马逊,.xn--jlq480n2rg,2020-06-02,ianaReportEvent,iana-report,generic,,,"Delegation of the .亚马逊 domain to Amazon Registry Services, Inc.",,no,,https://www.iana.org/reports/tld-transfer/20200602-xn--jlq480n2rg
.亚马逊,.xn--jlq480n2rg,2026-10-04,delegated,current-snapshot,generic,"Amazon Registry Services, Inc.",United States of America (the),,,yes,,https://www.iana.org/domains/root/db/xn--jlq480n2rg.html
.诺基亚,.xn--jlq61u9w7b,2015-04-23,ianaRegistration,iana-registration,generic,,,,,no,,https://www.iana.org/domains/root/db/xn--jlq61u9w7b.html
.诺基亚,.xn--jlq61u9w7b,2022-12-06,ianaRevocationReport,iana-report,generic,,,Revocation of the .诺基亚 domain,,no,,https://www.iana.org/reports/tld-transfer/20221206-xn--jlq61u9w7b
.诺基亚,.xn--jlq61u9w7b,2026-10-04,notDelegated,current-snapshot,generic,,,,,yes,,https://www.iana.org/domains/root/db/xn--jlq61u9w7b.html
.食品,.xn--jvr189m,2016-01-29,ianaRegistration,iana-registration,generic,"Amazon Registry Services, Inc.",United States of America (the),,,no,,https://www.iana.org/domains/root/db/xn--jvr189m.html
.食品,.xn--jvr189m,2016-02-17,ianaReportEvent,iana-report,generic,,,"Delegation of the .食品 domain to Amazon Registry Services, Inc.",,no,,https://www.iana.org/reports/c.2.9.2.d/20160217-xn--jvr189m
.食品,.xn--jvr189m,2026-10-04,delegated,current-snapshot,generic,"Amazon Registry Services, Inc.",United States of America (the),,,yes,,https://www.iana.org/domains/root/db/xn--jvr189m.html
.δοκιμή,.xn--jxalpdlp,2007-08-01,ianaReportEvent,iana-report,test,,,Report on Delegation of Eleven Evaluative Internationalised Top-Level Domains,,no,,https://www.iana.org/reports/2007/testetal-report-01aug2007.html
.δοκιμή,.xn--jxalpdlp,2007-10-19,ianaRegistration,iana-registration,test,,,,,no,,https://www.iana.org/domains/root/db/xn--jxalpdlp.html
.δοκιμή,.xn--jxalpdlp,2026-10-04,notDelegated,current-snapshot,test,,,,,yes,,https://www.iana.org/domains/root/db/xn--jxalpdlp.html
.飞利浦,.xn--kcrx77d1x4a,2015-02-13,ianaRegistration,iana-registration,generic,Koninklijke Philips N.V.,Netherlands (the),,,no,,https://www.iana.org/domains/root/db/xn--kcrx77d1x4a.html
.飞利浦,.xn--kcrx77d1x4a,2015-04-03,ianaReportEvent,iana-report,generic,,,Delegation of the .飞利浦 domain to Koninklijke Philips N.V.,,no,,https://www.iana.org/reports/c.2.9.2.d/20150403-xn--kcrx77d1x4a
.飞利浦,.xn--kcrx77d1x4a,2026-10-04,delegated,current-snapshot,generic,Koninklijke Philips N.V.,Netherlands (the),,,yes,,https://www.iana.org/domains/root/db/xn--kcrx77d1x4a.html
.إختبار,.xn--kgbechtv,2007-08-01,ianaReportEvent,iana-report,test,,,Report on Delegation of Eleven Evaluative Internationalised Top-Level Domains,,no,,https://www.iana.org/reports/2007/testetal-report-01aug2007.html
.إختبار,.xn--kgbechtv,2007-10-19,ianaRegistration,iana-registration,test,,,,,no,,https://www.iana.org/domains/root/db/xn--kgbechtv.html
.إختبار,.xn--kgbechtv,2026-10-04,notDelegated,current-snapshot,test,,,,,yes,,https://www.iana.org/domains/root/db/xn--kgbechtv.html
.台湾,.xn--kprw13d,2010-07-14,ianaRegistration,iana-registration,country-code,Taiwan Network Information Center (TWNIC),Taiwan,,,no,,https://www.iana.org/domains/root/db/xn--kprw13d.html
.台湾,.xn--kprw13d,2026-10-04,delegated,current-snapshot,country-code,Taiwan Network Information Center (TWNIC),Taiwan,,,yes,,https://www.iana.org/domains/root/db/xn--kprw13d.html
.台灣,.xn--kpry57d,2010-07-14,ianaRegistration,iana-registration,country-code,Taiwan Network Information Center (TWNIC),Taiwan,,,no,,https://www.iana.org/domains/root/db/xn--kpry57d.html
.台灣,.xn--kpry57d,2026-10-04,delegated,current-snapshot,country-code,Taiwan Network Information Center (TWNIC),Taiwan,,,yes,,https://www.iana.org/domains/root/db/xn--kpry57d.html
.手表,.xn--kpu716f,2015-11-12,ianaRegistration,iana-registration,generic,,,,,no,,https://www.iana.org/domains/root/db/xn--kpu716f.html
.手表,.xn--kpu716f,2015-12-08,ianaReportEvent,iana-report,generic,,,Delegation of the .手表 domain to Richemont DNS Inc.,,no,,https://www.iana.org/reports/c.2.9.2.d/20151207-xn--kpu716f
.手表,.xn--kpu716f,2020-06-26,ianaRevocationReport,iana-report,generic,,,Revocation of the .手表 domain,,no,,https://www.iana.org/reports/tld-transfer/20200626-xn--kpu716f
.手表,.xn--kpu716f,2026-10-04,notDelegated,current-snapshot,generic,,,,,yes,,https://www.iana.org/domains/root/db/xn--kpu716f.html
.手机,.xn--kput3i,2014-06-05,ianaRegistration,iana-registration,generic,"Beijing RITT-Net Technology Development Co., Ltd",China,,,no,,https://www.iana.org/domains/root/db/xn--kput3i.html
.手机,.xn--kput3i,2014-06-13,ianaReportEvent,iana-report,generic,,,"Delegation of the .手机 domain to Beijing RITT-Net Technology Development Co., Ltd",,no,,https://www.iana.org/reports/c.2.9.2.d/20140613-xn--kput3i
.手机,.xn--kput3i,2026-10-04,delegated,current-snapshot,generic,"Beijing RITT-Net Technology Development Co., Ltd",China,,,yes,,https://www.iana.org/domains/root/db/xn--kput3i.html
.мон,.xn--l1acc,2012-06-21,ianaRegistration,iana-registration,country-code,"Datacom Co.,Ltd",Mongolia,,,no,,https://www.iana.org/domains/root/db/xn--l1acc.html
.мон,.xn--l1acc,2013-05-25,ianaReportEvent,iana-report,country-code,,,Report on the Delegation of the .мон (“mon”) domain representing Mongolia in Cyrillic to Datacom LLC,,no,,https://www.iana.org/reports/2013/mon-report-20130525.html
.мон,.xn--l1acc,2026-10-04,delegated,current-snapshot,country-code,"Datacom Co.,Ltd",Mongolia,,,yes,,https://www.iana.org/domains/root/db/xn--l1acc.html
.الجزائر,.xn--lgbbat1ad8j,2011-02-05,ianaRegistration,iana-registration,country-code,CERIST,Algeria,,,no,,https://www.iana.org/domains/root/db/xn--lgbbat1ad8j.html
.الجزائر,.xn--lgbbat1ad8j,2011-04-01,ianaReportEvent,iana-report,country-code,,,"Report on the Delegation of the .الجزائر (""al-Jazair"") domain representing Algeria in Arabic",,no,,https://www.iana.org/reports/2011/algeria-report-20110401.html
.الجزائر,.xn--lgbbat1ad8j,2026-10-04,delegated,current-snapshot,country-code,CERIST,Algeria,,,yes,,https://www.iana.org/domains/root/db/xn--lgbbat1ad8j.html
.عمان,.xn--mgb9awbf,2011-02-05,ianaRegistration,iana-registration,country-code,Telecommunications Regulatory Authority (TRA),Oman,,,no,,https://www.iana.org/domains/root/db/xn--mgb9awbf.html
.عمان,.xn--mgb9awbf,2012-06-12,ianaReportEvent,iana-report,country-code,,,"Report on the Delegation of .عمان (""Oman"") representing Oman in Arabic",,no,,https://www.iana.org/reports/2012/oman-report-20120612.html
.عمان,.xn--mgb9awbf,2026-10-04,delegated,current-snapshot,country-code,Telecommunications Regulatory Authority (TRA),Oman,,,yes,,https://www.iana.org/domains/root/db/xn--mgb9awbf.html
.ارامكو,.xn--mgba3a3ejt,2015-08-20,ianaRegistration,iana-registration,generic,Aramco Services Company,United States of America (the),,,no,,https://www.iana.org/domains/root/db/xn--mgba3a3ejt.html
.ارامكو,.xn--mgba3a3ejt,2015-10-13,ianaReportEvent,iana-report,generic,,,Delegation of the .ارامكو domain to Aramco Services Company,,no,,https://www.iana.org/reports/c.2.9.2.d/20151013-xn--mgba3a3ejt
.ارامكو,.xn--mgba3a3ejt,2026-10-04,delegated,current-snapshot,generic,Aramco Services Company,United States of America (the),,,yes,,https://www.iana.org/domains/root/db/xn--mgba3a3ejt.html
.ایران,.xn--mgba3a4f16a,2011-02-05,ianaRegistration,iana-registration,country-code,Institute for Research in Fundamental Sciences (IPM),Iran (Islamic Republic of),,,no,,https://www.iana.org/domains/root/db/xn--mgba3a4f16a.html
.ایران,.xn--mgba3a4f16a,2013-09-13,ianaReportEvent,iana-report,country-code,,,Report on the Delegation of the ایران. (“Iran”) domain representing the Islamic Republic of Iran in Arabic,,no,,https://www.iana.org/reports/2013/iran-report-20130913.html
.ایران,.xn--mgba3a4f16a,2026-10-04,delegated,current-snapshot,country-code,Institute for Research in Fundamental Sciences (IPM),Iran (Islamic Republic of),,,yes,,https://www.iana.org/domains/root/db/xn--mgba3a4f16a.html
.العليان,.xn--mgba7c0bbn0a,2016-04-21,ianaRegistration,iana-registration,generic,Competrol (Luxembourg) Sarl,Luxembourg,,,no,,https://www.iana.org/domains/root/db/xn--mgba7c0bbn0a.html
.العليان,.xn--mgba7c0bbn0a,2016-04-29,ianaReportEvent,iana-report,generic,,,Delegation of the .العليان domain to Crescent Holding GmbH,,no,,https://www.iana.org/reports/c.2.9.2.d/20160429-xn--mgba7c0bbn0a
.العليان,.xn--mgba7c0bbn0a,2024-05-08,ianaTransferReport,iana-report,generic,,,Transfer of the .العليان domain to Competrol (Luxembourg) Sarl,,no,,https://www.iana.org/reports/tld-transfer/20240508-xn--mgba7c0bbn0a
.العليان,.xn--mgba7c0bbn0a,2026-10-04,delegated,current-snapshot,generic,Competrol (Luxembourg) Sarl,Luxembourg,,,yes,,https://www.iana.org/domains/root/db/xn--mgba7c0bbn0a.html
.اتصالات,.xn--mgbaakc7dvf,2017-05-18,ianaRegistration,iana-registration,generic,,,,,no,,https://www.iana.org/domains/root/db/xn--mgbaakc7dvf.html
.اتصالات,.xn--mgbaakc7dvf,2017-06-09,ianaReportEvent,iana-report,generic,,,Delegation of the .اتصالات domain to Emirates Telecommunications Corporation (trading as Etisalat),,no,,https://www.iana.org/reports/tld-transfer/20170609-xn--mgbaakc7dvf
.اتصالات,.xn--mgbaakc7dvf,2023-11-17,ianaRevocationReport,iana-report,generic,,,Revocation of the .اتصالات domain,,no,,https://www.iana.org/reports/tld-transfer/20231117-xn--mgbaakc7dvf
.اتصالات,.xn--mgbaakc7dvf,2026-10-04,notDelegated,current-snapshot,generic,,,,,yes,,https://www.iana.org/domains/root/db/xn--mgbaakc7dvf.html
.امارات,.xn--mgbaam7a8h,2010-04-07,ianaReportEvent,iana-report,country-code,,,"Report on the Delegation of the امارات. (“Emarat”) domain representing United Arab Emirates in Arabic to ""Telecommunications Regulatory Authority""",,no,,https://www.iana.org/reports/2010/emarat-report-07apr2010.html
.امارات,.xn--mgbaam7a8h,2010-05-05,ianaRegistration,iana-registration,country-code,Telecommunications and Digital Government Regulatory Authority (TDRA),United Arab Emirates (the),,,no,,https://www.iana.org/domains/root/db/xn--mgbaam7a8h.html
.امارات,.xn--mgbaam7a8h,2026-10-04,delegated,current-snapshot,country-code,Telecommunications and Digital Government Regulatory Authority (TDRA),United Arab Emirates (the),,,yes,,https://www.iana.org/domains/root/db/xn--mgbaam7a8h.html
.بازار,.xn--mgbab2bd,2014-02-06,ianaRegistration,iana-registration,generic,CORE Association,Switzerland,,,no,,https://www.iana.org/domains/root/db/xn--mgbab2bd.html
.بازار,.xn--mgbab2bd,2014-02-14,ianaReportEvent,iana-report,generic,,,Delegation of the .بازار domain to CORE Association,,no,,https://www.iana.org/reports/c.2.9.2.d/20140214-xn--mgbab2bd
.بازار,.xn--mgbab2bd,2026-10-04,delegated,current-snapshot,generic,CORE Association,Switzerland,,,yes,,https://www.iana.org/domains/root/db/xn--mgbab2bd.html
.موريتانيا,.xn--mgbah1a3hjkrd,2017-11-28,ianaRegistration,iana-registration,country-code,Université de Nouakchott Al Aasriya,Mauritania,,,no,,https://www.iana.org/domains/root/db/xn--mgbah1a3hjkrd.html
.موريتانيا,.xn--mgbah1a3hjkrd,2019-01-08,ianaReportEvent,iana-report,country-code,,,Delegation of the موريتانيا. domain to Université de Nouakchott Al Aasriya,,no,,https://www.iana.org/reports/2019/xn--mgbah1a3hjkrd-report-20190108.html
.موريتانيا,.xn--mgbah1a3hjkrd,2026-10-04,delegated,current-snapshot,country-code,Université de Nouakchott Al Aasriya,Mauritania,,,yes,,https://www.iana.org/domains/root/db/xn--mgbah1a3hjkrd.html
.پاکستان,.xn--mgbai9azgqp6j,2011-02-28,ianaRegistration,iana-registration,country-code,National Telecommunication Corporation,Pakistan,,,no,,https://www.iana.org/domains/root/db/xn--mgbai9azgqp6j.html
.پاکستان,.xn--mgbai9azgqp6j,2017-01-17,ianaReportEvent,iana-report,country-code,,,Delegation of the .پاکستان (“Pakistan”) domain representing Pakistan in Arabic Script to National Telecommunication Corporation,,no,,https://www.iana.org/reports/2017/pakistan-report-20170117.html
.پاکستان,.xn--mgbai9azgqp6j,2026-10-04,delegated,current-snapshot,country-code,National Telecommunication Corporation,Pakistan,,,yes,,https://www.iana.org/domains/root/db/xn--mgbai9azgqp6j.html
.الاردن,.xn--mgbayh7gpa,2010-07-16,ianaReportEvent,iana-report,country-code,,,Report on the Delegation of the الاردن. (“al-Ordon”) domain representing Jordan in Arabic to the National Information Technology Center,,no,,https://www.iana.org/reports/2010/alordon-report-16jul2010.html
.الاردن,.xn--mgbayh7gpa,2010-08-20,ianaRegistration,iana-registration,country-code,Ministry of Digital Economy and Entrepreneurship (MoDEE),Jordan,,,no,,https://www.iana.org/domains/root/db/xn--mgbayh7gpa.html
.الاردن,.xn--mgbayh7gpa,2026-10-04,delegated,current-snapshot,country-code,Ministry of Digital Economy and Entrepreneurship (MoDEE),Jordan,,,yes,,https://www.iana.org/domains/root/db/xn--mgbayh7gpa.html
.موبايلي,.xn--mgbb9fbpob,2015-12-03,ianaRegistration,iana-registration,generic,,,,,no,,https://www.iana.org/domains/root/db/xn--mgbb9fbpob.html
.موبايلي,.xn--mgbb9fbpob,2015-12-18,ianaReportEvent,iana-report,generic,,,Delegation of the .موبايلي domain to GreenTech Consultancy Company W.L.L.,,no,,https://www.iana.org/reports/c.2.9.2.d/20151218-xn--mgbb9fbpob
.موبايلي,.xn--mgbb9fbpob,2019-09-09,ianaRevocationReport,iana-report,generic,,,Revocation of the .موبايلي domain,,no,,https://www.iana.org/reports/tld-transfer/20190909-xn--mgbb9fbpob
.موبايلي,.xn--mgbb9fbpob,2026-10-04,notDelegated,current-snapshot,generic,,,,,yes,,https://www.iana.org/domains/root/db/xn--mgbb9fbpob.html
.بارت,.xn--mgbbh1a,2016-08-15,ianaRegistration,iana-registration,country-code,National Internet eXchange of India,India,,,no,,https://www.iana.org/domains/root/db/xn--mgbbh1a.html
.بارت,.xn--mgbbh1a,2017-06-09,ianaReportEvent,iana-report,country-code,,,Delegation of eight top-level domains representing India in various languages to the National Internet Exchange of India,,no,,https://www.iana.org/reports/2017/india-report-20170609.html
.بارت,.xn--mgbbh1a,2026-10-04,delegated,current-snapshot,country-code,National Internet eXchange of India,India,,,yes,,https://www.iana.org/domains/root/db/xn--mgbbh1a.html
.بھارت,.xn--mgbbh1a71e,2011-01-07,ianaReportEvent,iana-report,country-code,,,Delegation of the seven top-level domains representing India in various languages,,no,,https://www.iana.org/reports/2011/india-report-07jan2011.html
.بھارت,.xn--mgbbh1a71e,2011-02-05,ianaRegistration,iana-registration,country-code,National Internet Exchange of India,India,,,no,,https://www.iana.org/domains/root/db/xn--mgbbh1a71e.html
.بھارت,.xn--mgbbh1a71e,2026-10-04,delegated,current-snapshot,country-code,National Internet Exchange of India,India,,,yes,,https://www.iana.org/domains/root/db/xn--mgbbh1a71e.html
.المغرب,.xn--mgbc0a9azcg,2011-02-05,ianaRegistration,iana-registration,country-code,Agence Nationale de Réglementation des Télécommunications (ANRT),Morocco,,,no,,https://www.iana.org/domains/root/db/xn--mgbc0a9azcg.html
.المغرب,.xn--mgbc0a9azcg,2011-04-01,ianaReportEvent,iana-report,country-code,,,Report on the Delegation of the domain المغرب. (“al-Maghrib”) representing Morocco in Arabic,,no,,https://www.iana.org/reports/2011/morocco-report-20110401.html
.المغرب,.xn--mgbc0a9azcg,2026-10-04,delegated,current-snapshot,country-code,Agence Nationale de Réglementation des Télécommunications (ANRT),Morocco,,,yes,,https://www.iana.org/domains/root/db/xn--mgbc0a9azcg.html
.ابوظبي,.xn--mgbca7dzdo,2016-03-03,ianaRegistration,iana-registration,generic,Abu Dhabi Systems and Information Centre,United Arab Emirates (the),,,no,,https://www.iana.org/domains/root/db/xn--mgbca7dzdo.html
.ابوظبي,.xn--mgbca7dzdo,2016-04-05,ianaReportEvent,iana-report,generic,,,Delegation of the .ابوظبي domain to Abu Dhabi Systems and Information Centre,,no,,https://www.iana.org/reports/c.2.9.2.d/20160405-xn--mgbca7dzdo
.ابوظبي,.xn--mgbca7dzdo,2026-10-04,delegated,current-snapshot,generic,Abu Dhabi Systems and Information Centre,United Arab Emirates (the),,,yes,,https://www.iana.org/domains/root/db/xn--mgbca7dzdo.html
.البحرين,.xn--mgbcpq6gpa1a,2019-06-13,ianaRegistration,iana-registration,country-code,Telecommunications Regulatory Authority (TRA),Bahrain,,,no,,https://www.iana.org/domains/root/db/xn--mgbcpq6gpa1a.html
.البحرين,.xn--mgbcpq6gpa1a,2020-01-10,ianaReportEvent,iana-report,country-code,,,Delegation of the البحرين. (“albahrain”) domain representing Bahrain in Arabic script to the Telecommunications Regulatory Authority (TRA),,no,,https://www.iana.org/reports/2020/xn--mgbcpq6gpa1a-report-20200110.html
.البحرين,.xn--mgbcpq6gpa1a,2026-10-04,delegated,current-snapshot,country-code,Telecommunications Regulatory Authority (TRA),Bahrain,,,yes,,https://www.iana.org/domains/root/db/xn--mgbcpq6gpa1a.html
.السعودية,.xn--mgberp4a5d4ar,2010-04-07,ianaReportEvent,iana-report,country-code,,,"Report on the Delegation of the السعودية. (“al-Saudiah”) domain representing Saudi Arabia in Arabic to the ""Communications and Information Technology Commission""",,no,,https://www.iana.org/reports/2010/alsaudiah-report-07apr2010.html
.السعودية,.xn--mgberp4a5d4ar,2010-05-05,ianaRegistration,iana-registration,country-code,"Communications, Space and Technology Commission",Saudi Arabia,,,no,,https://www.iana.org/domains/root/db/xn--mgberp4a5d4ar.html
.السعودية,.xn--mgberp4a5d4ar,2026-10-04,delegated,current-snapshot,country-code,"Communications, Space and Technology Commission",Saudi Arabia,,,yes,,https://www.iana.org/domains/root/db/xn--mgberp4a5d4ar.html
.ڀارت,.xn--mgbgu82a,2016-08-15,ianaRegistration,iana-registration,country-code,National Internet eXchange of India,India,,,no,,https://www.iana.org/domains/root/db/xn--mgbgu82a.html
.ڀارت,.xn--mgbgu82a,2017-06-09,ianaReportEvent,iana-report,country-code,,,Delegation of eight top-level domains representing India in various languages to the National Internet Exchange of India,,no,,https://www.iana.org/reports/2017/india-report-20170609.html
.ڀارت,.xn--mgbgu82a,2026-10-04,delegated,current-snapshot,country-code,National Internet eXchange of India,India,,,yes,,https://www.iana.org/domains/root/db/xn--mgbgu82a.html
.كاثوليك,.xn--mgbi4ecexp,2016-11-16,ianaRegistration,iana-registration,generic,Pontificium Consilium de Comunicationibus Socialibus (PCCS) (Pontifical Council for Social Communication),Holy See (the),,,no,,https://www.iana.org/domains/root/db/xn--mgbi4ecexp.html
.كاثوليك,.xn--mgbi4ecexp,2016-11-30,ianaReportEvent,iana-report,generic,,,Delegation of the .كاثوليك domain to Pontificium Consilium de Comunicationibus Socialibus (PCCS) (Pontifical Council for Social Communication),,no,,https://www.iana.org/reports/tld-transfer/20161130-xn--mgbi4ecexp
.كاثوليك,.xn--mgbi4ecexp,2026-10-04,delegated,current-snapshot,generic,Pontificium Consilium de Comunicationibus Socialibus (PCCS) (Pontifical Council for Social Communication),Holy See (the),,,yes,,https://www.iana.org/domains/root/db/xn--mgbi4ecexp.html
.سودان,.xn--mgbpl2fh,2012-11-20,ianaRegistration,iana-registration,country-code,Sudan Internet Society,Sudan (the),,,no,,https://www.iana.org/domains/root/db/xn--mgbpl2fh.html
.سودان,.xn--mgbpl2fh,2015-04-14,ianaReportEvent,iana-report,country-code,,,Delegation of the سودان (“sudan”) country code top-level domain representing Sudan in Arabic script to Sudan Internet Society,,no,,https://www.iana.org/reports/2015/sudan-report-20150414.html
.سودان,.xn--mgbpl2fh,2026-10-04,delegated,current-snapshot,country-code,Sudan Internet Society,Sudan (the),,,yes,,https://www.iana.org/domains/root/db/xn--mgbpl2fh.html
.همراه,.xn--mgbt3dhd,2015-11-25,ianaRegistration,iana-registration,generic,Emergency Back-End Registry Operator Program - ICANN,United States of America (the),,,no,,https://www.iana.org/domains/root/db/xn--mgbt3dhd.html
.همراه,.xn--mgbt3dhd,2015-12-04,ianaReportEvent,iana-report,generic,,,Delegation of the .همراه domain to Asia Green IT System Bilgisayar San. ve Tic. Ltd. Sti.,,no,,https://www.iana.org/reports/c.2.9.2.d/20151204-xn--mgbt3dhd
.همراه,.xn--mgbt3dhd,2026-10-04,delegated,current-snapshot,generic,Emergency Back-End Registry Operator Program - ICANN,United States of America (the),,,yes,,https://www.iana.org/domains/root/db/xn--mgbt3dhd.html
.عراق,.xn--mgbtx2b,2014-09-29,ianaRegistration,iana-registration,country-code,Communications and Media Commission (CMC),Iraq,,,no,,https://www.iana.org/domains/root/db/xn--mgbtx2b.html
.عراق,.xn--mgbtx2b,2015-10-05,ianaReportEvent,iana-report,country-code,,,Delegation of the عراق (“Iraq”) domain representing Iraq in Arabic script to Communications and Media Commission (CMC),,no,,https://www.iana.org/reports/2015/iraq-report-20151005.html
.عراق,.xn--mgbtx2b,2026-10-04,delegated,current-snapshot,country-code,Communications and Media Commission (CMC),Iraq,,,yes,,https://www.iana.org/domains/root/db/xn--mgbtx2b.html
.مليسيا,.xn--mgbx4cd0ab,2011-10-22,ianaRegistration,iana-registration,country-code,MYNIC Berhad,Malaysia,,,no,,https://www.iana.org/domains/root/db/xn--mgbx4cd0ab.html
.مليسيا,.xn--mgbx4cd0ab,2012-08-09,ianaReportEvent,iana-report,country-code,,,Report on the Delegation of the مليسيا domain representing Malaysia in Arabic,,no,,https://www.iana.org/reports/2012/malaysia-report-20120809.html
.مليسيا,.xn--mgbx4cd0ab,2026-10-04,delegated,current-snapshot,country-code,MYNIC Berhad,Malaysia,,,yes,,https://www.iana.org/domains/root/db/xn--mgbx4cd0ab.html
.澳門,.xn--mix891f,2015-04-21,ianaRegistration,iana-registration,country-code,Macao Post and Telecommunications Bureau (CTT),Macao,,,no,,https://www.iana.org/domains/root/db/xn--mix891f.html
.澳門,.xn--mix891f,2016-01-18,ianaReportEvent,iana-report,country-code,,,Delegation of the 澳門 (“Macao”) domain representing Macao in Traditional Chinese script to the Bureau of Telecommunications Regulation (DSRT),,no,,https://www.iana.org/reports/2016/macao-report-20160118.html
.澳門,.xn--mix891f,2026-10-04,delegated,current-snapshot,country-code,Macao Post and Telecommunications Bureau (CTT),Macao,,,yes,,https://www.iana.org/domains/root/db/xn--mix891f.html
.닷컴,.xn--mk1bu44c,2015-07-02,ianaRegistration,iana-registration,generic,VeriSign Sarl,Switzerland,,,no,,https://www.iana.org/domains/root/db/xn--mk1bu44c.html
.닷컴,.xn--mk1bu44c,2015-07-26,ianaReportEvent,iana-report,generic,,,Delegation of the .닷컴 domain to VeriSign Sarl,,no,,https://www.iana.org/reports/c.2.9.2.d/20150726-xn--mk1bu44c
.닷컴,.xn--mk1bu44c,2026-10-04,delegated,current-snapshot,generic,VeriSign Sarl,Switzerland,,,yes,,https://www.iana.org/domains/root/db/xn--mk1bu44c.html
.政府,.xn--mxtq1m,2015-01-08,ianaRegistration,iana-registration,generic,"Net-Chinese Co., Ltd.",Taiwan,,,no,,https://www.iana.org/domains/root/db/xn--mxtq1m.html
.政府,.xn--mxtq1m,2015-02-27,ianaReportEvent,iana-report,generic,,,"Delegation of the .政府 domain to Net-Chinese Co., Ltd.",,no,,https://www.iana.org/reports/c.2.9.2.d/20150227-xn--mxtq1m
.政府,.xn--mxtq1m,2026-10-04,delegated,current-snapshot,generic,"Net-Chinese Co., Ltd.",Taiwan,,,yes,,https://www.iana.org/domains/root/db/xn--mxtq1m.html
.شبكة,.xn--ngbc5azd,2013-10-21,ianaRegistration,iana-registration,generic,International Domain Registry Pty. Ltd.,Australia,,,no,,https://www.iana.org/domains/root/db/xn--ngbc5azd.html
.شبكة,.xn--ngbc5azd,2013-10-21,ianaReportEvent,iana-report,generic,,,Delegation of the .شبكة domain to International Domain Registry Pty. Ltd.,,no,,https://www.iana.org/reports/c.2.9.2.d/20131021-xn--ngbc5azd
.شبكة,.xn--ngbc5azd,2026-10-04,delegated,current-snapshot,generic,International Domain Registry Pty. Ltd.,Australia,,,yes,,https://www.iana.org/domains/root/db/xn--ngbc5azd.html
.بيتك,.xn--ngbe9e0a,2015-10-29,ianaRegistration,iana-registration,generic,Kuwait Finance House,Kuwait,,,no,,https://www.iana.org/domains/root/db/xn--ngbe9e0a.html
.بيتك,.xn--ngbe9e0a,2015-12-11,ianaReportEvent,iana-report,generic,,,Delegation of the .بيتك domain to Kuwait Finance House,,no,,https://www.iana.org/reports/c.2.9.2.d/20151211-xn--ngbe9e0a
.بيتك,.xn--ngbe9e0a,2026-10-04,delegated,current-snapshot,generic,Kuwait Finance House,Kuwait,,,yes,,https://www.iana.org/domains/root/db/xn--ngbe9e0a.html
.عرب,.xn--ngbrx,2017-05-11,ianaRegistration,iana-registration,generic,League of Arab States,Egypt,,,no,,https://www.iana.org/domains/root/db/xn--ngbrx.html
.عرب,.xn--ngbrx,2017-05-22,ianaReportEvent,iana-report,generic,,,Delegation of the .عرب domain to League of Arab States,,no,,https://www.iana.org/reports/tld-transfer/20170522-xn--ngbrx
.عرب,.xn--ngbrx,2026-10-04,delegated,current-snapshot,generic,League of Arab States,Egypt,,,yes,,https://www.iana.org/domains/root/db/xn--ngbrx.html
.გე,.xn--node,2011-02-11,ianaRegistration,iana-registration,country-code,Information Technologies Development Center (ITDC),Georgia,,,no,,https://www.iana.org/domains/root/db/xn--node.html
.გე,.xn--node,2014-09-26,ianaReportEvent,iana-report,country-code,,,Delegation of the გე (“ge”) domain representing Georgia in Georgian (Mkhedruli) script to the Information Technologies Development Center,,no,,https://www.iana.org/reports/2014/georgia-report-20140926.html
.გე,.xn--node,2026-10-04,delegated,current-snapshot,country-code,Information Technologies Development Center (ITDC),Georgia,,,yes,,https://www.iana.org/domains/root/db/xn--node.html
.机构,.xn--nqv7f,2014-02-27,ianaRegistration,iana-registration,generic,Public Interest Registry,United States of America (the),,,no,,https://www.iana.org/domains/root/db/xn--nqv7f.html
.机构,.xn--nqv7f,2014-03-04,ianaReportEvent,iana-report,generic,,,Delegation of the .机构 domain to Public Interest Registry,,no,,https://www.iana.org/reports/c.2.9.2.d/20140304-xn--nqv7f
.机构,.xn--nqv7f,2026-10-04,delegated,current-snapshot,generic,Public Interest Registry,United States of America (the),,,yes,,https://www.iana.org/domains/root/db/xn--nqv7f.html
.组织机构,.xn--nqv7fs00ema,2014-02-27,ianaRegistration,iana-registration,generic,Public Interest Registry,United States of America (the),,,no,,https://www.iana.org/domains/root/db/xn--nqv7fs00ema.html
.组织机构,.xn--nqv7fs00ema,2014-03-04,ianaReportEvent,iana-report,generic,,,Delegation of the .组织机构 domain to Public Interest Registry,,no,,https://www.iana.org/reports/c.2.9.2.d/20140304-xn--nqv7fs00ema
.组织机构,.xn--nqv7fs00ema,2026-10-04,delegated,current-snapshot,generic,Public Interest Registry,United States of America (the),,,yes,,https://www.iana.org/domains/root/db/xn--nqv7fs00ema.html
.健康,.xn--nyqy26a,2015-03-12,ianaRegistration,iana-registration,generic,Stable Tone Limited,Hong Kong,,,no,,https://www.iana.org/domains/root/db/xn--nyqy26a.html
.健康,.xn--nyqy26a,2015-03-31,ianaReportEvent,iana-report,generic,,,Delegation of the .健康 domain to Stable Tone Limited,,no,,https://www.iana.org/reports/c.2.9.2.d/20150331-xn--nyqy26a
.健康,.xn--nyqy26a,2026-10-04,delegated,current-snapshot,generic,Stable Tone Limited,Hong Kong,,,yes,,https://www.iana.org/domains/root/db/xn--nyqy26a.html
.ไทย,.xn--o3cw4h,2010-07-16,ianaReportEvent,iana-report,country-code,,,Report on the Delegation of the .ไทย (“Thai”) domain representing Thailand in Thai to Thai Network Information Center Foundation,,no,,https://www.iana.org/reports/2010/thai-report-16jul2010.html
.ไทย,.xn--o3cw4h,2010-08-19,ianaRegistration,iana-registration,country-code,Thai Network Information Center Foundation,Thailand,,,no,,https://www.iana.org/domains/root/db/xn--o3cw4h.html
.ไทย,.xn--o3cw4h,2026-10-04,delegated,current-snapshot,country-code,Thai Network Information Center Foundation,Thailand,,,yes,,https://www.iana.org/domains/root/db/xn--o3cw4h.html
.سورية,.xn--ogbpf8fl,2011-01-07,ianaReportEvent,iana-report,country-code,,,"Delegation of the .سورية (""Sourya"") domain representing the Syrian Arab Republic in Arabic",,no,,https://www.iana.org/reports/2011/syria-report-07jan2011.html
.سورية,.xn--ogbpf8fl,2011-02-05,ianaRegistration,iana-registration,country-code,National Authority for Information Technology Services (NAITS),Syrian Arab Republic (the),,,no,,https://www.iana.org/domains/root/db/xn--ogbpf8fl.html
.سورية,.xn--ogbpf8fl,2026-10-04,delegated,current-snapshot,country-code,National Authority for Information Technology Services (NAITS),Syrian Arab Republic (the),,,yes,,https://www.iana.org/domains/root/db/xn--ogbpf8fl.html
.招聘,.xn--otu796d,2017-12-21,ianaRegistration,iana-registration,generic,Jiang Yu Liang Cai Technology Company Limited,China,,,no,,https://www.iana.org/domains/root/db/xn--otu796d.html
.招聘,.xn--otu796d,2018-01-18,ianaReportEvent,iana-report,generic,,,Delegation of the .招聘 domain to Dot Trademark TLD Holding Company Limited,,no,,https://www.iana.org/reports/tld-transfer/20180118-xn--otu796d
.招聘,.xn--otu796d,2024-04-22,ianaTransferReport,iana-report,generic,,,Transfer of the .招聘 domain to Jiang Yu Liang Cai Technology Company Limited,,no,,https://www.iana.org/reports/tld-transfer/20240422-xn--otu796d
.招聘,.xn--otu796d,2026-10-04,delegated,current-snapshot,generic,Jiang Yu Liang Cai Technology Company Limited,China,,,yes,,https://www.iana.org/domains/root/db/xn--otu796d.html
.рус,.xn--p1acf,2014-07-03,ianaRegistration,iana-registration,generic,Rusnames Limited,Russian Federation (the),,,no,,https://www.iana.org/domains/root/db/xn--p1acf.html
.рус,.xn--p1acf,2014-09-26,ianaReportEvent,iana-report,generic,,,Delegation of the .рус domain to Rusnames Limited,,no,,https://www.iana.org/reports/c.2.9.2.d/20140926-xn--p1acf
.рус,.xn--p1acf,2026-10-04,delegated,current-snapshot,generic,Rusnames Limited,Russian Federation (the),,,yes,,https://www.iana.org/domains/root/db/xn--p1acf.html
.рф,.xn--p1ai,2010-04-07,ianaReportEvent,iana-report,country-code,,,"Report on the Delegation of the .рф (“R.F.”) domain representing the Russian Federation in Cyrillic to ""Coordination Center for TLD RU""",,no,,https://www.iana.org/reports/2010/rf-report-07apr2010.html
.рф,.xn--p1ai,2010-05-12,ianaRegistration,iana-registration,country-code,Coordination Center for TLD RU,Russian Federation (the),,,no,,https://www.iana.org/domains/root/db/xn--p1ai.html
.рф,.xn--p1ai,2026-10-04,delegated,current-snapshot,country-code,Coordination Center for TLD RU,Russian Federation (the),,,yes,,https://www.iana.org/domains/root/db/xn--p1ai.html
.珠宝,.xn--pbt977c,2015-11-12,ianaRegistration,iana-registration,generic,,,,,no,,https://www.iana.org/domains/root/db/xn--pbt977c.html
.珠宝,.xn--pbt977c,2015-12-08,ianaReportEvent,iana-report,generic,,,Delegation of the .珠宝 domain to Richemont DNS Inc.,,no,,https://www.iana.org/reports/c.2.9.2.d/20151207-xn--pbt977c
.珠宝,.xn--pbt977c,2020-06-26,ianaRevocationReport,iana-report,generic,,,Revocation of the .珠宝 domain,,no,,https://www.iana.org/reports/tld-transfer/20200626-xn--pbt977c
.珠宝,.xn--pbt977c,2026-10-04,notDelegated,current-snapshot,generic,,,,,yes,,https://www.iana.org/domains/root/db/xn--pbt977c.html
.تونس,.xn--pgbs0dh,2010-07-16,ianaReportEvent,iana-report,country-code,,,"Report on the Delegation of تونس. (""Tunis"") representing Tunisia in Arabic to Agence Tunisienne d’Internet",,no,,https://www.iana.org/reports/2010/tunis-report-16jul2010.html
.تونس,.xn--pgbs0dh,2010-08-19,ianaRegistration,iana-registration,country-code,Agence Tunisienne d'Internet,Tunisia,,,no,,https://www.iana.org/domains/root/db/xn--pgbs0dh.html
.تونس,.xn--pgbs0dh,2026-10-04,delegated,current-snapshot,country-code,Agence Tunisienne d'Internet,Tunisia,,,yes,,https://www.iana.org/domains/root/db/xn--pgbs0dh.html
.大拿,.xn--pssy2u,2015-07-02,ianaRegistration,iana-registration,generic,VeriSign Sarl,Switzerland,,,no,,https://www.iana.org/domains/root/db/xn--pssy2u.html
.大拿,.xn--pssy2u,2015-07-26,ianaReportEvent,iana-report,generic,,,Delegation of the .大拿 domain to VeriSign Sarl,,no,,https://www.iana.org/reports/c.2.9.2.d/20150726-xn--pssy2u
.大拿,.xn--pssy2u,2026-10-04,delegated,current-snapshot,generic,VeriSign Sarl,Switzerland,,,yes,,https://www.iana.org/domains/root/db/xn--pssy2u.html
.ລາວ,.xn--q7ce6a,2019-06-10,ianaRegistration,iana-registration,country-code,"Lao National Internet Center (LANIC), Ministry of Technology and Communications",Lao People's Democratic Republic (the),,,no,,https://www.iana.org/domains/root/db/xn--q7ce6a.html
.ລາວ,.xn--q7ce6a,2020-01-10,ianaReportEvent,iana-report,country-code,,,Delegation of the .ລາວ (“Lao”) domain representing the Lao People’s Democratic Republic in Lao script to the Lao National Internet Center (LANIC),,no,,https://www.iana.org/reports/2020/xn--q7ce6a-report-20200110.html
.ລາວ,.xn--q7ce6a,2026-10-04,delegated,current-snapshot,country-code,"Lao National Internet Center (LANIC), Ministry of Technology and Communications",Lao People's Democratic Republic (the),,,yes,,https://www.iana.org/domains/root/db/xn--q7ce6a.html
.みんな,.xn--q9jyb4c,2013-11-13,ianaRegistration,iana-registration,generic,Charleston Road Registry Inc.,United States of America (the),,,no,,https://www.iana.org/domains/root/db/xn--q9jyb4c.html
.みんな,.xn--q9jyb4c,2013-11-19,ianaReportEvent,iana-report,generic,,,Delegation of the .みんな domain to Charleston Road Registry Inc.,,no,,https://www.iana.org/reports/c.2.9.2.d/20131119-xn--q9jyb4c
.みんな,.xn--q9jyb4c,2026-10-04,delegated,current-snapshot,generic,Charleston Road Registry Inc.,United States of America (the),,,yes,,https://www.iana.org/domains/root/db/xn--q9jyb4c.html
.グーグル,.xn--qcka1pmc,2014-10-09,ianaRegistration,iana-registration,generic,Charleston Road Registry Inc.,United States of America (the),,,no,,https://www.iana.org/domains/root/db/xn--qcka1pmc.html
.グーグル,.xn--qcka1pmc,2014-11-13,ianaReportEvent,iana-report,generic,,,Delegation of the .グーグル domain to Charleston Road Registry Inc.,,no,,https://www.iana.org/reports/c.2.9.2.d/20141113-xn--qcka1pmc
.グーグル,.xn--qcka1pmc,2026-10-04,delegated,current-snapshot,generic,Charleston Road Registry Inc.,United States of America (the),,,yes,,https://www.iana.org/domains/root/db/xn--qcka1pmc.html
.ευ,.xn--qxa6a,2019,delegated,,country-code,EURid vzw,European Union,,,no,,https://www.iana.org/reports/2019/xn--qxa6a-report-20190822.html
.ευ,.xn--qxa6a,2019-07-18,ianaRegistration,,,,,,,no,,https://www.iana.org/domains/root/db/xn--qxa6a.html
.ευ,.xn--qxa6a,2019-08-22,ianaReportEvent,iana-report,country-code,,,Delegation of the .ευ domain representing the European Union in Greek script to EURid vzw/asbl,,no,,https://www.iana.org/reports/2019/xn--qxa6a-report-20190822.html
.ευ,.xn--qxa6a,2026-10-04,delegated,,country-code,EURid vzw,Belgium,,,yes,,https://www.iana.org/domains/root/db/xn--qxa6a.html
.ελ,.xn--qxam,2015-05-06,ianaRegistration,iana-registration,country-code,ICS-FORTH GR,Greece,,,no,,https://www.iana.org/domains/root/db/xn--qxam.html
.ελ,.xn--qxam,2015-10-05,ianaReportEvent,iana-report,country-code,,,Delegation of the ελ (“el”) domain representing Greece in Greek script to ICS-FORTH GR,,no,,https://www.iana.org/reports/2015/greece-report-20151005.html
.ελ,.xn--qxam,2026-10-04,delegated,current-snapshot,country-code,ICS-FORTH GR,Greece,,,yes,,https://www.iana.org/domains/root/db/xn--qxam.html
.世界,.xn--rhqv96g,2014-03-06,ianaRegistration,iana-registration,generic,Stable Tone Limited,Hong Kong,,,no,,https://www.iana.org/domains/root/db/xn--rhqv96g.html
.世界,.xn--rhqv96g,2014-03-10,ianaReportEvent,iana-report,generic,,,Delegation of the .世界 domain to Stable Tone Limited,,no,,https://www.iana.org/reports/c.2.9.2.d/20140310-xn--rhqv96g
.世界,.xn--rhqv96g,2026-10-04,delegated,current-snapshot,generic,Stable Tone Limited,Hong Kong,,,yes,,https://www.iana.org/domains/root/db/xn--rhqv96g.html
.書籍,.xn--rovu88b,2016-01-29,ianaRegistration,iana-registration,generic,"Amazon Registry Services, Inc.",United States of America (the),,,no,,https://www.iana.org/domains/root/db/xn--rovu88b.html
.書籍,.xn--rovu88b,2016-02-17,ianaReportEvent,iana-report,generic,,,"Delegation of the .書籍 domain to Amazon Registry Services, Inc.",,no,,https://www.iana.org/reports/c.2.9.2.d/20160217-xn--rovu88b
.書籍,.xn--rovu88b,2026-10-04,delegated,current-snapshot,generic,"Amazon Registry Services, Inc.",United States of America (the),,,yes,,https://www.iana.org/domains/root/db/xn--rovu88b.html
.ഭാരതം,.xn--rvc1e0am3e,2016-04-18,ianaRegistration,iana-registration,country-code,National Internet eXchange of India,India,,,no,,https://www.iana.org/domains/root/db/xn--rvc1e0am3e.html
.ഭാരതം,.xn--rvc1e0am3e,2017-06-09,ianaReportEvent,iana-report,country-code,,,Delegation of eight top-level domains representing India in various languages to the National Internet Exchange of India,,no,,https://www.iana.org/reports/2017/india-report-20170609.html
.ഭാരതം,.xn--rvc1e0am3e,2026-10-04,delegated,current-snapshot,country-code,National Internet eXchange of India,India,,,yes,,https://www.iana.org/domains/root/db/xn--rvc1e0am3e.html
.ਭਾਰਤ,.xn--s9brj9c,2011-01-07,ianaReportEvent,iana-report,country-code,,,Delegation of the seven top-level domains representing India in various languages,,no,,https://www.iana.org/reports/2011/india-report-07jan2011.html
.ਭਾਰਤ,.xn--s9brj9c,2011-02-05,ianaRegistration,iana-registration,country-code,National Internet Exchange of India,India,,,no,,https://www.iana.org/domains/root/db/xn--s9brj9c.html
.ਭਾਰਤ,.xn--s9brj9c,2026-10-04,delegated,current-snapshot,country-code,National Internet Exchange of India,India,,,yes,,https://www.iana.org/domains/root/db/xn--s9brj9c.html
.网址,.xn--ses554g,2014-03-13,ianaRegistration,iana-registration,generic,"KNET Co., Ltd",China,,,no,,https://www.iana.org/domains/root/db/xn--ses554g.html
.网址,.xn--ses554g,2014-04-04,ianaReportEvent,iana-report,generic,,,Delegation of the .网址 domain to Hu Yi Global Information Resources (Holding) Company,,no,,https://www.iana.org/reports/c.2.9.2.d/20140404-xn--ses554g
.网址,.xn--ses554g,2015-01-21,ianaTransferReport,iana-report,generic,,,"Redelegation of the .网址 domain to KNET Co., Ltd",,no,,https://www.iana.org/reports/c.2.9.2.d/20150121-xn--ses554g
.网址,.xn--ses554g,2026-10-04,delegated,current-snapshot,generic,"KNET Co., Ltd",China,,,yes,,https://www.iana.org/domains/root/db/xn--ses554g.html
.닷넷,.xn--t60b56a,2015-07-02,ianaRegistration,iana-registration,generic,VeriSign Sarl,Switzerland,,,no,,https://www.iana.org/domains/root/db/xn--t60b56a.html
.닷넷,.xn--t60b56a,2015-07-26,ianaReportEvent,iana-report,generic,,,Delegation of the .닷넷 domain to VeriSign Sarl,,no,,https://www.iana.org/reports/c.2.9.2.d/20150726-xn--t60b56a
.닷넷,.xn--t60b56a,2026-10-04,delegated,current-snapshot,generic,VeriSign Sarl,Switzerland,,,yes,,https://www.iana.org/domains/root/db/xn--t60b56a.html
.コム,.xn--tckwe,2015-07-02,ianaRegistration,iana-registration,generic,VeriSign Sarl,Switzerland,,,no,,https://www.iana.org/domains/root/db/xn--tckwe.html
.コム,.xn--tckwe,2015-07-26,ianaReportEvent,iana-report,generic,,,Delegation of the .コム domain to VeriSign Sarl,,no,,https://www.iana.org/reports/c.2.9.2.d/20150726-xn--tckwe
.コム,.xn--tckwe,2026-10-04,delegated,current-snapshot,generic,VeriSign Sarl,Switzerland,,,yes,,https://www.iana.org/domains/root/db/xn--tckwe.html
.天主教,.xn--tiq49xqyj,2016-11-16,ianaRegistration,iana-registration,generic,Pontificium Consilium de Comunicationibus Socialibus (PCCS) (Pontifical Council for Social Communication),Holy See (the),,,no,,https://www.iana.org/domains/root/db/xn--tiq49xqyj.html
.天主教,.xn--tiq49xqyj,2016-11-30,ianaReportEvent,iana-report,generic,,,Delegation of the .天主教 domain to Pontificium Consilium de Comunicationibus Socialibus (PCCS) (Pontifical Council for Social Communication),,no,,https://www.iana.org/reports/tld-transfer/20161130-xn--tiq49xqyj
.天主教,.xn--tiq49xqyj,2026-10-04,delegated,current-snapshot,generic,Pontificium Consilium de Comunicationibus Socialibus (PCCS) (Pontifical Council for Social Communication),Holy See (the),,,yes,,https://www.iana.org/domains/root/db/xn--tiq49xqyj.html
.游戏,.xn--unup4y,2013-10-21,ianaRegistration,iana-registration,generic,"Binky Moon, LLC",United States of America (the),,,no,,https://www.iana.org/domains/root/db/xn--unup4y.html
.游戏,.xn--unup4y,2013-10-22,ianaReportEvent,iana-report,generic,,,"Delegation of the .游戏 domain to Spring Fields, LLC",,no,,https://www.iana.org/reports/c.2.9.2.d/20131022-xn--unup4y
.游戏,.xn--unup4y,2018-03-23,ianaTransferReport,iana-report,generic,,,Transfer of the .academy domain and 195 others,,no,,https://www.iana.org/reports/tld-transfer/20180323-binkymoon
.游戏,.xn--unup4y,2026-10-04,delegated,current-snapshot,generic,"Binky Moon, LLC",United States of America (the),,,yes,,https://www.iana.org/domains/root/db/xn--unup4y.html
.vermögensberater,.xn--vermgensberater-ctb,2014-09-18,ianaRegistration,iana-registration,generic,Deutsche Vermögensberatung Aktiengesellschaft DVAG,Germany,,,no,,https://www.iana.org/domains/root/db/xn--vermgensberater-ctb.html
.vermögensberater,.xn--vermgensberater-ctb,2014-09-26,ianaReportEvent,iana-report,generic,,,Delegation of the .vermögensberater domain to Deutsche Vermögensberatung Aktiengesellschaft DVAG,,no,,https://www.iana.org/reports/c.2.9.2.d/20140926-xn--vermgensberater-ctb
.vermögensberater,.xn--vermgensberater-ctb,2026-10-04,delegated,current-snapshot,generic,Deutsche Vermögensberatung Aktiengesellschaft DVAG,Germany,,,yes,,https://www.iana.org/domains/root/db/xn--vermgensberater-ctb.html
.vermögensberatung,.xn--vermgensberatung-pwb,2014-09-18,ianaRegistration,iana-registration,generic,Deutsche Vermögensberatung Aktiengesellschaft DVAG,Germany,,,no,,https://www.iana.org/domains/root/db/xn--vermgensberatung-pwb.html
.vermögensberatung,.xn--vermgensberatung-pwb,2014-09-26,ianaReportEvent,iana-report,generic,,,Delegation of the .vermögensberatung domain to Deutsche Vermögensberatung Aktiengesellschaft DVAG,,no,,https://www.iana.org/reports/c.2.9.2.d/20140926-xn--vermgensberatung-pwb
.vermögensberatung,.xn--vermgensberatung-pwb,2026-10-04,delegated,current-snapshot,generic,Deutsche Vermögensberatung Aktiengesellschaft DVAG,Germany,,,yes,,https://www.iana.org/domains/root/db/xn--vermgensberatung-pwb.html
.企业,.xn--vhquv,2013-11-25,ianaRegistration,iana-registration,generic,"Binky Moon, LLC",United States of America (the),,,no,,https://www.iana.org/domains/root/db/xn--vhquv.html
.企业,.xn--vhquv,2014-08-21,ianaReportEvent,iana-report,generic,,,"Delegation of the .企业 domain to Dash McCook, LLC",,no,,https://www.iana.org/reports/c.2.9.2.d/20140821-xn--vhquv
.企业,.xn--vhquv,2018-03-23,ianaTransferReport,iana-report,generic,,,Transfer of the .academy domain and 195 others,,no,,https://www.iana.org/reports/tld-transfer/20180323-binkymoon
.企业,.xn--vhquv,2026-10-04,delegated,current-snapshot,generic,"Binky Moon, LLC",United States of America (the),,,yes,,https://www.iana.org/domains/root/db/xn--vhquv.html
.信息,.xn--vuq861b,2015-02-05,ianaRegistration,iana-registration,generic,"Beijing Tele-info Technology Co., Ltd.",China,,,no,,https://www.iana.org/domains/root/db/xn--vuq861b.html
.信息,.xn--vuq861b,2015-03-13,ianaReportEvent,iana-report,generic,,,"Delegation of the .信息 domain to Beijing Tele-info Network Technology Co., Ltd.",,no,,https://www.iana.org/reports/c.2.9.2.d/20150313-xn--vuq861b
.信息,.xn--vuq861b,2026-10-04,delegated,current-snapshot,generic,"Beijing Tele-info Technology Co., Ltd.",China,,,yes,,https://www.iana.org/domains/root/db/xn--vuq861b.html
.嘉里大酒店,.xn--w4r85el8fhu5dnra,2016-02-05,ianaRegistration,iana-registration,generic,Kerry Trading Co. Limited,Hong Kong,,,no,,https://www.iana.org/domains/root/db/xn--w4r85el8fhu5dnra.html
.嘉里大酒店,.xn--w4r85el8fhu5dnra,2016-03-02,ianaReportEvent,iana-report,generic,,,Delegation of the .嘉里大酒店 domain to Kerry Trading Co. Limited,,no,,https://www.iana.org/reports/c.2.9.2.d/20160302-xn--w4r85el8fhu5dnra
.嘉里大酒店,.xn--w4r85el8fhu5dnra,2026-10-04,delegated,current-snapshot,generic,Kerry Trading Co. Limited,Hong Kong,,,yes,,https://www.iana.org/domains/root/db/xn--w4r85el8fhu5dnra.html
.嘉里,.xn--w4rs40l,2016-02-05,ianaRegistration,iana-registration,generic,Kerry Trading Co. Limited,Hong Kong,,,no,,https://www.iana.org/domains/root/db/xn--w4rs40l.html
.嘉里,.xn--w4rs40l,2016-05-12,ianaReportEvent,iana-report,generic,,,Delegation of the .嘉里 domain to Kerry Trading Co. Limited,,no,,https://www.iana.org/reports/c.2.9.2.d/20160512-xn--w4rs40l
.嘉里,.xn--w4rs40l,2026-10-04,delegated,current-snapshot,generic,Kerry Trading Co. Limited,Hong Kong,,,yes,,https://www.iana.org/domains/root/db/xn--w4rs40l.html
.مصر,.xn--wgbh1c,2010-04-21,ianaReportEvent,iana-report,country-code,,,"Report on the Delegation of the مصر. (“Misr”) domain representing Egypt in Arabic to the ""National Telecommunication Regulatory Authority""",,no,,https://www.iana.org/reports/2010/misr-report-21apr2010.html
.مصر,.xn--wgbh1c,2010-05-05,ianaRegistration,iana-registration,country-code,National Telecommunication Regulatory Authority - NTRA,Egypt,,,no,,https://www.iana.org/domains/root/db/xn--wgbh1c.html
.مصر,.xn--wgbh1c,2026-10-04,delegated,current-snapshot,country-code,National Telecommunication Regulatory Authority - NTRA,Egypt,,,yes,,https://www.iana.org/domains/root/db/xn--wgbh1c.html
.قطر,.xn--wgbl6a,2010-10-10,ianaReportEvent,iana-report,country-code,,,Delegation of the قطر. (“Qatar”) domain representing Qatar in Arabic,,no,,https://www.iana.org/reports/2010/qatar-report-10oct2010.html
.قطر,.xn--wgbl6a,2010-12-24,ianaRegistration,iana-registration,country-code,Communications Regulatory Authority,Qatar,,,no,,https://www.iana.org/domains/root/db/xn--wgbl6a.html
.قطر,.xn--wgbl6a,2026-10-04,delegated,current-snapshot,country-code,Communications Regulatory Authority,Qatar,,,yes,,https://www.iana.org/domains/root/db/xn--wgbl6a.html
.广东,.xn--xhq521b,2014-07-24,ianaRegistration,iana-registration,generic,"Guangzhou YU Wei Information Technology Co., Ltd.",China,,,no,,https://www.iana.org/domains/root/db/xn--xhq521b.html
.广东,.xn--xhq521b,2014-08-11,ianaReportEvent,iana-report,generic,,,"Delegation of the .广东 domain to Guangzhou YU Wei Information Technology Co., Ltd.",,no,,https://www.iana.org/reports/c.2.9.2.d/20140811-xn--xhq521b
.广东,.xn--xhq521b,2026-10-04,delegated,current-snapshot,generic,"Guangzhou YU Wei Information Technology Co., Ltd.",China,,,yes,,https://www.iana.org/domains/root/db/xn--xhq521b.html
.இலங்கை,.xn--xkc2al3hye2a,2010-07-16,ianaReportEvent,iana-report,country-code,,,"Report on the Delegation of the .ලංකා (“Lanka”) domain representing Sri Lanka in Sinhalese, and இலங்கை (“Ilangai”) domain representing Sri Lanka in Tamil, to L K Domain Registry",,no,,https://www.iana.org/reports/2010/lanka-report-16jul2010.html
.இலங்கை,.xn--xkc2al3hye2a,2010-08-19,ianaRegistration,iana-registration,country-code,LK Domain Registry,Sri Lanka,,,no,,https://www.iana.org/domains/root/db/xn--xkc2al3hye2a.html
.இலங்கை,.xn--xkc2al3hye2a,2026-10-04,delegated,current-snapshot,country-code,LK Domain Registry,Sri Lanka,,,yes,,https://www.iana.org/domains/root/db/xn--xkc2al3hye2a.html
.இந்தியா,.xn--xkc2dl3a5ee0h,2011-01-07,ianaReportEvent,iana-report,country-code,,,Delegation of the seven top-level domains representing India in various languages,,no,,https://www.iana.org/reports/2011/india-report-07jan2011.html
.இந்தியா,.xn--xkc2dl3a5ee0h,2011-02-05,ianaRegistration,iana-registration,country-code,National Internet Exchange of India,India,,,no,,https://www.iana.org/domains/root/db/xn--xkc2dl3a5ee0h.html
.இந்தியா,.xn--xkc2dl3a5ee0h,2026-10-04,delegated,current-snapshot,country-code,National Internet Exchange of India,India,,,yes,,https://www.iana.org/domains/root/db/xn--xkc2dl3a5ee0h.html
.հայ,.xn--y9a3aq,2014-11-26,ianaRegistration,iana-registration,country-code,"""Internet Society"" Non-governmental Organization",Armenia,,,no,,https://www.iana.org/domains/root/db/xn--y9a3aq.html
.հայ,.xn--y9a3aq,2015-04-13,ianaReportEvent,iana-report,country-code,,,Delegation of the .հայ (“hye”) domain representing Armenia in Armenian script to Internet Society of Armenia,,no,,https://www.iana.org/reports/2015/armenia-report-20150413.html
.հայ,.xn--y9a3aq,2026-10-04,delegated,current-snapshot,country-code,"""Internet Society"" Non-governmental Organization",Armenia,,,yes,,https://www.iana.org/domains/root/db/xn--y9a3aq.html
.新加坡,.xn--yfro4i67o,2011-01-07,ianaReportEvent,iana-report,country-code,,,"Delegation of the .新加坡 (""Singapore"") domain, and the .சிங்கப்பூர் (""Singapore"") domain, representing Singapore in Chinese and Tamil",,no,,https://www.iana.org/reports/2011/singapore-report-07jan2011.html
.新加坡,.xn--yfro4i67o,2011-02-05,ianaRegistration,iana-registration,country-code,Singapore Network Information Centre (SGNIC) Pte Ltd,Singapore,,,no,,https://www.iana.org/domains/root/db/xn--yfro4i67o.html
.新加坡,.xn--yfro4i67o,2026-10-04,delegated,current-snapshot,country-code,Singapore Network Information Centre (SGNIC) Pte Ltd,Singapore,,,yes,,https://www.iana.org/domains/root/db/xn--yfro4i67o.html
.فلسطين,.xn--ygbi2ammx,2010-07-16,ianaReportEvent,iana-report,country-code,,,"Report on the Delegation of فلسطين. (""Falasteen"") representing the Occupied Palestinian Territory in Arabic",,no,,https://www.iana.org/reports/2010/falasteen-report-16jul2010.html
.فلسطين,.xn--ygbi2ammx,2010-08-20,ianaRegistration,iana-registration,country-code,Ministry of Telecom & Information Technology (MTIT),"Palestine, State of",,,no,,https://www.iana.org/domains/root/db/xn--ygbi2ammx.html
.فلسطين,.xn--ygbi2ammx,2026-10-04,delegated,current-snapshot,country-code,Ministry of Telecom & Information Technology (MTIT),"Palestine, State of",,,yes,,https://www.iana.org/domains/root/db/xn--ygbi2ammx.html
.テスト,.xn--zckzah,2007-08-01,ianaReportEvent,iana-report,test,,,Report on Delegation of Eleven Evaluative Internationalised Top-Level Domains,,no,,https://www.iana.org/reports/2007/testetal-report-01aug2007.html
.テスト,.xn--zckzah,2007-10-19,ianaRegistration,iana-registration,test,,,,,no,,https://www.iana.org/domains/root/db/xn--zckzah.html
.テスト,.xn--zckzah,2026-10-04,notDelegated,current-snapshot,test,,,,,yes,,https://www.iana.org/domains/root/db/xn--zckzah.html
.政务,.xn--zfr164b,2013-12-12,ianaRegistration,iana-registration,generic,China Organizational Name Administration Center,China,,,no,,https://www.iana.org/domains/root/db/xn--zfr164b.html
.政务,.xn--zfr164b,2013-12-13,ianaReportEvent,iana-report,generic,,,Delegation of the .政务 domain to China Organizational Name Administration Center,,no,,https://www.iana.org/reports/c.2.9.2.d/20131213-xn--zfr164b
.政务,.xn--zfr164b,2026-10-04,delegated,current-snapshot,generic,China Organizational Name Administration Center,China,,,yes,,https://www.iana.org/domains/root/db/xn--zfr164b.html
.xperia,.xperia,2015-07-23,ianaRegistration,iana-registration,generic,,,,,no,,https://www.iana.org/domains/root/db/xperia.html
.xperia,.xperia,2015-08-03,ianaDelegationReport,iana-report,generic,,,Delegation of the .xperia domain to Sony Mobile Communications AB,,no,,https://www.iana.org/reports/c.2.9.2.d/20150803-xperia
.xperia,.xperia,2018-07-11,ianaRevocationReport,iana-report,generic,,,Revocation of the .xperia domain,,no,,https://www.iana.org/reports/tld-transfer/20180711-xperia
.xperia,.xperia,2026-10-04,notDelegated,current-snapshot,generic,,,,,yes,,https://www.iana.org/domains/root/db/xperia.html
.xxx,.xxx,2000,applicationSubmitted,application,sponsored,Rathbawn Computers Limited,United States / Australia,2000-002,,no,,https://archive.icann.org/en/tlds/tld-applications-lodged-02oct00.htm
.xxx,.xxx,2000,applicationSubmitted,application,sponsored,"Abacus America, Inc.",United States,2000-005,,no,,https://archive.icann.org/en/tlds/tld-applications-lodged-02oct00.htm
.xxx,.xxx,2000,applicationSubmitted,application,sponsored,"ICM Registry, Inc.",Canada,2000-025,,no,,https://archive.icann.org/en/tlds/tld-applications-lodged-02oct00.htm
.xxx,.xxx,2004,application,,sponsored,ICM Registry,Canada / United States,,,no,,https://www.icann.org/en/announcements/details/icann-progress-in-process-for-introducing-new-sponsored-top-level-domains-19-3-2004-en
.xxx,.xxx,2004,applicationSubmitted,application,sponsored,ICM Registry,Canada / United States,2004-010,outcome_delegated_2011,no,,https://www.icann.org/en/announcements/details/icann-progress-in-process-for-introducing-new-sponsored-top-level-domains-19-3-2004-en
.xxx,.xxx,2011,delegated,,sponsored,,Canada / United States,,,no,,https://www.iana.org/domains/root/db/xxx.html
.xxx,.xxx,2011-04-07,ianaDelegationReport,iana-report,sponsored,,,Report on the Delegation of the .XXX Top-Level Domain,,no,,https://www.iana.org/reports/2011/xxx-report-20110407.pdf
.xxx,.xxx,2011-04-15,ianaRegistration,,,,,,,no,,https://www.iana.org/domains/root/db/xxx.html
.xxx,.xxx,2026-10-04,delegated,,sponsored,ICM Registry LLC,United States of America (the),,,yes,,https://www.iana.org/domains/root/db/xxx.html
.xyz,.xyz,2014-02-06,ianaRegistration,iana-registration,generic,XYZ.COM LLC,United States of America (the),,,no,,https://www.iana.org/domains/root/db/xyz.html
.xyz,.xyz,2014-02-12,ianaDelegationReport,iana-report,generic,,,Delegation of the .xyz domain to XYZ.COM LLC,,no,,https://www.iana.org/reports/c.2.9.2.d/20140212-xyz
.xyz,.xyz,2026-10-04,delegated,current-snapshot,generic,XYZ.COM LLC,United States of America (the),,,yes,,https://www.iana.org/domains/root/db/xyz.html
.yachts,.yachts,2014-05-01,ianaRegistration,iana-registration,generic,XYZ.COM LLC,United States of America (the),,,no,,https://www.iana.org/domains/root/db/yachts.html
.yachts,.yachts,2014-05-14,ianaDelegationReport,iana-report,generic,,,"Delegation of the .yachts domain to DERYachts, LLC",,no,,https://www.iana.org/reports/c.2.9.2.d/20140514-yachts
.yachts,.yachts,2021-04-05,ianaTransferReport,iana-report,generic,,,Transfer of the .yachts domain to XYZ.COM LLC,,no,,https://www.iana.org/reports/tld-transfer/20210405-yachts
.yachts,.yachts,2026-10-04,delegated,current-snapshot,generic,XYZ.COM LLC,United States of America (the),,,yes,,https://www.iana.org/domains/root/db/yachts.html
.yahoo,.yahoo,2016-01-29,ianaRegistration,iana-registration,generic,Yahoo Inc.,United States of America (the),,,no,,https://www.iana.org/domains/root/db/yahoo.html
.yahoo,.yahoo,2016-02-09,ianaDelegationReport,iana-report,generic,,,Delegation of the .yahoo domain to Yahoo! Domain Services Inc.,,no,,https://www.iana.org/reports/c.2.9.2.d/20160209-yahoo
.yahoo,.yahoo,2021-07-08,ianaTransferReport,iana-report,generic,,,Transfer of the .yahoo domain to OATH INC,,no,,https://www.iana.org/reports/tld-transfer/20210708-yahoo
.yahoo,.yahoo,2026-10-04,delegated,current-snapshot,generic,Yahoo Inc.,United States of America (the),,,yes,,https://www.iana.org/domains/root/db/yahoo.html
.yamaxun,.yamaxun,2015-09-10,ianaRegistration,iana-registration,generic,"Amazon Registry Services, Inc.",United States of America (the),,,no,,https://www.iana.org/domains/root/db/yamaxun.html
.yamaxun,.yamaxun,2015-10-06,ianaDelegationReport,iana-report,generic,,,"Delegation of the .yamaxun domain to Amazon Registry Services, Inc.",,no,,https://www.iana.org/reports/c.2.9.2.d/20151006-yamaxun
.yamaxun,.yamaxun,2026-10-04,delegated,current-snapshot,generic,"Amazon Registry Services, Inc.",United States of America (the),,,yes,,https://www.iana.org/domains/root/db/yamaxun.html
.yandex,.yandex,2014-07-10,ianaRegistration,iana-registration,generic,YANDEX LLC,Russian Federation (the),,,no,,https://www.iana.org/domains/root/db/yandex.html
.yandex,.yandex,2014-07-14,ianaDelegationReport,iana-report,generic,,,"Delegation of the .yandex domain to YANDEX, LLC",,no,,https://www.iana.org/reports/c.2.9.2.d/20140714-yandex
.yandex,.yandex,2020-02-07,ianaTransferReport,iana-report,generic,,,Transfer of the .yandex domain to Yandex Europe B.V.,,no,,https://www.iana.org/reports/tld-transfer/20200207-yandex
.yandex,.yandex,2025-03-14,ianaTransferReport,iana-report,generic,,,Transfer of the .yandex domain to YANDEX LLC,,no,,https://www.iana.org/reports/tld-transfer/20250314-yandex
.yandex,.yandex,2026-10-04,delegated,current-snapshot,generic,YANDEX LLC,Russian Federation (the),,,yes,,https://www.iana.org/domains/root/db/yandex.html
.ye,.ye,1996-08-19,ianaRegistration,iana-registration,country-code,TeleYemen,Yemen,,,no,,https://www.iana.org/domains/root/db/ye.html
.ye,.ye,2026-10-04,delegated,current-snapshot,country-code,TeleYemen,Yemen,,,yes,,https://www.iana.org/domains/root/db/ye.html
.yodobashi,.yodobashi,2015-02-13,ianaRegistration,iana-registration,generic,"YODOBASHI CAMERA CO.,LTD.",Japan,,,no,,https://www.iana.org/domains/root/db/yodobashi.html
.yodobashi,.yodobashi,2015-02-17,ianaDelegationReport,iana-report,generic,,,"Delegation of the .yodobashi domain to Yodobashi Camera Co., Ltd.",,no,,https://www.iana.org/reports/c.2.9.2.d/20150217-yodobashi
.yodobashi,.yodobashi,2026-10-04,delegated,current-snapshot,generic,"YODOBASHI CAMERA CO.,LTD.",Japan,,,yes,,https://www.iana.org/domains/root/db/yodobashi.html
.yoga,.yoga,2014-08-15,ianaRegistration,iana-registration,generic,"Registry Services, LLC",United States of America (the),,,no,,https://www.iana.org/domains/root/db/yoga.html
.yoga,.yoga,2014-10-13,ianaDelegationReport,iana-report,generic,,,Delegation of the .yoga domain to Top Level Domain Holdings Limited,,no,,https://www.iana.org/reports/c.2.9.2.d/20141013-yoga
.yoga,.yoga,2021-09-14,ianaTransferReport,iana-report,generic,,,"Transfer of the .yoga domain to Registry Services, LLC",,no,,https://www.iana.org/reports/tld-transfer/20210914-yoga
.yoga,.yoga,2026-10-04,delegated,current-snapshot,generic,"Registry Services, LLC",United States of America (the),,,yes,,https://www.iana.org/domains/root/db/yoga.html
.yokohama,.yokohama,2014-03-27,ianaRegistration,iana-registration,generic,"GMO Registry, Inc.",Japan,,,no,,https://www.iana.org/domains/root/db/yokohama.html
.yokohama,.yokohama,2014-03-31,ianaDelegationReport,iana-report,generic,,,"Delegation of the .yokohama domain to GMO Registry, Inc.",,no,,https://www.iana.org/reports/c.2.9.2.d/20140331-yokohama
.yokohama,.yokohama,2026-10-04,delegated,current-snapshot,generic,"GMO Registry, Inc.",Japan,,,yes,,https://www.iana.org/domains/root/db/yokohama.html
.you,.you,2016-03-18,ianaRegistration,iana-registration,generic,"Amazon Registry Services, Inc.",United States of America (the),,,no,,https://www.iana.org/domains/root/db/you.html
.you,.you,2016-03-23,ianaDelegationReport,iana-report,generic,,,"Delegation of the .you domain to Amazon Registry Services, Inc.",,no,,https://www.iana.org/reports/c.2.9.2.d/20160323-you
.you,.you,2026-10-04,delegated,current-snapshot,generic,"Amazon Registry Services, Inc.",United States of America (the),,,yes,,https://www.iana.org/domains/root/db/you.html
.youtube,.youtube,2014-08-23,ianaRegistration,iana-registration,generic,Charleston Road Registry Inc.,United States of America (the),,,no,,https://www.iana.org/domains/root/db/youtube.html
.youtube,.youtube,2014-08-27,ianaDelegationReport,iana-report,generic,,,Delegation of the .youtube domain to Charleston Road Registry Inc.,,no,,https://www.iana.org/reports/c.2.9.2.d/20140827-youtube
.youtube,.youtube,2026-10-04,delegated,current-snapshot,generic,Charleston Road Registry Inc.,United States of America (the),,,yes,,https://www.iana.org/domains/root/db/youtube.html
.yp,.yp,2000,applicationSubmitted,application,notApplicable,"Monsoon Assets Limited (BVI) dba dotYP, Inc.",United States,2000-016,,no,,https://archive.icann.org/en/tlds/tld-applications-lodged-02oct00.htm
.yp,.yp,2026-10-04,notDelegated,current-snapshot,notApplicable,"Monsoon Assets Limited (BVI) dba dotYP, Inc.",,,,yes,,https://archive.icann.org/en/tlds/tld-applications-lodged-02oct00.htm
.ypa,.ypa,2000,applicationSubmitted,application,notApplicable,"Monsoon Assets Limited (BVI) dba dotYP, Inc.",United States,2000-016,,no,,https://archive.icann.org/en/tlds/tld-applications-lodged-02oct00.htm
.ypa,.ypa,2026-10-04,notDelegated,current-snapshot,notApplicable,"Monsoon Assets Limited (BVI) dba dotYP, Inc.",,,,yes,,https://archive.icann.org/en/tlds/tld-applications-lodged-02oct00.htm
.ypi,.ypi,2000,applicationSubmitted,application,notApplicable,"Monsoon Assets Limited (BVI) dba dotYP, Inc.",United States,2000-016,,no,,https://archive.icann.org/en/tlds/tld-applications-lodged-02oct00.htm
.ypi,.ypi,2026-10-04,notDelegated,current-snapshot,notApplicable,"Monsoon Assets Limited (BVI) dba dotYP, Inc.",,,,yes,,https://archive.icann.org/en/tlds/tld-applications-lodged-02oct00.htm
.yt,.yt,1997-11-17,ianaRegistration,iana-registration,country-code,Association Française pour le Nommage Internet en Coopération (A.F.N.I.C.),France,,,no,,https://www.iana.org/domains/root/db/yt.html
.yt,.yt,2026-10-04,delegated,current-snapshot,country-code,Association Française pour le Nommage Internet en Coopération (A.F.N.I.C.),France,,,yes,,https://www.iana.org/domains/root/db/yt.html
.yu,.yu,1989,delegated,,country-code,,Yugoslavia,,,no,,https://www.iana.org/reports/2010/yu-report-01apr2010.html
.yu,.yu,2010,retired,,country-code,,Yugoslavia,,,no,,https://www.iana.org/reports/2010/yu-report-01apr2010.html
.yu,.yu,2026-10-04,retired,current-snapshot,country-code,,Yugoslavia,,,yes,,https://www.iana.org/reports/2010/yu-report-01apr2010.html
.yun,.yun,2016-03-18,ianaRegistration,iana-registration,generic,"Beijing Qihu Keji Co., Ltd.",China,,,no,,https://www.iana.org/domains/root/db/yun.html
.yun,.yun,2016-03-25,ianaDelegationReport,iana-report,generic,,,Delegation of the .yun domain to QIHOO 360 Technology Co. Ltd.,,no,,https://www.iana.org/reports/c.2.9.2.d/20160325-yun
.yun,.yun,2025-10-24,ianaTransferReport,iana-report,generic,,,"Transfer of the .yun domain to Beijing Qihu Keji Co., Ltd.",,no,,https://www.iana.org/reports/tld-transfer/20251024-yun
.yun,.yun,2026-10-04,delegated,current-snapshot,generic,"Beijing Qihu Keji Co., Ltd.",China,,,yes,,https://www.iana.org/domains/root/db/yun.html
.za,.za,1990-11-07,ianaRegistration,iana-registration,country-code,ZA Domain Name Authority,South Africa,,,no,,https://www.iana.org/domains/root/db/za.html
.za,.za,2005-08-05,ianaTransferReport,iana-report,country-code,,,IANA Report on the Redelegation of the .ZA Top-Level Domain,,no,,https://www.iana.org/reports/2005/za-report-05aug05.pdf
.za,.za,2026-10-04,delegated,current-snapshot,country-code,ZA Domain Name Authority,South Africa,,,yes,,https://www.iana.org/domains/root/db/za.html
.zappos,.zappos,2016-05-19,ianaRegistration,iana-registration,generic,"Amazon Registry Services, Inc.",United States of America (the),,,no,,https://www.iana.org/domains/root/db/zappos.html
.zappos,.zappos,2016-05-31,ianaDelegationReport,iana-report,generic,,,"Delegation of the .zappos domain to Amazon Registry Services, Inc.",,no,,https://www.iana.org/reports/c.2.9.2.d/20160531-zappos
.zappos,.zappos,2026-10-04,delegated,current-snapshot,generic,"Amazon Registry Services, Inc.",United States of America (the),,,yes,,https://www.iana.org/domains/root/db/zappos.html
.zara,.zara,2015-09-10,ianaRegistration,iana-registration,generic,"Industria de Diseño Textil, S.A. (INDITEX, S.A.)",Spain,,,no,,https://www.iana.org/domains/root/db/zara.html
.zara,.zara,2015-10-20,ianaDelegationReport,iana-report,generic,,,"Delegation of the .zara domain to Industria de Diseño Textil, S.A. (INDITEX, S.A.)",,no,,https://www.iana.org/reports/c.2.9.2.d/20151020-zara
.zara,.zara,2026-10-04,delegated,current-snapshot,generic,"Industria de Diseño Textil, S.A. (INDITEX, S.A.)",Spain,,,yes,,https://www.iana.org/domains/root/db/zara.html
.zero,.zero,2015-11-12,ianaRegistration,iana-registration,generic,"Amazon Registry Services, Inc.",United States of America (the),,,no,,https://www.iana.org/domains/root/db/zero.html
.zero,.zero,2015-12-02,ianaDelegationReport,iana-report,generic,,,"Delegation of the .zero domain to Amazon Registry Services, Inc.",,no,,https://www.iana.org/reports/c.2.9.2.d/20151202-zero
.zero,.zero,2026-10-04,delegated,current-snapshot,generic,"Amazon Registry Services, Inc.",United States of America (the),,,yes,,https://www.iana.org/domains/root/db/zero.html
.zine,.zine,2000,applicationSubmitted,application,notApplicable,"Name.Space, Incorporated",United States,2000-001,,no,,https://archive.icann.org/en/tlds/tld-applications-lodged-02oct00.htm
.zine,.zine,2026-10-04,notDelegated,current-snapshot,notApplicable,"Name.Space, Incorporated",,,,yes,,https://archive.icann.org/en/tlds/tld-applications-lodged-02oct00.htm
.zip,.zip,2014-08-23,ianaRegistration,iana-registration,generic,Charleston Road Registry Inc.,United States of America (the),,,no,,https://www.iana.org/domains/root/db/zip.html
.zip,.zip,2014-09-10,ianaDelegationReport,iana-report,generic,,,Delegation of the .zip domain to Charleston Road Registry Inc.,,no,,https://www.iana.org/reports/c.2.9.2.d/20140910-zip
.zip,.zip,2026-10-04,delegated,current-snapshot,generic,Charleston Road Registry Inc.,United States of America (the),,,yes,,https://www.iana.org/domains/root/db/zip.html
.zippo,.zippo,2016-05-26,ianaRegistration,iana-registration,generic,,,,,no,,https://www.iana.org/domains/root/db/zippo.html
.zippo,.zippo,2016-06-30,ianaDelegationReport,iana-report,generic,,,Delegation of the .zippo domain to Zadco Company,,no,,https://www.iana.org/reports/c.2.9.2.d/20160630-zippo
.zippo,.zippo,2019-02-14,ianaRevocationReport,iana-report,generic,,,Revocation of the .zippo domain,,no,,https://www.iana.org/reports/tld-transfer/20190214-zippo
.zippo,.zippo,2026-10-04,notDelegated,current-snapshot,generic,,,,,yes,,https://www.iana.org/domains/root/db/zippo.html
.zm,.zm,1994-03-25,ianaRegistration,iana-registration,country-code,Zambia Information and Communications Technology Authority (ZICTA),Zambia,,,no,,https://www.iana.org/domains/root/db/zm.html
.zm,.zm,2014-02-01,ianaTransferReport,iana-report,country-code,,,Redelegation of the .zm domain to Zambia Information and Communications Technology Authority,,no,,https://www.iana.org/reports/2014/zm-report-20140201.html
.zm,.zm,2026-10-04,delegated,current-snapshot,country-code,Zambia Information and Communications Technology Authority (ZICTA),Zambia,,,yes,,https://www.iana.org/domains/root/db/zm.html
.zone,.zone,2000,applicationSubmitted,application,generic,"Name.Space, Incorporated",United States,2000-001,,no,,https://archive.icann.org/en/tlds/tld-applications-lodged-02oct00.htm
.zone,.zone,2014-01-09,ianaRegistration,iana-registration,generic,"Binky Moon, LLC",United States of America (the),,,no,,https://www.iana.org/domains/root/db/zone.html
.zone,.zone,2014-01-10,ianaDelegationReport,iana-report,generic,,,"Delegation of the .ZONE domain to Outer Falls, LLC",,no,,https://www.iana.org/reports/c.2.9.2.d/20140110-zone
.zone,.zone,2018-03-23,ianaTransferReport,iana-report,generic,,,Transfer of the .academy domain and 195 others,,no,,https://www.iana.org/reports/tld-transfer/20180323-binkymoon
.zone,.zone,2026-10-04,delegated,current-snapshot,generic,"Binky Moon, LLC",United States of America (the),,,yes,,https://www.iana.org/domains/root/db/zone.html
.zr,.zr,1997,transition,,country-code,,Zaire -> Democratic Republic of the Congo,,,no,,https://www.iana.org/reports/2001/zr-report-20jun01.html
.zr,.zr,2001-06-20,retired,,country-code,,Zaire / Democratic Republic of the Congo,,,no,,https://www.iana.org/reports/2001/zr-report-20jun01.html
.zr,.zr,2026-10-04,retired,current-snapshot,country-code,,Zaire / Democratic Republic of the Congo,,,yes,,https://www.iana.org/reports/2001/zr-report-20jun01.html
.zuerich,.zuerich,2014-12-18,ianaRegistration,,,,,,,no,,https://www.iana.org/domains/root/db/zuerich.html
.zuerich,.zuerich,2014-12-22,ianaDelegationReport,iana-report,generic,,,Delegation of the .zuerich domain to Kanton Zürich,,no,,https://www.iana.org/reports/c.2.9.2.d/20141222-zuerich
.zuerich,.zuerich,2026-10-04,delegated,,generic,Kanton Zürich (Canton of Zurich),Switzerland,,,yes,,https://www.iana.org/domains/root/db/zuerich.html
.zw,.zw,1991-11-06,ianaRegistration,iana-registration,country-code,Postal and Telecommunications Regulatory Authority of Zimbabwe (POTRAZ),Zimbabwe,,,no,,https://www.iana.org/domains/root/db/zw.html
.zw,.zw,2026-10-04,delegated,current-snapshot,country-code,Postal and Telecommunications Regulatory Authority of Zimbabwe (POTRAZ),Zimbabwe,,,yes,,https://www.iana.org/domains/root/db/zw.html
