string,ascii_string,current_root_status,root_listed,formal_type,program_round,introduction_path,introduction_basis,iana_profile,registry_entity,registry_country,registration_date,sources
.aaa,.aaa,delegated,yes,generic,2012,intro2012,basisDerivedEra,yes,"American Automobile Association, Inc.",United States of America (the),2015-08-13,https://www.iana.org/domains/root/db/aaa.html | https://newgtlds.icann.org/en/program-status/statistics
.aarp,.aarp,delegated,yes,generic,2012,intro2012,basisDerivedEra,yes,AARP,United States of America (the),2015-10-22,https://www.iana.org/domains/root/db/aarp.html | https://newgtlds.icann.org/en/program-status/statistics
.abarth,.abarth,notDelegated,no,generic,2012,intro2012,basisDerivedEra,yes,,,2016-07-14,https://www.iana.org/domains/root/db/abarth.html | https://newgtlds.icann.org/en/program-status/statistics
.abb,.abb,delegated,yes,generic,2012,intro2012,basisDerivedEra,yes,ABB Ltd,Switzerland,2015-04-09,https://www.iana.org/domains/root/db/abb.html | https://newgtlds.icann.org/en/program-status/statistics
.abbott,.abbott,delegated,yes,generic,2012,intro2012,basisDerivedEra,yes,"Abbott Laboratories, Inc.",United States of America (the),2014-11-20,https://www.iana.org/domains/root/db/abbott.html | https://newgtlds.icann.org/en/program-status/statistics
.abbvie,.abbvie,delegated,yes,generic,2012,intro2012,basisDerivedEra,yes,AbbVie Inc.,United States of America (the),2016-02-26,https://www.iana.org/domains/root/db/abbvie.html | https://newgtlds.icann.org/en/program-status/statistics
.abc,.abc,delegated,yes,generic,2012,intro2012,basisDerivedEra,yes,"Disney Enterprises, Inc.",United States of America (the),2016-07-21,https://www.iana.org/domains/root/db/abc.html | https://newgtlds.icann.org/en/program-status/statistics
.able,.able,delegated,yes,generic,2012,intro2012,basisDerivedEra,yes,Able Inc.,Japan,2016-03-03,https://www.iana.org/domains/root/db/able.html | https://newgtlds.icann.org/en/program-status/statistics
.abogado,.abogado,delegated,yes,generic,2012,intro2012,basisDerivedEra,yes,"Registry Services, LLC",United States of America (the),2014-07-10,https://www.iana.org/domains/root/db/abogado.html | https://newgtlds.icann.org/en/program-status/statistics
.abudhabi,.abudhabi,delegated,yes,generic,2012,intro2012,basisDerivedEra,yes,Abu Dhabi Systems and Information Centre,United Arab Emirates (the),2016-02-26,https://www.iana.org/domains/root/db/abudhabi.html | https://newgtlds.icann.org/en/program-status/statistics
.ac,.ac,delegated,yes,country-code,,introCcTld,basisFormalType,yes,Internet Computer Bureau Limited,Ascension Island,1997-12-19,https://www.iana.org/domains/root/db/ac.html | https://www.iana.org/help/cctld-delegation-answers
.academy,.academy,delegated,yes,generic,2012,intro2012,basisDerivedEra,yes,"Binky Moon, LLC",United States of America (the),2013-12-12,https://www.iana.org/domains/root/db/academy.html | https://newgtlds.icann.org/en/program-status/statistics
.accenture,.accenture,delegated,yes,generic,2012,intro2012,basisDerivedEra,yes,Accenture plc,Ireland,2015-04-30,https://www.iana.org/domains/root/db/accenture.html | https://newgtlds.icann.org/en/program-status/statistics
.accountant,.accountant,delegated,yes,generic,2012,intro2012,basisDerivedEra,yes,dot Accountant Limited,Gibraltar,2015-02-05,https://www.iana.org/domains/root/db/accountant.html | https://newgtlds.icann.org/en/program-status/statistics
.accountants,.accountants,delegated,yes,generic,2012,intro2012,basisDerivedEra,yes,"Binky Moon, LLC",United States of America (the),2014-04-24,https://www.iana.org/domains/root/db/accountants.html | https://newgtlds.icann.org/en/program-status/statistics
.aco,.aco,delegated,yes,generic,2012,intro2012,basisDerivedEra,yes,ACO Severin Ahlmann GmbH & Co. KG,Germany,2015-07-16,https://www.iana.org/domains/root/db/aco.html | https://newgtlds.icann.org/en/program-status/statistics
.active,.active,notDelegated,no,generic,2012,intro2012,basisDerivedEra,yes,,,2014-06-19,https://www.iana.org/domains/root/db/active.html | https://newgtlds.icann.org/en/program-status/statistics
.actor,.actor,delegated,yes,generic,2012,intro2012,basisDerivedEra,yes,"Dog Beach, LLC",United States of America (the),2014-02-20,https://www.iana.org/domains/root/db/actor.html | https://newgtlds.icann.org/en/program-status/statistics
.ad,.ad,delegated,yes,country-code,,introCcTld,basisFormalType,yes,Andorra Telecom,Andorra,1996-01-09,https://www.iana.org/domains/root/db/ad.html | https://www.iana.org/help/cctld-delegation-answers
.adac,.adac,notDelegated,no,generic,2012,intro2012,basisDerivedEra,yes,,,2015-11-20,https://www.iana.org/domains/root/db/adac.html | https://newgtlds.icann.org/en/program-status/statistics
.ads,.ads,delegated,yes,generic,2012,intro2012,basisDerivedEra,yes,Charleston Road Registry Inc.,United States of America (the),2015-02-05,https://www.iana.org/domains/root/db/ads.html | https://newgtlds.icann.org/en/program-status/statistics
.adult,.adult,delegated,yes,generic,2012,intro2012,basisDerivedEra,yes,ICM Registry AD LLC,United States of America (the),2014-11-26,https://www.iana.org/domains/root/db/adult.html | https://newgtlds.icann.org/en/program-status/statistics
.ae,.ae,delegated,yes,country-code,,introCcTld,basisFormalType,yes,Telecommunications and Digital Government Regulatory Authority (TDRA),United Arab Emirates (the),1992-12-01,https://www.iana.org/domains/root/db/ae.html | https://www.iana.org/help/cctld-delegation-answers
.aeg,.aeg,delegated,yes,generic,2012,intro2012,basisDerivedEra,yes,Aktiebolaget Electrolux,Sweden,2015-06-11,https://www.iana.org/domains/root/db/aeg.html | https://newgtlds.icann.org/en/program-status/statistics
.aero,.aero,delegated,yes,sponsored,2000,intro2000,basisDocumentedSet,yes,Societe Internationale de Telecommunications Aeronautique (SITA INC USA),United States of America (the),2001-12-21,https://www.iana.org/domains/root/db/aero.html | https://www.icann.org/en/announcements/details/icann-announces-selections-for-new-top-level-domains-16-11-2000-en
.aetna,.aetna,delegated,yes,generic,2012,intro2012,basisDerivedEra,yes,Aetna Life Insurance Company,United States of America (the),2016-04-21,https://www.iana.org/domains/root/db/aetna.html | https://newgtlds.icann.org/en/program-status/statistics
.af,.af,delegated,yes,country-code,,introCcTld,basisFormalType,yes,Ministry of Communications and IT,Afghanistan,1997-10-16,https://www.iana.org/domains/root/db/af.html | https://www.iana.org/help/cctld-delegation-answers
.afamilycompany,.afamilycompany,notDelegated,no,generic,2012,intro2012,basisDerivedEra,yes,,,2016-07-14,https://www.iana.org/domains/root/db/afamilycompany.html | https://newgtlds.icann.org/en/program-status/statistics
.afl,.afl,delegated,yes,generic,2012,intro2012,basisDerivedEra,yes,Australian Football League,Australia,2015-02-19,https://www.iana.org/domains/root/db/afl.html | https://newgtlds.icann.org/en/program-status/statistics
.africa,.africa,delegated,yes,generic,2012,intro2012,basisDerivedEra,yes,ZA Central Registry NPC trading as Registry.Africa,South Africa,2017-02-11,https://www.iana.org/domains/root/db/africa.html | https://newgtlds.icann.org/en/program-status/statistics
.ag,.ag,delegated,yes,country-code,,introCcTld,basisFormalType,yes,UHSA School of Medicine,Antigua and Barbuda,1991-09-03,https://www.iana.org/domains/root/db/ag.html | https://www.iana.org/help/cctld-delegation-answers
.agakhan,.agakhan,delegated,yes,generic,2012,intro2012,basisDerivedEra,yes,Fondation Aga Khan (Aga Khan Foundation),Switzerland,2016-03-31,https://www.iana.org/domains/root/db/agakhan.html | https://newgtlds.icann.org/en/program-status/statistics
.agency,.agency,delegated,yes,generic,2012,intro2012,basisDerivedEra,yes,"Binky Moon, LLC",United States of America (the),2014-01-09,https://www.iana.org/domains/root/db/agency.html | https://newgtlds.icann.org/en/program-status/statistics
.ai,.ai,delegated,yes,country-code,,introCcTld,basisFormalType,yes,Government of Anguilla,Anguilla,1995-02-16,https://www.iana.org/domains/root/db/ai.html | https://www.iana.org/help/cctld-delegation-answers
.aig,.aig,delegated,yes,generic,2012,intro2012,basisDerivedEra,yes,"American International Group, Inc.",United States of America (the),2015-04-09,https://www.iana.org/domains/root/db/aig.html | https://newgtlds.icann.org/en/program-status/statistics
.aigo,.aigo,notDelegated,no,generic,2012,intro2012,basisDerivedEra,yes,,,2016-08-04,https://www.iana.org/domains/root/db/aigo.html | https://newgtlds.icann.org/en/program-status/statistics
.airbus,.airbus,delegated,yes,generic,2012,intro2012,basisDerivedEra,yes,Airbus S.A.S.,France,2016-05-26,https://www.iana.org/domains/root/db/airbus.html | https://newgtlds.icann.org/en/program-status/statistics
.airforce,.airforce,delegated,yes,generic,2012,intro2012,basisDerivedEra,yes,"Dog Beach, LLC",United States of America (the),2014-04-17,https://www.iana.org/domains/root/db/airforce.html | https://newgtlds.icann.org/en/program-status/statistics
.airtel,.airtel,delegated,yes,generic,2012,intro2012,basisDerivedEra,yes,Bharti Airtel Limited,India,2015-06-18,https://www.iana.org/domains/root/db/airtel.html | https://newgtlds.icann.org/en/program-status/statistics
.akdn,.akdn,delegated,yes,generic,2012,intro2012,basisDerivedEra,yes,Fondation Aga Khan (Aga Khan Foundation),Switzerland,2016-03-31,https://www.iana.org/domains/root/db/akdn.html | https://newgtlds.icann.org/en/program-status/statistics
.al,.al,delegated,yes,country-code,,introCcTld,basisFormalType,yes,Electronic and Postal Communications Authority - AKEP,Albania,1992-04-21,https://www.iana.org/domains/root/db/al.html | https://www.iana.org/help/cctld-delegation-answers
.alfaromeo,.alfaromeo,notDelegated,no,generic,2012,intro2012,basisDerivedEra,yes,,,2016-07-21,https://www.iana.org/domains/root/db/alfaromeo.html | https://newgtlds.icann.org/en/program-status/statistics
.alibaba,.alibaba,delegated,yes,generic,2012,intro2012,basisDerivedEra,yes,Alibaba Group Holding Limited,Cayman Islands (the),2016-01-08,https://www.iana.org/domains/root/db/alibaba.html | https://newgtlds.icann.org/en/program-status/statistics
.alipay,.alipay,delegated,yes,generic,2012,intro2012,basisDerivedEra,yes,Alibaba Group Holding Limited,Cayman Islands (the),2016-01-08,https://www.iana.org/domains/root/db/alipay.html | https://newgtlds.icann.org/en/program-status/statistics
.allfinanz,.allfinanz,delegated,yes,generic,2012,intro2012,basisDerivedEra,yes,Allfinanz Deutsche Vermögensberatung Aktiengesellschaft,Germany,2014-09-25,https://www.iana.org/domains/root/db/allfinanz.html | https://newgtlds.icann.org/en/program-status/statistics
.allstate,.allstate,delegated,yes,generic,2012,intro2012,basisDerivedEra,yes,Allstate Fire and Casualty Insurance Company,United States of America (the),2016-02-05,https://www.iana.org/domains/root/db/allstate.html | https://newgtlds.icann.org/en/program-status/statistics
.ally,.ally,delegated,yes,generic,2012,intro2012,basisDerivedEra,yes,Ally Financial Inc.,United States of America (the),2015-10-22,https://www.iana.org/domains/root/db/ally.html | https://newgtlds.icann.org/en/program-status/statistics
.alsace,.alsace,delegated,yes,generic,2012,intro2012,basisDerivedEra,yes,REGION GRAND EST,France,2014-09-18,https://www.iana.org/domains/root/db/alsace.html | https://newgtlds.icann.org/en/program-status/statistics
.alstom,.alstom,delegated,yes,generic,2012,intro2012,basisDerivedEra,yes,ALSTOM,France,2015-12-04,https://www.iana.org/domains/root/db/alstom.html | https://newgtlds.icann.org/en/program-status/statistics
.am,.am,delegated,yes,country-code,,introCcTld,basisFormalType,yes,"""Internet Society"" Non-governmental Organization",Armenia,1994-08-26,https://www.iana.org/domains/root/db/am.html | https://www.iana.org/help/cctld-delegation-answers
.amazon,.amazon,delegated,yes,generic,2012,intro2012,basisDerivedEra,yes,"Amazon Registry Services, Inc.",United States of America (the),2020-05-28,https://www.iana.org/domains/root/db/amazon.html | https://newgtlds.icann.org/en/program-status/statistics
.americanexpress,.americanexpress,delegated,yes,generic,2012,intro2012,basisDerivedEra,yes,"American Express Travel Related Services Company, Inc.",United States of America (the),2016-07-22,https://www.iana.org/domains/root/db/americanexpress.html | https://newgtlds.icann.org/en/program-status/statistics
.americanfamily,.americanfamily,delegated,yes,generic,2012,intro2012,basisDerivedEra,yes,"AmFam, Inc.",United States of America (the),2016-07-14,https://www.iana.org/domains/root/db/americanfamily.html | https://newgtlds.icann.org/en/program-status/statistics
.amex,.amex,delegated,yes,generic,2012,intro2012,basisDerivedEra,yes,"American Express Travel Related Services Company, Inc.",United States of America (the),2016-07-21,https://www.iana.org/domains/root/db/amex.html | https://newgtlds.icann.org/en/program-status/statistics
.amfam,.amfam,delegated,yes,generic,2012,intro2012,basisDerivedEra,yes,"AmFam, Inc.",United States of America (the),2016-07-14,https://www.iana.org/domains/root/db/amfam.html | https://newgtlds.icann.org/en/program-status/statistics
.amica,.amica,delegated,yes,generic,2012,intro2012,basisDerivedEra,yes,Amica Mutual Insurance Company,United States of America (the),2015-08-06,https://www.iana.org/domains/root/db/amica.html | https://newgtlds.icann.org/en/program-status/statistics
.amsterdam,.amsterdam,delegated,yes,generic,2012,intro2012,basisDirect,yes,Gemeente Amsterdam,Netherlands (the),2014-11-20,https://www.iana.org/domains/root/db/amsterdam.html | https://data.iana.org/TLD/tlds-alpha-by-domain.txt | https://www.iana.org/domains/root/db | https://newgtlds.icann.org/en/program-status/statistics
.an,.an,retired,no,country-code,,introHistoricalCcTld,basisDirect,yes,,,1993-09-09,https://www.iana.org/domains/root/db/an.html | https://data.iana.org/TLD/tlds-alpha-by-domain.txt | https://www.iana.org/reports/2011/cw-report-20111003.html | https://www.iana.org/help/cctld-retirement
.analytics,.analytics,delegated,yes,generic,2012,intro2012,basisDerivedEra,yes,Campus IP LLC,United States of America (the),2015-11-20,https://www.iana.org/domains/root/db/analytics.html | https://newgtlds.icann.org/en/program-status/statistics
.android,.android,delegated,yes,generic,2012,intro2012,basisDerivedEra,yes,Charleston Road Registry Inc.,United States of America (the),2014-10-30,https://www.iana.org/domains/root/db/android.html | https://newgtlds.icann.org/en/program-status/statistics
.anquan,.anquan,delegated,yes,generic,2012,intro2012,basisDerivedEra,yes,"Beijing Qihu Keji Co., Ltd.",China,2016-03-18,https://www.iana.org/domains/root/db/anquan.html | https://newgtlds.icann.org/en/program-status/statistics
.anz,.anz,delegated,yes,generic,2012,intro2012,basisDerivedEra,yes,Australia and New Zealand Banking Group Limited,Australia,2016-06-09,https://www.iana.org/domains/root/db/anz.html | https://newgtlds.icann.org/en/program-status/statistics
.ao,.ao,delegated,yes,country-code,,introCcTld,basisFormalType,yes,Ministry of Telecommunications and Information Technologies (MTTI),Angola,1995-11-15,https://www.iana.org/domains/root/db/ao.html | https://www.iana.org/help/cctld-delegation-answers
.aol,.aol,delegated,yes,generic,2012,intro2012,basisDerivedEra,yes,AOL Media LLC,United States of America (the),2016-10-27,https://www.iana.org/domains/root/db/aol.html | https://newgtlds.icann.org/en/program-status/statistics
.apartments,.apartments,delegated,yes,generic,2012,intro2012,basisDerivedEra,yes,"Binky Moon, LLC",United States of America (the),2015-02-05,https://www.iana.org/domains/root/db/apartments.html | https://newgtlds.icann.org/en/program-status/statistics
.app,.app,delegated,yes,generic,2012,intro2012,basisDirect,yes,Charleston Road Registry Inc.,United States of America (the),2015-06-25,https://www.iana.org/domains/root/db/app.html | https://data.iana.org/TLD/tlds-alpha-by-domain.txt | https://newgtlds.icann.org/en/program-status/statistics
.apple,.apple,delegated,yes,generic,2012,intro2012,basisDerivedEra,yes,Apple Inc.,United States of America (the),2015-07-02,https://www.iana.org/domains/root/db/apple.html | https://newgtlds.icann.org/en/program-status/statistics
.aq,.aq,delegated,yes,country-code,,introCcTld,basisFormalType,yes,Antarctica Network Information Centre Limited,New Zealand,1992-02-26,https://www.iana.org/domains/root/db/aq.html | https://www.iana.org/help/cctld-delegation-answers
.aquarelle,.aquarelle,delegated,yes,generic,2012,intro2012,basisDerivedEra,yes,Aquarelle.com,France,2014-11-06,https://www.iana.org/domains/root/db/aquarelle.html | https://newgtlds.icann.org/en/program-status/statistics
.ar,.ar,delegated,yes,country-code,,introCcTld,basisFormalType,yes,"Presidencia de la Nación , Secretaría Legal y Técnica",Argentina,1987-09-23,https://www.iana.org/domains/root/db/ar.html | https://www.iana.org/help/cctld-delegation-answers
.arab,.arab,delegated,yes,generic,2012,intro2012,basisDerivedEra,yes,League of Arab States,Egypt,2017-05-11,https://www.iana.org/domains/root/db/arab.html | https://newgtlds.icann.org/en/program-status/statistics
.aramco,.aramco,delegated,yes,generic,2012,intro2012,basisDerivedEra,yes,Aramco Services Company,United States of America (the),2015-08-20,https://www.iana.org/domains/root/db/aramco.html | https://newgtlds.icann.org/en/program-status/statistics
.archi,.archi,delegated,yes,generic,2012,intro2012,basisDerivedEra,yes,Identity Digital Limited,United States of America (the),2014-03-20,https://www.iana.org/domains/root/db/archi.html | https://newgtlds.icann.org/en/program-status/statistics
.army,.army,delegated,yes,generic,2012,intro2012,basisDerivedEra,yes,"Dog Beach, LLC",United States of America (the),2014-05-29,https://www.iana.org/domains/root/db/army.html | https://newgtlds.icann.org/en/program-status/statistics
.arpa,.arpa,delegated,yes,infrastructure,,introInfrastructure,basisFormalType,yes,Internet Architecture Board (IAB),United States of America (the),1985-01-01,https://www.iana.org/domains/root/db/arpa.html | https://www.iana.org/domains/arpa
.art,.art,delegated,yes,generic,2012,intro2012,basisDirect,yes,UK Creative Ideas Limited,United Kingdom of Great Britain and Northern Ireland (the),2016-06-09,https://www.iana.org/domains/root/db/art.html | https://data.iana.org/TLD/tlds-alpha-by-domain.txt | https://newgtlds.icann.org/en/program-status/statistics | https://archive.icann.org/en/tlds/tld-applications-lodged-02oct00.htm
.arte,.arte,delegated,yes,generic,2012,intro2012,basisDerivedEra,yes,Association Relative à la Télévision Européenne G.E.I.E.,France,2015-09-24,https://www.iana.org/domains/root/db/arte.html | https://newgtlds.icann.org/en/program-status/statistics
.as,.as,delegated,yes,country-code,,introCcTld,basisFormalType,yes,AS Domain Registry,American Samoa,1997-06-12,https://www.iana.org/domains/root/db/as.html | https://www.iana.org/help/cctld-delegation-answers
.asda,.asda,delegated,yes,generic,2012,intro2012,basisDerivedEra,yes,Asda Stores Limited,United Kingdom of Great Britain and Northern Ireland (the),2016-07-21,https://www.iana.org/domains/root/db/asda.html | https://newgtlds.icann.org/en/program-status/statistics
.asia,.asia,delegated,yes,sponsored,2004,intro2004,basisDirect,yes,DotAsia Organisation Ltd.,Hong Kong,2007-05-02,https://www.iana.org/domains/root/db/asia.html | https://data.iana.org/TLD/tlds-alpha-by-domain.txt | https://www.icann.org/en/announcements/details/icann-progress-in-process-for-introducing-new-sponsored-top-level-domains-19-3-2004-en
.associates,.associates,delegated,yes,generic,2012,intro2012,basisDerivedEra,yes,"Binky Moon, LLC",United States of America (the),2014-04-03,https://www.iana.org/domains/root/db/associates.html | https://newgtlds.icann.org/en/program-status/statistics
.at,.at,delegated,yes,country-code,,introCcTld,basisFormalType,yes,nic.at GmbH,Austria,1988-01-20,https://www.iana.org/domains/root/db/at.html | https://www.iana.org/help/cctld-delegation-answers
.athleta,.athleta,delegated,yes,generic,2012,intro2012,basisDerivedEra,yes,"The Gap, Inc.",United States of America (the),2016-07-14,https://www.iana.org/domains/root/db/athleta.html | https://newgtlds.icann.org/en/program-status/statistics
.attorney,.attorney,delegated,yes,generic,2012,intro2012,basisDerivedEra,yes,"Dog Beach, LLC",United States of America (the),2014-05-22,https://www.iana.org/domains/root/db/attorney.html | https://newgtlds.icann.org/en/program-status/statistics
.au,.au,delegated,yes,country-code,,introCcTld,basisFormalType,yes,.au Domain Administration (auDA),Australia,1986-03-05,https://www.iana.org/domains/root/db/au.html | https://www.iana.org/help/cctld-delegation-answers
.auction,.auction,delegated,yes,generic,2012,intro2012,basisDerivedEra,yes,"Dog Beach, LLC",United States of America (the),2014-04-24,https://www.iana.org/domains/root/db/auction.html | https://newgtlds.icann.org/en/program-status/statistics
.audi,.audi,delegated,yes,generic,2012,intro2012,basisDerivedEra,yes,AUDI Aktiengesellschaft,Germany,2015-11-12,https://www.iana.org/domains/root/db/audi.html | https://newgtlds.icann.org/en/program-status/statistics
.audible,.audible,delegated,yes,generic,2012,intro2012,basisDerivedEra,yes,"Amazon Registry Services, Inc.",United States of America (the),2016-05-19,https://www.iana.org/domains/root/db/audible.html | https://newgtlds.icann.org/en/program-status/statistics
.audio,.audio,delegated,yes,generic,2012,intro2012,basisDerivedEra,yes,XYZ.COM LLC,United States of America (the),2014-05-08,https://www.iana.org/domains/root/db/audio.html | https://newgtlds.icann.org/en/program-status/statistics
.auspost,.auspost,delegated,yes,generic,2012,intro2012,basisDerivedEra,yes,Australian Postal Corporation,Australia,2016-08-11,https://www.iana.org/domains/root/db/auspost.html | https://newgtlds.icann.org/en/program-status/statistics
.author,.author,delegated,yes,generic,2012,intro2012,basisDerivedEra,yes,"Amazon Registry Services, Inc.",United States of America (the),2015-11-12,https://www.iana.org/domains/root/db/author.html | https://newgtlds.icann.org/en/program-status/statistics
.auto,.auto,delegated,yes,generic,2012,intro2012,basisDerivedEra,yes,XYZ.COM LLC,United States of America (the),2015-03-12,https://www.iana.org/domains/root/db/auto.html | https://newgtlds.icann.org/en/program-status/statistics
.autos,.autos,delegated,yes,generic,2012,intro2012,basisDerivedEra,yes,XYZ.COM LLC,United States of America (the),2014-05-01,https://www.iana.org/domains/root/db/autos.html | https://newgtlds.icann.org/en/program-status/statistics
.avianca,.avianca,notDelegated,no,generic,2012,intro2012,basisDerivedEra,yes,,,2016-02-26,https://www.iana.org/domains/root/db/avianca.html | https://newgtlds.icann.org/en/program-status/statistics
.aw,.aw,delegated,yes,country-code,,introCcTld,basisFormalType,yes,SETAR,Aruba,1996-02-20,https://www.iana.org/domains/root/db/aw.html | https://www.iana.org/help/cctld-delegation-answers
.aws,.aws,delegated,yes,generic,2012,intro2012,basisDerivedEra,yes,AWS Registry LLC,United States of America (the),2016-03-18,https://www.iana.org/domains/root/db/aws.html | https://newgtlds.icann.org/en/program-status/statistics
.ax,.ax,delegated,yes,country-code,,introCcTld,basisFormalType,yes,Ålands landskapsregering,Åland Islands,2006-06-21,https://www.iana.org/domains/root/db/ax.html | https://www.iana.org/help/cctld-delegation-answers
.axa,.axa,delegated,yes,generic,2012,intro2012,basisDerivedEra,yes,AXA Group Operations SAS,France,2014-03-13,https://www.iana.org/domains/root/db/axa.html | https://newgtlds.icann.org/en/program-status/statistics
.az,.az,delegated,yes,country-code,,introCcTld,basisFormalType,yes,IntraNS,Azerbaijan,1993-08-25,https://www.iana.org/domains/root/db/az.html | https://www.iana.org/help/cctld-delegation-answers
.azure,.azure,delegated,yes,generic,2012,intro2012,basisDerivedEra,yes,Microsoft Corporation,United States of America (the),2015-04-30,https://www.iana.org/domains/root/db/azure.html | https://newgtlds.icann.org/en/program-status/statistics
.ba,.ba,delegated,yes,country-code,,introCcTld,basisFormalType,yes,University Tele-Informatic Center (UTIC),Bosnia and Herzegovina,1996-08-14,https://www.iana.org/domains/root/db/ba.html | https://www.iana.org/help/cctld-delegation-answers
.baby,.baby,delegated,yes,generic,2012,intro2012,basisDerivedEra,yes,XYZ.COM LLC,United States of America (the),2016-01-14,https://www.iana.org/domains/root/db/baby.html | https://newgtlds.icann.org/en/program-status/statistics
.baidu,.baidu,delegated,yes,generic,2012,intro2012,basisDerivedEra,yes,"Baidu, Inc.",China,2015-12-17,https://www.iana.org/domains/root/db/baidu.html | https://newgtlds.icann.org/en/program-status/statistics
.banamex,.banamex,delegated,yes,generic,2012,intro2012,basisDerivedEra,yes,Citigroup Inc.,United States of America (the),2016-07-21,https://www.iana.org/domains/root/db/banamex.html | https://newgtlds.icann.org/en/program-status/statistics
.bananarepublic,.bananarepublic,notDelegated,no,generic,2012,intro2012,basisDerivedEra,yes,,,2016-07-14,https://www.iana.org/domains/root/db/bananarepublic.html | https://newgtlds.icann.org/en/program-status/statistics
.band,.band,delegated,yes,generic,2012,intro2012,basisDerivedEra,yes,"Dog Beach, LLC",United States of America (the),2014-10-01,https://www.iana.org/domains/root/db/band.html | https://newgtlds.icann.org/en/program-status/statistics
.bank,.bank,delegated,yes,generic,2012,intro2012,basisDirect,yes,"fTLD Registry Services, LLC",United States of America (the),2014-11-26,https://www.iana.org/domains/root/db/bank.html | https://data.iana.org/TLD/tlds-alpha-by-domain.txt | https://ftld.com/security/ | https://newgtlds.icann.org/en/program-status/statistics
.bar,.bar,delegated,yes,generic,2012,intro2012,basisDerivedEra,yes,Punto 2012 Sociedad Anonima Promotora de Inversion de Capital Variable,Mexico,2014-02-13,https://www.iana.org/domains/root/db/bar.html | https://newgtlds.icann.org/en/program-status/statistics
.barcelona,.barcelona,delegated,yes,generic,2012,intro2012,basisDirect,yes,Municipi de Barcelona,Spain,2015-06-04,https://www.iana.org/domains/root/db/barcelona.html | https://data.iana.org/TLD/tlds-alpha-by-domain.txt | https://www.iana.org/domains/root/db | https://newgtlds.icann.org/en/program-status/statistics
.barclaycard,.barclaycard,delegated,yes,generic,2012,intro2012,basisDerivedEra,yes,Barclays Bank PLC,United Kingdom of Great Britain and Northern Ireland (the),2015-01-08,https://www.iana.org/domains/root/db/barclaycard.html | https://newgtlds.icann.org/en/program-status/statistics
.barclays,.barclays,delegated,yes,generic,2012,intro2012,basisDerivedEra,yes,Barclays Bank PLC,United Kingdom of Great Britain and Northern Ireland (the),2015-01-08,https://www.iana.org/domains/root/db/barclays.html | https://newgtlds.icann.org/en/program-status/statistics
.barefoot,.barefoot,delegated,yes,generic,2012,intro2012,basisDerivedEra,yes,"Gallo Vineyards, Inc.",United States of America (the),2015-10-24,https://www.iana.org/domains/root/db/barefoot.html | https://newgtlds.icann.org/en/program-status/statistics
.bargains,.bargains,delegated,yes,generic,2012,intro2012,basisDerivedEra,yes,"Binky Moon, LLC",United States of America (the),2014-01-16,https://www.iana.org/domains/root/db/bargains.html | https://newgtlds.icann.org/en/program-status/statistics
.baseball,.baseball,delegated,yes,generic,2012,intro2012,basisDerivedEra,yes,"MLB Advanced Media DH, LLC",United States of America (the),2016-09-29,https://www.iana.org/domains/root/db/baseball.html | https://newgtlds.icann.org/en/program-status/statistics
.basketball,.basketball,delegated,yes,generic,2012,intro2012,basisDerivedEra,yes,Fédération Internationale de Basketball (FIBA),Switzerland,2016-10-13,https://www.iana.org/domains/root/db/basketball.html | https://newgtlds.icann.org/en/program-status/statistics
.bauhaus,.bauhaus,delegated,yes,generic,2012,intro2012,basisDerivedEra,yes,Werkhaus GmbH,Germany,2015-03-12,https://www.iana.org/domains/root/db/bauhaus.html | https://newgtlds.icann.org/en/program-status/statistics
.bayern,.bayern,delegated,yes,generic,2012,intro2012,basisDerivedEra,yes,Bayern Connect GmbH,Germany,2014-03-13,https://www.iana.org/domains/root/db/bayern.html | https://newgtlds.icann.org/en/program-status/statistics
.bb,.bb,delegated,yes,country-code,,introCcTld,basisFormalType,yes,"Ministry of Innovation, Science and Smart Technology",Barbados,1991-09-03,https://www.iana.org/domains/root/db/bb.html | https://www.iana.org/help/cctld-delegation-answers
.bbc,.bbc,delegated,yes,generic,2012,intro2012,basisDerivedEra,yes,British Broadcasting Corporation,United Kingdom of Great Britain and Northern Ireland (the),2015-03-12,https://www.iana.org/domains/root/db/bbc.html | https://newgtlds.icann.org/en/program-status/statistics
.bbt,.bbt,delegated,yes,generic,2012,intro2012,basisDerivedEra,yes,BB&T Corporation,United States of America (the),2016-05-12,https://www.iana.org/domains/root/db/bbt.html | https://newgtlds.icann.org/en/program-status/statistics
.bbva,.bbva,delegated,yes,generic,2012,intro2012,basisDerivedEra,yes,"BANCO BILBAO VIZCAYA ARGENTARIA, S.A.",Spain,2015-04-23,https://www.iana.org/domains/root/db/bbva.html | https://newgtlds.icann.org/en/program-status/statistics
.bcg,.bcg,delegated,yes,generic,2012,intro2012,basisDerivedEra,yes,"The Boston Consulting Group, Inc.",United States of America (the),2016-02-11,https://www.iana.org/domains/root/db/bcg.html | https://newgtlds.icann.org/en/program-status/statistics
.bcn,.bcn,delegated,yes,generic,2012,intro2012,basisDerivedEra,yes,Municipi de Barcelona,Spain,2015-06-04,https://www.iana.org/domains/root/db/bcn.html | https://newgtlds.icann.org/en/program-status/statistics
.bd,.bd,delegated,yes,country-code,,introCcTld,basisFormalType,yes,Posts and Telecommunications Division,Bangladesh,1999-05-20,https://www.iana.org/domains/root/db/bd.html | https://www.iana.org/help/cctld-delegation-answers
.be,.be,delegated,yes,country-code,,introCcTld,basisFormalType,yes,DNS Belgium vzw/asbl,Belgium,1988-08-05,https://www.iana.org/domains/root/db/be.html | https://www.iana.org/help/cctld-delegation-answers
.beats,.beats,delegated,yes,generic,2012,intro2012,basisDerivedEra,yes,"Beats Electronics, LLC",United States of America (the),2015-08-13,https://www.iana.org/domains/root/db/beats.html | https://newgtlds.icann.org/en/program-status/statistics
.beauty,.beauty,delegated,yes,generic,2012,intro2012,basisDerivedEra,yes,XYZ.COM LLC,United States of America (the),2016-04-07,https://www.iana.org/domains/root/db/beauty.html | https://newgtlds.icann.org/en/program-status/statistics
.beer,.beer,delegated,yes,generic,2012,intro2012,basisDirect,yes,"Registry Services, LLC",United States of America (the),2014-03-13,https://www.iana.org/domains/root/db/beer.html | https://data.iana.org/TLD/tlds-alpha-by-domain.txt | https://newgtlds.icann.org/en/program-status/statistics
.bentley,.bentley,notDelegated,no,generic,2012,intro2012,basisDerivedEra,yes,,,2015-05-14,https://www.iana.org/domains/root/db/bentley.html | https://newgtlds.icann.org/en/program-status/statistics
.berlin,.berlin,delegated,yes,generic,2012,intro2012,basisDirect,yes,dotBERLIN GmbH & Co. KG,Germany,2013-12-19,https://www.iana.org/domains/root/db/berlin.html | https://data.iana.org/TLD/tlds-alpha-by-domain.txt | https://www.iana.org/domains/root/db | https://newgtlds.icann.org/en/announcements-and-media/case-studies/berlin-a4-13feb19-en.pdf | https://newgtlds.icann.org/en/program-status/statistics
.best,.best,delegated,yes,generic,2012,intro2012,basisDerivedEra,yes,BestTLD Pty Ltd,Australia,2014-02-20,https://www.iana.org/domains/root/db/best.html | https://newgtlds.icann.org/en/program-status/statistics
.bestbuy,.bestbuy,delegated,yes,generic,2012,intro2012,basisDerivedEra,yes,"BBY Solutions, Inc.",United States of America (the),2015-12-10,https://www.iana.org/domains/root/db/bestbuy.html | https://newgtlds.icann.org/en/program-status/statistics
.bet,.bet,delegated,yes,generic,2012,intro2012,basisDerivedEra,yes,Identity Digital Limited,United States of America (the),2015-07-16,https://www.iana.org/domains/root/db/bet.html | https://newgtlds.icann.org/en/program-status/statistics
.bf,.bf,delegated,yes,country-code,,introCcTld,basisFormalType,yes,Autorité de Régulation des Communications Electroniques et des Postes (ARCEP),Burkina Faso,1993-03-29,https://www.iana.org/domains/root/db/bf.html | https://www.iana.org/help/cctld-delegation-answers
.bg,.bg,delegated,yes,country-code,,introCcTld,basisFormalType,yes,Register.BG,Bulgaria,1995-01-03,https://www.iana.org/domains/root/db/bg.html | https://www.iana.org/help/cctld-delegation-answers
.bh,.bh,delegated,yes,country-code,,introCcTld,basisFormalType,yes,Telecommunications Regulatory Authority (TRA),Bahrain,1994-02-01,https://www.iana.org/domains/root/db/bh.html | https://www.iana.org/help/cctld-delegation-answers
.bharti,.bharti,delegated,yes,generic,2012,intro2012,basisDerivedEra,yes,Bharti Enterprises (Holding) Private Limited,India,2015-05-08,https://www.iana.org/domains/root/db/bharti.html | https://newgtlds.icann.org/en/program-status/statistics
.bi,.bi,delegated,yes,country-code,,introCcTld,basisFormalType,yes,Centre National de l'Informatique,Burundi,1996-10-21,https://www.iana.org/domains/root/db/bi.html | https://www.iana.org/help/cctld-delegation-answers
.bible,.bible,delegated,yes,generic,2012,intro2012,basisDirect,yes,American Bible Society,United States of America (the),2015-05-14,https://www.iana.org/domains/root/db/bible.html | https://data.iana.org/TLD/tlds-alpha-by-domain.txt | https://newgtlds.icann.org/en/program-status/statistics
.bid,.bid,delegated,yes,generic,2012,intro2012,basisDerivedEra,yes,dot Bid Limited,Gibraltar,2014-02-13,https://www.iana.org/domains/root/db/bid.html | https://newgtlds.icann.org/en/program-status/statistics
.bike,.bike,delegated,yes,generic,2012,intro2012,basisDerivedEra,yes,"Binky Moon, LLC",United States of America (the),2013-11-08,https://www.iana.org/domains/root/db/bike.html | https://newgtlds.icann.org/en/program-status/statistics
.bing,.bing,delegated,yes,generic,2012,intro2012,basisDerivedEra,yes,Microsoft Corporation,United States of America (the),2015-04-30,https://www.iana.org/domains/root/db/bing.html | https://newgtlds.icann.org/en/program-status/statistics
.bingo,.bingo,delegated,yes,generic,2012,intro2012,basisDerivedEra,yes,"Binky Moon, LLC",United States of America (the),2015-01-29,https://www.iana.org/domains/root/db/bingo.html | https://newgtlds.icann.org/en/program-status/statistics
.bio,.bio,delegated,yes,generic,2012,intro2012,basisDerivedEra,yes,Identity Digital Limited,United States of America (the),2014-05-15,https://www.iana.org/domains/root/db/bio.html | https://newgtlds.icann.org/en/program-status/statistics
.biz,.biz,delegated,yes,generic-restricted,2000,intro2000,basisDocumentedSet,yes,"Registry Services, LLC",United States of America (the),2001-06-26,https://www.iana.org/domains/root/db/biz.html | https://www.icann.org/en/announcements/details/icann-announces-selections-for-new-top-level-domains-16-11-2000-en
.bj,.bj,delegated,yes,country-code,,introCcTld,basisFormalType,yes,Autorité de Régulation des Communications Electroniques et de la Poste du Bénin (ARCEP BENIN),Benin,1996-01-18,https://www.iana.org/domains/root/db/bj.html | https://www.iana.org/help/cctld-delegation-answers
.bl,.bl,notDelegated,no,country-code,,introCcTld,basisFormalType,yes,,,2007-10-11,https://www.iana.org/domains/root/db/bl.html | https://www.iana.org/help/cctld-delegation-answers
.black,.black,delegated,yes,generic,2012,intro2012,basisDerivedEra,yes,Identity Digital Limited,United States of America (the),2014-03-20,https://www.iana.org/domains/root/db/black.html | https://newgtlds.icann.org/en/program-status/statistics
.blackfriday,.blackfriday,delegated,yes,generic,2012,intro2012,basisDerivedEra,yes,"Registry Services, LLC",United States of America (the),2014-04-17,https://www.iana.org/domains/root/db/blackfriday.html | https://newgtlds.icann.org/en/program-status/statistics
.blanco,.blanco,notDelegated,no,generic,2012,intro2012,basisDerivedEra,yes,,,2016-06-03,https://www.iana.org/domains/root/db/blanco.html | https://newgtlds.icann.org/en/program-status/statistics
.blockbuster,.blockbuster,delegated,yes,generic,2012,intro2012,basisDerivedEra,yes,Dish DBS Corporation,United States of America (the),2016-06-30,https://www.iana.org/domains/root/db/blockbuster.html | https://newgtlds.icann.org/en/program-status/statistics
.blog,.blog,delegated,yes,generic,2012,intro2012,basisDirect,yes,"Knock Knock WHOIS There, LLC",United States of America (the),2016-05-12,https://www.iana.org/domains/root/db/blog.html | https://data.iana.org/TLD/tlds-alpha-by-domain.txt | https://newgtlds.icann.org/en/program-status/statistics
.bloomberg,.bloomberg,delegated,yes,generic,2012,intro2012,basisDerivedEra,yes,Bloomberg IP Holdings LLC,United States of America (the),2014-10-16,https://www.iana.org/domains/root/db/bloomberg.html | https://newgtlds.icann.org/en/program-status/statistics
.blue,.blue,delegated,yes,generic,2012,intro2012,basisDerivedEra,yes,Identity Digital Limited,United States of America (the),2014-01-23,https://www.iana.org/domains/root/db/blue.html | https://newgtlds.icann.org/en/program-status/statistics
.bm,.bm,delegated,yes,country-code,,introCcTld,basisFormalType,yes,"Registry General Department, Ministry of Home Affairs",Bermuda,1993-03-31,https://www.iana.org/domains/root/db/bm.html | https://www.iana.org/help/cctld-delegation-answers
.bms,.bms,delegated,yes,generic,2012,intro2012,basisDerivedEra,yes,Bristol-Myers Squibb Company,United States of America (the),2015-09-10,https://www.iana.org/domains/root/db/bms.html | https://newgtlds.icann.org/en/program-status/statistics
.bmw,.bmw,delegated,yes,generic,2012,intro2012,basisDerivedEra,yes,Bayerische Motoren Werke Aktiengesellschaft,Germany,2014-06-05,https://www.iana.org/domains/root/db/bmw.html | https://newgtlds.icann.org/en/program-status/statistics
.bn,.bn,delegated,yes,country-code,,introCcTld,basisFormalType,yes,Authority for Info-communications Technology Industry of Brunei Darussalam (AITI),Brunei Darussalam,1994-06-03,https://www.iana.org/domains/root/db/bn.html | https://www.iana.org/help/cctld-delegation-answers
.bnl,.bnl,notDelegated,no,generic,2012,intro2012,basisDerivedEra,yes,,,2015-06-11,https://www.iana.org/domains/root/db/bnl.html | https://newgtlds.icann.org/en/program-status/statistics
.bnpparibas,.bnpparibas,delegated,yes,generic,2012,intro2012,basisDerivedEra,yes,BNP Paribas,France,2014-07-31,https://www.iana.org/domains/root/db/bnpparibas.html | https://newgtlds.icann.org/en/program-status/statistics
.bo,.bo,delegated,yes,country-code,,introCcTld,basisFormalType,yes,Agencia de Gobierno Electrónico y Tecnologías de Información y Comunicación,Bolivia (Plurinational State of),1991-02-26,https://www.iana.org/domains/root/db/bo.html | https://www.iana.org/help/cctld-delegation-answers
.boats,.boats,delegated,yes,generic,2012,intro2012,basisDerivedEra,yes,XYZ.COM LLC,United States of America (the),2015-02-13,https://www.iana.org/domains/root/db/boats.html | https://newgtlds.icann.org/en/program-status/statistics
.boehringer,.boehringer,delegated,yes,generic,2012,intro2012,basisDerivedEra,yes,Boehringer Ingelheim International GmbH,Germany,2015-11-06,https://www.iana.org/domains/root/db/boehringer.html | https://newgtlds.icann.org/en/program-status/statistics
.bofa,.bofa,delegated,yes,generic,2012,intro2012,basisDerivedEra,yes,Bank of America Corporation,United States of America (the),2016-07-28,https://www.iana.org/domains/root/db/bofa.html | https://newgtlds.icann.org/en/program-status/statistics
.bom,.bom,delegated,yes,generic,2012,intro2012,basisDerivedEra,yes,Núcleo de Informação e Coordenação do Ponto BR - NIC.br,Brazil,2015-05-29,https://www.iana.org/domains/root/db/bom.html | https://newgtlds.icann.org/en/program-status/statistics
.bond,.bond,delegated,yes,generic,2012,intro2012,basisDerivedEra,yes,Shortdot SA,Luxembourg,2014-10-30,https://www.iana.org/domains/root/db/bond.html | https://newgtlds.icann.org/en/program-status/statistics
.boo,.boo,delegated,yes,generic,2012,intro2012,basisDerivedEra,yes,Charleston Road Registry Inc.,United States of America (the),2014-06-12,https://www.iana.org/domains/root/db/boo.html | https://newgtlds.icann.org/en/program-status/statistics
.book,.book,delegated,yes,generic,2012,intro2012,basisDirect,yes,"Amazon Registry Services, Inc.",United States of America (the),2015-11-12,https://www.iana.org/domains/root/db/book.html | https://data.iana.org/TLD/tlds-alpha-by-domain.txt | https://newgtlds.icann.org/en/program-status/statistics
.booking,.booking,delegated,yes,generic,2012,intro2012,basisDerivedEra,yes,Booking.com B.V.,Netherlands (the),2016-07-07,https://www.iana.org/domains/root/db/booking.html | https://newgtlds.icann.org/en/program-status/statistics
.boots,.boots,notDelegated,no,generic,2012,intro2012,basisDerivedEra,yes,,,2015-06-18,https://www.iana.org/domains/root/db/boots.html | https://newgtlds.icann.org/en/program-status/statistics
.bosch,.bosch,delegated,yes,generic,2012,intro2012,basisDerivedEra,yes,Robert Bosch GMBH,Germany,2015-12-18,https://www.iana.org/domains/root/db/bosch.html | https://newgtlds.icann.org/en/program-status/statistics
.bostik,.bostik,delegated,yes,generic,2012,intro2012,basisDerivedEra,yes,Bostik SA,France,2015-11-06,https://www.iana.org/domains/root/db/bostik.html | https://newgtlds.icann.org/en/program-status/statistics
.boston,.boston,delegated,yes,generic,2012,intro2012,basisDerivedEra,yes,"Registry Services, LLC",United States of America (the),2016-11-21,https://www.iana.org/domains/root/db/boston.html | https://newgtlds.icann.org/en/program-status/statistics
.bot,.bot,delegated,yes,generic,2012,intro2012,basisDerivedEra,yes,"Amazon Registry Services, Inc.",United States of America (the),2015-11-12,https://www.iana.org/domains/root/db/bot.html | https://newgtlds.icann.org/en/program-status/statistics
.boutique,.boutique,delegated,yes,generic,2012,intro2012,basisDerivedEra,yes,"Binky Moon, LLC",United States of America (the),2014-01-16,https://www.iana.org/domains/root/db/boutique.html | https://newgtlds.icann.org/en/program-status/statistics
.box,.box,delegated,yes,generic,2012,intro2012,basisDerivedEra,yes,Intercap Registry Inc.,Cayman Islands (the),2016-10-27,https://www.iana.org/domains/root/db/box.html | https://newgtlds.icann.org/en/program-status/statistics
.bq,.bq,notDelegated,no,country-code,,introCcTld,basisFormalType,yes,,,2010-12-20,https://www.iana.org/domains/root/db/bq.html | https://www.iana.org/help/cctld-delegation-answers
.br,.br,delegated,yes,country-code,,introCcTld,basisFormalType,yes,Comite Gestor da Internet no Brasil,Brazil,1989-04-18,https://www.iana.org/domains/root/db/br.html | https://www.iana.org/help/cctld-delegation-answers
.bradesco,.bradesco,delegated,yes,generic,2012,intro2012,basisDerivedEra,yes,Banco Bradesco S.A.,Brazil,2015-05-29,https://www.iana.org/domains/root/db/bradesco.html | https://newgtlds.icann.org/en/program-status/statistics
.bridgestone,.bridgestone,delegated,yes,generic,2012,intro2012,basisDerivedEra,yes,Bridgestone Corporation,Japan,2015-04-16,https://www.iana.org/domains/root/db/bridgestone.html | https://newgtlds.icann.org/en/program-status/statistics
.broadway,.broadway,delegated,yes,generic,2012,intro2012,basisDerivedEra,yes,"Celebrate Broadway, Inc.",United States of America (the),2015-10-08,https://www.iana.org/domains/root/db/broadway.html | https://newgtlds.icann.org/en/program-status/statistics
.broker,.broker,delegated,yes,generic,2012,intro2012,basisDerivedEra,yes,"Dog Beach, LLC",United States of America (the),2015-03-06,https://www.iana.org/domains/root/db/broker.html | https://newgtlds.icann.org/en/program-status/statistics
.brother,.brother,delegated,yes,generic,2012,intro2012,basisDerivedEra,yes,"Brother Industries, Ltd.",Japan,2015-04-09,https://www.iana.org/domains/root/db/brother.html | https://newgtlds.icann.org/en/program-status/statistics
.brussels,.brussels,delegated,yes,generic,2012,intro2012,basisDerivedEra,yes,DNS.be vzw,Belgium,2014-06-05,https://www.iana.org/domains/root/db/brussels.html | https://newgtlds.icann.org/en/program-status/statistics
.bs,.bs,delegated,yes,country-code,,introCcTld,basisFormalType,yes,University of The Bahamas,Bahamas (the),1991-09-03,https://www.iana.org/domains/root/db/bs.html | https://www.iana.org/help/cctld-delegation-answers
.bt,.bt,delegated,yes,country-code,,introCcTld,basisFormalType,yes,Ministry of Information and Communications,Bhutan,1997-07-16,https://www.iana.org/domains/root/db/bt.html | https://www.iana.org/help/cctld-delegation-answers
.budapest,.budapest,notDelegated,no,generic,2012,intro2012,basisDerivedEra,yes,,,2014-02-28,https://www.iana.org/domains/root/db/budapest.html | https://newgtlds.icann.org/en/program-status/statistics
.bugatti,.bugatti,notDelegated,no,generic,2012,intro2012,basisDerivedEra,yes,,,2015-11-12,https://www.iana.org/domains/root/db/bugatti.html | https://newgtlds.icann.org/en/program-status/statistics
.build,.build,delegated,yes,generic,2012,intro2012,basisDerivedEra,yes,Plan Bee LLC,United States of America (the),2014-01-09,https://www.iana.org/domains/root/db/build.html | https://newgtlds.icann.org/en/program-status/statistics
.builders,.builders,delegated,yes,generic,2012,intro2012,basisDerivedEra,yes,"Binky Moon, LLC",United States of America (the),2013-12-19,https://www.iana.org/domains/root/db/builders.html | https://newgtlds.icann.org/en/program-status/statistics
.business,.business,delegated,yes,generic,2012,intro2012,basisDerivedEra,yes,"Binky Moon, LLC",United States of America (the),2014-08-18,https://www.iana.org/domains/root/db/business.html | https://newgtlds.icann.org/en/program-status/statistics
.buy,.buy,delegated,yes,generic,2012,intro2012,basisDerivedEra,yes,"Amazon Registry Services, INC",United States of America (the),2015-11-20,https://www.iana.org/domains/root/db/buy.html | https://newgtlds.icann.org/en/program-status/statistics
.buzz,.buzz,delegated,yes,generic,2012,intro2012,basisDerivedEra,yes,DOTSTRATEGY CO.,United States of America (the),2013-12-12,https://www.iana.org/domains/root/db/buzz.html | https://newgtlds.icann.org/en/program-status/statistics
.bv,.bv,delegated,yes,country-code,,introCcTld,basisFormalType,yes,Norid A/S,Norway,1997-08-21,https://www.iana.org/domains/root/db/bv.html | https://www.iana.org/help/cctld-delegation-answers
.bw,.bw,delegated,yes,country-code,,introCcTld,basisFormalType,yes,Botswana Communications Regulatory Authority (BOCRA),Botswana,1993-03-19,https://www.iana.org/domains/root/db/bw.html | https://www.iana.org/help/cctld-delegation-answers
.by,.by,delegated,yes,country-code,,introCcTld,basisFormalType,yes,Belarusian Cloud Technologies LLC,Belarus,1994-05-10,https://www.iana.org/domains/root/db/by.html | https://www.iana.org/help/cctld-delegation-answers
.bz,.bz,delegated,yes,country-code,,introCcTld,basisFormalType,yes,University of Belize,Belize,1991-09-03,https://www.iana.org/domains/root/db/bz.html | https://www.iana.org/help/cctld-delegation-answers
.bzh,.bzh,delegated,yes,generic,2012,intro2012,basisDerivedEra,yes,Association www.bzh,France,2014-05-29,https://www.iana.org/domains/root/db/bzh.html | https://newgtlds.icann.org/en/program-status/statistics
.ca,.ca,delegated,yes,country-code,,introCcTld,basisFormalType,yes,Canadian Internet Registration Authority (CIRA) Autorité Canadienne pour les enregistrements Internet (ACEI),Canada,1987-05-14,https://www.iana.org/domains/root/db/ca.html | https://www.iana.org/help/cctld-delegation-answers
.cab,.cab,delegated,yes,generic,2012,intro2012,basisDerivedEra,yes,"Binky Moon, LLC",United States of America (the),2013-12-12,https://www.iana.org/domains/root/db/cab.html | https://newgtlds.icann.org/en/program-status/statistics
.cafe,.cafe,delegated,yes,generic,2012,intro2012,basisDerivedEra,yes,"Binky Moon, LLC",United States of America (the),2015-03-12,https://www.iana.org/domains/root/db/cafe.html | https://newgtlds.icann.org/en/program-status/statistics
.cal,.cal,delegated,yes,generic,2012,intro2012,basisDerivedEra,yes,Charleston Road Registry Inc.,United States of America (the),2014-09-04,https://www.iana.org/domains/root/db/cal.html | https://newgtlds.icann.org/en/program-status/statistics
.call,.call,delegated,yes,generic,2012,intro2012,basisDerivedEra,yes,"Amazon Registry Services, Inc.",United States of America (the),2015-11-12,https://www.iana.org/domains/root/db/call.html | https://newgtlds.icann.org/en/program-status/statistics
.calvinklein,.calvinklein,delegated,yes,generic,2012,intro2012,basisDerivedEra,yes,PVH gTLD Holdings LLC,United States of America (the),2016-07-28,https://www.iana.org/domains/root/db/calvinklein.html | https://newgtlds.icann.org/en/program-status/statistics
.cam,.cam,delegated,yes,generic,2012,intro2012,basisDerivedEra,yes,CAM Connecting SarL,Monaco,2016-06-09,https://www.iana.org/domains/root/db/cam.html | https://newgtlds.icann.org/en/program-status/statistics
.camera,.camera,delegated,yes,generic,2012,intro2012,basisDerivedEra,yes,"Binky Moon, LLC",United States of America (the),2013-10-31,https://www.iana.org/domains/root/db/camera.html | https://newgtlds.icann.org/en/program-status/statistics
.camp,.camp,delegated,yes,generic,2012,intro2012,basisDerivedEra,yes,"Binky Moon, LLC",United States of America (the),2013-12-12,https://www.iana.org/domains/root/db/camp.html | https://newgtlds.icann.org/en/program-status/statistics
.cancerresearch,.cancerresearch,notDelegated,no,generic,2012,intro2012,basisDerivedEra,yes,,,2014-06-19,https://www.iana.org/domains/root/db/cancerresearch.html | https://newgtlds.icann.org/en/program-status/statistics
.canon,.canon,delegated,yes,generic,2012,intro2012,basisDerivedEra,yes,Canon Inc.,Japan,2015-01-29,https://www.iana.org/domains/root/db/canon.html | https://newgtlds.icann.org/en/program-status/statistics
.capetown,.capetown,delegated,yes,generic,2012,intro2012,basisDerivedEra,yes,ZA Central Registry NPC trading as ZA Central Registry,South Africa,2014-06-05,https://www.iana.org/domains/root/db/capetown.html | https://newgtlds.icann.org/en/program-status/statistics
.capital,.capital,delegated,yes,generic,2012,intro2012,basisDerivedEra,yes,"Binky Moon, LLC",United States of America (the),2014-04-03,https://www.iana.org/domains/root/db/capital.html | https://newgtlds.icann.org/en/program-status/statistics
.capitalone,.capitalone,delegated,yes,generic,2012,intro2012,basisDerivedEra,yes,Capital One Financial Corporation,United States of America (the),2016-08-04,https://www.iana.org/domains/root/db/capitalone.html | https://newgtlds.icann.org/en/program-status/statistics
.car,.car,delegated,yes,generic,2012,intro2012,basisDerivedEra,yes,XYZ.COM LLC,United States of America (the),2015-08-26,https://www.iana.org/domains/root/db/car.html | https://newgtlds.icann.org/en/program-status/statistics
.caravan,.caravan,delegated,yes,generic,2012,intro2012,basisDerivedEra,yes,"Caravan International, Inc.",United States of America (the),2014-05-22,https://www.iana.org/domains/root/db/caravan.html | https://newgtlds.icann.org/en/program-status/statistics
.cards,.cards,delegated,yes,generic,2012,intro2012,basisDerivedEra,yes,"Binky Moon, LLC",United States of America (the),2014-02-06,https://www.iana.org/domains/root/db/cards.html | https://newgtlds.icann.org/en/program-status/statistics
.care,.care,delegated,yes,generic,2012,intro2012,basisDerivedEra,yes,"Binky Moon, LLC",United States of America (the),2014-04-17,https://www.iana.org/domains/root/db/care.html | https://newgtlds.icann.org/en/program-status/statistics
.career,.career,delegated,yes,generic,2012,intro2012,basisDerivedEra,yes,dotCareer LLC,United States of America (the),2014-03-20,https://www.iana.org/domains/root/db/career.html | https://newgtlds.icann.org/en/program-status/statistics
.careers,.careers,delegated,yes,generic,2012,intro2012,basisDerivedEra,yes,"Binky Moon, LLC",United States of America (the),2013-12-12,https://www.iana.org/domains/root/db/careers.html | https://newgtlds.icann.org/en/program-status/statistics
.cars,.cars,delegated,yes,generic,2012,intro2012,basisDerivedEra,yes,XYZ.COM LLC,United States of America (the),2015-03-12,https://www.iana.org/domains/root/db/cars.html | https://newgtlds.icann.org/en/program-status/statistics
.cartier,.cartier,notDelegated,no,generic,2012,intro2012,basisDerivedEra,yes,,,2014-11-20,https://www.iana.org/domains/root/db/cartier.html | https://newgtlds.icann.org/en/program-status/statistics
.casa,.casa,delegated,yes,generic,2012,intro2012,basisDerivedEra,yes,"Registry Services, LLC",United States of America (the),2014-08-18,https://www.iana.org/domains/root/db/casa.html | https://newgtlds.icann.org/en/program-status/statistics
.case,.case,delegated,yes,generic,2012,intro2012,basisDerivedEra,yes,"Digity, LLC",United States of America (the),2016-10-27,https://www.iana.org/domains/root/db/case.html | https://newgtlds.icann.org/en/program-status/statistics
.caseih,.caseih,notDelegated,no,generic,2012,intro2012,basisDerivedEra,yes,,,2016-10-27,https://www.iana.org/domains/root/db/caseih.html | https://newgtlds.icann.org/en/program-status/statistics
.cash,.cash,delegated,yes,generic,2012,intro2012,basisDerivedEra,yes,"Binky Moon, LLC",United States of America (the),2014-04-17,https://www.iana.org/domains/root/db/cash.html | https://newgtlds.icann.org/en/program-status/statistics
.casino,.casino,delegated,yes,generic,2012,intro2012,basisDerivedEra,yes,"Binky Moon, LLC",United States of America (the),2015-02-13,https://www.iana.org/domains/root/db/casino.html | https://newgtlds.icann.org/en/program-status/statistics
.cat,.cat,delegated,yes,sponsored,2004,intro2004,basisDirect,yes,Fundacio puntCAT,Spain,2005-12-19,https://www.iana.org/domains/root/db/cat.html | https://data.iana.org/TLD/tlds-alpha-by-domain.txt | https://www.iana.org/reports/2005/cat-report-18nov2005.html | https://www.icann.org/en/announcements/details/icann-progress-in-process-for-introducing-new-sponsored-top-level-domains-19-3-2004-en | https://domini.cat/en/about-us
.catering,.catering,delegated,yes,generic,2012,intro2012,basisDerivedEra,yes,"Binky Moon, LLC",United States of America (the),2014-01-30,https://www.iana.org/domains/root/db/catering.html | https://newgtlds.icann.org/en/program-status/statistics
.catholic,.catholic,delegated,yes,generic,2012,intro2012,basisDerivedEra,yes,Pontificium Consilium de Comunicationibus Socialibus (PCCS) (Pontifical Council for Social Communication),Holy See (the),2016-11-16,https://www.iana.org/domains/root/db/catholic.html | https://newgtlds.icann.org/en/program-status/statistics
.cba,.cba,delegated,yes,generic,2012,intro2012,basisDerivedEra,yes,COMMONWEALTH BANK OF AUSTRALIA,Australia,2015-03-26,https://www.iana.org/domains/root/db/cba.html | https://newgtlds.icann.org/en/program-status/statistics
.cbn,.cbn,delegated,yes,generic,2012,intro2012,basisDerivedEra,yes,"The Christian Broadcasting Network, Inc.",United States of America (the),2014-11-20,https://www.iana.org/domains/root/db/cbn.html | https://newgtlds.icann.org/en/program-status/statistics
.cbre,.cbre,delegated,yes,generic,2012,intro2012,basisDerivedEra,yes,"CBRE, Inc.",United States of America (the),2016-06-16,https://www.iana.org/domains/root/db/cbre.html | https://newgtlds.icann.org/en/program-status/statistics
.cbs,.cbs,notDelegated,no,generic,2012,intro2012,basisDerivedEra,yes,,,2016-07-21,https://www.iana.org/domains/root/db/cbs.html | https://newgtlds.icann.org/en/program-status/statistics
.cc,.cc,delegated,yes,country-code,,introCcTld,basisFormalType,yes,eNIC Cocos (Keeling) Islands Pty. Ltd. d/b/a Island Internet Services,Australia,1997-10-13,https://www.iana.org/domains/root/db/cc.html | https://www.iana.org/help/cctld-delegation-answers
.cd,.cd,delegated,yes,country-code,,introCcTld,basisFormalType,yes,Office Congolais des Postes et Télécommunications - OCPT,Congo (the Democratic Republic of the),1997-08-20,https://www.iana.org/domains/root/db/cd.html | https://www.iana.org/help/cctld-delegation-answers
.ceb,.ceb,notDelegated,no,generic,2012,intro2012,basisDerivedEra,yes,,,2015-07-02,https://www.iana.org/domains/root/db/ceb.html | https://newgtlds.icann.org/en/program-status/statistics
.center,.center,delegated,yes,generic,2012,intro2012,basisDerivedEra,yes,"Binky Moon, LLC",United States of America (the),2013-12-12,https://www.iana.org/domains/root/db/center.html | https://newgtlds.icann.org/en/program-status/statistics
.ceo,.ceo,delegated,yes,generic,2012,intro2012,basisDerivedEra,yes,XYZ.COM LLC,United States of America (the),2013-12-19,https://www.iana.org/domains/root/db/ceo.html | https://newgtlds.icann.org/en/program-status/statistics
.cern,.cern,delegated,yes,generic,2012,intro2012,basisDerivedEra,yes,"European Organization for Nuclear Research (""CERN"")",Switzerland,2014-08-13,https://www.iana.org/domains/root/db/cern.html | https://newgtlds.icann.org/en/program-status/statistics
.cf,.cf,delegated,yes,country-code,,introCcTld,basisFormalType,yes,Societe Centrafricaine de Telecommunications (SOCATEL),Central African Republic (the),1996-04-24,https://www.iana.org/domains/root/db/cf.html | https://www.iana.org/help/cctld-delegation-answers
.cfa,.cfa,delegated,yes,generic,2012,intro2012,basisDerivedEra,yes,CFA Institute,United States of America (the),2015-04-16,https://www.iana.org/domains/root/db/cfa.html | https://newgtlds.icann.org/en/program-status/statistics
.cfd,.cfd,delegated,yes,generic,2012,intro2012,basisDerivedEra,yes,Shortdot SA,Luxembourg,2015-03-06,https://www.iana.org/domains/root/db/cfd.html | https://newgtlds.icann.org/en/program-status/statistics
.cg,.cg,delegated,yes,country-code,,introCcTld,basisFormalType,yes,Interpoint Switzerland,Congo (the),1997-01-14,https://www.iana.org/domains/root/db/cg.html | https://www.iana.org/help/cctld-delegation-answers
.ch,.ch,delegated,yes,country-code,,introCcTld,basisFormalType,yes,SWITCH The Swiss Education & Research Network,Switzerland,1987-05-20,https://www.iana.org/domains/root/db/ch.html | https://www.iana.org/help/cctld-delegation-answers
.chanel,.chanel,delegated,yes,generic,2012,intro2012,basisDerivedEra,yes,Chanel International B.V.,Netherlands (the),2015-06-18,https://www.iana.org/domains/root/db/chanel.html | https://newgtlds.icann.org/en/program-status/statistics
.channel,.channel,delegated,yes,generic,2012,intro2012,basisDerivedEra,yes,Charleston Road Registry Inc.,United States of America (the),2014-08-23,https://www.iana.org/domains/root/db/channel.html | https://newgtlds.icann.org/en/program-status/statistics
.charity,.charity,delegated,yes,generic,2012,intro2012,basisDerivedEra,yes,Public Interest Registry (PIR),United States of America (the),2018-05-17,https://www.iana.org/domains/root/db/charity.html | https://newgtlds.icann.org/en/program-status/statistics
.chase,.chase,delegated,yes,generic,2012,intro2012,basisDerivedEra,yes,"JPMorgan Chase Bank, National Association",United States of America (the),2016-01-14,https://www.iana.org/domains/root/db/chase.html | https://newgtlds.icann.org/en/program-status/statistics
.chat,.chat,delegated,yes,generic,2012,intro2012,basisDerivedEra,yes,"Binky Moon, LLC",United States of America (the),2015-01-29,https://www.iana.org/domains/root/db/chat.html | https://newgtlds.icann.org/en/program-status/statistics
.cheap,.cheap,delegated,yes,generic,2012,intro2012,basisDerivedEra,yes,"Binky Moon, LLC",United States of America (the),2014-01-09,https://www.iana.org/domains/root/db/cheap.html | https://newgtlds.icann.org/en/program-status/statistics
.chintai,.chintai,delegated,yes,generic,2012,intro2012,basisDerivedEra,yes,CHINTAI Corporation,Japan,2016-03-03,https://www.iana.org/domains/root/db/chintai.html | https://newgtlds.icann.org/en/program-status/statistics
.chloe,.chloe,notDelegated,no,generic,2012,intro2012,basisDerivedEra,yes,,,2015-01-08,https://www.iana.org/domains/root/db/chloe.html | https://newgtlds.icann.org/en/program-status/statistics
.christmas,.christmas,delegated,yes,generic,2012,intro2012,basisDerivedEra,yes,XYZ.COM LLC,United States of America (the),2014-02-13,https://www.iana.org/domains/root/db/christmas.html | https://newgtlds.icann.org/en/program-status/statistics
.chrome,.chrome,delegated,yes,generic,2012,intro2012,basisDerivedEra,yes,Charleston Road Registry Inc.,United States of America (the),2014-09-04,https://www.iana.org/domains/root/db/chrome.html | https://newgtlds.icann.org/en/program-status/statistics
.chrysler,.chrysler,notDelegated,no,generic,2012,intro2012,basisDerivedEra,yes,,,2016-07-07,https://www.iana.org/domains/root/db/chrysler.html | https://newgtlds.icann.org/en/program-status/statistics
.church,.church,delegated,yes,generic,2012,intro2012,basisDerivedEra,yes,"Binky Moon, LLC",United States of America (the),2014-05-08,https://www.iana.org/domains/root/db/church.html | https://newgtlds.icann.org/en/program-status/statistics
.ci,.ci,delegated,yes,country-code,,introCcTld,basisFormalType,yes,Autorité de Régulation des Télécommunications/TIC de Côte d’lvoire (ARTCI),Côte d'Ivoire,1995-02-14,https://www.iana.org/domains/root/db/ci.html | https://www.iana.org/help/cctld-delegation-answers
.cipriani,.cipriani,delegated,yes,generic,2012,intro2012,basisDerivedEra,yes,Hotel Cipriani Srl,Italy,2015-07-30,https://www.iana.org/domains/root/db/cipriani.html | https://newgtlds.icann.org/en/program-status/statistics
.circle,.circle,delegated,yes,generic,2012,intro2012,basisDerivedEra,yes,"Jolly Host, LLC",United States of America (the),2015-11-12,https://www.iana.org/domains/root/db/circle.html | https://newgtlds.icann.org/en/program-status/statistics
.cisco,.cisco,delegated,yes,generic,2012,intro2012,basisDerivedEra,yes,"Cisco Technology, Inc.",United States of America (the),2015-04-16,https://www.iana.org/domains/root/db/cisco.html | https://newgtlds.icann.org/en/program-status/statistics
.citadel,.citadel,delegated,yes,generic,2012,intro2012,basisDerivedEra,yes,Citadel Domain LLC,United States of America (the),2016-06-30,https://www.iana.org/domains/root/db/citadel.html | https://newgtlds.icann.org/en/program-status/statistics
.citi,.citi,delegated,yes,generic,2012,intro2012,basisDerivedEra,yes,Citigroup Inc.,United States of America (the),2016-07-21,https://www.iana.org/domains/root/db/citi.html | https://newgtlds.icann.org/en/program-status/statistics
.citic,.citic,delegated,yes,generic,2012,intro2012,basisDerivedEra,yes,CITIC Group Corporation,China,2014-04-17,https://www.iana.org/domains/root/db/citic.html | https://newgtlds.icann.org/en/program-status/statistics
.city,.city,delegated,yes,generic,2012,intro2012,basisDerivedEra,yes,"Binky Moon, LLC",United States of America (the),2014-07-03,https://www.iana.org/domains/root/db/city.html | https://newgtlds.icann.org/en/program-status/statistics
.cityeats,.cityeats,notDelegated,no,generic,2012,intro2012,basisDerivedEra,yes,,,2015-09-24,https://www.iana.org/domains/root/db/cityeats.html | https://newgtlds.icann.org/en/program-status/statistics
.ck,.ck,delegated,yes,country-code,,introCcTld,basisFormalType,yes,Telecom Cook Islands Ltd.,Cook Islands (the),1995-08-08,https://www.iana.org/domains/root/db/ck.html | https://www.iana.org/help/cctld-delegation-answers
.cl,.cl,delegated,yes,country-code,,introCcTld,basisFormalType,yes,NIC Chile (University of Chile),Chile,1987-12-15,https://www.iana.org/domains/root/db/cl.html | https://www.iana.org/help/cctld-delegation-answers
.claims,.claims,delegated,yes,generic,2012,intro2012,basisDerivedEra,yes,"Binky Moon, LLC",United States of America (the),2014-05-01,https://www.iana.org/domains/root/db/claims.html | https://newgtlds.icann.org/en/program-status/statistics
.cleaning,.cleaning,delegated,yes,generic,2012,intro2012,basisDerivedEra,yes,"Binky Moon, LLC",United States of America (the),2014-01-30,https://www.iana.org/domains/root/db/cleaning.html | https://newgtlds.icann.org/en/program-status/statistics
.click,.click,delegated,yes,generic,2012,intro2012,basisDerivedEra,yes,Internet Naming Co.,Cayman Islands (the),2014-08-15,https://www.iana.org/domains/root/db/click.html | https://newgtlds.icann.org/en/program-status/statistics
.clinic,.clinic,delegated,yes,generic,2012,intro2012,basisDerivedEra,yes,"Binky Moon, LLC",United States of America (the),2014-04-11,https://www.iana.org/domains/root/db/clinic.html | https://newgtlds.icann.org/en/program-status/statistics
.clinique,.clinique,delegated,yes,generic,2012,intro2012,basisDerivedEra,yes,The Estée Lauder Companies Inc.,United States of America (the),2015-12-10,https://www.iana.org/domains/root/db/clinique.html | https://newgtlds.icann.org/en/program-status/statistics
.clothing,.clothing,delegated,yes,generic,2012,intro2012,basisDerivedEra,yes,"Binky Moon, LLC",United States of America (the),2013-10-31,https://www.iana.org/domains/root/db/clothing.html | https://newgtlds.icann.org/en/program-status/statistics
.cloud,.cloud,delegated,yes,generic,2012,intro2012,basisDerivedEra,yes,ARUBA PEC S.p.A.,Italy,2015-06-18,https://www.iana.org/domains/root/db/cloud.html | https://newgtlds.icann.org/en/program-status/statistics
.club,.club,delegated,yes,generic,2012,intro2012,basisDerivedEra,yes,"Registry Services, LLC",United States of America (the),2014-01-09,https://www.iana.org/domains/root/db/club.html | https://newgtlds.icann.org/en/program-status/statistics
.clubmed,.clubmed,delegated,yes,generic,2012,intro2012,basisDerivedEra,yes,Club Méditerranée S.A.,France,2015-09-24,https://www.iana.org/domains/root/db/clubmed.html | https://newgtlds.icann.org/en/program-status/statistics
.cm,.cm,delegated,yes,country-code,,introCcTld,basisFormalType,yes,Agence Nationale des Technologies de l'Information et de la Communication (ANTIC),Cameroon,1995-04-29,https://www.iana.org/domains/root/db/cm.html | https://www.iana.org/help/cctld-delegation-answers
.cn,.cn,delegated,yes,country-code,,introCcTld,basisFormalType,yes,China Internet Network Information Center (CNNIC),China,1990-11-28,https://www.iana.org/domains/root/db/cn.html | https://www.iana.org/help/cctld-delegation-answers
.co,.co,delegated,yes,country-code,,introCcTld,basisFormalType,yes,Ministry of Information and Communications Technologies (MinTIC),Colombia,1991-12-24,https://www.iana.org/domains/root/db/co.html | https://www.iana.org/help/cctld-delegation-answers
.coach,.coach,delegated,yes,generic,2012,intro2012,basisDerivedEra,yes,"Binky Moon, LLC",United States of America (the),2014-11-20,https://www.iana.org/domains/root/db/coach.html | https://newgtlds.icann.org/en/program-status/statistics
.codes,.codes,delegated,yes,generic,2012,intro2012,basisDerivedEra,yes,"Binky Moon, LLC",United States of America (the),2013-12-19,https://www.iana.org/domains/root/db/codes.html | https://newgtlds.icann.org/en/program-status/statistics
.coffee,.coffee,delegated,yes,generic,2012,intro2012,basisDerivedEra,yes,"Binky Moon, LLC",United States of America (the),2013-12-19,https://www.iana.org/domains/root/db/coffee.html | https://newgtlds.icann.org/en/program-status/statistics
.college,.college,delegated,yes,generic,2012,intro2012,basisDerivedEra,yes,XYZ.COM LLC,United States of America (the),2014-03-13,https://www.iana.org/domains/root/db/college.html | https://newgtlds.icann.org/en/program-status/statistics
.cologne,.cologne,delegated,yes,generic,2012,intro2012,basisDerivedEra,yes,dotKoeln GmbH,Austria,2014-03-13,https://www.iana.org/domains/root/db/cologne.html | https://newgtlds.icann.org/en/program-status/statistics
.com,.com,delegated,yes,generic,legacy,introLegacyGtld,basisDocumentedSet,yes,VeriSign Global Registry Services,United States of America (the),1985-01-01,https://www.iana.org/domains/root/db/com.html | https://archive.icann.org/en/tlds/
.comcast,.comcast,notDelegated,no,generic,2012,intro2012,basisDerivedEra,yes,,,2016-06-16,https://www.iana.org/domains/root/db/comcast.html | https://newgtlds.icann.org/en/program-status/statistics
.commbank,.commbank,delegated,yes,generic,2012,intro2012,basisDerivedEra,yes,COMMONWEALTH BANK OF AUSTRALIA,Australia,2015-03-26,https://www.iana.org/domains/root/db/commbank.html | https://newgtlds.icann.org/en/program-status/statistics
.community,.community,delegated,yes,generic,2012,intro2012,basisDerivedEra,yes,"Binky Moon, LLC",United States of America (the),2014-01-23,https://www.iana.org/domains/root/db/community.html | https://newgtlds.icann.org/en/program-status/statistics
.company,.company,delegated,yes,generic,2012,intro2012,basisDerivedEra,yes,"Binky Moon, LLC",United States of America (the),2013-12-12,https://www.iana.org/domains/root/db/company.html | https://newgtlds.icann.org/en/program-status/statistics
.compare,.compare,delegated,yes,generic,2012,intro2012,basisDerivedEra,yes,"Registry Services, LLC",United States of America (the),2015-12-23,https://www.iana.org/domains/root/db/compare.html | https://newgtlds.icann.org/en/program-status/statistics
.computer,.computer,delegated,yes,generic,2012,intro2012,basisDerivedEra,yes,"Binky Moon, LLC",United States of America (the),2013-12-12,https://www.iana.org/domains/root/db/computer.html | https://newgtlds.icann.org/en/program-status/statistics
.comsec,.comsec,delegated,yes,generic,2012,intro2012,basisDerivedEra,yes,"VeriSign, Inc.",United States of America (the),2015-10-08,https://www.iana.org/domains/root/db/comsec.html | https://newgtlds.icann.org/en/program-status/statistics
.condos,.condos,delegated,yes,generic,2012,intro2012,basisDerivedEra,yes,"Binky Moon, LLC",United States of America (the),2014-02-06,https://www.iana.org/domains/root/db/condos.html | https://newgtlds.icann.org/en/program-status/statistics
.construction,.construction,delegated,yes,generic,2012,intro2012,basisDerivedEra,yes,"Binky Moon, LLC",United States of America (the),2013-11-08,https://www.iana.org/domains/root/db/construction.html | https://newgtlds.icann.org/en/program-status/statistics
.consulting,.consulting,delegated,yes,generic,2012,intro2012,basisDerivedEra,yes,"Dog Beach, LLC",United States of America (the),2014-01-30,https://www.iana.org/domains/root/db/consulting.html | https://newgtlds.icann.org/en/program-status/statistics
.contact,.contact,delegated,yes,generic,2012,intro2012,basisDerivedEra,yes,"Dog Beach, LLC",United States of America (the),2015-12-10,https://www.iana.org/domains/root/db/contact.html | https://newgtlds.icann.org/en/program-status/statistics
.contractors,.contractors,delegated,yes,generic,2012,intro2012,basisDerivedEra,yes,"Binky Moon, LLC",United States of America (the),2013-11-08,https://www.iana.org/domains/root/db/contractors.html | https://newgtlds.icann.org/en/program-status/statistics
.cooking,.cooking,delegated,yes,generic,2012,intro2012,basisDerivedEra,yes,"Registry Services, LLC",United States of America (the),2014-02-28,https://www.iana.org/domains/root/db/cooking.html | https://newgtlds.icann.org/en/program-status/statistics
.cookingchannel,.cookingchannel,notDelegated,no,generic,2012,intro2012,basisDerivedEra,yes,,,2016-05-05,https://www.iana.org/domains/root/db/cookingchannel.html | https://newgtlds.icann.org/en/program-status/statistics
.cool,.cool,delegated,yes,generic,2012,intro2012,basisDerivedEra,yes,"Binky Moon, LLC",United States of America (the),2014-01-16,https://www.iana.org/domains/root/db/cool.html | https://newgtlds.icann.org/en/program-status/statistics
.coop,.coop,delegated,yes,sponsored,2000,intro2000,basisDocumentedSet,yes,DotCooperation LLC,United States of America (the),2001-12-15,https://www.iana.org/domains/root/db/coop.html | https://www.icann.org/en/announcements/details/icann-announces-selections-for-new-top-level-domains-16-11-2000-en
.corsica,.corsica,delegated,yes,generic,2012,intro2012,basisDerivedEra,yes,Collectivité de Corse,France,2015-04-23,https://www.iana.org/domains/root/db/corsica.html | https://newgtlds.icann.org/en/program-status/statistics
.country,.country,delegated,yes,generic,2012,intro2012,basisDerivedEra,yes,Internet Naming Co.,Cayman Islands (the),2014-02-28,https://www.iana.org/domains/root/db/country.html | https://newgtlds.icann.org/en/program-status/statistics
.coupon,.coupon,delegated,yes,generic,2012,intro2012,basisDerivedEra,yes,"Amazon Registry Services, Inc.",United States of America (the),2016-01-29,https://www.iana.org/domains/root/db/coupon.html | https://newgtlds.icann.org/en/program-status/statistics
.coupons,.coupons,delegated,yes,generic,2012,intro2012,basisDerivedEra,yes,"Binky Moon, LLC",United States of America (the),2015-05-08,https://www.iana.org/domains/root/db/coupons.html | https://newgtlds.icann.org/en/program-status/statistics
.courses,.courses,delegated,yes,generic,2012,intro2012,basisDerivedEra,yes,"Registry Services, LLC",United States of America (the),2015-02-19,https://www.iana.org/domains/root/db/courses.html | https://newgtlds.icann.org/en/program-status/statistics
.cpa,.cpa,delegated,yes,generic,2012,intro2012,basisDerivedEra,yes,American Institute of Certified Public Accountants,United States of America (the),2019-09-11,https://www.iana.org/domains/root/db/cpa.html | https://newgtlds.icann.org/en/program-status/statistics
.cr,.cr,delegated,yes,country-code,,introCcTld,basisFormalType,yes,National Academy of Sciences (Academia Nacional de Ciencias),Costa Rica,1990-09-10,https://www.iana.org/domains/root/db/cr.html | https://www.iana.org/help/cctld-delegation-answers
.credit,.credit,delegated,yes,generic,2012,intro2012,basisDerivedEra,yes,"Binky Moon, LLC",United States of America (the),2014-04-24,https://www.iana.org/domains/root/db/credit.html | https://newgtlds.icann.org/en/program-status/statistics
.creditcard,.creditcard,delegated,yes,generic,2012,intro2012,basisDerivedEra,yes,"Binky Moon, LLC",United States of America (the),2014-04-24,https://www.iana.org/domains/root/db/creditcard.html | https://newgtlds.icann.org/en/program-status/statistics
.creditunion,.creditunion,delegated,yes,generic,2012,intro2012,basisDerivedEra,yes,"DotCooperation, LLC",United States of America (the),2015-10-15,https://www.iana.org/domains/root/db/creditunion.html | https://newgtlds.icann.org/en/program-status/statistics
.cricket,.cricket,delegated,yes,generic,2012,intro2012,basisDerivedEra,yes,dot Cricket Limited,Gibraltar,2014-11-13,https://www.iana.org/domains/root/db/cricket.html | https://newgtlds.icann.org/en/program-status/statistics
.crown,.crown,delegated,yes,generic,2012,intro2012,basisDerivedEra,yes,Crown Equipment Corporation,United States of America (the),2015-06-04,https://www.iana.org/domains/root/db/crown.html | https://newgtlds.icann.org/en/program-status/statistics
.crs,.crs,delegated,yes,generic,2012,intro2012,basisDerivedEra,yes,Federated Co-operatives Limited,Canada,2014-08-28,https://www.iana.org/domains/root/db/crs.html | https://newgtlds.icann.org/en/program-status/statistics
.cruise,.cruise,delegated,yes,generic,2012,intro2012,basisDerivedEra,yes,Viking River Cruises (Bermuda) Ltd.,United States of America (the),2016-10-21,https://www.iana.org/domains/root/db/cruise.html | https://newgtlds.icann.org/en/program-status/statistics
.cruises,.cruises,delegated,yes,generic,2012,intro2012,basisDerivedEra,yes,"Binky Moon, LLC",United States of America (the),2014-01-30,https://www.iana.org/domains/root/db/cruises.html | https://newgtlds.icann.org/en/program-status/statistics
.cs,.cs,retired,no,country-code,,introHistoricalCcTld,basisDirect,no,,,,https://www.icann.org/en/board-activities-and-meetings/materials/preliminary-report-special-meeting-of-the-board-13-10-2003-en | https://www.iana.org/reports/2007/me-report-11sep2007.html | https://www.iana.org/help/cctld-retirement
.csc,.csc,notDelegated,no,generic,2012,intro2012,basisDerivedEra,yes,,,2015-08-06,https://www.iana.org/domains/root/db/csc.html | https://newgtlds.icann.org/en/program-status/statistics
.cu,.cu,delegated,yes,country-code,,introCcTld,basisFormalType,yes,CENIAInternet,Cuba,1992-06-03,https://www.iana.org/domains/root/db/cu.html | https://www.iana.org/help/cctld-delegation-answers
.cuisinella,.cuisinella,delegated,yes,generic,2012,intro2012,basisDerivedEra,yes,SCHMIDT GROUPE S.A.S.,France,2014-06-19,https://www.iana.org/domains/root/db/cuisinella.html | https://newgtlds.icann.org/en/program-status/statistics
.cv,.cv,delegated,yes,country-code,,introCcTld,basisFormalType,yes,Agência Reguladora Multissectorial da Economia (ARME),Cabo Verde,1996-10-21,https://www.iana.org/domains/root/db/cv.html | https://www.iana.org/help/cctld-delegation-answers
.cw,.cw,delegated,yes,country-code,,introCcTld,basisFormalType,yes,University of Curacao,Curaçao,2010-12-20,https://www.iana.org/domains/root/db/cw.html | https://www.iana.org/help/cctld-delegation-answers
.cx,.cx,delegated,yes,country-code,,introCcTld,basisFormalType,yes,Christmas Island Domain Administration Limited,Christmas Island,1997-04-24,https://www.iana.org/domains/root/db/cx.html | https://www.iana.org/help/cctld-delegation-answers
.cy,.cy,delegated,yes,country-code,,introCcTld,basisFormalType,yes,University of Cyprus,Cyprus,1994-07-26,https://www.iana.org/domains/root/db/cy.html | https://www.iana.org/help/cctld-delegation-answers
.cymru,.cymru,delegated,yes,generic,2012,intro2012,basisDerivedEra,yes,Nominet UK,United Kingdom of Great Britain and Northern Ireland (the),2014-07-31,https://www.iana.org/domains/root/db/cymru.html | https://newgtlds.icann.org/en/program-status/statistics
.cyou,.cyou,delegated,yes,generic,2012,intro2012,basisDerivedEra,yes,Shortdot SA,Luxembourg,2015-03-19,https://www.iana.org/domains/root/db/cyou.html | https://newgtlds.icann.org/en/program-status/statistics
.cz,.cz,delegated,yes,country-code,,introCcTld,basisFormalType,yes,"CZ.NIC, z.s.p.o",Czechia,1993-01-13,https://www.iana.org/domains/root/db/cz.html | https://www.iana.org/help/cctld-delegation-answers
.dabur,.dabur,notDelegated,no,generic,2012,intro2012,basisDerivedEra,yes,,,2015-01-15,https://www.iana.org/domains/root/db/dabur.html | https://newgtlds.icann.org/en/program-status/statistics
.dad,.dad,delegated,yes,generic,2012,intro2012,basisDerivedEra,yes,Charleston Road Registry Inc.,United States of America (the),2014-06-12,https://www.iana.org/domains/root/db/dad.html | https://newgtlds.icann.org/en/program-status/statistics
.dance,.dance,delegated,yes,generic,2012,intro2012,basisDerivedEra,yes,"Dog Beach, LLC",United States of America (the),2014-01-09,https://www.iana.org/domains/root/db/dance.html | https://newgtlds.icann.org/en/program-status/statistics
.data,.data,delegated,yes,generic,2012,intro2012,basisDerivedEra,yes,Dish DBS Corporation,United States of America (the),2016-12-15,https://www.iana.org/domains/root/db/data.html | https://newgtlds.icann.org/en/program-status/statistics
.date,.date,delegated,yes,generic,2012,intro2012,basisDerivedEra,yes,dot Date Limited,Gibraltar,2015-02-05,https://www.iana.org/domains/root/db/date.html | https://newgtlds.icann.org/en/program-status/statistics
.dating,.dating,delegated,yes,generic,2012,intro2012,basisDirect,yes,"Binky Moon, LLC",United States of America (the),2014-01-23,https://www.iana.org/domains/root/db/dating.html | https://data.iana.org/TLD/tlds-alpha-by-domain.txt | https://newgtlds.icann.org/en/program-status/statistics
.datsun,.datsun,delegated,yes,generic,2012,intro2012,basisDerivedEra,yes,"NISSAN MOTOR CO., LTD.",Japan,2014-07-10,https://www.iana.org/domains/root/db/datsun.html | https://newgtlds.icann.org/en/program-status/statistics
.day,.day,delegated,yes,generic,2012,intro2012,basisDerivedEra,yes,Charleston Road Registry Inc.,United States of America (the),2014-06-12,https://www.iana.org/domains/root/db/day.html | https://newgtlds.icann.org/en/program-status/statistics
.dclk,.dclk,delegated,yes,generic,2012,intro2012,basisDerivedEra,yes,Charleston Road Registry Inc.,United States of America (the),2015-01-08,https://www.iana.org/domains/root/db/dclk.html | https://newgtlds.icann.org/en/program-status/statistics
.dds,.dds,delegated,yes,generic,2012,intro2012,basisDerivedEra,yes,"Registry Services, LLC",United States of America (the),2016-01-08,https://www.iana.org/domains/root/db/dds.html | https://newgtlds.icann.org/en/program-status/statistics
.de,.de,delegated,yes,country-code,,introCcTld,basisFormalType,yes,DENIC eG,Germany,1986-11-05,https://www.iana.org/domains/root/db/de.html | https://www.iana.org/help/cctld-delegation-answers
.deal,.deal,delegated,yes,generic,2012,intro2012,basisDerivedEra,yes,"Amazon Registry Services, Inc.",United States of America (the),2016-05-19,https://www.iana.org/domains/root/db/deal.html | https://newgtlds.icann.org/en/program-status/statistics
.dealer,.dealer,delegated,yes,generic,2012,intro2012,basisDerivedEra,yes,Intercap Registry Inc.,Cayman Islands (the),2015-11-25,https://www.iana.org/domains/root/db/dealer.html | https://newgtlds.icann.org/en/program-status/statistics
.deals,.deals,delegated,yes,generic,2012,intro2012,basisDerivedEra,yes,"Binky Moon, LLC",United States of America (the),2014-07-03,https://www.iana.org/domains/root/db/deals.html | https://newgtlds.icann.org/en/program-status/statistics
.degree,.degree,delegated,yes,generic,2012,intro2012,basisDerivedEra,yes,"Dog Beach, LLC",United States of America (the),2014-05-22,https://www.iana.org/domains/root/db/degree.html | https://newgtlds.icann.org/en/program-status/statistics
.delivery,.delivery,delegated,yes,generic,2012,intro2012,basisDerivedEra,yes,"Binky Moon, LLC",United States of America (the),2014-10-16,https://www.iana.org/domains/root/db/delivery.html | https://newgtlds.icann.org/en/program-status/statistics
.dell,.dell,delegated,yes,generic,2012,intro2012,basisDerivedEra,yes,Dell Inc.,United States of America (the),2015-04-30,https://www.iana.org/domains/root/db/dell.html | https://newgtlds.icann.org/en/program-status/statistics
.deloitte,.deloitte,delegated,yes,generic,2012,intro2012,basisDerivedEra,yes,Deloitte Touche Tohmatsu,United States of America (the),2015-12-23,https://www.iana.org/domains/root/db/deloitte.html | https://newgtlds.icann.org/en/program-status/statistics
.delta,.delta,delegated,yes,generic,2012,intro2012,basisDerivedEra,yes,"Delta Air Lines, Inc.",United States of America (the),2015-06-25,https://www.iana.org/domains/root/db/delta.html | https://newgtlds.icann.org/en/program-status/statistics
.democrat,.democrat,delegated,yes,generic,2012,intro2012,basisDerivedEra,yes,"Dog Beach, LLC",United States of America (the),2014-01-09,https://www.iana.org/domains/root/db/democrat.html | https://newgtlds.icann.org/en/program-status/statistics
.dental,.dental,delegated,yes,generic,2012,intro2012,basisDerivedEra,yes,"Binky Moon, LLC",United States of America (the),2014-04-17,https://www.iana.org/domains/root/db/dental.html | https://newgtlds.icann.org/en/program-status/statistics
.dentist,.dentist,delegated,yes,generic,2012,intro2012,basisDerivedEra,yes,"Dog Beach, LLC",United States of America (the),2014-05-22,https://www.iana.org/domains/root/db/dentist.html | https://newgtlds.icann.org/en/program-status/statistics
.desi,.desi,delegated,yes,generic,2012,intro2012,basisDerivedEra,yes,Emergency Back-End Registry Operator Program - ICANN,United States of America (the),2014-03-06,https://www.iana.org/domains/root/db/desi.html | https://newgtlds.icann.org/en/program-status/statistics
.design,.design,delegated,yes,generic,2012,intro2012,basisDirect,yes,"Registry Services, LLC",United States of America (the),2014-12-18,https://www.iana.org/domains/root/db/design.html | https://data.iana.org/TLD/tlds-alpha-by-domain.txt | https://newgtlds.icann.org/en/program-status/statistics | https://archive.icann.org/en/tlds/tld-applications-lodged-02oct00.htm
.dev,.dev,delegated,yes,generic,2012,intro2012,basisDerivedEra,yes,Charleston Road Registry Inc.,United States of America (the),2014-11-20,https://www.iana.org/domains/root/db/dev.html | https://newgtlds.icann.org/en/program-status/statistics
.dhl,.dhl,delegated,yes,generic,2012,intro2012,basisDerivedEra,yes,Deutsche Post AG,Germany,2016-05-26,https://www.iana.org/domains/root/db/dhl.html | https://newgtlds.icann.org/en/program-status/statistics
.diamonds,.diamonds,delegated,yes,generic,2012,intro2012,basisDerivedEra,yes,"Binky Moon, LLC",United States of America (the),2013-11-13,https://www.iana.org/domains/root/db/diamonds.html | https://newgtlds.icann.org/en/program-status/statistics
.diet,.diet,delegated,yes,generic,2012,intro2012,basisDerivedEra,yes,XYZ.COM LLC,United States of America (the),2014-08-15,https://www.iana.org/domains/root/db/diet.html | https://newgtlds.icann.org/en/program-status/statistics
.digital,.digital,delegated,yes,generic,2012,intro2012,basisDerivedEra,yes,"Binky Moon, LLC",United States of America (the),2014-04-17,https://www.iana.org/domains/root/db/digital.html | https://newgtlds.icann.org/en/program-status/statistics
.direct,.direct,delegated,yes,generic,2012,intro2012,basisDerivedEra,yes,"Binky Moon, LLC",United States of America (the),2014-05-22,https://www.iana.org/domains/root/db/direct.html | https://newgtlds.icann.org/en/program-status/statistics
.directory,.directory,delegated,yes,generic,2012,intro2012,basisDerivedEra,yes,"Binky Moon, LLC",United States of America (the),2013-11-13,https://www.iana.org/domains/root/db/directory.html | https://newgtlds.icann.org/en/program-status/statistics
.discount,.discount,delegated,yes,generic,2012,intro2012,basisDerivedEra,yes,"Binky Moon, LLC",United States of America (the),2014-04-17,https://www.iana.org/domains/root/db/discount.html | https://newgtlds.icann.org/en/program-status/statistics
.discover,.discover,delegated,yes,generic,2012,intro2012,basisDerivedEra,yes,Discover Financial Services,United States of America (the),2016-07-14,https://www.iana.org/domains/root/db/discover.html | https://newgtlds.icann.org/en/program-status/statistics
.dish,.dish,delegated,yes,generic,2012,intro2012,basisDerivedEra,yes,Dish DBS Corporation,United States of America (the),2016-08-04,https://www.iana.org/domains/root/db/dish.html | https://newgtlds.icann.org/en/program-status/statistics
.diy,.diy,delegated,yes,generic,2012,intro2012,basisDerivedEra,yes,Internet Naming Co.,Cayman Islands (the),2016-07-21,https://www.iana.org/domains/root/db/diy.html | https://newgtlds.icann.org/en/program-status/statistics
.dj,.dj,delegated,yes,country-code,,introCcTld,basisFormalType,yes,Djibouti Telecom S.A,Djibouti,1996-05-22,https://www.iana.org/domains/root/db/dj.html | https://www.iana.org/help/cctld-delegation-answers
.dk,.dk,delegated,yes,country-code,,introCcTld,basisFormalType,yes,Dansk Internet Forum,Denmark,1987-07-14,https://www.iana.org/domains/root/db/dk.html | https://www.iana.org/help/cctld-delegation-answers
.dm,.dm,delegated,yes,country-code,,introCcTld,basisFormalType,yes,DotDM Corporation,Dominica,1991-09-03,https://www.iana.org/domains/root/db/dm.html | https://www.iana.org/help/cctld-delegation-answers
.dnp,.dnp,delegated,yes,generic,2012,intro2012,basisDerivedEra,yes,"Dai Nippon Printing Co., Ltd.",Japan,2014-02-27,https://www.iana.org/domains/root/db/dnp.html | https://newgtlds.icann.org/en/program-status/statistics
.do,.do,delegated,yes,country-code,,introCcTld,basisFormalType,yes,"Pontificia Universidad Catolica Madre y Maestra, Recinto Santo Tomas de Aquino",Dominican Republic (the),1991-08-25,https://www.iana.org/domains/root/db/do.html | https://www.iana.org/help/cctld-delegation-answers
.docs,.docs,delegated,yes,generic,2012,intro2012,basisDerivedEra,yes,Charleston Road Registry Inc.,United States of America (the),2014-11-20,https://www.iana.org/domains/root/db/docs.html | https://newgtlds.icann.org/en/program-status/statistics
.doctor,.doctor,delegated,yes,generic,2012,intro2012,basisDerivedEra,yes,"Binky Moon, LLC",United States of America (the),2016-07-14,https://www.iana.org/domains/root/db/doctor.html | https://newgtlds.icann.org/en/program-status/statistics
.dodge,.dodge,notDelegated,no,generic,2012,intro2012,basisDerivedEra,yes,,,2016-07-07,https://www.iana.org/domains/root/db/dodge.html | https://newgtlds.icann.org/en/program-status/statistics
.dog,.dog,delegated,yes,generic,2012,intro2012,basisDerivedEra,yes,"Binky Moon, LLC",United States of America (the),2015-04-16,https://www.iana.org/domains/root/db/dog.html | https://newgtlds.icann.org/en/program-status/statistics
.doha,.doha,notDelegated,no,generic,2012,intro2012,basisDerivedEra,yes,,,2015-02-27,https://www.iana.org/domains/root/db/doha.html | https://newgtlds.icann.org/en/program-status/statistics
.domains,.domains,delegated,yes,generic,2012,intro2012,basisDerivedEra,yes,"Binky Moon, LLC",United States of America (the),2013-12-12,https://www.iana.org/domains/root/db/domains.html | https://newgtlds.icann.org/en/program-status/statistics
.doosan,.doosan,notDelegated,no,generic,2012,intro2012,basisDerivedEra,yes,,,2014-10-30,https://www.iana.org/domains/root/db/doosan.html | https://newgtlds.icann.org/en/program-status/statistics
.dot,.dot,delegated,yes,generic,2012,intro2012,basisDerivedEra,yes,Dish DBS Corporation,United States of America (the),2016-04-21,https://www.iana.org/domains/root/db/dot.html | https://newgtlds.icann.org/en/program-status/statistics
.download,.download,delegated,yes,generic,2012,intro2012,basisDerivedEra,yes,dot Support Limited,Gibraltar,2015-02-05,https://www.iana.org/domains/root/db/download.html | https://newgtlds.icann.org/en/program-status/statistics
.drive,.drive,delegated,yes,generic,2012,intro2012,basisDerivedEra,yes,Charleston Road Registry Inc.,United States of America (the),2015-06-04,https://www.iana.org/domains/root/db/drive.html | https://newgtlds.icann.org/en/program-status/statistics
.dtv,.dtv,delegated,yes,generic,2012,intro2012,basisDerivedEra,yes,Dish DBS Corporation,United States of America (the),2016-05-19,https://www.iana.org/domains/root/db/dtv.html | https://newgtlds.icann.org/en/program-status/statistics
.dubai,.dubai,delegated,yes,generic,2012,intro2012,basisDerivedEra,yes,Dubai Smart Government Department,United Arab Emirates (the),2015-12-17,https://www.iana.org/domains/root/db/dubai.html | https://newgtlds.icann.org/en/program-status/statistics
.duck,.duck,notDelegated,no,generic,2012,intro2012,basisDerivedEra,yes,,,2016-07-14,https://www.iana.org/domains/root/db/duck.html | https://newgtlds.icann.org/en/program-status/statistics
.dunlop,.dunlop,notDelegated,no,generic,2012,intro2012,basisDerivedEra,yes,,,2015-12-17,https://www.iana.org/domains/root/db/dunlop.html | https://newgtlds.icann.org/en/program-status/statistics
.duns,.duns,notDelegated,no,generic,2012,intro2012,basisDerivedEra,yes,,,2016-07-14,https://www.iana.org/domains/root/db/duns.html | https://newgtlds.icann.org/en/program-status/statistics
.dupont,.dupont,delegated,yes,generic,2012,intro2012,basisDerivedEra,yes,"DuPont Specialty Products USA, LLC",United States of America (the),2016-05-05,https://www.iana.org/domains/root/db/dupont.html | https://newgtlds.icann.org/en/program-status/statistics
.durban,.durban,delegated,yes,generic,2012,intro2012,basisDerivedEra,yes,ZA Central Registry NPC trading as ZA Central Registry,South Africa,2014-06-05,https://www.iana.org/domains/root/db/durban.html | https://newgtlds.icann.org/en/program-status/statistics
.dvag,.dvag,delegated,yes,generic,2012,intro2012,basisDerivedEra,yes,Deutsche Vermögensberatung Aktiengesellschaft DVAG,Germany,2014-09-18,https://www.iana.org/domains/root/db/dvag.html | https://newgtlds.icann.org/en/program-status/statistics
.dvr,.dvr,delegated,yes,generic,2012,intro2012,basisDerivedEra,yes,DISH Technologies L.L.C.,United States of America (the),2016-09-22,https://www.iana.org/domains/root/db/dvr.html | https://newgtlds.icann.org/en/program-status/statistics
.dz,.dz,delegated,yes,country-code,,introCcTld,basisFormalType,yes,CERIST,Algeria,1994-01-03,https://www.iana.org/domains/root/db/dz.html | https://www.iana.org/help/cctld-delegation-answers
.earth,.earth,delegated,yes,generic,2012,intro2012,basisDerivedEra,yes,Interlink Systems Innovation Institute K.K.,Japan,2015-04-16,https://www.iana.org/domains/root/db/earth.html | https://newgtlds.icann.org/en/program-status/statistics
.eat,.eat,delegated,yes,generic,2012,intro2012,basisDerivedEra,yes,Charleston Road Registry Inc.,United States of America (the),2014-06-12,https://www.iana.org/domains/root/db/eat.html | https://newgtlds.icann.org/en/program-status/statistics
.ec,.ec,delegated,yes,country-code,,introCcTld,basisFormalType,yes,ECUADORDOMAIN S.A.,Ecuador,1991-02-01,https://www.iana.org/domains/root/db/ec.html | https://www.iana.org/help/cctld-delegation-answers
.eco,.eco,delegated,yes,generic,2012,intro2012,basisDirect,yes,Big Room Inc.,Canada,2016-08-18,https://www.iana.org/domains/root/db/eco.html | https://data.iana.org/TLD/tlds-alpha-by-domain.txt | https://go.eco/policies/eligibility/ | https://newgtlds.icann.org/en/program-status/statistics
.edeka,.edeka,delegated,yes,generic,2012,intro2012,basisDerivedEra,yes,EDEKA Verband kaufmännischer Genossenschaften e.V.,Germany,2016-01-08,https://www.iana.org/domains/root/db/edeka.html | https://newgtlds.icann.org/en/program-status/statistics
.edu,.edu,delegated,yes,sponsored,legacy,introLegacyGtld,basisDocumentedSet,yes,EDUCAUSE,United States of America (the),1985-01-01,https://www.iana.org/domains/root/db/edu.html | https://archive.icann.org/en/tlds/
.education,.education,delegated,yes,generic,2012,intro2012,basisDerivedEra,yes,"Binky Moon, LLC",United States of America (the),2013-12-19,https://www.iana.org/domains/root/db/education.html | https://newgtlds.icann.org/en/program-status/statistics
.ee,.ee,delegated,yes,country-code,,introCcTld,basisFormalType,yes,Eesti Interneti Sihtasutus (EIS),Estonia,1992-06-03,https://www.iana.org/domains/root/db/ee.html | https://www.iana.org/help/cctld-delegation-answers
.eg,.eg,delegated,yes,country-code,,introCcTld,basisFormalType,yes,"Egyptian Universities Network (EUN), Supreme Council of Universities",Egypt,1990-11-30,https://www.iana.org/domains/root/db/eg.html | https://www.iana.org/help/cctld-delegation-answers
.eh,.eh,notDelegated,no,country-code,,introCcTld,basisFormalType,yes,,,,https://www.iana.org/domains/root/db/eh.html | https://www.iana.org/help/cctld-delegation-answers
.email,.email,delegated,yes,generic,2012,intro2012,basisDerivedEra,yes,"Binky Moon, LLC",United States of America (the),2013-12-19,https://www.iana.org/domains/root/db/email.html | https://newgtlds.icann.org/en/program-status/statistics
.emerck,.emerck,delegated,yes,generic,2012,intro2012,basisDerivedEra,yes,Merck KGaA,Germany,2014-09-11,https://www.iana.org/domains/root/db/emerck.html | https://newgtlds.icann.org/en/program-status/statistics
.emerson,.emerson,notDelegated,no,generic,2012,intro2012,basisDerivedEra,yes,,,2015-12-10,https://www.iana.org/domains/root/db/emerson.html | https://newgtlds.icann.org/en/program-status/statistics
.energy,.energy,delegated,yes,generic,2012,intro2012,basisDerivedEra,yes,"Binky Moon, LLC",United States of America (the),2014-10-16,https://www.iana.org/domains/root/db/energy.html | https://newgtlds.icann.org/en/program-status/statistics
.engineer,.engineer,delegated,yes,generic,2012,intro2012,basisDerivedEra,yes,"Dog Beach, LLC",United States of America (the),2014-05-29,https://www.iana.org/domains/root/db/engineer.html | https://newgtlds.icann.org/en/program-status/statistics
.engineering,.engineering,delegated,yes,generic,2012,intro2012,basisDerivedEra,yes,"Binky Moon, LLC",United States of America (the),2014-04-03,https://www.iana.org/domains/root/db/engineering.html | https://newgtlds.icann.org/en/program-status/statistics
.enterprises,.enterprises,delegated,yes,generic,2012,intro2012,basisDerivedEra,yes,"Binky Moon, LLC",United States of America (the),2013-11-13,https://www.iana.org/domains/root/db/enterprises.html | https://newgtlds.icann.org/en/program-status/statistics
.epost,.epost,notDelegated,no,generic,2012,intro2012,basisDerivedEra,yes,,,2016-05-26,https://www.iana.org/domains/root/db/epost.html | https://newgtlds.icann.org/en/program-status/statistics
.epson,.epson,delegated,yes,generic,2012,intro2012,basisDerivedEra,yes,Seiko Epson Corporation,Japan,2015-02-19,https://www.iana.org/domains/root/db/epson.html | https://newgtlds.icann.org/en/program-status/statistics
.equipment,.equipment,delegated,yes,generic,2012,intro2012,basisDerivedEra,yes,"Binky Moon, LLC",United States of America (the),2013-10-31,https://www.iana.org/domains/root/db/equipment.html | https://newgtlds.icann.org/en/program-status/statistics
.er,.er,delegated,yes,country-code,,introCcTld,basisFormalType,yes,Eritrea Telecommunication Services Corporation (EriTel),Eritrea,1996-09-24,https://www.iana.org/domains/root/db/er.html | https://www.iana.org/help/cctld-delegation-answers
.ericsson,.ericsson,delegated,yes,generic,2012,intro2012,basisDerivedEra,yes,Telefonaktiebolaget L M Ericsson,Sweden,2016-04-14,https://www.iana.org/domains/root/db/ericsson.html | https://newgtlds.icann.org/en/program-status/statistics
.erni,.erni,delegated,yes,generic,2012,intro2012,basisDerivedEra,yes,ERNI Group Holding AG,Switzerland,2015-02-05,https://www.iana.org/domains/root/db/erni.html | https://newgtlds.icann.org/en/program-status/statistics
.es,.es,delegated,yes,country-code,,introCcTld,basisFormalType,yes,Red.es,Spain,1988-04-14,https://www.iana.org/domains/root/db/es.html | https://www.iana.org/help/cctld-delegation-answers
.esq,.esq,delegated,yes,generic,2012,intro2012,basisDerivedEra,yes,Charleston Road Registry Inc.,United States of America (the),2014-08-23,https://www.iana.org/domains/root/db/esq.html | https://newgtlds.icann.org/en/program-status/statistics
.estate,.estate,delegated,yes,generic,2012,intro2012,basisDerivedEra,yes,"Binky Moon, LLC",United States of America (the),2013-11-08,https://www.iana.org/domains/root/db/estate.html | https://newgtlds.icann.org/en/program-status/statistics
.esurance,.esurance,notDelegated,no,generic,2012,intro2012,basisDerivedEra,yes,,,2016-06-24,https://www.iana.org/domains/root/db/esurance.html | https://newgtlds.icann.org/en/program-status/statistics
.et,.et,delegated,yes,country-code,,introCcTld,basisFormalType,yes,Ethio telecom,Ethiopia,1995-10-15,https://www.iana.org/domains/root/db/et.html | https://www.iana.org/help/cctld-delegation-answers
.etisalat,.etisalat,notDelegated,no,generic,2012,intro2012,basisDerivedEra,yes,,,2017-05-11,https://www.iana.org/domains/root/db/etisalat.html | https://newgtlds.icann.org/en/program-status/statistics
.eu,.eu,delegated,yes,country-code,,introCcTld,basisFormalType,yes,EURid vzw,Belgium,2005-04-28,https://www.iana.org/domains/root/db/eu.html | https://www.iana.org/help/cctld-delegation-answers
.eurovision,.eurovision,delegated,yes,generic,2012,intro2012,basisDerivedEra,yes,European Broadcasting Union (EBU),Switzerland,2014-08-28,https://www.iana.org/domains/root/db/eurovision.html | https://newgtlds.icann.org/en/program-status/statistics
.eus,.eus,delegated,yes,generic,2012,intro2012,basisDerivedEra,yes,Puntueus Fundazioa,Spain,2014-03-06,https://www.iana.org/domains/root/db/eus.html | https://newgtlds.icann.org/en/program-status/statistics
.events,.events,delegated,yes,generic,2012,intro2012,basisDerivedEra,yes,"Binky Moon, LLC",United States of America (the),2014-01-30,https://www.iana.org/domains/root/db/events.html | https://newgtlds.icann.org/en/program-status/statistics
.everbank,.everbank,notDelegated,no,generic,2012,intro2012,basisDerivedEra,yes,,,2014-07-31,https://www.iana.org/domains/root/db/everbank.html | https://newgtlds.icann.org/en/program-status/statistics
.exchange,.exchange,delegated,yes,generic,2012,intro2012,basisDerivedEra,yes,"Binky Moon, LLC",United States of America (the),2014-04-17,https://www.iana.org/domains/root/db/exchange.html | https://newgtlds.icann.org/en/program-status/statistics
.expert,.expert,delegated,yes,generic,2012,intro2012,basisDerivedEra,yes,"Binky Moon, LLC",United States of America (the),2014-01-16,https://www.iana.org/domains/root/db/expert.html | https://newgtlds.icann.org/en/program-status/statistics
.exposed,.exposed,delegated,yes,generic,2012,intro2012,basisDerivedEra,yes,"Binky Moon, LLC",United States of America (the),2014-01-30,https://www.iana.org/domains/root/db/exposed.html | https://newgtlds.icann.org/en/program-status/statistics
.express,.express,delegated,yes,generic,2012,intro2012,basisDerivedEra,yes,"Binky Moon, LLC",United States of America (the),2015-03-12,https://www.iana.org/domains/root/db/express.html | https://newgtlds.icann.org/en/program-status/statistics
.extraspace,.extraspace,delegated,yes,generic,2012,intro2012,basisDerivedEra,yes,Extra Space Storage LLC,United States of America (the),2016-02-26,https://www.iana.org/domains/root/db/extraspace.html | https://newgtlds.icann.org/en/program-status/statistics
.fage,.fage,delegated,yes,generic,2012,intro2012,basisDerivedEra,yes,Fage International S.A.,Luxembourg,2015-06-25,https://www.iana.org/domains/root/db/fage.html | https://newgtlds.icann.org/en/program-status/statistics
.fail,.fail,delegated,yes,generic,2012,intro2012,basisDirect,yes,"Binky Moon, LLC",United States of America (the),2014-04-17,https://www.iana.org/domains/root/db/fail.html | https://data.iana.org/TLD/tlds-alpha-by-domain.txt | https://newgtlds.icann.org/en/program-status/statistics
.fairwinds,.fairwinds,delegated,yes,generic,2012,intro2012,basisDerivedEra,yes,"FairWinds Partners, LLC",United States of America (the),2015-10-29,https://www.iana.org/domains/root/db/fairwinds.html | https://newgtlds.icann.org/en/program-status/statistics
.faith,.faith,delegated,yes,generic,2012,intro2012,basisDerivedEra,yes,dot Faith Limited,Gibraltar,2015-02-05,https://www.iana.org/domains/root/db/faith.html | https://newgtlds.icann.org/en/program-status/statistics
.family,.family,delegated,yes,generic,2012,intro2012,basisDerivedEra,yes,"Dog Beach, LLC",United States of America (the),2015-08-06,https://www.iana.org/domains/root/db/family.html | https://newgtlds.icann.org/en/program-status/statistics
.fan,.fan,delegated,yes,generic,2012,intro2012,basisDerivedEra,yes,"Dog Beach, LLC",United States of America (the),2015-02-28,https://www.iana.org/domains/root/db/fan.html | https://newgtlds.icann.org/en/program-status/statistics
.fans,.fans,delegated,yes,generic,2012,intro2012,basisDerivedEra,yes,ZDNS International Limited,China,2015-02-05,https://www.iana.org/domains/root/db/fans.html | https://newgtlds.icann.org/en/program-status/statistics
.farm,.farm,delegated,yes,generic,2012,intro2012,basisDerivedEra,yes,"Binky Moon, LLC",United States of America (the),2013-12-19,https://www.iana.org/domains/root/db/farm.html | https://newgtlds.icann.org/en/program-status/statistics
.farmers,.farmers,delegated,yes,generic,2012,intro2012,basisDerivedEra,yes,Farmers Insurance Exchange,United States of America (the),2016-04-21,https://www.iana.org/domains/root/db/farmers.html | https://newgtlds.icann.org/en/program-status/statistics
.fashion,.fashion,delegated,yes,generic,2012,intro2012,basisDerivedEra,yes,"Registry Services, LLC",United States of America (the),2014-10-23,https://www.iana.org/domains/root/db/fashion.html | https://newgtlds.icann.org/en/program-status/statistics
.fast,.fast,delegated,yes,generic,2012,intro2012,basisDerivedEra,yes,"Amazon Registry Services, Inc.",United States of America (the),2015-11-12,https://www.iana.org/domains/root/db/fast.html | https://newgtlds.icann.org/en/program-status/statistics
.fedex,.fedex,delegated,yes,generic,2012,intro2012,basisDerivedEra,yes,Federal Express Corporation,United States of America (the),2016-06-09,https://www.iana.org/domains/root/db/fedex.html | https://newgtlds.icann.org/en/program-status/statistics
.feedback,.feedback,delegated,yes,generic,2012,intro2012,basisDerivedEra,yes,"Top Level Spectrum, Inc.",United States of America (the),2014-03-06,https://www.iana.org/domains/root/db/feedback.html | https://newgtlds.icann.org/en/program-status/statistics
.ferrari,.ferrari,delegated,yes,generic,2012,intro2012,basisDerivedEra,yes,Fiat Chrysler Automobiles N.V.,United Kingdom of Great Britain and Northern Ireland (the),2016-07-14,https://www.iana.org/domains/root/db/ferrari.html | https://newgtlds.icann.org/en/program-status/statistics
.ferrero,.ferrero,delegated,yes,generic,2012,intro2012,basisDerivedEra,yes,Ferrero Trading Lux S.A.,Luxembourg,2015-09-10,https://www.iana.org/domains/root/db/ferrero.html | https://newgtlds.icann.org/en/program-status/statistics
.fi,.fi,delegated,yes,country-code,,introCcTld,basisFormalType,yes,Finnish Transport and Communications Agency Traficom,Finland,1986-12-17,https://www.iana.org/domains/root/db/fi.html | https://www.iana.org/help/cctld-delegation-answers
.fiat,.fiat,notDelegated,no,generic,2012,intro2012,basisDerivedEra,yes,,,2016-07-14,https://www.iana.org/domains/root/db/fiat.html | https://newgtlds.icann.org/en/program-status/statistics
.fidelity,.fidelity,delegated,yes,generic,2012,intro2012,basisDerivedEra,yes,Fidelity Brokerage Services LLC,United States of America (the),2016-07-28,https://www.iana.org/domains/root/db/fidelity.html | https://newgtlds.icann.org/en/program-status/statistics
.fido,.fido,delegated,yes,generic,2012,intro2012,basisDerivedEra,yes,Rogers Communications Canada Inc.,Canada,2016-08-18,https://www.iana.org/domains/root/db/fido.html | https://newgtlds.icann.org/en/program-status/statistics
.film,.film,delegated,yes,generic,2012,intro2012,basisDerivedEra,yes,Motion Picture Domain Registry Pty Ltd,Australia,2015-02-27,https://www.iana.org/domains/root/db/film.html | https://newgtlds.icann.org/en/program-status/statistics
.final,.final,delegated,yes,generic,2012,intro2012,basisDerivedEra,yes,Núcleo de Informação e Coordenação do Ponto BR - NIC.br,Brazil,2015-05-29,https://www.iana.org/domains/root/db/final.html | https://newgtlds.icann.org/en/program-status/statistics
.finance,.finance,delegated,yes,generic,2012,intro2012,basisDerivedEra,yes,"Binky Moon, LLC",United States of America (the),2014-04-24,https://www.iana.org/domains/root/db/finance.html | https://newgtlds.icann.org/en/program-status/statistics
.financial,.financial,delegated,yes,generic,2012,intro2012,basisDerivedEra,yes,"Binky Moon, LLC",United States of America (the),2014-04-17,https://www.iana.org/domains/root/db/financial.html | https://newgtlds.icann.org/en/program-status/statistics
.fire,.fire,delegated,yes,generic,2012,intro2012,basisDerivedEra,yes,"Amazon Registry Services, Inc.",United States of America (the),2016-05-19,https://www.iana.org/domains/root/db/fire.html | https://newgtlds.icann.org/en/program-status/statistics
.firestone,.firestone,delegated,yes,generic,2012,intro2012,basisDerivedEra,yes,"Bridgestone Licensing Services, Inc.",United States of America (the),2015-10-29,https://www.iana.org/domains/root/db/firestone.html | https://newgtlds.icann.org/en/program-status/statistics
.firmdale,.firmdale,delegated,yes,generic,2012,intro2012,basisDerivedEra,yes,Firmdale Holdings Limited,United Kingdom of Great Britain and Northern Ireland (the),2014-09-04,https://www.iana.org/domains/root/db/firmdale.html | https://newgtlds.icann.org/en/program-status/statistics
.fish,.fish,delegated,yes,generic,2012,intro2012,basisDerivedEra,yes,"Binky Moon, LLC",United States of America (the),2014-02-13,https://www.iana.org/domains/root/db/fish.html | https://newgtlds.icann.org/en/program-status/statistics
.fishing,.fishing,delegated,yes,generic,2012,intro2012,basisDerivedEra,yes,"Registry Services, LLC",United States of America (the),2014-02-28,https://www.iana.org/domains/root/db/fishing.html | https://newgtlds.icann.org/en/program-status/statistics
.fit,.fit,delegated,yes,generic,2012,intro2012,basisDerivedEra,yes,"Registry Services, LLC",United States of America (the),2014-12-18,https://www.iana.org/domains/root/db/fit.html | https://newgtlds.icann.org/en/program-status/statistics
.fitness,.fitness,delegated,yes,generic,2012,intro2012,basisDerivedEra,yes,"Binky Moon, LLC",United States of America (the),2014-04-11,https://www.iana.org/domains/root/db/fitness.html | https://newgtlds.icann.org/en/program-status/statistics
.fj,.fj,delegated,yes,country-code,,introCcTld,basisFormalType,yes,The University of the South Pacific IT Services,Fiji,1992-06-03,https://www.iana.org/domains/root/db/fj.html | https://www.iana.org/help/cctld-delegation-answers
.fk,.fk,delegated,yes,country-code,,introCcTld,basisFormalType,yes,Falkland Islands Government,Falkland Islands (the) [Malvinas],1997-03-26,https://www.iana.org/domains/root/db/fk.html | https://www.iana.org/help/cctld-delegation-answers
.flickr,.flickr,delegated,yes,generic,2012,intro2012,basisDerivedEra,yes,"Flickr, Inc.",United States of America (the),2016-01-29,https://www.iana.org/domains/root/db/flickr.html | https://newgtlds.icann.org/en/program-status/statistics
.flights,.flights,delegated,yes,generic,2012,intro2012,basisDerivedEra,yes,"Binky Moon, LLC",United States of America (the),2014-01-30,https://www.iana.org/domains/root/db/flights.html | https://newgtlds.icann.org/en/program-status/statistics
.flir,.flir,delegated,yes,generic,2012,intro2012,basisDerivedEra,yes,"FLIR Systems, Inc.",United States of America (the),2016-03-03,https://www.iana.org/domains/root/db/flir.html | https://newgtlds.icann.org/en/program-status/statistics
.florist,.florist,delegated,yes,generic,2012,intro2012,basisDerivedEra,yes,"Binky Moon, LLC",United States of America (the),2013-12-19,https://www.iana.org/domains/root/db/florist.html | https://newgtlds.icann.org/en/program-status/statistics
.flowers,.flowers,delegated,yes,generic,2012,intro2012,basisDerivedEra,yes,XYZ.COM LLC,United States of America (the),2014-12-18,https://www.iana.org/domains/root/db/flowers.html | https://newgtlds.icann.org/en/program-status/statistics
.flsmidth,.flsmidth,notDelegated,no,generic,2012,intro2012,basisDerivedEra,yes,,,2014-09-25,https://www.iana.org/domains/root/db/flsmidth.html | https://newgtlds.icann.org/en/program-status/statistics
.fly,.fly,delegated,yes,generic,2012,intro2012,basisDerivedEra,yes,Charleston Road Registry Inc.,United States of America (the),2014-08-23,https://www.iana.org/domains/root/db/fly.html | https://newgtlds.icann.org/en/program-status/statistics
.fm,.fm,delegated,yes,country-code,,introCcTld,basisFormalType,yes,FSM Telecommunications Corporation,Micronesia (Federated States of),1995-04-19,https://www.iana.org/domains/root/db/fm.html | https://www.iana.org/help/cctld-delegation-answers
.fo,.fo,delegated,yes,country-code,,introCcTld,basisFormalType,yes,FO Council,Faroe Islands (the),1993-05-14,https://www.iana.org/domains/root/db/fo.html | https://www.iana.org/help/cctld-delegation-answers
.foo,.foo,delegated,yes,generic,2012,intro2012,basisDerivedEra,yes,Charleston Road Registry Inc.,United States of America (the),2014-03-20,https://www.iana.org/domains/root/db/foo.html | https://newgtlds.icann.org/en/program-status/statistics
.food,.food,delegated,yes,generic,2012,intro2012,basisDerivedEra,yes,Internet Naming Co.,Cayman Islands (the),2016-11-04,https://www.iana.org/domains/root/db/food.html | https://newgtlds.icann.org/en/program-status/statistics
.foodnetwork,.foodnetwork,notDelegated,no,generic,2012,intro2012,basisDerivedEra,yes,,,2016-05-05,https://www.iana.org/domains/root/db/foodnetwork.html | https://newgtlds.icann.org/en/program-status/statistics
.football,.football,delegated,yes,generic,2012,intro2012,basisDerivedEra,yes,"Binky Moon, LLC",United States of America (the),2015-02-13,https://www.iana.org/domains/root/db/football.html | https://newgtlds.icann.org/en/program-status/statistics
.ford,.ford,delegated,yes,generic,2012,intro2012,basisDerivedEra,yes,Ford Motor Company,United States of America (the),2015-12-10,https://www.iana.org/domains/root/db/ford.html | https://newgtlds.icann.org/en/program-status/statistics
.forex,.forex,delegated,yes,generic,2012,intro2012,basisDerivedEra,yes,"Dog Beach, LLC",United States of America (the),2015-03-06,https://www.iana.org/domains/root/db/forex.html | https://newgtlds.icann.org/en/program-status/statistics
.forsale,.forsale,delegated,yes,generic,2012,intro2012,basisDerivedEra,yes,"Dog Beach, LLC",United States of America (the),2014-09-24,https://www.iana.org/domains/root/db/forsale.html | https://newgtlds.icann.org/en/program-status/statistics
.forum,.forum,delegated,yes,generic,2012,intro2012,basisDerivedEra,yes,"Fegistry, LLC",United States of America (the),2015-06-11,https://www.iana.org/domains/root/db/forum.html | https://newgtlds.icann.org/en/program-status/statistics
.foundation,.foundation,delegated,yes,generic,2012,intro2012,basisDerivedEra,yes,Public Interest Registry (PIR),United States of America (the),2014-02-06,https://www.iana.org/domains/root/db/foundation.html | https://newgtlds.icann.org/en/program-status/statistics
.fox,.fox,delegated,yes,generic,2012,intro2012,basisDerivedEra,yes,"FOX Registry, LLC",United States of America (the),2015-11-20,https://www.iana.org/domains/root/db/fox.html | https://newgtlds.icann.org/en/program-status/statistics
.fr,.fr,delegated,yes,country-code,,introCcTld,basisFormalType,yes,Association Française pour le Nommage Internet en Coopération (A.F.N.I.C.),France,1986-09-02,https://www.iana.org/domains/root/db/fr.html | https://www.iana.org/help/cctld-delegation-answers
.free,.free,delegated,yes,generic,2012,intro2012,basisDerivedEra,yes,"Amazon Registry Services, Inc.",United States of America (the),2016-10-27,https://www.iana.org/domains/root/db/free.html | https://newgtlds.icann.org/en/program-status/statistics
.fresenius,.fresenius,delegated,yes,generic,2012,intro2012,basisDerivedEra,yes,Fresenius Immobilien-Verwaltungs-GmbH,Germany,2015-12-17,https://www.iana.org/domains/root/db/fresenius.html | https://newgtlds.icann.org/en/program-status/statistics
.frl,.frl,delegated,yes,generic,2012,intro2012,basisDerivedEra,yes,FRLregistry B.V.,Netherlands (the),2014-08-22,https://www.iana.org/domains/root/db/frl.html | https://newgtlds.icann.org/en/program-status/statistics
.frogans,.frogans,delegated,yes,generic,2012,intro2012,basisDerivedEra,yes,OP3FT,France,2014-04-03,https://www.iana.org/domains/root/db/frogans.html | https://newgtlds.icann.org/en/program-status/statistics
.frontdoor,.frontdoor,notDelegated,no,generic,2012,intro2012,basisDerivedEra,yes,,,2016-05-05,https://www.iana.org/domains/root/db/frontdoor.html | https://newgtlds.icann.org/en/program-status/statistics
.frontier,.frontier,delegated,yes,generic,2012,intro2012,basisDerivedEra,yes,Frontier Communications Corporation,United States of America (the),2016-01-29,https://www.iana.org/domains/root/db/frontier.html | https://newgtlds.icann.org/en/program-status/statistics
.ftr,.ftr,delegated,yes,generic,2012,intro2012,basisDerivedEra,yes,Frontier Communications Corporation,United States of America (the),2016-01-29,https://www.iana.org/domains/root/db/ftr.html | https://newgtlds.icann.org/en/program-status/statistics
.fujitsu,.fujitsu,delegated,yes,generic,2012,intro2012,basisDerivedEra,yes,Fujitsu Limited,Japan,2016-06-30,https://www.iana.org/domains/root/db/fujitsu.html | https://newgtlds.icann.org/en/program-status/statistics
.fujixerox,.fujixerox,notDelegated,no,generic,2012,intro2012,basisDerivedEra,yes,,,2016-07-07,https://www.iana.org/domains/root/db/fujixerox.html | https://newgtlds.icann.org/en/program-status/statistics
.fun,.fun,delegated,yes,generic,2012,intro2012,basisDerivedEra,yes,Radix Technologies Inc.,Cayman Islands (the),2016-11-30,https://www.iana.org/domains/root/db/fun.html | https://newgtlds.icann.org/en/program-status/statistics
.fund,.fund,delegated,yes,generic,2012,intro2012,basisDerivedEra,yes,"Binky Moon, LLC",United States of America (the),2014-04-17,https://www.iana.org/domains/root/db/fund.html | https://newgtlds.icann.org/en/program-status/statistics
.furniture,.furniture,delegated,yes,generic,2012,intro2012,basisDerivedEra,yes,"Binky Moon, LLC",United States of America (the),2014-04-17,https://www.iana.org/domains/root/db/furniture.html | https://newgtlds.icann.org/en/program-status/statistics
.futbol,.futbol,delegated,yes,generic,2012,intro2012,basisDerivedEra,yes,"Dog Beach, LLC",United States of America (the),2014-02-06,https://www.iana.org/domains/root/db/futbol.html | https://newgtlds.icann.org/en/program-status/statistics
.fyi,.fyi,delegated,yes,generic,2012,intro2012,basisDerivedEra,yes,"Binky Moon, LLC",United States of America (the),2015-05-14,https://www.iana.org/domains/root/db/fyi.html | https://newgtlds.icann.org/en/program-status/statistics
.ga,.ga,delegated,yes,country-code,,introCcTld,basisFormalType,yes,Agence Nationale des Infrastructures Numériques et des Fréquences (ANINF),Gabon,1994-12-12,https://www.iana.org/domains/root/db/ga.html | https://www.iana.org/help/cctld-delegation-answers
.gal,.gal,delegated,yes,generic,2012,intro2012,basisDerivedEra,yes,Asociación puntoGAL,Spain,2014-03-13,https://www.iana.org/domains/root/db/gal.html | https://newgtlds.icann.org/en/program-status/statistics
.gallery,.gallery,delegated,yes,generic,2012,intro2012,basisDerivedEra,yes,"Binky Moon, LLC",United States of America (the),2013-11-08,https://www.iana.org/domains/root/db/gallery.html | https://newgtlds.icann.org/en/program-status/statistics
.gallo,.gallo,delegated,yes,generic,2012,intro2012,basisDerivedEra,yes,"Gallo Vineyards, Inc.",United States of America (the),2015-10-24,https://www.iana.org/domains/root/db/gallo.html | https://newgtlds.icann.org/en/program-status/statistics
.gallup,.gallup,delegated,yes,generic,2012,intro2012,basisDerivedEra,yes,"Gallup, Inc.",United States of America (the),2015-10-15,https://www.iana.org/domains/root/db/gallup.html | https://newgtlds.icann.org/en/program-status/statistics
.game,.game,delegated,yes,generic,2012,intro2012,basisDerivedEra,yes,XYZ.COM LLC,United States of America (the),2015-07-02,https://www.iana.org/domains/root/db/game.html | https://newgtlds.icann.org/en/program-status/statistics
.games,.games,delegated,yes,generic,2012,intro2012,basisDerivedEra,yes,"Dog Beach, LLC",United States of America (the),2016-05-24,https://www.iana.org/domains/root/db/games.html | https://newgtlds.icann.org/en/program-status/statistics
.gap,.gap,delegated,yes,generic,2012,intro2012,basisDerivedEra,yes,"The Gap, Inc.",United States of America (the),2016-07-14,https://www.iana.org/domains/root/db/gap.html | https://newgtlds.icann.org/en/program-status/statistics
.garden,.garden,delegated,yes,generic,2012,intro2012,basisDerivedEra,yes,"Registry Services, LLC",United States of America (the),2014-10-23,https://www.iana.org/domains/root/db/garden.html | https://newgtlds.icann.org/en/program-status/statistics
.gay,.gay,delegated,yes,generic,2012,intro2012,basisDerivedEra,yes,"Registry Services, LLC",United States of America (the),2019-07-19,https://www.iana.org/domains/root/db/gay.html | https://newgtlds.icann.org/en/program-status/statistics
.gb,.gb,reserved,yes,country-code,,introCcTld,basisFormalType,yes,,,1985-07-24,https://www.iana.org/domains/root/db/gb.html | https://www.iana.org/help/cctld-delegation-answers
.gbiz,.gbiz,delegated,yes,generic,2012,intro2012,basisDerivedEra,yes,Charleston Road Registry Inc.,United States of America (the),2014-08-23,https://www.iana.org/domains/root/db/gbiz.html | https://newgtlds.icann.org/en/program-status/statistics
.gd,.gd,delegated,yes,country-code,,introCcTld,basisFormalType,yes,The National Telecommunications Regulatory Commission (NTRC),Grenada,1992-06-03,https://www.iana.org/domains/root/db/gd.html | https://www.iana.org/help/cctld-delegation-answers
.gdn,.gdn,delegated,yes,generic,2012,intro2012,basisDerivedEra,yes,"Joint Stock Company ""Navigation-information systems""",United Arab Emirates (the),2014-12-04,https://www.iana.org/domains/root/db/gdn.html | https://newgtlds.icann.org/en/program-status/statistics
.ge,.ge,delegated,yes,country-code,,introCcTld,basisFormalType,yes,Caucasus Online LLC,Georgia,1992-12-02,https://www.iana.org/domains/root/db/ge.html | https://www.iana.org/help/cctld-delegation-answers
.gea,.gea,delegated,yes,generic,2012,intro2012,basisDerivedEra,yes,GEA Group Aktiengesellschaft,Germany,2015-07-09,https://www.iana.org/domains/root/db/gea.html | https://newgtlds.icann.org/en/program-status/statistics
.gent,.gent,delegated,yes,generic,2012,intro2012,basisDerivedEra,yes,Easyhost bv,Belgium,2014-07-03,https://www.iana.org/domains/root/db/gent.html | https://newgtlds.icann.org/en/program-status/statistics
.genting,.genting,delegated,yes,generic,2012,intro2012,basisDerivedEra,yes,Resorts World Inc. Pte. Ltd.,Singapore,2015-06-11,https://www.iana.org/domains/root/db/genting.html | https://newgtlds.icann.org/en/program-status/statistics
.george,.george,delegated,yes,generic,2012,intro2012,basisDerivedEra,yes,"Wal-Mart Stores, Inc.",United States of America (the),2016-07-21,https://www.iana.org/domains/root/db/george.html | https://newgtlds.icann.org/en/program-status/statistics
.gf,.gf,delegated,yes,country-code,,introCcTld,basisFormalType,yes,CANAL+ TELECOM,France,1996-07-25,https://www.iana.org/domains/root/db/gf.html | https://www.iana.org/help/cctld-delegation-answers
.gg,.gg,delegated,yes,country-code,,introCcTld,basisFormalType,yes,Island Networks Ltd.,Guernsey,1996-08-07,https://www.iana.org/domains/root/db/gg.html | https://www.iana.org/help/cctld-delegation-answers
.ggee,.ggee,delegated,yes,generic,2012,intro2012,basisDerivedEra,yes,"GMO Internet, Inc.",Japan,2014-12-18,https://www.iana.org/domains/root/db/ggee.html | https://newgtlds.icann.org/en/program-status/statistics
.gh,.gh,delegated,yes,country-code,,introCcTld,basisFormalType,yes,Network Computer Systems Limited,Ghana,1995-01-19,https://www.iana.org/domains/root/db/gh.html | https://www.iana.org/help/cctld-delegation-answers
.gi,.gi,delegated,yes,country-code,,introCcTld,basisFormalType,yes,Sapphire Networks,Gibraltar,1995-12-05,https://www.iana.org/domains/root/db/gi.html | https://www.iana.org/help/cctld-delegation-answers
.gift,.gift,delegated,yes,generic,2012,intro2012,basisDerivedEra,yes,"Uniregistry, Corp.",Cayman Islands (the),2014-01-09,https://www.iana.org/domains/root/db/gift.html | https://newgtlds.icann.org/en/program-status/statistics
.gifts,.gifts,delegated,yes,generic,2012,intro2012,basisDerivedEra,yes,"Binky Moon, LLC",United States of America (the),2014-07-31,https://www.iana.org/domains/root/db/gifts.html | https://newgtlds.icann.org/en/program-status/statistics
.gives,.gives,delegated,yes,generic,2012,intro2012,basisDerivedEra,yes,Public Interest Registry (PIR),United States of America (the),2014-05-29,https://www.iana.org/domains/root/db/gives.html | https://newgtlds.icann.org/en/program-status/statistics
.giving,.giving,delegated,yes,generic,2012,intro2012,basisDerivedEra,yes,Public Interest Registry (PIR),United States of America (the),2015-06-11,https://www.iana.org/domains/root/db/giving.html | https://newgtlds.icann.org/en/program-status/statistics
.gl,.gl,delegated,yes,country-code,,introCcTld,basisFormalType,yes,TELE Greenland A/S,Greenland,1994-04-08,https://www.iana.org/domains/root/db/gl.html | https://www.iana.org/help/cctld-delegation-answers
.glade,.glade,notDelegated,no,generic,2012,intro2012,basisDerivedEra,yes,,,2016-07-14,https://www.iana.org/domains/root/db/glade.html | https://newgtlds.icann.org/en/program-status/statistics
.glass,.glass,delegated,yes,generic,2012,intro2012,basisDerivedEra,yes,"Binky Moon, LLC",United States of America (the),2013-12-19,https://www.iana.org/domains/root/db/glass.html | https://newgtlds.icann.org/en/program-status/statistics
.gle,.gle,delegated,yes,generic,2012,intro2012,basisDerivedEra,yes,Charleston Road Registry Inc.,United States of America (the),2014-09-04,https://www.iana.org/domains/root/db/gle.html | https://newgtlds.icann.org/en/program-status/statistics
.global,.global,delegated,yes,generic,2012,intro2012,basisDerivedEra,yes,Identity Digital Limited,United States of America (the),2014-05-29,https://www.iana.org/domains/root/db/global.html | https://newgtlds.icann.org/en/program-status/statistics
.globo,.globo,delegated,yes,generic,2012,intro2012,basisDerivedEra,yes,Globo Comunicação e Participações S.A,Brazil,2014-02-20,https://www.iana.org/domains/root/db/globo.html | https://newgtlds.icann.org/en/program-status/statistics
.gm,.gm,delegated,yes,country-code,,introCcTld,basisFormalType,yes,GM-NIC,Gambia (the),1997-03-28,https://www.iana.org/domains/root/db/gm.html | https://www.iana.org/help/cctld-delegation-answers
.gmail,.gmail,delegated,yes,generic,2012,intro2012,basisDerivedEra,yes,Charleston Road Registry Inc.,United States of America (the),2014-08-23,https://www.iana.org/domains/root/db/gmail.html | https://newgtlds.icann.org/en/program-status/statistics
.gmbh,.gmbh,delegated,yes,generic,2012,intro2012,basisDerivedEra,yes,"Binky Moon, LLC",United States of America (the),2016-03-03,https://www.iana.org/domains/root/db/gmbh.html | https://newgtlds.icann.org/en/program-status/statistics
.gmo,.gmo,delegated,yes,generic,2012,intro2012,basisDerivedEra,yes,"GMO Internet, Inc.",Japan,2014-02-27,https://www.iana.org/domains/root/db/gmo.html | https://newgtlds.icann.org/en/program-status/statistics
.gmx,.gmx,delegated,yes,generic,2012,intro2012,basisDerivedEra,yes,1&1 Mail & Media GmbH,Germany,2014-08-07,https://www.iana.org/domains/root/db/gmx.html | https://newgtlds.icann.org/en/program-status/statistics
.gn,.gn,delegated,yes,country-code,,introCcTld,basisFormalType,yes,Centre National des Sciences Halieutiques de Boussoura,Guinea,1994-08-09,https://www.iana.org/domains/root/db/gn.html | https://www.iana.org/help/cctld-delegation-answers
.godaddy,.godaddy,delegated,yes,generic,2012,intro2012,basisDerivedEra,yes,"Go Daddy East, LLC",United States of America (the),2016-06-24,https://www.iana.org/domains/root/db/godaddy.html | https://newgtlds.icann.org/en/program-status/statistics
.gold,.gold,delegated,yes,generic,2012,intro2012,basisDerivedEra,yes,"Binky Moon, LLC",United States of America (the),2015-03-12,https://www.iana.org/domains/root/db/gold.html | https://newgtlds.icann.org/en/program-status/statistics
.goldpoint,.goldpoint,delegated,yes,generic,2012,intro2012,basisDerivedEra,yes,"YODOBASHI CAMERA CO.,LTD.",Japan,2015-02-13,https://www.iana.org/domains/root/db/goldpoint.html | https://newgtlds.icann.org/en/program-status/statistics
.golf,.golf,delegated,yes,generic,2012,intro2012,basisDerivedEra,yes,"Binky Moon, LLC",United States of America (the),2015-03-12,https://www.iana.org/domains/root/db/golf.html | https://newgtlds.icann.org/en/program-status/statistics
.goo,.goo,notDelegated,no,generic,2012,intro2012,basisDerivedEra,yes,,,2015-02-13,https://www.iana.org/domains/root/db/goo.html | https://newgtlds.icann.org/en/program-status/statistics
.goodhands,.goodhands,notDelegated,no,generic,2012,intro2012,basisDerivedEra,yes,,,2016-02-05,https://www.iana.org/domains/root/db/goodhands.html | https://newgtlds.icann.org/en/program-status/statistics
.goodyear,.goodyear,delegated,yes,generic,2012,intro2012,basisDerivedEra,yes,The Goodyear Tire & Rubber Company,United States of America (the),2015-12-17,https://www.iana.org/domains/root/db/goodyear.html | https://newgtlds.icann.org/en/program-status/statistics
.goog,.goog,delegated,yes,generic,2012,intro2012,basisDerivedEra,yes,Charleston Road Registry Inc.,United States of America (the),2015-01-08,https://www.iana.org/domains/root/db/goog.html | https://newgtlds.icann.org/en/program-status/statistics
.google,.google,delegated,yes,generic,2012,intro2012,basisDerivedEra,yes,Charleston Road Registry Inc.,United States of America (the),2014-09-04,https://www.iana.org/domains/root/db/google.html | https://newgtlds.icann.org/en/program-status/statistics
.gop,.gop,delegated,yes,generic,2012,intro2012,basisDirect,yes,"Republican State Leadership Committee, Inc.",United States of America (the),2014-03-06,https://www.iana.org/domains/root/db/gop.html | https://data.iana.org/TLD/tlds-alpha-by-domain.txt | https://newgtlds.icann.org/en/program-status/statistics
.got,.got,delegated,yes,generic,2012,intro2012,basisDerivedEra,yes,"Jolly Host, LLC",United States of America (the),2015-11-12,https://www.iana.org/domains/root/db/got.html | https://newgtlds.icann.org/en/program-status/statistics
.gov,.gov,delegated,yes,sponsored,legacy,introLegacyGtld,basisDocumentedSet,yes,Cybersecurity and Infrastructure Security Agency,United States of America (the),1985-01-01,https://www.iana.org/domains/root/db/gov.html | https://archive.icann.org/en/tlds/
.gp,.gp,delegated,yes,country-code,,introCcTld,basisFormalType,yes,Networking Technologies Group,Guadeloupe,1996-10-21,https://www.iana.org/domains/root/db/gp.html | https://www.iana.org/help/cctld-delegation-answers
.gq,.gq,delegated,yes,country-code,,introCcTld,basisFormalType,yes,GETESA,Equatorial Guinea,1997-07-10,https://www.iana.org/domains/root/db/gq.html | https://www.iana.org/help/cctld-delegation-answers
.gr,.gr,delegated,yes,country-code,,introCcTld,basisFormalType,yes,ICS-FORTH GR,Greece,1989-02-19,https://www.iana.org/domains/root/db/gr.html | https://www.iana.org/help/cctld-delegation-answers
.grainger,.grainger,delegated,yes,generic,2012,intro2012,basisDerivedEra,yes,"Grainger Registry Services, LLC",United States of America (the),2015-10-29,https://www.iana.org/domains/root/db/grainger.html | https://newgtlds.icann.org/en/program-status/statistics
.graphics,.graphics,delegated,yes,generic,2012,intro2012,basisDerivedEra,yes,"Binky Moon, LLC",United States of America (the),2013-11-08,https://www.iana.org/domains/root/db/graphics.html | https://newgtlds.icann.org/en/program-status/statistics
.gratis,.gratis,delegated,yes,generic,2012,intro2012,basisDerivedEra,yes,"Binky Moon, LLC",United States of America (the),2014-04-17,https://www.iana.org/domains/root/db/gratis.html | https://newgtlds.icann.org/en/program-status/statistics
.green,.green,delegated,yes,generic,2012,intro2012,basisDerivedEra,yes,Identity Digital Limited,United States of America (the),2014-06-12,https://www.iana.org/domains/root/db/green.html | https://newgtlds.icann.org/en/program-status/statistics
.gripe,.gripe,delegated,yes,generic,2012,intro2012,basisDerivedEra,yes,"Binky Moon, LLC",United States of America (the),2014-04-03,https://www.iana.org/domains/root/db/gripe.html | https://newgtlds.icann.org/en/program-status/statistics
.grocery,.grocery,delegated,yes,generic,2012,intro2012,basisDerivedEra,yes,"Wal-Mart Stores, Inc.",United States of America (the),2017-06-08,https://www.iana.org/domains/root/db/grocery.html | https://newgtlds.icann.org/en/program-status/statistics
.group,.group,delegated,yes,generic,2012,intro2012,basisDerivedEra,yes,"Binky Moon, LLC",United States of America (the),2015-07-30,https://www.iana.org/domains/root/db/group.html | https://newgtlds.icann.org/en/program-status/statistics
.gs,.gs,delegated,yes,country-code,,introCcTld,basisFormalType,yes,Government of South Georgia and South Sandwich Islands (GSGSSI),South Georgia and the South Sandwich Islands,1997-07-31,https://www.iana.org/domains/root/db/gs.html | https://www.iana.org/help/cctld-delegation-answers
.gt,.gt,delegated,yes,country-code,,introCcTld,basisFormalType,yes,Universidad del Valle de Guatemala,Guatemala,1992-08-14,https://www.iana.org/domains/root/db/gt.html | https://www.iana.org/help/cctld-delegation-answers
.gu,.gu,delegated,yes,country-code,,introCcTld,basisFormalType,yes,University of Guam,Guam,1994-04-15,https://www.iana.org/domains/root/db/gu.html | https://www.iana.org/help/cctld-delegation-answers
.guardian,.guardian,notDelegated,no,generic,2012,intro2012,basisDerivedEra,yes,,,2016-04-14,https://www.iana.org/domains/root/db/guardian.html | https://newgtlds.icann.org/en/program-status/statistics
.gucci,.gucci,delegated,yes,generic,2012,intro2012,basisDerivedEra,yes,Guccio Gucci S.p.a.,Italy,2015-03-06,https://www.iana.org/domains/root/db/gucci.html | https://newgtlds.icann.org/en/program-status/statistics
.guge,.guge,delegated,yes,generic,2012,intro2012,basisDerivedEra,yes,Charleston Road Registry Inc.,United States of America (the),2015-02-19,https://www.iana.org/domains/root/db/guge.html | https://newgtlds.icann.org/en/program-status/statistics
.guide,.guide,delegated,yes,generic,2012,intro2012,basisDerivedEra,yes,"Binky Moon, LLC",United States of America (the),2014-05-08,https://www.iana.org/domains/root/db/guide.html | https://newgtlds.icann.org/en/program-status/statistics
.guitars,.guitars,delegated,yes,generic,2012,intro2012,basisDerivedEra,yes,XYZ.COM LLC,United States of America (the),2014-01-09,https://www.iana.org/domains/root/db/guitars.html | https://newgtlds.icann.org/en/program-status/statistics
.guru,.guru,delegated,yes,generic,2012,intro2012,basisDirect,yes,"Binky Moon, LLC",United States of America (the),2013-10-31,https://www.iana.org/domains/root/db/guru.html | https://data.iana.org/TLD/tlds-alpha-by-domain.txt | https://newgtlds.icann.org/en/program-status/statistics
.gw,.gw,delegated,yes,country-code,,introCcTld,basisFormalType,yes,Autoridade Reguladora Nacional - Tecnologias de Informação e Comunicação da Guiné-Bissau,Guinea-Bissau,1997-02-04,https://www.iana.org/domains/root/db/gw.html | https://www.iana.org/help/cctld-delegation-answers
.gy,.gy,delegated,yes,country-code,,introCcTld,basisFormalType,yes,University of Guyana,Guyana,1994-09-13,https://www.iana.org/domains/root/db/gy.html | https://www.iana.org/help/cctld-delegation-answers
.hair,.hair,delegated,yes,generic,2012,intro2012,basisDerivedEra,yes,XYZ.COM LLC,United States of America (the),2016-09-16,https://www.iana.org/domains/root/db/hair.html | https://newgtlds.icann.org/en/program-status/statistics
.hamburg,.hamburg,delegated,yes,generic,2012,intro2012,basisDirect,yes,Hamburg Top-Level-Domain GmbH,Germany,2014-05-22,https://www.iana.org/domains/root/db/hamburg.html | https://data.iana.org/TLD/tlds-alpha-by-domain.txt | https://www.iana.org/domains/root/db | https://newgtlds.icann.org/en/program-status/statistics
.hangout,.hangout,delegated,yes,generic,2012,intro2012,basisDerivedEra,yes,Charleston Road Registry Inc.,United States of America (the),2015-01-08,https://www.iana.org/domains/root/db/hangout.html | https://newgtlds.icann.org/en/program-status/statistics
.haus,.haus,delegated,yes,generic,2012,intro2012,basisDerivedEra,yes,"Dog Beach, LLC",United States of America (the),2014-03-26,https://www.iana.org/domains/root/db/haus.html | https://newgtlds.icann.org/en/program-status/statistics
.hbo,.hbo,delegated,yes,generic,2012,intro2012,basisDerivedEra,yes,"HBO Registry Services, Inc.",United States of America (the),2016-07-08,https://www.iana.org/domains/root/db/hbo.html | https://newgtlds.icann.org/en/program-status/statistics
.hdfc,.hdfc,delegated,yes,generic,2012,intro2012,basisDerivedEra,yes,HOUSING DEVELOPMENT FINANCE CORPORATION LIMITED,India,2016-07-21,https://www.iana.org/domains/root/db/hdfc.html | https://newgtlds.icann.org/en/program-status/statistics
.hdfcbank,.hdfcbank,delegated,yes,generic,2012,intro2012,basisDerivedEra,yes,HDFC Bank Limited,India,2016-02-05,https://www.iana.org/domains/root/db/hdfcbank.html | https://newgtlds.icann.org/en/program-status/statistics
.health,.health,delegated,yes,generic,2012,intro2012,basisDirect,yes,"Registry Services, LLC",United States of America (the),2015-09-17,https://gtldresult.icann.org/applicationstatus/applicationdetails/495 | https://www.iana.org/domains/root/db/health.html | https://data.iana.org/TLD/tlds-alpha-by-domain.txt | https://archive.icann.org/en/tlds/health1/icann-index.htm | https://archive.icann.org/en/tlds/ | https://www.iana.org/reports/tld-transfer/20230626-health | https://archive.icann.org/en/tlds/tld-applications-lodged-02oct00.htm | https://newgtlds.icann.org/en/program-status/statistics
.healthcare,.healthcare,delegated,yes,generic,2012,intro2012,basisDerivedEra,yes,"Binky Moon, LLC",United States of America (the),2014-07-24,https://www.iana.org/domains/root/db/healthcare.html | https://newgtlds.icann.org/en/program-status/statistics
.help,.help,delegated,yes,generic,2012,intro2012,basisDerivedEra,yes,Innovation Service Ltd,Seychelles,2014-08-15,https://www.iana.org/domains/root/db/help.html | https://newgtlds.icann.org/en/program-status/statistics
.helsinki,.helsinki,delegated,yes,generic,2012,intro2012,basisDerivedEra,yes,City of Helsinki,Finland,2015-12-10,https://www.iana.org/domains/root/db/helsinki.html | https://newgtlds.icann.org/en/program-status/statistics
.here,.here,delegated,yes,generic,2012,intro2012,basisDerivedEra,yes,Charleston Road Registry Inc.,United States of America (the),2014-06-12,https://www.iana.org/domains/root/db/here.html | https://newgtlds.icann.org/en/program-status/statistics
.hermes,.hermes,delegated,yes,generic,2012,intro2012,basisDerivedEra,yes,Hermes International,France,2014-10-30,https://www.iana.org/domains/root/db/hermes.html | https://newgtlds.icann.org/en/program-status/statistics
.hgtv,.hgtv,notDelegated,no,generic,2012,intro2012,basisDerivedEra,yes,,,2016-05-05,https://www.iana.org/domains/root/db/hgtv.html | https://newgtlds.icann.org/en/program-status/statistics
.hiphop,.hiphop,delegated,yes,generic,2012,intro2012,basisDerivedEra,yes,"Dot Hip Hop, LLC",United States of America (the),2014-05-08,https://www.iana.org/domains/root/db/hiphop.html | https://newgtlds.icann.org/en/program-status/statistics
.hisamitsu,.hisamitsu,delegated,yes,generic,2012,intro2012,basisDerivedEra,yes,"Hisamitsu Pharmaceutical Co.,Inc.",Japan,2016-05-13,https://www.iana.org/domains/root/db/hisamitsu.html | https://newgtlds.icann.org/en/program-status/statistics
.hitachi,.hitachi,delegated,yes,generic,2012,intro2012,basisDerivedEra,yes,"Hitachi, Ltd.",Japan,2015-04-23,https://www.iana.org/domains/root/db/hitachi.html | https://newgtlds.icann.org/en/program-status/statistics
.hiv,.hiv,delegated,yes,generic,2012,intro2012,basisDerivedEra,yes,Internet Naming Co.,Cayman Islands (the),2014-05-22,https://www.iana.org/domains/root/db/hiv.html | https://newgtlds.icann.org/en/program-status/statistics
.hk,.hk,delegated,yes,country-code,,introCcTld,basisFormalType,yes,Hong Kong Internet Registration Corporation Ltd.,Hong Kong,1990-01-03,https://www.iana.org/domains/root/db/hk.html | https://www.iana.org/help/cctld-delegation-answers
.hkt,.hkt,delegated,yes,generic,2012,intro2012,basisDerivedEra,yes,PCCW-HKT DataCom Services Limited,China,2016-04-15,https://www.iana.org/domains/root/db/hkt.html | https://newgtlds.icann.org/en/program-status/statistics
.hm,.hm,delegated,yes,country-code,,introCcTld,basisFormalType,yes,HM Domain Registry,Australia,1997-07-24,https://www.iana.org/domains/root/db/hm.html | https://www.iana.org/help/cctld-delegation-answers
.hn,.hn,delegated,yes,country-code,,introCcTld,basisFormalType,yes,Red de Desarrollo Sostenible Honduras,Honduras,1993-04-16,https://www.iana.org/domains/root/db/hn.html | https://www.iana.org/help/cctld-delegation-answers
.hockey,.hockey,delegated,yes,generic,2012,intro2012,basisDerivedEra,yes,"Binky Moon, LLC",United States of America (the),2015-04-30,https://www.iana.org/domains/root/db/hockey.html | https://newgtlds.icann.org/en/program-status/statistics
.holdings,.holdings,delegated,yes,generic,2012,intro2012,basisDerivedEra,yes,"Binky Moon, LLC",United States of America (the),2013-10-31,https://www.iana.org/domains/root/db/holdings.html | https://newgtlds.icann.org/en/program-status/statistics
.holiday,.holiday,delegated,yes,generic,2012,intro2012,basisDerivedEra,yes,"Binky Moon, LLC",United States of America (the),2013-12-19,https://www.iana.org/domains/root/db/holiday.html | https://newgtlds.icann.org/en/program-status/statistics
.homedepot,.homedepot,delegated,yes,generic,2012,intro2012,basisDerivedEra,yes,"Home Depot Product Authority, LLC",United States of America (the),2015-05-29,https://www.iana.org/domains/root/db/homedepot.html | https://newgtlds.icann.org/en/program-status/statistics
.homegoods,.homegoods,delegated,yes,generic,2012,intro2012,basisDerivedEra,yes,"The TJX Companies, Inc.",United States of America (the),2016-04-07,https://www.iana.org/domains/root/db/homegoods.html | https://newgtlds.icann.org/en/program-status/statistics
.homes,.homes,delegated,yes,generic,2012,intro2012,basisDerivedEra,yes,XYZ.COM LLC,United States of America (the),2014-05-01,https://www.iana.org/domains/root/db/homes.html | https://newgtlds.icann.org/en/program-status/statistics
.homesense,.homesense,delegated,yes,generic,2012,intro2012,basisDerivedEra,yes,"The TJX Companies, Inc.",United States of America (the),2016-04-07,https://www.iana.org/domains/root/db/homesense.html | https://newgtlds.icann.org/en/program-status/statistics
.honda,.honda,delegated,yes,generic,2012,intro2012,basisDerivedEra,yes,"Honda Motor Co., Ltd.",Japan,2015-03-06,https://www.iana.org/domains/root/db/honda.html | https://newgtlds.icann.org/en/program-status/statistics
.honeywell,.honeywell,notDelegated,no,generic,2012,intro2012,basisDerivedEra,yes,,,2016-06-03,https://www.iana.org/domains/root/db/honeywell.html | https://newgtlds.icann.org/en/program-status/statistics
.horse,.horse,delegated,yes,generic,2012,intro2012,basisDerivedEra,yes,"Registry Services, LLC",United States of America (the),2014-02-28,https://www.iana.org/domains/root/db/horse.html | https://newgtlds.icann.org/en/program-status/statistics
.hospital,.hospital,delegated,yes,generic,2012,intro2012,basisDerivedEra,yes,"Binky Moon, LLC",United States of America (the),2016-12-02,https://www.iana.org/domains/root/db/hospital.html | https://newgtlds.icann.org/en/program-status/statistics
.host,.host,delegated,yes,generic,2012,intro2012,basisDerivedEra,yes,Radix Technologies Inc.,Cayman Islands (the),2014-05-22,https://www.iana.org/domains/root/db/host.html | https://newgtlds.icann.org/en/program-status/statistics
.hosting,.hosting,delegated,yes,generic,2012,intro2012,basisDerivedEra,yes,XYZ.COM LLC,United States of America (the),2014-08-15,https://www.iana.org/domains/root/db/hosting.html | https://newgtlds.icann.org/en/program-status/statistics
.hot,.hot,delegated,yes,generic,2012,intro2012,basisDerivedEra,yes,"Amazon Registry Services, Inc.",United States of America (the),2016-07-21,https://www.iana.org/domains/root/db/hot.html | https://newgtlds.icann.org/en/program-status/statistics
.hoteles,.hoteles,notDelegated,no,generic,2012,intro2012,basisDerivedEra,yes,,,2015-05-14,https://www.iana.org/domains/root/db/hoteles.html | https://newgtlds.icann.org/en/program-status/statistics
.hotels,.hotels,delegated,yes,generic,2012,intro2012,basisDerivedEra,yes,Booking.com B.V.,Netherlands (the),2016-09-16,https://www.iana.org/domains/root/db/hotels.html | https://newgtlds.icann.org/en/program-status/statistics
.hotmail,.hotmail,delegated,yes,generic,2012,intro2012,basisDerivedEra,yes,Microsoft Corporation,United States of America (the),2015-04-30,https://www.iana.org/domains/root/db/hotmail.html | https://newgtlds.icann.org/en/program-status/statistics
.house,.house,delegated,yes,generic,2012,intro2012,basisDerivedEra,yes,"Binky Moon, LLC",United States of America (the),2013-12-19,https://www.iana.org/domains/root/db/house.html | https://newgtlds.icann.org/en/program-status/statistics
.how,.how,delegated,yes,generic,2012,intro2012,basisDerivedEra,yes,Charleston Road Registry Inc.,United States of America (the),2014-06-12,https://www.iana.org/domains/root/db/how.html | https://newgtlds.icann.org/en/program-status/statistics
.hr,.hr,delegated,yes,country-code,,introCcTld,basisFormalType,yes,CARNet - Croatian Academic and Research Network,Croatia,1993-02-27,https://www.iana.org/domains/root/db/hr.html | https://www.iana.org/help/cctld-delegation-answers
.hsbc,.hsbc,delegated,yes,generic,2012,intro2012,basisDerivedEra,yes,HSBC Global Services (UK) Limited,United Kingdom of Great Britain and Northern Ireland (the),2015-01-15,https://www.iana.org/domains/root/db/hsbc.html | https://newgtlds.icann.org/en/program-status/statistics
.ht,.ht,delegated,yes,country-code,,introCcTld,basisFormalType,yes,Consortium FDS/RDDH,Haiti,1997-03-06,https://www.iana.org/domains/root/db/ht.html | https://www.iana.org/help/cctld-delegation-answers
.htc,.htc,notDelegated,no,generic,2012,intro2012,basisDerivedEra,yes,,,2016-03-03,https://www.iana.org/domains/root/db/htc.html | https://newgtlds.icann.org/en/program-status/statistics
.hu,.hu,delegated,yes,country-code,,introCcTld,basisFormalType,yes,Council of Hungarian Internet Providers (CHIP),Hungary,1990-11-07,https://www.iana.org/domains/root/db/hu.html | https://www.iana.org/help/cctld-delegation-answers
.hughes,.hughes,delegated,yes,generic,2012,intro2012,basisDerivedEra,yes,Hughes Satellite Systems Corporation,United States of America (the),2016-08-04,https://www.iana.org/domains/root/db/hughes.html | https://newgtlds.icann.org/en/program-status/statistics
.hyatt,.hyatt,delegated,yes,generic,2012,intro2012,basisDerivedEra,yes,"Hyatt GTLD, L.L.C.",United States of America (the),2016-07-22,https://www.iana.org/domains/root/db/hyatt.html | https://newgtlds.icann.org/en/program-status/statistics
.hyundai,.hyundai,delegated,yes,generic,2012,intro2012,basisDerivedEra,yes,Hyundai Motor Company,Korea (the Republic of),2015-09-17,https://www.iana.org/domains/root/db/hyundai.html | https://newgtlds.icann.org/en/program-status/statistics
.ibm,.ibm,delegated,yes,generic,2012,intro2012,basisDerivedEra,yes,International Business Machines Corporation,United States of America (the),2014-09-25,https://www.iana.org/domains/root/db/ibm.html | https://newgtlds.icann.org/en/program-status/statistics
.icbc,.icbc,delegated,yes,generic,2012,intro2012,basisDerivedEra,yes,Industrial and Commercial Bank of China Limited,China,2015-04-09,https://www.iana.org/domains/root/db/icbc.html | https://newgtlds.icann.org/en/program-status/statistics
.ice,.ice,delegated,yes,generic,2012,intro2012,basisDerivedEra,yes,"IntercontinentalExchange, Inc.",United States of America (the),2015-07-09,https://www.iana.org/domains/root/db/ice.html | https://newgtlds.icann.org/en/program-status/statistics
.icu,.icu,delegated,yes,generic,2012,intro2012,basisDerivedEra,yes,Shortdot SA,Luxembourg,2015-03-06,https://www.iana.org/domains/root/db/icu.html | https://newgtlds.icann.org/en/program-status/statistics
.id,.id,delegated,yes,country-code,,introCcTld,basisFormalType,yes,Perkumpulan Pengelola Nama Domain Internet Indonesia (PANDI),Indonesia,1993-02-27,https://www.iana.org/domains/root/db/id.html | https://www.iana.org/help/cctld-delegation-answers
.ie,.ie,delegated,yes,country-code,,introCcTld,basisFormalType,yes,IE Domain Registry CLG,Ireland,1988-01-27,https://www.iana.org/domains/root/db/ie.html | https://www.iana.org/help/cctld-delegation-answers
.ieee,.ieee,delegated,yes,generic,2012,intro2012,basisDerivedEra,yes,IEEE Global LLC,United States of America (the),2016-06-09,https://www.iana.org/domains/root/db/ieee.html | https://newgtlds.icann.org/en/program-status/statistics
.ifm,.ifm,delegated,yes,generic,2012,intro2012,basisDerivedEra,yes,ifm electronic gmbh,Germany,2015-01-15,https://www.iana.org/domains/root/db/ifm.html | https://newgtlds.icann.org/en/program-status/statistics
.iinet,.iinet,notDelegated,no,generic,2012,intro2012,basisDerivedEra,yes,,,2014-08-18,https://www.iana.org/domains/root/db/iinet.html | https://newgtlds.icann.org/en/program-status/statistics
.ikano,.ikano,delegated,yes,generic,2012,intro2012,basisDerivedEra,yes,Ikano S.A.,Luxembourg,2016-06-03,https://www.iana.org/domains/root/db/ikano.html | https://newgtlds.icann.org/en/program-status/statistics
.il,.il,delegated,yes,country-code,,introCcTld,basisFormalType,yes,The Israel Internet Association (RA),Israel,1985-10-24,https://www.iana.org/domains/root/db/il.html | https://www.iana.org/help/cctld-delegation-answers
.im,.im,delegated,yes,country-code,,introCcTld,basisFormalType,yes,Isle of Man Government,United Kingdom of Great Britain and Northern Ireland (the),1996-09-11,https://www.iana.org/domains/root/db/im.html | https://www.iana.org/help/cctld-delegation-answers
.imamat,.imamat,delegated,yes,generic,2012,intro2012,basisDerivedEra,yes,Fondation Aga Khan (Aga Khan Foundation),Switzerland,2016-04-07,https://www.iana.org/domains/root/db/imamat.html | https://newgtlds.icann.org/en/program-status/statistics
.imdb,.imdb,delegated,yes,generic,2012,intro2012,basisDerivedEra,yes,"Amazon Registry Services, Inc.",United States of America (the),2016-05-19,https://www.iana.org/domains/root/db/imdb.html | https://newgtlds.icann.org/en/program-status/statistics
.immo,.immo,delegated,yes,generic,2012,intro2012,basisDerivedEra,yes,"Binky Moon, LLC",United States of America (the),2014-08-22,https://www.iana.org/domains/root/db/immo.html | https://newgtlds.icann.org/en/program-status/statistics
.immobilien,.immobilien,delegated,yes,generic,2012,intro2012,basisDerivedEra,yes,"Dog Beach, LLC",United States of America (the),2013-12-19,https://www.iana.org/domains/root/db/immobilien.html | https://newgtlds.icann.org/en/program-status/statistics
.in,.in,delegated,yes,country-code,,introCcTld,basisFormalType,yes,National Internet Exchange of India,India,1989-05-08,https://www.iana.org/domains/root/db/in.html | https://www.iana.org/help/cctld-delegation-answers
.inc,.inc,delegated,yes,generic,2012,intro2012,basisDirect,yes,Intercap Registry Inc.,Cayman Islands (the),2018-07-03,https://www.iana.org/domains/root/db/inc.html | https://data.iana.org/TLD/tlds-alpha-by-domain.txt | https://newgtlds.icann.org/en/program-status/statistics | https://archive.icann.org/en/tlds/tld-applications-lodged-02oct00.htm
.industries,.industries,delegated,yes,generic,2012,intro2012,basisDerivedEra,yes,"Binky Moon, LLC",United States of America (the),2014-02-13,https://www.iana.org/domains/root/db/industries.html | https://newgtlds.icann.org/en/program-status/statistics
.infiniti,.infiniti,delegated,yes,generic,2012,intro2012,basisDerivedEra,yes,"NISSAN MOTOR CO., LTD.",Japan,2014-07-10,https://www.iana.org/domains/root/db/infiniti.html | https://newgtlds.icann.org/en/program-status/statistics
.info,.info,delegated,yes,generic,2000,intro2000,basisDocumentedSet,yes,Identity Digital Limited,United States of America (the),2001-06-26,https://www.iana.org/domains/root/db/info.html | https://www.icann.org/en/announcements/details/icann-announces-selections-for-new-top-level-domains-16-11-2000-en
.ing,.ing,delegated,yes,generic,2012,intro2012,basisDerivedEra,yes,Charleston Road Registry Inc.,United States of America (the),2014-06-12,https://www.iana.org/domains/root/db/ing.html | https://newgtlds.icann.org/en/program-status/statistics
.ink,.ink,delegated,yes,generic,2012,intro2012,basisDerivedEra,yes,"Registry Services, LLC",United States of America (the),2014-02-27,https://www.iana.org/domains/root/db/ink.html | https://newgtlds.icann.org/en/program-status/statistics
.institute,.institute,delegated,yes,generic,2012,intro2012,basisDerivedEra,yes,"Binky Moon, LLC",United States of America (the),2013-12-19,https://www.iana.org/domains/root/db/institute.html | https://newgtlds.icann.org/en/program-status/statistics
.insurance,.insurance,delegated,yes,generic,2012,intro2012,basisDirect,yes,fTLD Registry Services LLC,United States of America (the),2015-11-06,https://www.iana.org/domains/root/db/insurance.html | https://data.iana.org/TLD/tlds-alpha-by-domain.txt | https://ftld.com/security/ | https://archive.icann.org/en/tlds/tld-applications-lodged-02oct00.htm | https://newgtlds.icann.org/en/program-status/statistics
.insure,.insure,delegated,yes,generic,2012,intro2012,basisDerivedEra,yes,"Binky Moon, LLC",United States of America (the),2014-04-24,https://www.iana.org/domains/root/db/insure.html | https://newgtlds.icann.org/en/program-status/statistics
.int,.int,delegated,yes,sponsored,legacy,introLegacyGtld,basisDocumentedSet,yes,Internet Assigned Numbers Authority,United States of America (the),1988-11-03,https://www.iana.org/domains/root/db/int.html | https://archive.icann.org/en/tlds/
.intel,.intel,notDelegated,no,generic,2012,intro2012,basisDerivedEra,yes,,,2016-04-21,https://www.iana.org/domains/root/db/intel.html | https://newgtlds.icann.org/en/program-status/statistics
.international,.international,delegated,yes,generic,2012,intro2012,basisDerivedEra,yes,"Binky Moon, LLC",United States of America (the),2013-12-19,https://www.iana.org/domains/root/db/international.html | https://newgtlds.icann.org/en/program-status/statistics
.intuit,.intuit,delegated,yes,generic,2012,intro2012,basisDerivedEra,yes,"Intuit Administrative Services, Inc.",United States of America (the),2016-06-09,https://www.iana.org/domains/root/db/intuit.html | https://newgtlds.icann.org/en/program-status/statistics
.investments,.investments,delegated,yes,generic,2012,intro2012,basisDerivedEra,yes,"Binky Moon, LLC",United States of America (the),2014-04-17,https://www.iana.org/domains/root/db/investments.html | https://newgtlds.icann.org/en/program-status/statistics
.io,.io,delegated,yes,country-code,,introCcTld,basisFormalType,yes,Internet Computer Bureau Limited,British Indian Ocean Territory (the),1997-09-16,https://www.iana.org/domains/root/db/io.html | https://www.iana.org/help/cctld-delegation-answers
.ipiranga,.ipiranga,delegated,yes,generic,2012,intro2012,basisDerivedEra,yes,Ipiranga Produtos de Petroleo S.A.,Brazil,2015-04-02,https://www.iana.org/domains/root/db/ipiranga.html | https://newgtlds.icann.org/en/program-status/statistics
.iq,.iq,delegated,yes,country-code,,introCcTld,basisFormalType,yes,Communications and Media Commission (CMC),Iraq,1997-05-09,https://www.iana.org/domains/root/db/iq.html | https://www.iana.org/help/cctld-delegation-answers
.ir,.ir,delegated,yes,country-code,,introCcTld,basisFormalType,yes,Institute for Research in Fundamental Sciences,Iran (Islamic Republic of),1994-04-06,https://www.iana.org/domains/root/db/ir.html | https://www.iana.org/help/cctld-delegation-answers
.irish,.irish,delegated,yes,generic,2012,intro2012,basisDerivedEra,yes,"Binky Moon, LLC",United States of America (the),2014-11-06,https://www.iana.org/domains/root/db/irish.html | https://newgtlds.icann.org/en/program-status/statistics
.is,.is,delegated,yes,country-code,,introCcTld,basisFormalType,yes,ISNIC - Internet á Íslandi hf.,Iceland,1987-11-18,https://www.iana.org/domains/root/db/is.html | https://www.iana.org/help/cctld-delegation-answers
.iselect,.iselect,notDelegated,no,generic,2012,intro2012,basisDerivedEra,yes,,,2015-11-20,https://www.iana.org/domains/root/db/iselect.html | https://newgtlds.icann.org/en/program-status/statistics
.ismaili,.ismaili,delegated,yes,generic,2012,intro2012,basisDerivedEra,yes,Fondation Aga Khan (Aga Khan Foundation),Switzerland,2016-04-07,https://www.iana.org/domains/root/db/ismaili.html | https://newgtlds.icann.org/en/program-status/statistics
.ist,.ist,delegated,yes,generic,2012,intro2012,basisDerivedEra,yes,Istanbul Metropolitan Municipality,Turkey,2015-05-29,https://www.iana.org/domains/root/db/ist.html | https://newgtlds.icann.org/en/program-status/statistics
.istanbul,.istanbul,delegated,yes,generic,2012,intro2012,basisDerivedEra,yes,Istanbul Metropolitan Municipality,Turkey,2015-05-29,https://www.iana.org/domains/root/db/istanbul.html | https://newgtlds.icann.org/en/program-status/statistics
.it,.it,delegated,yes,country-code,,introCcTld,basisFormalType,yes,IIT - CNR,Italy,1987-12-23,https://www.iana.org/domains/root/db/it.html | https://www.iana.org/help/cctld-delegation-answers
.itau,.itau,delegated,yes,generic,2012,intro2012,basisDerivedEra,yes,Itau Unibanco Holding S.A.,Brazil,2015-05-29,https://www.iana.org/domains/root/db/itau.html | https://newgtlds.icann.org/en/program-status/statistics
.itv,.itv,delegated,yes,generic,2012,intro2012,basisDerivedEra,yes,ITV Services Limited,United Kingdom of Great Britain and Northern Ireland (the),2016-05-19,https://www.iana.org/domains/root/db/itv.html | https://newgtlds.icann.org/en/program-status/statistics
.iveco,.iveco,notDelegated,no,generic,2012,intro2012,basisDerivedEra,yes,,,2016-10-27,https://www.iana.org/domains/root/db/iveco.html | https://newgtlds.icann.org/en/program-status/statistics
.iwc,.iwc,notDelegated,no,generic,2012,intro2012,basisDerivedEra,yes,,,2014-11-20,https://www.iana.org/domains/root/db/iwc.html | https://newgtlds.icann.org/en/program-status/statistics
.jaguar,.jaguar,delegated,yes,generic,2012,intro2012,basisDerivedEra,yes,Jaguar Land Rover Ltd,United Kingdom of Great Britain and Northern Ireland (the),2015-10-15,https://www.iana.org/domains/root/db/jaguar.html | https://newgtlds.icann.org/en/program-status/statistics
.java,.java,delegated,yes,generic,2012,intro2012,basisDerivedEra,yes,Oracle Corporation,United States of America (the),2015-01-15,https://www.iana.org/domains/root/db/java.html | https://newgtlds.icann.org/en/program-status/statistics
.jcb,.jcb,delegated,yes,generic,2012,intro2012,basisDerivedEra,yes,"JCB Co., Ltd.",Japan,2015-01-08,https://www.iana.org/domains/root/db/jcb.html | https://newgtlds.icann.org/en/program-status/statistics
.jcp,.jcp,notDelegated,no,generic,2012,intro2012,basisDerivedEra,yes,,,2016-03-03,https://www.iana.org/domains/root/db/jcp.html | https://newgtlds.icann.org/en/program-status/statistics
.je,.je,delegated,yes,country-code,,introCcTld,basisFormalType,yes,Island Networks (Jersey) Ltd.,Jersey,1996-08-08,https://www.iana.org/domains/root/db/je.html | https://www.iana.org/help/cctld-delegation-answers
.jeep,.jeep,delegated,yes,generic,2012,intro2012,basisDerivedEra,yes,FCA US LLC.,United States of America (the),2016-07-07,https://www.iana.org/domains/root/db/jeep.html | https://newgtlds.icann.org/en/program-status/statistics
.jetzt,.jetzt,delegated,yes,generic,2012,intro2012,basisDerivedEra,yes,"Binky Moon, LLC",United States of America (the),2014-03-06,https://www.iana.org/domains/root/db/jetzt.html | https://newgtlds.icann.org/en/program-status/statistics
.jewelry,.jewelry,delegated,yes,generic,2012,intro2012,basisDerivedEra,yes,"Binky Moon, LLC",United States of America (the),2015-04-09,https://www.iana.org/domains/root/db/jewelry.html | https://newgtlds.icann.org/en/program-status/statistics
.jio,.jio,delegated,yes,generic,2012,intro2012,basisDerivedEra,yes,Reliance Industries Limited,India,2016-08-11,https://www.iana.org/domains/root/db/jio.html | https://newgtlds.icann.org/en/program-status/statistics
.jlc,.jlc,notDelegated,no,generic,2012,intro2012,basisDerivedEra,yes,,,2015-03-12,https://www.iana.org/domains/root/db/jlc.html | https://newgtlds.icann.org/en/program-status/statistics
.jll,.jll,delegated,yes,generic,2012,intro2012,basisDerivedEra,yes,Jones Lang LaSalle Incorporated,United States of America (the),2015-05-14,https://www.iana.org/domains/root/db/jll.html | https://newgtlds.icann.org/en/program-status/statistics
.jm,.jm,delegated,yes,country-code,,introCcTld,basisFormalType,yes,University of West Indies,Jamaica,1991-09-24,https://www.iana.org/domains/root/db/jm.html | https://www.iana.org/help/cctld-delegation-answers
.jmp,.jmp,delegated,yes,generic,2012,intro2012,basisDerivedEra,yes,Matrix IP LLC,United States of America (the),2015-11-20,https://www.iana.org/domains/root/db/jmp.html | https://newgtlds.icann.org/en/program-status/statistics
.jnj,.jnj,delegated,yes,generic,2012,intro2012,basisDerivedEra,yes,"Johnson & Johnson Services, Inc.",United States of America (the),2016-01-14,https://www.iana.org/domains/root/db/jnj.html | https://newgtlds.icann.org/en/program-status/statistics
.jo,.jo,delegated,yes,country-code,,introCcTld,basisFormalType,yes,Ministry of Digital Economy and Entrepreneurship (MoDEE),Jordan,1994-11-23,https://www.iana.org/domains/root/db/jo.html | https://www.iana.org/help/cctld-delegation-answers
.jobs,.jobs,delegated,yes,sponsored,2004,intro2004,basisDirect,yes,Employ Media LLC,United States of America (the),2005-09-08,https://www.iana.org/domains/root/db/jobs.html | https://data.iana.org/TLD/tlds-alpha-by-domain.txt | https://www.icann.org/en/announcements/details/icann-progress-in-process-for-introducing-new-sponsored-top-level-domains-19-3-2004-en | https://archive.icann.org/en/tlds/tld-applications-lodged-02oct00.htm
.joburg,.joburg,delegated,yes,generic,2012,intro2012,basisDerivedEra,yes,ZA Central Registry NPC trading as ZA Central Registry,South Africa,2014-06-05,https://www.iana.org/domains/root/db/joburg.html | https://newgtlds.icann.org/en/program-status/statistics
.jot,.jot,delegated,yes,generic,2012,intro2012,basisDerivedEra,yes,"Jolly Host, LLC",United States of America (the),2015-11-12,https://www.iana.org/domains/root/db/jot.html | https://newgtlds.icann.org/en/program-status/statistics
.joy,.joy,delegated,yes,generic,2012,intro2012,basisDerivedEra,yes,"Amazon Registry Services, Inc.",United States of America (the),2015-11-12,https://www.iana.org/domains/root/db/joy.html | https://newgtlds.icann.org/en/program-status/statistics
.jp,.jp,delegated,yes,country-code,,introCcTld,basisFormalType,yes,"Japan Registry Services Co., Ltd.",Japan,1986-08-05,https://www.iana.org/domains/root/db/jp.html | https://www.iana.org/help/cctld-delegation-answers
.jpmorgan,.jpmorgan,delegated,yes,generic,2012,intro2012,basisDerivedEra,yes,"JPMorgan Chase Bank, National Association",United States of America (the),2016-01-14,https://www.iana.org/domains/root/db/jpmorgan.html | https://newgtlds.icann.org/en/program-status/statistics
.jprs,.jprs,delegated,yes,generic,2012,intro2012,basisDerivedEra,yes,"Japan Registry Services Co., Ltd.",Japan,2014-12-18,https://www.iana.org/domains/root/db/jprs.html | https://newgtlds.icann.org/en/program-status/statistics
.juegos,.juegos,delegated,yes,generic,2012,intro2012,basisDerivedEra,yes,"Dog Beach, LLC",United States of America (the),2014-05-08,https://www.iana.org/domains/root/db/juegos.html | https://newgtlds.icann.org/en/program-status/statistics
.juniper,.juniper,notDelegated,no,generic,2012,intro2012,basisDerivedEra,yes,,,2016-06-30,https://www.iana.org/domains/root/db/juniper.html | https://newgtlds.icann.org/en/program-status/statistics
.kaufen,.kaufen,delegated,yes,generic,2012,intro2012,basisDerivedEra,yes,"Dog Beach, LLC",United States of America (the),2013-12-19,https://www.iana.org/domains/root/db/kaufen.html | https://newgtlds.icann.org/en/program-status/statistics
.kddi,.kddi,delegated,yes,generic,2012,intro2012,basisDerivedEra,yes,KDDI CORPORATION,Japan,2014-12-18,https://www.iana.org/domains/root/db/kddi.html | https://newgtlds.icann.org/en/program-status/statistics
.ke,.ke,delegated,yes,country-code,,introCcTld,basisFormalType,yes,Kenya Network Information Center (KeNIC),Kenya,1993-04-29,https://www.iana.org/domains/root/db/ke.html | https://www.iana.org/help/cctld-delegation-answers
.kerryhotels,.kerryhotels,delegated,yes,generic,2012,intro2012,basisDerivedEra,yes,Kerry Trading Co. Limited,Hong Kong,2015-12-17,https://www.iana.org/domains/root/db/kerryhotels.html | https://newgtlds.icann.org/en/program-status/statistics
.kerrylogistics,.kerrylogistics,notDelegated,no,generic,2012,intro2012,basisDerivedEra,yes,,,2015-12-17,https://www.iana.org/domains/root/db/kerrylogistics.html | https://newgtlds.icann.org/en/program-status/statistics
.kerryproperties,.kerryproperties,delegated,yes,generic,2012,intro2012,basisDerivedEra,yes,Kerry Trading Co. Limited,Hong Kong,2015-12-17,https://www.iana.org/domains/root/db/kerryproperties.html | https://newgtlds.icann.org/en/program-status/statistics
.kfh,.kfh,delegated,yes,generic,2012,intro2012,basisDerivedEra,yes,Kuwait Finance House,Kuwait,2015-10-29,https://www.iana.org/domains/root/db/kfh.html | https://newgtlds.icann.org/en/program-status/statistics
.kg,.kg,delegated,yes,country-code,,introCcTld,basisFormalType,yes,AsiaInfo Telecommunication Enterprise,Kyrgyzstan,1995-07-12,https://www.iana.org/domains/root/db/kg.html | https://www.iana.org/help/cctld-delegation-answers
.kh,.kh,delegated,yes,country-code,,introCcTld,basisFormalType,yes,Telecommunication Regulator of Cambodia (TRC),Cambodia,1996-02-20,https://www.iana.org/domains/root/db/kh.html | https://www.iana.org/help/cctld-delegation-answers
.ki,.ki,delegated,yes,country-code,,introCcTld,basisFormalType,yes,"Ministry of Information, Communications and Transport (MICT)",Kiribati,1995-04-19,https://www.iana.org/domains/root/db/ki.html | https://www.iana.org/help/cctld-delegation-answers
.kia,.kia,delegated,yes,generic,2012,intro2012,basisDerivedEra,yes,KIA MOTORS CORPORATION,Korea (the Republic of),2015-09-17,https://www.iana.org/domains/root/db/kia.html | https://newgtlds.icann.org/en/program-status/statistics
.kids,.kids,delegated,yes,generic,2012,intro2012,basisDirect,yes,DotKids Foundation Limited,Hong Kong,2022-03-05,https://gtldresult.icann.org/applicationstatus/applicationdetails/161 | https://www.iana.org/domains/root/db/kids.html | https://data.iana.org/TLD/tlds-alpha-by-domain.txt | https://archive.icann.org/en/tlds/kids1/ | https://archive.icann.org/en/tlds/kids2/ | https://archive.icann.org/en/tlds/kids3/ | https://archive.icann.org/en/tlds/kids4/ | https://archive.icann.org/en/tlds/ | https://archive.icann.org/en/tlds/tld-applications-lodged-02oct00.htm | https://newgtlds.icann.org/en/program-status/statistics
.kim,.kim,delegated,yes,generic,2012,intro2012,basisDerivedEra,yes,Identity Digital Limited,United States of America (the),2013-12-19,https://www.iana.org/domains/root/db/kim.html | https://newgtlds.icann.org/en/program-status/statistics
.kinder,.kinder,notDelegated,no,generic,2012,intro2012,basisDerivedEra,yes,,,2015-09-10,https://www.iana.org/domains/root/db/kinder.html | https://newgtlds.icann.org/en/program-status/statistics
.kindle,.kindle,delegated,yes,generic,2012,intro2012,basisDerivedEra,yes,"Amazon Registry Services, Inc.",United States of America (the),2016-05-19,https://www.iana.org/domains/root/db/kindle.html | https://newgtlds.icann.org/en/program-status/statistics
.kitchen,.kitchen,delegated,yes,generic,2012,intro2012,basisDerivedEra,yes,"Binky Moon, LLC",United States of America (the),2013-11-13,https://www.iana.org/domains/root/db/kitchen.html | https://newgtlds.icann.org/en/program-status/statistics
.kiwi,.kiwi,delegated,yes,generic,2012,intro2012,basisDerivedEra,yes,DOT KIWI LIMITED,New Zealand,2013-11-25,https://www.iana.org/domains/root/db/kiwi.html | https://newgtlds.icann.org/en/program-status/statistics
.km,.km,delegated,yes,country-code,,introCcTld,basisFormalType,yes,Comores Telecom,Comoros (the),1998-06-08,https://www.iana.org/domains/root/db/km.html | https://www.iana.org/help/cctld-delegation-answers
.kn,.kn,delegated,yes,country-code,,introCcTld,basisFormalType,yes,"Ministry of Finance, Sustainable Development Information & Technology",Saint Kitts and Nevis,1991-09-03,https://www.iana.org/domains/root/db/kn.html | https://www.iana.org/help/cctld-delegation-answers
.koeln,.koeln,delegated,yes,generic,2012,intro2012,basisDirect,yes,dotKoeln GmbH,Austria,2014-02-20,https://www.iana.org/domains/root/db/koeln.html | https://data.iana.org/TLD/tlds-alpha-by-domain.txt | https://www.iana.org/domains/root/db | https://newgtlds.icann.org/en/program-status/statistics
.komatsu,.komatsu,delegated,yes,generic,2012,intro2012,basisDerivedEra,yes,Komatsu Ltd.,Japan,2015-03-06,https://www.iana.org/domains/root/db/komatsu.html | https://newgtlds.icann.org/en/program-status/statistics
.kosher,.kosher,delegated,yes,generic,2012,intro2012,basisDerivedEra,yes,Kosher Marketing Assets LLC,United States of America (the),2016-06-03,https://www.iana.org/domains/root/db/kosher.html | https://newgtlds.icann.org/en/program-status/statistics
.kp,.kp,delegated,yes,country-code,,introCcTld,basisFormalType,yes,Star Joint Venture Company,Korea (the Democratic People's Republic of),2007-09-24,https://www.iana.org/domains/root/db/kp.html | https://www.iana.org/help/cctld-delegation-answers
.kpmg,.kpmg,delegated,yes,generic,2012,intro2012,basisDerivedEra,yes,KPMG International Cooperative (KPMG International Genossenschaft),Netherlands (the),2016-01-14,https://www.iana.org/domains/root/db/kpmg.html | https://newgtlds.icann.org/en/program-status/statistics
.kpn,.kpn,delegated,yes,generic,2012,intro2012,basisDerivedEra,yes,Koninklijke KPN N.V.,Netherlands (the),2015-12-04,https://www.iana.org/domains/root/db/kpn.html | https://newgtlds.icann.org/en/program-status/statistics
.kr,.kr,delegated,yes,country-code,,introCcTld,basisFormalType,yes,Korea Internet & Security Agency (KISA),Korea (the Republic of),1986-09-29,https://www.iana.org/domains/root/db/kr.html | https://www.iana.org/help/cctld-delegation-answers
.krd,.krd,delegated,yes,generic,2012,intro2012,basisDerivedEra,yes,KRG Department of Information Technology,Iraq,2014-07-10,https://www.iana.org/domains/root/db/krd.html | https://newgtlds.icann.org/en/program-status/statistics
.kred,.kred,delegated,yes,generic,2012,intro2012,basisDerivedEra,yes,KredTLD Pty Ltd,Australia,2014-02-20,https://www.iana.org/domains/root/db/kred.html | https://newgtlds.icann.org/en/program-status/statistics
.kuokgroup,.kuokgroup,delegated,yes,generic,2012,intro2012,basisDerivedEra,yes,Kerry Trading Co. Limited,Hong Kong,2015-12-17,https://www.iana.org/domains/root/db/kuokgroup.html | https://newgtlds.icann.org/en/program-status/statistics
.kw,.kw,delegated,yes,country-code,,introCcTld,basisFormalType,yes,Communications and Information Technology Regulatory Authority,Kuwait,1992-10-26,https://www.iana.org/domains/root/db/kw.html | https://www.iana.org/help/cctld-delegation-answers
.ky,.ky,delegated,yes,country-code,,introCcTld,basisFormalType,yes,Utility Regulation and Competition Office (OfReg),Cayman Islands (the),1995-05-03,https://www.iana.org/domains/root/db/ky.html | https://www.iana.org/help/cctld-delegation-answers
.kyoto,.kyoto,delegated,yes,generic,2012,intro2012,basisDerivedEra,yes,Academic Institution: Kyoto Jyoho Gakuen,Japan,2015-01-08,https://www.iana.org/domains/root/db/kyoto.html | https://newgtlds.icann.org/en/program-status/statistics
.kz,.kz,delegated,yes,country-code,,introCcTld,basisFormalType,yes,Association of IT Companies of Kazakhstan,Kazakhstan,1994-09-19,https://www.iana.org/domains/root/db/kz.html | https://www.iana.org/help/cctld-delegation-answers
.la,.la,delegated,yes,country-code,,introCcTld,basisFormalType,yes,"Lao National Internet Center (LANIC), Ministry of Technology and Communications",Lao People's Democratic Republic (the),1996-05-14,https://www.iana.org/domains/root/db/la.html | https://www.iana.org/help/cctld-delegation-answers
.lacaixa,.lacaixa,delegated,yes,generic,2012,intro2012,basisDerivedEra,yes,"Fundación Bancaria Caixa d'Estalvis i Pensions de Barcelona, ""la Caixa""",Spain,2014-07-10,https://www.iana.org/domains/root/db/lacaixa.html | https://newgtlds.icann.org/en/program-status/statistics
.ladbrokes,.ladbrokes,notDelegated,no,generic,2012,intro2012,basisDerivedEra,yes,,,2016-07-14,https://www.iana.org/domains/root/db/ladbrokes.html | https://newgtlds.icann.org/en/program-status/statistics
.lamborghini,.lamborghini,delegated,yes,generic,2012,intro2012,basisDerivedEra,yes,Automobili Lamborghini S.p.A.,Italy,2015-11-12,https://www.iana.org/domains/root/db/lamborghini.html | https://newgtlds.icann.org/en/program-status/statistics
.lamer,.lamer,delegated,yes,generic,2012,intro2012,basisDerivedEra,yes,The Estée Lauder Companies Inc.,United States of America (the),2015-12-10,https://www.iana.org/domains/root/db/lamer.html | https://newgtlds.icann.org/en/program-status/statistics
.lancaster,.lancaster,notDelegated,no,generic,2012,intro2012,basisDerivedEra,yes,,,2015-06-18,https://www.iana.org/domains/root/db/lancaster.html | https://newgtlds.icann.org/en/program-status/statistics
.lancia,.lancia,notDelegated,no,generic,2012,intro2012,basisDerivedEra,yes,,,2016-07-14,https://www.iana.org/domains/root/db/lancia.html | https://newgtlds.icann.org/en/program-status/statistics
.lancome,.lancome,notDelegated,no,generic,2012,intro2012,basisDerivedEra,yes,,,2016-07-07,https://www.iana.org/domains/root/db/lancome.html | https://newgtlds.icann.org/en/program-status/statistics
.land,.land,delegated,yes,generic,2012,intro2012,basisDerivedEra,yes,"Binky Moon, LLC",United States of America (the),2013-11-08,https://www.iana.org/domains/root/db/land.html | https://newgtlds.icann.org/en/program-status/statistics
.landrover,.landrover,delegated,yes,generic,2012,intro2012,basisDerivedEra,yes,Jaguar Land Rover Ltd,United Kingdom of Great Britain and Northern Ireland (the),2015-10-15,https://www.iana.org/domains/root/db/landrover.html | https://newgtlds.icann.org/en/program-status/statistics
.lanxess,.lanxess,delegated,yes,generic,2012,intro2012,basisDerivedEra,yes,LANXESS Corporation,United States of America (the),2016-01-08,https://www.iana.org/domains/root/db/lanxess.html | https://newgtlds.icann.org/en/program-status/statistics
.lasalle,.lasalle,delegated,yes,generic,2012,intro2012,basisDerivedEra,yes,Jones Lang LaSalle Incorporated,United States of America (the),2015-06-04,https://www.iana.org/domains/root/db/lasalle.html | https://newgtlds.icann.org/en/program-status/statistics
.lat,.lat,delegated,yes,generic,2012,intro2012,basisDerivedEra,yes,XYZ.COM LLC,United States of America (the),2014-12-04,https://www.iana.org/domains/root/db/lat.html | https://newgtlds.icann.org/en/program-status/statistics
.latino,.latino,delegated,yes,generic,2012,intro2012,basisDerivedEra,yes,Dish DBS Corporation,United States of America (the),2016-06-30,https://www.iana.org/domains/root/db/latino.html | https://newgtlds.icann.org/en/program-status/statistics
.latrobe,.latrobe,delegated,yes,generic,2012,intro2012,basisDerivedEra,yes,La Trobe University,Australia,2014-11-06,https://www.iana.org/domains/root/db/latrobe.html | https://newgtlds.icann.org/en/program-status/statistics
.law,.law,delegated,yes,generic,2012,intro2012,basisDerivedEra,yes,"Registry Services, LLC",United States of America (the),2015-06-18,https://www.iana.org/domains/root/db/law.html | https://newgtlds.icann.org/en/program-status/statistics
.lawyer,.lawyer,delegated,yes,generic,2012,intro2012,basisDerivedEra,yes,"Dog Beach, LLC",United States of America (the),2014-05-22,https://www.iana.org/domains/root/db/lawyer.html | https://newgtlds.icann.org/en/program-status/statistics
.lb,.lb,delegated,yes,country-code,,introCcTld,basisFormalType,yes,Internet Society Lebanon,Lebanon,1993-08-25,https://www.iana.org/domains/root/db/lb.html | https://www.iana.org/help/cctld-delegation-answers
.lc,.lc,delegated,yes,country-code,,introCcTld,basisFormalType,yes,University of Puerto Rico,Puerto Rico,1991-09-03,https://www.iana.org/domains/root/db/lc.html | https://www.iana.org/help/cctld-delegation-answers
.lds,.lds,delegated,yes,generic,2012,intro2012,basisDerivedEra,yes,"IRI Domain Management, LLC",United States of America (the),2014-10-16,https://www.iana.org/domains/root/db/lds.html | https://newgtlds.icann.org/en/program-status/statistics
.lease,.lease,delegated,yes,generic,2012,intro2012,basisDerivedEra,yes,"Binky Moon, LLC",United States of America (the),2014-04-03,https://www.iana.org/domains/root/db/lease.html | https://newgtlds.icann.org/en/program-status/statistics
.leclerc,.leclerc,delegated,yes,generic,2012,intro2012,basisDerivedEra,yes,A.C.D. LEC Association des Centres Distributeurs Edouard Leclerc,France,2015-01-29,https://www.iana.org/domains/root/db/leclerc.html | https://newgtlds.icann.org/en/program-status/statistics
.lefrak,.lefrak,delegated,yes,generic,2012,intro2012,basisDerivedEra,yes,"LeFrak Organization, Inc.",United States of America (the),2016-03-31,https://www.iana.org/domains/root/db/lefrak.html | https://newgtlds.icann.org/en/program-status/statistics
.legal,.legal,delegated,yes,generic,2012,intro2012,basisDerivedEra,yes,"Binky Moon, LLC",United States of America (the),2014-11-20,https://www.iana.org/domains/root/db/legal.html | https://newgtlds.icann.org/en/program-status/statistics
.lego,.lego,delegated,yes,generic,2012,intro2012,basisDerivedEra,yes,LEGO Juris A/S,Denmark,2016-03-24,https://www.iana.org/domains/root/db/lego.html | https://newgtlds.icann.org/en/program-status/statistics
.lexus,.lexus,delegated,yes,generic,2012,intro2012,basisDerivedEra,yes,TOYOTA MOTOR CORPORATION,Japan,2015-07-16,https://www.iana.org/domains/root/db/lexus.html | https://newgtlds.icann.org/en/program-status/statistics
.lgbt,.lgbt,delegated,yes,generic,2012,intro2012,basisDirect,yes,Identity Digital Limited,United States of America (the),2014-06-26,https://www.iana.org/domains/root/db/lgbt.html | https://data.iana.org/TLD/tlds-alpha-by-domain.txt | https://newgtlds.icann.org/en/program-status/statistics
.li,.li,delegated,yes,country-code,,introCcTld,basisFormalType,yes,SWITCH The Swiss Education & Research Network,Switzerland,1993-02-26,https://www.iana.org/domains/root/db/li.html | https://www.iana.org/help/cctld-delegation-answers
.liaison,.liaison,notDelegated,no,generic,2012,intro2012,basisDerivedEra,yes,,,2015-03-19,https://www.iana.org/domains/root/db/liaison.html | https://newgtlds.icann.org/en/program-status/statistics
.lidl,.lidl,delegated,yes,generic,2012,intro2012,basisDerivedEra,yes,Schwarz Domains und Services GmbH & Co. KG,Germany,2014-12-04,https://www.iana.org/domains/root/db/lidl.html | https://newgtlds.icann.org/en/program-status/statistics
.life,.life,delegated,yes,generic,2012,intro2012,basisDerivedEra,yes,"Binky Moon, LLC",United States of America (the),2014-05-08,https://www.iana.org/domains/root/db/life.html | https://newgtlds.icann.org/en/program-status/statistics
.lifeinsurance,.lifeinsurance,delegated,yes,generic,2012,intro2012,basisDerivedEra,yes,American Council of Life Insurers,United States of America (the),2015-07-09,https://www.iana.org/domains/root/db/lifeinsurance.html | https://newgtlds.icann.org/en/program-status/statistics
.lifestyle,.lifestyle,delegated,yes,generic,2012,intro2012,basisDerivedEra,yes,Internet Naming Co.,Cayman Islands (the),2015-10-01,https://www.iana.org/domains/root/db/lifestyle.html | https://newgtlds.icann.org/en/program-status/statistics
.lighting,.lighting,delegated,yes,generic,2012,intro2012,basisDerivedEra,yes,"Binky Moon, LLC",United States of America (the),2013-10-31,https://www.iana.org/domains/root/db/lighting.html | https://newgtlds.icann.org/en/program-status/statistics
.like,.like,delegated,yes,generic,2012,intro2012,basisDerivedEra,yes,"Amazon Registry Services, Inc.",United States of America (the),2015-11-12,https://www.iana.org/domains/root/db/like.html | https://newgtlds.icann.org/en/program-status/statistics
.lilly,.lilly,delegated,yes,generic,2012,intro2012,basisDerivedEra,yes,Eli Lilly and Company,United States of America (the),2016-05-19,https://www.iana.org/domains/root/db/lilly.html | https://newgtlds.icann.org/en/program-status/statistics
.limited,.limited,delegated,yes,generic,2012,intro2012,basisDerivedEra,yes,"Binky Moon, LLC",United States of America (the),2014-04-17,https://www.iana.org/domains/root/db/limited.html | https://newgtlds.icann.org/en/program-status/statistics
.limo,.limo,delegated,yes,generic,2012,intro2012,basisDerivedEra,yes,"Binky Moon, LLC",United States of America (the),2013-12-12,https://www.iana.org/domains/root/db/limo.html | https://newgtlds.icann.org/en/program-status/statistics
.lincoln,.lincoln,delegated,yes,generic,2012,intro2012,basisDerivedEra,yes,Ford Motor Company,United States of America (the),2015-12-10,https://www.iana.org/domains/root/db/lincoln.html | https://newgtlds.icann.org/en/program-status/statistics
.linde,.linde,notDelegated,no,generic,2012,intro2012,basisDerivedEra,yes,,,2015-09-03,https://www.iana.org/domains/root/db/linde.html | https://newgtlds.icann.org/en/program-status/statistics
.link,.link,delegated,yes,generic,2012,intro2012,basisDerivedEra,yes,Nova Registry Ltd.,Malta,2014-01-09,https://www.iana.org/domains/root/db/link.html | https://newgtlds.icann.org/en/program-status/statistics
.lipsy,.lipsy,notDelegated,no,generic,2012,intro2012,basisDerivedEra,yes,,,2016-04-21,https://www.iana.org/domains/root/db/lipsy.html | https://newgtlds.icann.org/en/program-status/statistics
.live,.live,delegated,yes,generic,2012,intro2012,basisDerivedEra,yes,"Dog Beach, LLC",United States of America (the),2015-06-25,https://www.iana.org/domains/root/db/live.html | https://newgtlds.icann.org/en/program-status/statistics
.living,.living,delegated,yes,generic,2012,intro2012,basisDerivedEra,yes,Internet Naming Co.,Cayman Islands (the),2015-12-10,https://www.iana.org/domains/root/db/living.html | https://newgtlds.icann.org/en/program-status/statistics
.lixil,.lixil,notDelegated,no,generic,2012,intro2012,basisDerivedEra,yes,,,2015-07-16,https://www.iana.org/domains/root/db/lixil.html | https://newgtlds.icann.org/en/program-status/statistics
.lk,.lk,delegated,yes,country-code,,introCcTld,basisFormalType,yes,Council for Information Technology LK Domain Registrar,Sri Lanka,1990-06-15,https://www.iana.org/domains/root/db/lk.html | https://www.iana.org/help/cctld-delegation-answers
.llc,.llc,delegated,yes,generic,2012,intro2012,basisDirect,yes,Identity Digital Limited,United States of America (the),2018-02-16,https://www.iana.org/domains/root/db/llc.html | https://data.iana.org/TLD/tlds-alpha-by-domain.txt | https://newgtlds.icann.org/en/program-status/statistics | https://archive.icann.org/en/tlds/tld-applications-lodged-02oct00.htm
.llp,.llp,delegated,yes,generic,2012,intro2012,basisDerivedEra,yes,Intercap Registry Inc.,Cayman Islands (the),2019-11-20,https://www.iana.org/domains/root/db/llp.html | https://newgtlds.icann.org/en/program-status/statistics
.loan,.loan,delegated,yes,generic,2012,intro2012,basisDerivedEra,yes,dot Loan Limited,Gibraltar,2015-02-05,https://www.iana.org/domains/root/db/loan.html | https://newgtlds.icann.org/en/program-status/statistics
.loans,.loans,delegated,yes,generic,2012,intro2012,basisDerivedEra,yes,"Binky Moon, LLC",United States of America (the),2014-05-08,https://www.iana.org/domains/root/db/loans.html | https://newgtlds.icann.org/en/program-status/statistics
.locker,.locker,delegated,yes,generic,2012,intro2012,basisDerivedEra,yes,Orange Domains LLC,United States of America (the),2016-05-19,https://www.iana.org/domains/root/db/locker.html | https://newgtlds.icann.org/en/program-status/statistics
.locus,.locus,delegated,yes,generic,2012,intro2012,basisDerivedEra,yes,Locus Analytics LLC,United States of America (the),2016-02-26,https://www.iana.org/domains/root/db/locus.html | https://newgtlds.icann.org/en/program-status/statistics
.loft,.loft,notDelegated,no,generic,2012,intro2012,basisDerivedEra,yes,,,2016-07-21,https://www.iana.org/domains/root/db/loft.html | https://newgtlds.icann.org/en/program-status/statistics
.lol,.lol,delegated,yes,generic,2012,intro2012,basisDerivedEra,yes,XYZ.COM LLC,United States of America (the),2015-04-23,https://www.iana.org/domains/root/db/lol.html | https://newgtlds.icann.org/en/program-status/statistics
.london,.london,delegated,yes,generic,2012,intro2012,basisDirect,yes,Dot London Domains Limited,United Kingdom of Great Britain and Northern Ireland (the),2014-02-13,https://www.iana.org/domains/root/db/london.html | https://data.iana.org/TLD/tlds-alpha-by-domain.txt | https://www.iana.org/domains/root/db | https://newgtlds.icann.org/en/program-status/statistics
.lotte,.lotte,delegated,yes,generic,2012,intro2012,basisDerivedEra,yes,"Lotte Holdings Co., Ltd.",Japan,2015-01-08,https://www.iana.org/domains/root/db/lotte.html | https://newgtlds.icann.org/en/program-status/statistics
.lotto,.lotto,delegated,yes,generic,2012,intro2012,basisDerivedEra,yes,Identity Digital Limited,United States of America (the),2014-06-05,https://www.iana.org/domains/root/db/lotto.html | https://newgtlds.icann.org/en/program-status/statistics
.love,.love,delegated,yes,generic,2012,intro2012,basisDerivedEra,yes,Waterford Limited,Isle of Man,2015-03-25,https://www.iana.org/domains/root/db/love.html | https://newgtlds.icann.org/en/program-status/statistics
.lpl,.lpl,delegated,yes,generic,2012,intro2012,basisDerivedEra,yes,"LPL Holdings, Inc.",United States of America (the),2016-06-30,https://www.iana.org/domains/root/db/lpl.html | https://newgtlds.icann.org/en/program-status/statistics
.lplfinancial,.lplfinancial,delegated,yes,generic,2012,intro2012,basisDerivedEra,yes,"LPL Holdings, Inc.",United States of America (the),2016-06-30,https://www.iana.org/domains/root/db/lplfinancial.html | https://newgtlds.icann.org/en/program-status/statistics
.lr,.lr,delegated,yes,country-code,,introCcTld,basisFormalType,yes,"Data Technology Solutions, Inc.",Liberia,1997-04-09,https://www.iana.org/domains/root/db/lr.html | https://www.iana.org/help/cctld-delegation-answers
.ls,.ls,delegated,yes,country-code,,introCcTld,basisFormalType,yes,Lesotho Network Information Centre Proprietary (LSNIC),Lesotho,1993-01-13,https://www.iana.org/domains/root/db/ls.html | https://www.iana.org/help/cctld-delegation-answers
.lt,.lt,delegated,yes,country-code,,introCcTld,basisFormalType,yes,Kaunas University of Technology,Lithuania,1992-06-03,https://www.iana.org/domains/root/db/lt.html | https://www.iana.org/help/cctld-delegation-answers
.ltd,.ltd,delegated,yes,generic,2012,intro2012,basisDerivedEra,yes,"Binky Moon, LLC",United States of America (the),2015-08-06,https://www.iana.org/domains/root/db/ltd.html | https://newgtlds.icann.org/en/program-status/statistics
.ltda,.ltda,delegated,yes,generic,2012,intro2012,basisDerivedEra,yes,InterNetX Corp.,United States of America (the),2014-07-03,https://www.iana.org/domains/root/db/ltda.html | https://newgtlds.icann.org/en/program-status/statistics
.lu,.lu,delegated,yes,country-code,,introCcTld,basisFormalType,yes,RESTENA,Luxembourg,1995-01-27,https://www.iana.org/domains/root/db/lu.html | https://www.iana.org/help/cctld-delegation-answers
.lundbeck,.lundbeck,delegated,yes,generic,2012,intro2012,basisDerivedEra,yes,H. Lundbeck A/S,Denmark,2016-06-16,https://www.iana.org/domains/root/db/lundbeck.html | https://newgtlds.icann.org/en/program-status/statistics
.lupin,.lupin,notDelegated,no,generic,2012,intro2012,basisDerivedEra,yes,,,2015-03-19,https://www.iana.org/domains/root/db/lupin.html | https://newgtlds.icann.org/en/program-status/statistics
.luxe,.luxe,delegated,yes,generic,2012,intro2012,basisDerivedEra,yes,"Registry Services, LLC",United States of America (the),2014-03-13,https://www.iana.org/domains/root/db/luxe.html | https://newgtlds.icann.org/en/program-status/statistics
.luxury,.luxury,delegated,yes,generic,2012,intro2012,basisDerivedEra,yes,Luxury Partners LLC,United States of America (the),2014-01-09,https://www.iana.org/domains/root/db/luxury.html | https://newgtlds.icann.org/en/program-status/statistics
.lv,.lv,delegated,yes,country-code,,introCcTld,basisFormalType,yes,"University of Latvia, Institute of Mathematics and Computer Science, Department of Network Solutions (DNS)",Latvia,1993-04-29,https://www.iana.org/domains/root/db/lv.html | https://www.iana.org/help/cctld-delegation-answers
.ly,.ly,delegated,yes,country-code,,introCcTld,basisFormalType,yes,General Authority of Communications and Informatics (GACI),Libya,1997-04-23,https://www.iana.org/domains/root/db/ly.html | https://www.iana.org/help/cctld-delegation-answers
.ma,.ma,delegated,yes,country-code,,introCcTld,basisFormalType,yes,Agence Nationale de Réglementation des Télécommunications (ANRT),Morocco,1993-11-26,https://www.iana.org/domains/root/db/ma.html | https://www.iana.org/help/cctld-delegation-answers
.macys,.macys,notDelegated,no,generic,2012,intro2012,basisDerivedEra,yes,,,2016-06-24,https://www.iana.org/domains/root/db/macys.html | https://newgtlds.icann.org/en/program-status/statistics
.madrid,.madrid,delegated,yes,generic,2012,intro2012,basisDerivedEra,yes,Comunidad de Madrid,Spain,2014-10-02,https://www.iana.org/domains/root/db/madrid.html | https://newgtlds.icann.org/en/program-status/statistics
.maif,.maif,delegated,yes,generic,2012,intro2012,basisDerivedEra,yes,Mutuelle Assurance Instituteur France (MAIF),France,2015-02-13,https://www.iana.org/domains/root/db/maif.html | https://newgtlds.icann.org/en/program-status/statistics
.maison,.maison,delegated,yes,generic,2012,intro2012,basisDerivedEra,yes,"Binky Moon, LLC",United States of America (the),2014-02-06,https://www.iana.org/domains/root/db/maison.html | https://newgtlds.icann.org/en/program-status/statistics
.makeup,.makeup,delegated,yes,generic,2012,intro2012,basisDerivedEra,yes,XYZ.COM LLC,United States of America (the),2015-12-23,https://www.iana.org/domains/root/db/makeup.html | https://newgtlds.icann.org/en/program-status/statistics
.man,.man,delegated,yes,generic,2012,intro2012,basisDerivedEra,yes,MAN Truck & Bus SE,Germany,2015-02-27,https://www.iana.org/domains/root/db/man.html | https://newgtlds.icann.org/en/program-status/statistics
.management,.management,delegated,yes,generic,2012,intro2012,basisDerivedEra,yes,"Binky Moon, LLC",United States of America (the),2013-12-12,https://www.iana.org/domains/root/db/management.html | https://newgtlds.icann.org/en/program-status/statistics
.mango,.mango,delegated,yes,generic,2012,intro2012,basisDerivedEra,yes,PUNTO FA S.L.,Spain,2014-01-23,https://www.iana.org/domains/root/db/mango.html | https://newgtlds.icann.org/en/program-status/statistics
.map,.map,delegated,yes,generic,2012,intro2012,basisDerivedEra,yes,Charleston Road Registry Inc.,United States of America (the),2017-06-08,https://www.iana.org/domains/root/db/map.html | https://newgtlds.icann.org/en/program-status/statistics
.market,.market,delegated,yes,generic,2012,intro2012,basisDerivedEra,yes,"Dog Beach, LLC",United States of America (the),2014-05-22,https://www.iana.org/domains/root/db/market.html | https://newgtlds.icann.org/en/program-status/statistics
.marketing,.marketing,delegated,yes,generic,2012,intro2012,basisDerivedEra,yes,"Binky Moon, LLC",United States of America (the),2014-01-09,https://www.iana.org/domains/root/db/marketing.html | https://newgtlds.icann.org/en/program-status/statistics
.markets,.markets,delegated,yes,generic,2012,intro2012,basisDerivedEra,yes,"Dog Beach, LLC",United States of America (the),2015-03-06,https://www.iana.org/domains/root/db/markets.html | https://newgtlds.icann.org/en/program-status/statistics
.marriott,.marriott,delegated,yes,generic,2012,intro2012,basisDerivedEra,yes,Marriott Worldwide Corporation,United States of America (the),2014-12-18,https://www.iana.org/domains/root/db/marriott.html | https://newgtlds.icann.org/en/program-status/statistics
.marshalls,.marshalls,delegated,yes,generic,2012,intro2012,basisDerivedEra,yes,"The TJX Companies, Inc.",United States of America (the),2016-04-07,https://www.iana.org/domains/root/db/marshalls.html | https://newgtlds.icann.org/en/program-status/statistics
.maserati,.maserati,notDelegated,no,generic,2012,intro2012,basisDerivedEra,yes,,,2016-07-14,https://www.iana.org/domains/root/db/maserati.html | https://newgtlds.icann.org/en/program-status/statistics
.mattel,.mattel,delegated,yes,generic,2012,intro2012,basisDerivedEra,yes,"Mattel IT Services, Inc.",United States of America (the),2016-01-22,https://www.iana.org/domains/root/db/mattel.html | https://newgtlds.icann.org/en/program-status/statistics
.mba,.mba,delegated,yes,generic,2012,intro2012,basisDerivedEra,yes,"Binky Moon, LLC",United States of America (the),2015-05-14,https://www.iana.org/domains/root/db/mba.html | https://newgtlds.icann.org/en/program-status/statistics
.mc,.mc,delegated,yes,country-code,,introCcTld,basisFormalType,yes,Direction des Plateformes et des Ressources Numériques,Monaco,1995-01-20,https://www.iana.org/domains/root/db/mc.html | https://www.iana.org/help/cctld-delegation-answers
.mcd,.mcd,notDelegated,no,generic,2012,intro2012,basisDerivedEra,yes,,,2016-07-07,https://www.iana.org/domains/root/db/mcd.html | https://newgtlds.icann.org/en/program-status/statistics
.mcdonalds,.mcdonalds,notDelegated,no,generic,2012,intro2012,basisDerivedEra,yes,,,2016-07-07,https://www.iana.org/domains/root/db/mcdonalds.html | https://newgtlds.icann.org/en/program-status/statistics
.mckinsey,.mckinsey,delegated,yes,generic,2012,intro2012,basisDerivedEra,yes,"McKinsey Holdings, Inc.",United States of America (the),2016-07-21,https://www.iana.org/domains/root/db/mckinsey.html | https://newgtlds.icann.org/en/program-status/statistics
.md,.md,delegated,yes,country-code,,introCcTld,basisFormalType,yes,IP Serviciul Tehnologia Informatiei si Securitate Cibernetica,Moldova (the Republic of),1994-03-24,https://www.iana.org/domains/root/db/md.html | https://www.iana.org/help/cctld-delegation-answers
.me,.me,delegated,yes,country-code,,introCcTld,basisFormalType,yes,Government of Montenegro,Montenegro,2007-09-24,https://www.iana.org/domains/root/db/me.html | https://www.iana.org/help/cctld-delegation-answers
.med,.med,delegated,yes,generic,2012,intro2012,basisDerivedEra,yes,Medistry LLC,United States of America (the),2015-11-12,https://www.iana.org/domains/root/db/med.html | https://newgtlds.icann.org/en/program-status/statistics
.media,.media,delegated,yes,generic,2012,intro2012,basisDerivedEra,yes,"Binky Moon, LLC",United States of America (the),2014-04-03,https://www.iana.org/domains/root/db/media.html | https://newgtlds.icann.org/en/program-status/statistics
.meet,.meet,delegated,yes,generic,2012,intro2012,basisDerivedEra,yes,Charleston Road Registry Inc.,United States of America (the),2014-03-20,https://www.iana.org/domains/root/db/meet.html | https://newgtlds.icann.org/en/program-status/statistics
.melbourne,.melbourne,delegated,yes,generic,2012,intro2012,basisDerivedEra,yes,"The Crown in right of the State of Victoria, represented by its Department of State Development, Business and Innovation",Australia,2014-07-03,https://www.iana.org/domains/root/db/melbourne.html | https://newgtlds.icann.org/en/program-status/statistics
.meme,.meme,delegated,yes,generic,2012,intro2012,basisDerivedEra,yes,Charleston Road Registry Inc.,United States of America (the),2014-06-12,https://www.iana.org/domains/root/db/meme.html | https://newgtlds.icann.org/en/program-status/statistics
.memorial,.memorial,delegated,yes,generic,2012,intro2012,basisDerivedEra,yes,"Dog Beach, LLC",United States of America (the),2014-11-20,https://www.iana.org/domains/root/db/memorial.html | https://newgtlds.icann.org/en/program-status/statistics
.men,.men,delegated,yes,generic,2012,intro2012,basisDerivedEra,yes,Exclusive Registry Limited,Gibraltar,2015-05-08,https://www.iana.org/domains/root/db/men.html | https://newgtlds.icann.org/en/program-status/statistics
.menu,.menu,delegated,yes,generic,2012,intro2012,basisDerivedEra,yes,Dot Menu Registry LLC,United States of America (the),2013-11-13,https://www.iana.org/domains/root/db/menu.html | https://newgtlds.icann.org/en/program-status/statistics
.meo,.meo,notDelegated,no,generic,2012,intro2012,basisDerivedEra,yes,,,2015-01-15,https://www.iana.org/domains/root/db/meo.html | https://newgtlds.icann.org/en/program-status/statistics
.merck,.merck,delegated,yes,generic,2012,intro2012,basisDerivedEra,yes,"Merck Registry Holdings, Inc.",France,,https://www.iana.org/domains/root/db/merck.html | https://newgtlds.icann.org/en/program-status/statistics
.merckmsd,.merckmsd,delegated,yes,generic,2012,intro2012,basisDerivedEra,yes,"MSD Registry Holdings, Inc.",United States of America (the),2017-06-15,https://www.iana.org/domains/root/db/merckmsd.html | https://newgtlds.icann.org/en/program-status/statistics
.metlife,.metlife,notDelegated,no,generic,2012,intro2012,basisDerivedEra,yes,,,2016-03-18,https://www.iana.org/domains/root/db/metlife.html | https://newgtlds.icann.org/en/program-status/statistics
.mf,.mf,notDelegated,no,country-code,,introCcTld,basisFormalType,yes,,,2007-10-11,https://www.iana.org/domains/root/db/mf.html | https://www.iana.org/help/cctld-delegation-answers
.mg,.mg,delegated,yes,country-code,,introCcTld,basisFormalType,yes,NIC-MG (Network Information Center Madagascar),Madagascar,1995-07-25,https://www.iana.org/domains/root/db/mg.html | https://www.iana.org/help/cctld-delegation-answers
.mh,.mh,delegated,yes,country-code,,introCcTld,basisFormalType,yes,Office of the Cabinet,Marshall Islands (the),1996-08-16,https://www.iana.org/domains/root/db/mh.html | https://www.iana.org/help/cctld-delegation-answers
.miami,.miami,delegated,yes,generic,2012,intro2012,basisDerivedEra,yes,"Registry Services, LLC",United States of America (the),2014-02-28,https://www.iana.org/domains/root/db/miami.html | https://newgtlds.icann.org/en/program-status/statistics
.microsoft,.microsoft,delegated,yes,generic,2012,intro2012,basisDerivedEra,yes,Microsoft Corporation,United States of America (the),2015-04-30,https://www.iana.org/domains/root/db/microsoft.html | https://newgtlds.icann.org/en/program-status/statistics
.mil,.mil,delegated,yes,sponsored,legacy,introLegacyGtld,basisDocumentedSet,yes,DoD Network Information Center,United States of America (the),1985-01-01,https://www.iana.org/domains/root/db/mil.html | https://archive.icann.org/en/tlds/
.mini,.mini,delegated,yes,generic,2012,intro2012,basisDerivedEra,yes,Bayerische Motoren Werke Aktiengesellschaft,Germany,2014-06-05,https://www.iana.org/domains/root/db/mini.html | https://newgtlds.icann.org/en/program-status/statistics
.mint,.mint,delegated,yes,generic,2012,intro2012,basisDerivedEra,yes,"Intuit Administrative Services, Inc.",United States of America (the),2016-06-09,https://www.iana.org/domains/root/db/mint.html | https://newgtlds.icann.org/en/program-status/statistics
.mit,.mit,delegated,yes,generic,2012,intro2012,basisDerivedEra,yes,Massachusetts Institute of Technology,United States of America (the),2016-06-24,https://www.iana.org/domains/root/db/mit.html | https://newgtlds.icann.org/en/program-status/statistics
.mitsubishi,.mitsubishi,delegated,yes,generic,2012,intro2012,basisDerivedEra,yes,Mitsubishi Corporation,Japan,2016-06-24,https://www.iana.org/domains/root/db/mitsubishi.html | https://newgtlds.icann.org/en/program-status/statistics
.mk,.mk,delegated,yes,country-code,,introCcTld,basisFormalType,yes,Macedonian Academic Research Network Skopje,North Macedonia,1993-09-23,https://www.iana.org/domains/root/db/mk.html | https://www.iana.org/help/cctld-delegation-answers
.ml,.ml,delegated,yes,country-code,,introCcTld,basisFormalType,yes,Agence des Technologies de l’Information et de la Communication,Mali,1993-09-29,https://www.iana.org/domains/root/db/ml.html | https://www.iana.org/help/cctld-delegation-answers
.mlb,.mlb,delegated,yes,generic,2012,intro2012,basisDerivedEra,yes,"MLB Advanced Media DH, LLC",United States of America (the),2016-05-05,https://www.iana.org/domains/root/db/mlb.html | https://newgtlds.icann.org/en/program-status/statistics
.mls,.mls,delegated,yes,generic,2012,intro2012,basisDerivedEra,yes,The Canadian Real Estate Association,Canada,2015-08-20,https://www.iana.org/domains/root/db/mls.html | https://newgtlds.icann.org/en/program-status/statistics
.mm,.mm,delegated,yes,country-code,,introCcTld,basisFormalType,yes,Ministry of Transport and Communications,Myanmar,1997-02-04,https://www.iana.org/domains/root/db/mm.html | https://www.iana.org/help/cctld-delegation-answers
.mma,.mma,delegated,yes,generic,2012,intro2012,basisDerivedEra,yes,MMA IARD,France,2015-02-27,https://www.iana.org/domains/root/db/mma.html | https://newgtlds.icann.org/en/program-status/statistics
.mn,.mn,delegated,yes,country-code,,introCcTld,basisFormalType,yes,"Datacom Co., Ltd.",Mongolia,1995-03-02,https://www.iana.org/domains/root/db/mn.html | https://www.iana.org/help/cctld-delegation-answers
.mo,.mo,delegated,yes,country-code,,introCcTld,basisFormalType,yes,Macao Post and Telecommunications Bureau (CTT),Macao,1992-09-17,https://www.iana.org/domains/root/db/mo.html | https://www.iana.org/help/cctld-delegation-answers
.mobi,.mobi,delegated,yes,generic,2004,intro2004,basisDirect,yes,Identity Digital Limited,United States of America (the),2005-10-17,https://www.iana.org/domains/root/db/mobi.html | https://data.iana.org/TLD/tlds-alpha-by-domain.txt | https://www.icann.org/en/announcements/details/icann-progress-in-process-for-introducing-new-sponsored-top-level-domains-19-3-2004-en | https://archive.icann.org/en/tlds/tld-applications-lodged-02oct00.htm
.mobile,.mobile,delegated,yes,generic,2012,intro2012,basisDerivedEra,yes,Dish DBS Corporation,United States of America (the),2016-12-15,https://www.iana.org/domains/root/db/mobile.html | https://newgtlds.icann.org/en/program-status/statistics
.mobily,.mobily,notDelegated,no,generic,2012,intro2012,basisDerivedEra,yes,,,2015-12-03,https://www.iana.org/domains/root/db/mobily.html | https://newgtlds.icann.org/en/program-status/statistics
.moda,.moda,delegated,yes,generic,2012,intro2012,basisDerivedEra,yes,"Dog Beach, LLC",United States of America (the),2014-01-09,https://www.iana.org/domains/root/db/moda.html | https://newgtlds.icann.org/en/program-status/statistics
.moe,.moe,delegated,yes,generic,2012,intro2012,basisDerivedEra,yes,Interlink Systems Innovation Institute K.K.,Japan,2014-03-13,https://www.iana.org/domains/root/db/moe.html | https://newgtlds.icann.org/en/program-status/statistics
.moi,.moi,delegated,yes,generic,2012,intro2012,basisDerivedEra,yes,"Amazon Registry Services, Inc.",United States of America (the),2015-09-10,https://www.iana.org/domains/root/db/moi.html | https://newgtlds.icann.org/en/program-status/statistics
.mom,.mom,delegated,yes,generic,2012,intro2012,basisDerivedEra,yes,XYZ.COM LLC,United States of America (the),2015-08-13,https://www.iana.org/domains/root/db/mom.html | https://newgtlds.icann.org/en/program-status/statistics
.monash,.monash,delegated,yes,generic,2012,intro2012,basisDerivedEra,yes,Monash University,Australia,2014-01-09,https://www.iana.org/domains/root/db/monash.html | https://newgtlds.icann.org/en/program-status/statistics
.money,.money,delegated,yes,generic,2012,intro2012,basisDerivedEra,yes,"Binky Moon, LLC",United States of America (the),2014-11-20,https://www.iana.org/domains/root/db/money.html | https://newgtlds.icann.org/en/program-status/statistics
.monster,.monster,delegated,yes,generic,2012,intro2012,basisDerivedEra,yes,XYZ.COM LLC,United States of America (the),2015-12-23,https://www.iana.org/domains/root/db/monster.html | https://newgtlds.icann.org/en/program-status/statistics
.montblanc,.montblanc,notDelegated,no,generic,2012,intro2012,basisDerivedEra,yes,,,2014-11-20,https://www.iana.org/domains/root/db/montblanc.html | https://newgtlds.icann.org/en/program-status/statistics
.mopar,.mopar,notDelegated,no,generic,2012,intro2012,basisDerivedEra,yes,,,2016-07-07,https://www.iana.org/domains/root/db/mopar.html | https://newgtlds.icann.org/en/program-status/statistics
.mormon,.mormon,delegated,yes,generic,2012,intro2012,basisDerivedEra,yes,"IRI Domain Management, LLC (""Applicant"")",United States of America (the),2014-10-16,https://www.iana.org/domains/root/db/mormon.html | https://newgtlds.icann.org/en/program-status/statistics
.mortgage,.mortgage,delegated,yes,generic,2012,intro2012,basisDerivedEra,yes,"Dog Beach, LLC",United States of America (the),2014-05-22,https://www.iana.org/domains/root/db/mortgage.html | https://newgtlds.icann.org/en/program-status/statistics
.moscow,.moscow,delegated,yes,generic,2012,intro2012,basisDerivedEra,yes,Foundation for Assistance for Internet Technologies and Infrastructure Development (FAITID),Russian Federation (the),2014-04-17,https://www.iana.org/domains/root/db/moscow.html | https://newgtlds.icann.org/en/program-status/statistics
.moto,.moto,delegated,yes,generic,2012,intro2012,basisDerivedEra,yes,"Motorola Trademark Holdings, LLC",United States of America (the),2016-09-30,https://www.iana.org/domains/root/db/moto.html | https://newgtlds.icann.org/en/program-status/statistics
.motorcycles,.motorcycles,delegated,yes,generic,2012,intro2012,basisDerivedEra,yes,XYZ.COM LLC,United States of America (the),2014-05-01,https://www.iana.org/domains/root/db/motorcycles.html | https://newgtlds.icann.org/en/program-status/statistics
.mov,.mov,delegated,yes,generic,2012,intro2012,basisDerivedEra,yes,Charleston Road Registry Inc.,United States of America (the),2014-06-12,https://www.iana.org/domains/root/db/mov.html | https://newgtlds.icann.org/en/program-status/statistics
.movie,.movie,delegated,yes,generic,2012,intro2012,basisDirect,yes,"Binky Moon, LLC",United States of America (the),2015-03-12,https://www.iana.org/domains/root/db/movie.html | https://data.iana.org/TLD/tlds-alpha-by-domain.txt | https://newgtlds.icann.org/en/program-status/statistics | https://archive.icann.org/en/tlds/tld-applications-lodged-02oct00.htm
.movistar,.movistar,notDelegated,no,generic,2012,intro2012,basisDerivedEra,yes,,,2015-06-18,https://www.iana.org/domains/root/db/movistar.html | https://newgtlds.icann.org/en/program-status/statistics
.mp,.mp,delegated,yes,country-code,,introCcTld,basisFormalType,yes,"Saipan Datacom, Inc.",Northern Mariana Islands (the),1996-10-22,https://www.iana.org/domains/root/db/mp.html | https://www.iana.org/help/cctld-delegation-answers
.mq,.mq,delegated,yes,country-code,,introCcTld,basisFormalType,yes,CANAL+ TELECOM,France,1997-03-28,https://www.iana.org/domains/root/db/mq.html | https://www.iana.org/help/cctld-delegation-answers
.mr,.mr,delegated,yes,country-code,,introCcTld,basisFormalType,yes,Université de Nouakchott Al Aasriya,Mauritania,1996-04-24,https://www.iana.org/domains/root/db/mr.html | https://www.iana.org/help/cctld-delegation-answers
.ms,.ms,delegated,yes,country-code,,introCcTld,basisFormalType,yes,MNI Networks Ltd.,Montserrat,1997-03-06,https://www.iana.org/domains/root/db/ms.html | https://www.iana.org/help/cctld-delegation-answers
.msd,.msd,delegated,yes,generic,2012,intro2012,basisDerivedEra,yes,"MSD Registry Holdings, Inc.",United States of America (the),2016-06-24,https://www.iana.org/domains/root/db/msd.html | https://newgtlds.icann.org/en/program-status/statistics
.mt,.mt,delegated,yes,country-code,,introCcTld,basisFormalType,yes,NIC (Malta),Malta,1992-12-02,https://www.iana.org/domains/root/db/mt.html | https://www.iana.org/help/cctld-delegation-answers
.mtn,.mtn,delegated,yes,generic,2012,intro2012,basisDerivedEra,yes,MTN Dubai Limited,United Arab Emirates (the),2015-03-12,https://www.iana.org/domains/root/db/mtn.html | https://newgtlds.icann.org/en/program-status/statistics
.mtpc,.mtpc,notDelegated,no,generic,2012,intro2012,basisDerivedEra,yes,,,2015-02-27,https://www.iana.org/domains/root/db/mtpc.html | https://newgtlds.icann.org/en/program-status/statistics
.mtr,.mtr,delegated,yes,generic,2012,intro2012,basisDerivedEra,yes,MTR Corporation Limited,Hong Kong,2015-07-31,https://www.iana.org/domains/root/db/mtr.html | https://newgtlds.icann.org/en/program-status/statistics
.mu,.mu,delegated,yes,country-code,,introCcTld,basisFormalType,yes,Internet Direct Ltd,Mauritius,1995-10-06,https://www.iana.org/domains/root/db/mu.html | https://www.iana.org/help/cctld-delegation-answers
.museum,.museum,delegated,yes,sponsored,2000,intro2000,basisDirect,yes,Museum Domain Management Association,France,2001-10-20,https://www.iana.org/domains/root/db/museum.html | https://data.iana.org/TLD/tlds-alpha-by-domain.txt | https://archive.icann.org/en/tlds/ | https://archive.icann.org/en/tlds/tld-applications-lodged-02oct00.htm | https://www.icann.org/en/announcements/details/icann-announces-selections-for-new-top-level-domains-16-11-2000-en
.music,.music,delegated,yes,generic,2012,intro2012,basisDirect,yes,DotMusic Limited,Cyprus,2021-10-14,https://www.iana.org/domains/root/db/music.html | https://data.iana.org/TLD/tlds-alpha-by-domain.txt | https://newgtlds.icann.org/en/program-status/statistics | https://archive.icann.org/en/tlds/tld-applications-lodged-02oct00.htm
.mutual,.mutual,notDelegated,no,generic,2012,intro2012,basisDerivedEra,yes,,,2015-07-02,https://www.iana.org/domains/root/db/mutual.html | https://newgtlds.icann.org/en/program-status/statistics
.mutuelle,.mutuelle,notDelegated,no,generic,2012,intro2012,basisDerivedEra,yes,,,2015-09-24,https://www.iana.org/domains/root/db/mutuelle.html | https://newgtlds.icann.org/en/program-status/statistics
.mv,.mv,delegated,yes,country-code,,introCcTld,basisFormalType,yes,Dhivehi Raajjeyge Gulhun PLC,Maldives,1996-09-25,https://www.iana.org/domains/root/db/mv.html | https://www.iana.org/help/cctld-delegation-answers
.mw,.mw,delegated,yes,country-code,,introCcTld,basisFormalType,yes,Malawi Sustainable Development Network Programme (Malawi SDNP),Malawi,1997-01-03,https://www.iana.org/domains/root/db/mw.html | https://www.iana.org/help/cctld-delegation-answers
.mx,.mx,delegated,yes,country-code,,introCcTld,basisFormalType,yes,NIC-Mexico ITESM - Campus Monterrey,Mexico,1989-02-01,https://www.iana.org/domains/root/db/mx.html | https://www.iana.org/help/cctld-delegation-answers
.my,.my,delegated,yes,country-code,,introCcTld,basisFormalType,yes,MYNIC Berhad,Malaysia,1987-06-08,https://www.iana.org/domains/root/db/my.html | https://www.iana.org/help/cctld-delegation-answers
.mz,.mz,delegated,yes,country-code,,introCcTld,basisFormalType,yes,Centro de Informatica de Universidade Eduardo Mondlane,Mozambique,1992-09-04,https://www.iana.org/domains/root/db/mz.html | https://www.iana.org/help/cctld-delegation-answers
.na,.na,delegated,yes,country-code,,introCcTld,basisFormalType,yes,Namibian Network Information Center,Namibia,1991-05-08,https://www.iana.org/domains/root/db/na.html | https://www.iana.org/help/cctld-delegation-answers
.nab,.nab,delegated,yes,generic,2012,intro2012,basisDerivedEra,yes,National Australia Bank Limited,Australia,2016-08-04,https://www.iana.org/domains/root/db/nab.html | https://newgtlds.icann.org/en/program-status/statistics
.nadex,.nadex,notDelegated,no,generic,2012,intro2012,basisDerivedEra,yes,,,2015-04-02,https://www.iana.org/domains/root/db/nadex.html | https://newgtlds.icann.org/en/program-status/statistics
.nagoya,.nagoya,delegated,yes,generic,2012,intro2012,basisDerivedEra,yes,"GMO Registry, Inc.",Japan,2014-01-16,https://www.iana.org/domains/root/db/nagoya.html | https://newgtlds.icann.org/en/program-status/statistics
.name,.name,delegated,yes,generic-restricted,2000,intro2000,basisDirect,yes,"VeriSign Information Services, Inc.",United States of America (the),2001-08-17,https://www.iana.org/domains/root/db/name.html | https://data.iana.org/TLD/tlds-alpha-by-domain.txt | https://archive.icann.org/en/tlds/ | https://archive.icann.org/en/tlds/tld-applications-lodged-02oct00.htm | https://www.icann.org/en/announcements/details/icann-announces-selections-for-new-top-level-domains-16-11-2000-en
.nationwide,.nationwide,notDelegated,no,generic,2012,intro2012,basisDerivedEra,yes,,,2016-04-22,https://www.iana.org/domains/root/db/nationwide.html | https://newgtlds.icann.org/en/program-status/statistics
.nato,.nato,retired,no,generic,,introHistoricalTld,basisDirect,no,,,,https://www.icann.org/en/board-activities-and-meetings/materials/transcript-part-iii-ec-pop-meeting-with-icann-board-members-25-11-1998-en
.natura,.natura,notDelegated,no,generic,2012,intro2012,basisDerivedEra,yes,,,2016-01-29,https://www.iana.org/domains/root/db/natura.html | https://newgtlds.icann.org/en/program-status/statistics
.navy,.navy,delegated,yes,generic,2012,intro2012,basisDerivedEra,yes,"Dog Beach, LLC",United States of America (the),2014-05-29,https://www.iana.org/domains/root/db/navy.html | https://newgtlds.icann.org/en/program-status/statistics
.nba,.nba,delegated,yes,generic,2012,intro2012,basisDerivedEra,yes,"NBA REGISTRY, LLC",United States of America (the),2016-07-14,https://www.iana.org/domains/root/db/nba.html | https://newgtlds.icann.org/en/program-status/statistics
.nc,.nc,delegated,yes,country-code,,introCcTld,basisFormalType,yes,Office des Postes et Telecommunications,New Caledonia,1993-10-13,https://www.iana.org/domains/root/db/nc.html | https://www.iana.org/help/cctld-delegation-answers
.ne,.ne,delegated,yes,country-code,,introCcTld,basisFormalType,yes,Niger Télécoms SA (NIGERTELECOMS),Niger (the),1996-04-24,https://www.iana.org/domains/root/db/ne.html | https://www.iana.org/help/cctld-delegation-answers
.nec,.nec,delegated,yes,generic,2012,intro2012,basisDerivedEra,yes,NEC Corporation,Japan,2015-04-02,https://www.iana.org/domains/root/db/nec.html | https://newgtlds.icann.org/en/program-status/statistics
.net,.net,delegated,yes,generic,legacy,introLegacyGtld,basisDocumentedSet,yes,VeriSign Global Registry Services,United States of America (the),1985-01-01,https://www.iana.org/domains/root/db/net.html | https://archive.icann.org/en/tlds/
.netbank,.netbank,delegated,yes,generic,2012,intro2012,basisDerivedEra,yes,COMMONWEALTH BANK OF AUSTRALIA,Australia,2015-03-26,https://www.iana.org/domains/root/db/netbank.html | https://newgtlds.icann.org/en/program-status/statistics
.netflix,.netflix,delegated,yes,generic,2012,intro2012,basisDerivedEra,yes,"Netflix, Inc.",United States of America (the),2016-05-05,https://www.iana.org/domains/root/db/netflix.html | https://newgtlds.icann.org/en/program-status/statistics
.network,.network,delegated,yes,generic,2012,intro2012,basisDerivedEra,yes,"Binky Moon, LLC",United States of America (the),2014-08-18,https://www.iana.org/domains/root/db/network.html | https://newgtlds.icann.org/en/program-status/statistics
.neustar,.neustar,delegated,yes,generic,2012,intro2012,basisDerivedEra,yes,"NeuStar, Inc.",United States of America (the),2014-02-06,https://www.iana.org/domains/root/db/neustar.html | https://newgtlds.icann.org/en/program-status/statistics
.new,.new,delegated,yes,generic,2012,intro2012,basisDerivedEra,yes,Charleston Road Registry Inc.,United States of America (the),2014-06-12,https://www.iana.org/domains/root/db/new.html | https://newgtlds.icann.org/en/program-status/statistics
.newholland,.newholland,notDelegated,no,generic,2012,intro2012,basisDerivedEra,yes,,,2016-10-27,https://www.iana.org/domains/root/db/newholland.html | https://newgtlds.icann.org/en/program-status/statistics
.news,.news,delegated,yes,generic,2012,intro2012,basisDerivedEra,yes,"Dog Beach, LLC",United States of America (the),2015-03-12,https://www.iana.org/domains/root/db/news.html | https://newgtlds.icann.org/en/program-status/statistics
.next,.next,delegated,yes,generic,2012,intro2012,basisDerivedEra,yes,Next plc,United Kingdom of Great Britain and Northern Ireland (the),2016-04-21,https://www.iana.org/domains/root/db/next.html | https://newgtlds.icann.org/en/program-status/statistics
.nextdirect,.nextdirect,delegated,yes,generic,2012,intro2012,basisDerivedEra,yes,Next plc,United Kingdom of Great Britain and Northern Ireland (the),2016-04-21,https://www.iana.org/domains/root/db/nextdirect.html | https://newgtlds.icann.org/en/program-status/statistics
.nexus,.nexus,delegated,yes,generic,2012,intro2012,basisDerivedEra,yes,Charleston Road Registry Inc.,United States of America (the),2014-09-04,https://www.iana.org/domains/root/db/nexus.html | https://newgtlds.icann.org/en/program-status/statistics
.nf,.nf,delegated,yes,country-code,,introCcTld,basisFormalType,yes,Norfolk Island Data Services,Norfolk Island,1996-03-18,https://www.iana.org/domains/root/db/nf.html | https://www.iana.org/help/cctld-delegation-answers
.nfl,.nfl,delegated,yes,generic,2012,intro2012,basisDerivedEra,yes,NFL Reg Ops LLC,United States of America (the),2016-06-03,https://www.iana.org/domains/root/db/nfl.html | https://newgtlds.icann.org/en/program-status/statistics
.ng,.ng,delegated,yes,country-code,,introCcTld,basisFormalType,yes,Nigeria Internet Registration Association,Nigeria,1995-03-15,https://www.iana.org/domains/root/db/ng.html | https://www.iana.org/help/cctld-delegation-answers
.ngo,.ngo,delegated,yes,generic,2012,intro2012,basisDerivedEra,yes,Public Interest Registry,United States of America (the),2014-07-10,https://www.iana.org/domains/root/db/ngo.html | https://newgtlds.icann.org/en/program-status/statistics
.nhk,.nhk,delegated,yes,generic,2012,intro2012,basisDerivedEra,yes,Japan Broadcasting Corporation (NHK),Japan,2014-04-24,https://www.iana.org/domains/root/db/nhk.html | https://newgtlds.icann.org/en/program-status/statistics
.ni,.ni,delegated,yes,country-code,,introCcTld,basisFormalType,yes,Universidad Nacional del Ingernieria. Division de Tecnologias de la Informacion.,Nicaragua,1989-10-13,https://www.iana.org/domains/root/db/ni.html | https://www.iana.org/help/cctld-delegation-answers
.nico,.nico,delegated,yes,generic,2012,intro2012,basisDerivedEra,yes,"DWANGO Co., Ltd.",Japan,2015-02-05,https://www.iana.org/domains/root/db/nico.html | https://newgtlds.icann.org/en/program-status/statistics
.nike,.nike,delegated,yes,generic,2012,intro2012,basisDerivedEra,yes,"NIKE, Inc.",United States of America (the),2015-10-29,https://www.iana.org/domains/root/db/nike.html | https://newgtlds.icann.org/en/program-status/statistics
.nikon,.nikon,delegated,yes,generic,2012,intro2012,basisDerivedEra,yes,NIKON CORPORATION,Japan,2015-10-01,https://www.iana.org/domains/root/db/nikon.html | https://newgtlds.icann.org/en/program-status/statistics
.ninja,.ninja,delegated,yes,generic,2012,intro2012,basisDirect,yes,"Dog Beach, LLC",United States of America (the),2013-12-19,https://www.iana.org/domains/root/db/ninja.html | https://data.iana.org/TLD/tlds-alpha-by-domain.txt | https://newgtlds.icann.org/en/program-status/statistics
.nissan,.nissan,delegated,yes,generic,2012,intro2012,basisDerivedEra,yes,"NISSAN MOTOR CO., LTD.",Japan,2014-07-10,https://www.iana.org/domains/root/db/nissan.html | https://newgtlds.icann.org/en/program-status/statistics
.nissay,.nissay,delegated,yes,generic,2012,intro2012,basisDerivedEra,yes,Nippon Life Insurance Company,Japan,2016-01-08,https://www.iana.org/domains/root/db/nissay.html | https://newgtlds.icann.org/en/program-status/statistics
.nl,.nl,delegated,yes,country-code,,introCcTld,basisFormalType,yes,SIDN (Stichting Internet Domeinregistratie Nederland),Netherlands (the),1986-04-25,https://www.iana.org/domains/root/db/nl.html | https://www.iana.org/help/cctld-delegation-answers
.no,.no,delegated,yes,country-code,,introCcTld,basisFormalType,yes,Norid A/S,Norway,1987-03-17,https://www.iana.org/domains/root/db/no.html | https://www.iana.org/help/cctld-delegation-answers
.nokia,.nokia,delegated,yes,generic,2012,intro2012,basisDerivedEra,yes,Nokia Corporation,Finland,2015-04-23,https://www.iana.org/domains/root/db/nokia.html | https://newgtlds.icann.org/en/program-status/statistics
.northwesternmutual,.northwesternmutual,notDelegated,no,generic,2012,intro2012,basisDerivedEra,yes,,,2015-12-04,https://www.iana.org/domains/root/db/northwesternmutual.html | https://newgtlds.icann.org/en/program-status/statistics
.norton,.norton,delegated,yes,generic,2012,intro2012,basisDerivedEra,yes,Gen Digital Inc.,United States of America (the),2015-09-24,https://www.iana.org/domains/root/db/norton.html | https://newgtlds.icann.org/en/program-status/statistics
.now,.now,delegated,yes,generic,2012,intro2012,basisDerivedEra,yes,"Amazon Registry Services, Inc.",United States of America (the),2016-05-19,https://www.iana.org/domains/root/db/now.html | https://newgtlds.icann.org/en/program-status/statistics
.nowruz,.nowruz,delegated,yes,generic,2012,intro2012,basisDerivedEra,yes,Emergency Back-End Registry Operator Program - ICANN,United States of America (the),2015-11-25,https://www.iana.org/domains/root/db/nowruz.html | https://newgtlds.icann.org/en/program-status/statistics
.nowtv,.nowtv,delegated,yes,generic,2012,intro2012,basisDerivedEra,yes,Starbucks (HK) Limited,China,2016-04-15,https://www.iana.org/domains/root/db/nowtv.html | https://newgtlds.icann.org/en/program-status/statistics
.np,.np,delegated,yes,country-code,,introCcTld,basisFormalType,yes,Mercantile Communications Pvt. Ltd.,Nepal,1995-01-25,https://www.iana.org/domains/root/db/np.html | https://www.iana.org/help/cctld-delegation-answers
.nr,.nr,delegated,yes,country-code,,introCcTld,basisFormalType,yes,CENPAC NET,Nauru,1998-03-30,https://www.iana.org/domains/root/db/nr.html | https://www.iana.org/help/cctld-delegation-answers
.nra,.nra,delegated,yes,generic,2012,intro2012,basisDerivedEra,yes,National Rifle Association of America,United States of America (the),2014-07-10,https://www.iana.org/domains/root/db/nra.html | https://newgtlds.icann.org/en/program-status/statistics
.nrw,.nrw,delegated,yes,generic,2012,intro2012,basisDerivedEra,yes,Minds + Machines GmbH,Germany,2014-05-29,https://www.iana.org/domains/root/db/nrw.html | https://newgtlds.icann.org/en/program-status/statistics
.ntt,.ntt,delegated,yes,generic,2012,intro2012,basisDerivedEra,yes,NIPPON TELEGRAPH AND TELEPHONE CORPORATION,Japan,2015-01-08,https://www.iana.org/domains/root/db/ntt.html | https://newgtlds.icann.org/en/program-status/statistics
.nu,.nu,delegated,yes,country-code,,introCcTld,basisFormalType,yes,The IUSN Foundation,Niue,1997-06-20,https://www.iana.org/domains/root/db/nu.html | https://www.iana.org/help/cctld-delegation-answers
.nyc,.nyc,delegated,yes,generic,2012,intro2012,basisDirect,yes,The City of New York by and through the New York City Department of Information Technology & Telecommunications,United States of America (the),2014-03-13,https://www.iana.org/domains/root/db/nyc.html | https://data.iana.org/TLD/tlds-alpha-by-domain.txt | https://archive.icann.org/en/tlds/tld-review-update-23oct00.htm | https://archive.icann.org/en/tlds/ | https://www.iana.org/domains/root/db | https://www.icann.org/en/announcements/details/tld-application-review-update-23-10-2000-en | https://newgtlds.icann.org/en/program-status/statistics | https://archive.icann.org/en/tlds/tld-applications-lodged-02oct00.htm
.nz,.nz,delegated,yes,country-code,,introCcTld,basisFormalType,yes,InternetNZ,New Zealand,1987-01-19,https://www.iana.org/domains/root/db/nz.html | https://www.iana.org/help/cctld-delegation-answers
.obi,.obi,delegated,yes,generic,2012,intro2012,basisDerivedEra,yes,OBI Group Holding SE & Co. KGaA,Germany,2015-09-03,https://www.iana.org/domains/root/db/obi.html | https://newgtlds.icann.org/en/program-status/statistics
.observer,.observer,delegated,yes,generic,2012,intro2012,basisDerivedEra,yes,"Fegistry, LLC",United States of America (the),2016-09-15,https://www.iana.org/domains/root/db/observer.html | https://newgtlds.icann.org/en/program-status/statistics
.off,.off,notDelegated,no,generic,2012,intro2012,basisDerivedEra,yes,,,2016-07-14,https://www.iana.org/domains/root/db/off.html | https://newgtlds.icann.org/en/program-status/statistics
.office,.office,delegated,yes,generic,2012,intro2012,basisDerivedEra,yes,Microsoft Corporation,United States of America (the),2015-06-04,https://www.iana.org/domains/root/db/office.html | https://newgtlds.icann.org/en/program-status/statistics
.okinawa,.okinawa,delegated,yes,generic,2012,intro2012,basisDerivedEra,yes,"BRregistry, Inc.",Japan,2014-02-20,https://www.iana.org/domains/root/db/okinawa.html | https://newgtlds.icann.org/en/program-status/statistics
.olayan,.olayan,delegated,yes,generic,2012,intro2012,basisDerivedEra,yes,Competrol (Luxembourg) Sarl,Luxembourg,2016-04-21,https://www.iana.org/domains/root/db/olayan.html | https://newgtlds.icann.org/en/program-status/statistics
.olayangroup,.olayangroup,delegated,yes,generic,2012,intro2012,basisDerivedEra,yes,Competrol (Luxembourg) Sarl,Luxembourg,2016-04-21,https://www.iana.org/domains/root/db/olayangroup.html | https://newgtlds.icann.org/en/program-status/statistics
.oldnavy,.oldnavy,notDelegated,no,generic,2012,intro2012,basisDerivedEra,yes,,,2016-07-14,https://www.iana.org/domains/root/db/oldnavy.html | https://newgtlds.icann.org/en/program-status/statistics
.ollo,.ollo,delegated,yes,generic,2012,intro2012,basisDerivedEra,yes,Dish DBS Corporation,United States of America (the),2016-05-19,https://www.iana.org/domains/root/db/ollo.html | https://newgtlds.icann.org/en/program-status/statistics
.om,.om,delegated,yes,country-code,,introCcTld,basisFormalType,yes,Telecommunications Regulatory Authority (TRA),Oman,1996-04-11,https://www.iana.org/domains/root/db/om.html | https://www.iana.org/help/cctld-delegation-answers
.omega,.omega,delegated,yes,generic,2012,intro2012,basisDerivedEra,yes,The Swatch Group Ltd,Switzerland,2015-04-23,https://www.iana.org/domains/root/db/omega.html | https://newgtlds.icann.org/en/program-status/statistics
.one,.one,delegated,yes,generic,2012,intro2012,basisDerivedEra,yes,One.com A/S,Denmark,2014-12-18,https://www.iana.org/domains/root/db/one.html | https://newgtlds.icann.org/en/program-status/statistics
.ong,.ong,delegated,yes,generic,2012,intro2012,basisDerivedEra,yes,Public Interest Registry,United States of America (the),2014-07-10,https://www.iana.org/domains/root/db/ong.html | https://newgtlds.icann.org/en/program-status/statistics
.onl,.onl,delegated,yes,generic,2012,intro2012,basisDerivedEra,yes,"Jolly Host, LLC",United States of America (the),2013-12-12,https://www.iana.org/domains/root/db/onl.html | https://newgtlds.icann.org/en/program-status/statistics
.online,.online,delegated,yes,generic,2012,intro2012,basisDerivedEra,yes,Radix Technologies Inc. SEZC,Cayman Islands (the),2015-03-06,https://www.iana.org/domains/root/db/online.html | https://newgtlds.icann.org/en/program-status/statistics
.onyourside,.onyourside,notDelegated,no,generic,2012,intro2012,basisDerivedEra,yes,,,2016-04-22,https://www.iana.org/domains/root/db/onyourside.html | https://newgtlds.icann.org/en/program-status/statistics
.ooo,.ooo,delegated,yes,generic,2012,intro2012,basisDerivedEra,yes,INFIBEAM AVENUES LIMITED,India,2014-07-31,https://www.iana.org/domains/root/db/ooo.html | https://newgtlds.icann.org/en/program-status/statistics
.open,.open,delegated,yes,generic,2012,intro2012,basisDerivedEra,yes,"American Express Travel Related Services Company, Inc.",United States of America (the),2016-07-21,https://www.iana.org/domains/root/db/open.html | https://newgtlds.icann.org/en/program-status/statistics
.oracle,.oracle,delegated,yes,generic,2012,intro2012,basisDerivedEra,yes,Oracle Corporation,United States of America (the),2015-01-15,https://www.iana.org/domains/root/db/oracle.html | https://newgtlds.icann.org/en/program-status/statistics
.orange,.orange,delegated,yes,generic,2012,intro2012,basisDerivedEra,yes,Orange Brand Services Limited,United Kingdom of Great Britain and Northern Ireland (the),2015-06-18,https://www.iana.org/domains/root/db/orange.html | https://newgtlds.icann.org/en/program-status/statistics
.org,.org,delegated,yes,generic,legacy,introLegacyGtld,basisDocumentedSet,yes,Public Interest Registry (PIR),United States of America (the),1985-01-01,https://www.iana.org/domains/root/db/org.html | https://archive.icann.org/en/tlds/
.organic,.organic,delegated,yes,generic,2012,intro2012,basisDerivedEra,yes,Identity Digital Limited,United States of America (the),2014-05-29,https://www.iana.org/domains/root/db/organic.html | https://newgtlds.icann.org/en/program-status/statistics
.orientexpress,.orientexpress,notDelegated,no,generic,2012,intro2012,basisDerivedEra,yes,,,2016-06-14,https://www.iana.org/domains/root/db/orientexpress.html | https://newgtlds.icann.org/en/program-status/statistics
.origins,.origins,delegated,yes,generic,2012,intro2012,basisDerivedEra,yes,The Estée Lauder Companies Inc.,United States of America (the),2015-12-10,https://www.iana.org/domains/root/db/origins.html | https://newgtlds.icann.org/en/program-status/statistics
.osaka,.osaka,delegated,yes,generic,2012,intro2012,basisDerivedEra,yes,"Osaka Registry Co., Ltd.",Japan,2014-12-04,https://www.iana.org/domains/root/db/osaka.html | https://newgtlds.icann.org/en/program-status/statistics
.otsuka,.otsuka,delegated,yes,generic,2012,intro2012,basisDerivedEra,yes,"Otsuka Holdings Co., Ltd.",Japan,2014-06-26,https://www.iana.org/domains/root/db/otsuka.html | https://newgtlds.icann.org/en/program-status/statistics
.ott,.ott,delegated,yes,generic,2012,intro2012,basisDerivedEra,yes,Dish DBS Corporation,United States of America (the),2016-05-19,https://www.iana.org/domains/root/db/ott.html | https://newgtlds.icann.org/en/program-status/statistics
.ovh,.ovh,delegated,yes,generic,2012,intro2012,basisDerivedEra,yes,OVH SAS,France,2014-05-01,https://www.iana.org/domains/root/db/ovh.html | https://newgtlds.icann.org/en/program-status/statistics
.pa,.pa,delegated,yes,country-code,,introCcTld,basisFormalType,yes,Universidad Tecnologica de Panama,Panama,1994-05-25,https://www.iana.org/domains/root/db/pa.html | https://www.iana.org/help/cctld-delegation-answers
.page,.page,delegated,yes,generic,2012,intro2012,basisDerivedEra,yes,Charleston Road Registry Inc.,United States of America (the),2015-02-05,https://www.iana.org/domains/root/db/page.html | https://newgtlds.icann.org/en/program-status/statistics
.pamperedchef,.pamperedchef,notDelegated,no,generic,2012,intro2012,basisDerivedEra,yes,,,2015-05-14,https://www.iana.org/domains/root/db/pamperedchef.html | https://newgtlds.icann.org/en/program-status/statistics
.panasonic,.panasonic,delegated,yes,generic,2012,intro2012,basisDerivedEra,yes,Panasonic Corporation,Japan,2016-06-24,https://www.iana.org/domains/root/db/panasonic.html | https://newgtlds.icann.org/en/program-status/statistics
.panerai,.panerai,notDelegated,no,generic,2012,intro2012,basisDerivedEra,yes,,,2015-02-19,https://www.iana.org/domains/root/db/panerai.html | https://newgtlds.icann.org/en/program-status/statistics
.paris,.paris,delegated,yes,generic,2012,intro2012,basisDirect,yes,City of Paris,France,2014-03-27,https://www.iana.org/domains/root/db/paris.html | https://data.iana.org/TLD/tlds-alpha-by-domain.txt | https://www.iana.org/domains/root/db | https://newgtlds.icann.org/en/program-status/statistics
.pars,.pars,delegated,yes,generic,2012,intro2012,basisDerivedEra,yes,Emergency Back-End Registry Operator Program - ICANN,United States of America (the),2015-11-25,https://www.iana.org/domains/root/db/pars.html | https://newgtlds.icann.org/en/program-status/statistics
.partners,.partners,delegated,yes,generic,2012,intro2012,basisDerivedEra,yes,"Binky Moon, LLC",United States of America (the),2014-01-30,https://www.iana.org/domains/root/db/partners.html | https://newgtlds.icann.org/en/program-status/statistics
.parts,.parts,delegated,yes,generic,2012,intro2012,basisDerivedEra,yes,"Binky Moon, LLC",United States of America (the),2014-02-06,https://www.iana.org/domains/root/db/parts.html | https://newgtlds.icann.org/en/program-status/statistics
.party,.party,delegated,yes,generic,2012,intro2012,basisDerivedEra,yes,Blue Sky Registry Limited,Gibraltar,2014-10-23,https://www.iana.org/domains/root/db/party.html | https://newgtlds.icann.org/en/program-status/statistics
.passagens,.passagens,notDelegated,no,generic,2012,intro2012,basisDerivedEra,yes,,,2016-02-19,https://www.iana.org/domains/root/db/passagens.html | https://newgtlds.icann.org/en/program-status/statistics
.pay,.pay,delegated,yes,generic,2012,intro2012,basisDerivedEra,yes,"Amazon Registry Services, Inc.",United States of America (the),2016-07-21,https://www.iana.org/domains/root/db/pay.html | https://newgtlds.icann.org/en/program-status/statistics
.pccw,.pccw,delegated,yes,generic,2012,intro2012,basisDerivedEra,yes,PCCW Enterprises Limited,China,2016-04-15,https://www.iana.org/domains/root/db/pccw.html | https://newgtlds.icann.org/en/program-status/statistics
.pe,.pe,delegated,yes,country-code,,introCcTld,basisFormalType,yes,Red Cientifica Peruana,Peru,1991-11-25,https://www.iana.org/domains/root/db/pe.html | https://www.iana.org/help/cctld-delegation-answers
.pet,.pet,delegated,yes,generic,2012,intro2012,basisDerivedEra,yes,Identity Digital Limited,United States of America (the),2015-07-16,https://www.iana.org/domains/root/db/pet.html | https://newgtlds.icann.org/en/program-status/statistics
.pf,.pf,delegated,yes,country-code,,introCcTld,basisFormalType,yes,Gouvernement de la Polynésie française,French Polynesia,1996-03-19,https://www.iana.org/domains/root/db/pf.html | https://www.iana.org/help/cctld-delegation-answers
.pfizer,.pfizer,delegated,yes,generic,2012,intro2012,basisDerivedEra,yes,Pfizer Inc.,United States of America (the),2016-06-16,https://www.iana.org/domains/root/db/pfizer.html | https://newgtlds.icann.org/en/program-status/statistics
.pg,.pg,delegated,yes,country-code,,introCcTld,basisFormalType,yes,"PNG DNS Administration, Vice Chancellors Office, The Papua New Guinea University of Technology",Papua New Guinea,1991-09-26,https://www.iana.org/domains/root/db/pg.html | https://www.iana.org/help/cctld-delegation-answers
.ph,.ph,delegated,yes,country-code,,introCcTld,basisFormalType,yes,PH Domain Foundation,Philippines (the),1990-09-14,https://www.iana.org/domains/root/db/ph.html | https://www.iana.org/help/cctld-delegation-answers
.pharmacy,.pharmacy,delegated,yes,generic,2012,intro2012,basisDirect,yes,National Association of Boards of Pharmacy,United States of America (the),2014-08-28,https://www.iana.org/domains/root/db/pharmacy.html | https://data.iana.org/TLD/tlds-alpha-by-domain.txt | https://nabp.pharmacy/help/is-domain-name-registration-in-the-pharmacy-tld-restricted/ | https://newgtlds.icann.org/en/program-status/statistics
.phd,.phd,delegated,yes,generic,2012,intro2012,basisDerivedEra,yes,Charleston Road Registry Inc.,United States of America (the),2017-06-15,https://www.iana.org/domains/root/db/phd.html | https://newgtlds.icann.org/en/program-status/statistics
.philips,.philips,delegated,yes,generic,2012,intro2012,basisDerivedEra,yes,Koninklijke Philips N.V.,Netherlands (the),2015-02-05,https://www.iana.org/domains/root/db/philips.html | https://newgtlds.icann.org/en/program-status/statistics
.phone,.phone,delegated,yes,generic,2012,intro2012,basisDerivedEra,yes,Dish DBS Corporation,United States of America (the),2016-12-15,https://www.iana.org/domains/root/db/phone.html | https://newgtlds.icann.org/en/program-status/statistics
.photo,.photo,delegated,yes,generic,2012,intro2012,basisDerivedEra,yes,"Registry Services, LLC",United States of America (the),2014-01-16,https://www.iana.org/domains/root/db/photo.html | https://newgtlds.icann.org/en/program-status/statistics
.photography,.photography,delegated,yes,generic,2012,intro2012,basisDerivedEra,yes,"Binky Moon, LLC",United States of America (the),2013-11-13,https://www.iana.org/domains/root/db/photography.html | https://newgtlds.icann.org/en/program-status/statistics
.photos,.photos,delegated,yes,generic,2012,intro2012,basisDerivedEra,yes,"Binky Moon, LLC",United States of America (the),2013-12-12,https://www.iana.org/domains/root/db/photos.html | https://newgtlds.icann.org/en/program-status/statistics
.physio,.physio,delegated,yes,generic,2012,intro2012,basisDerivedEra,yes,PhysBiz Pty Ltd,Australia,2014-06-05,https://www.iana.org/domains/root/db/physio.html | https://newgtlds.icann.org/en/program-status/statistics
.piaget,.piaget,notDelegated,no,generic,2012,intro2012,basisDerivedEra,yes,,,2015-01-08,https://www.iana.org/domains/root/db/piaget.html | https://newgtlds.icann.org/en/program-status/statistics
.pics,.pics,delegated,yes,generic,2012,intro2012,basisDerivedEra,yes,XYZ.COM LLC,United States of America (the),2014-01-09,https://www.iana.org/domains/root/db/pics.html | https://newgtlds.icann.org/en/program-status/statistics
.pictet,.pictet,delegated,yes,generic,2012,intro2012,basisDerivedEra,yes,Banque Pictet & Cie SA,Luxembourg,2015-01-08,https://www.iana.org/domains/root/db/pictet.html | https://newgtlds.icann.org/en/program-status/statistics
.pictures,.pictures,delegated,yes,generic,2012,intro2012,basisDerivedEra,yes,"Binky Moon, LLC",United States of America (the),2014-04-03,https://www.iana.org/domains/root/db/pictures.html | https://newgtlds.icann.org/en/program-status/statistics
.pid,.pid,delegated,yes,generic,2012,intro2012,basisDerivedEra,yes,"Top Level Spectrum, Inc.",United States of America (the),2015-12-10,https://www.iana.org/domains/root/db/pid.html | https://newgtlds.icann.org/en/program-status/statistics
.pin,.pin,delegated,yes,generic,2012,intro2012,basisDerivedEra,yes,"Amazon Registry Services, Inc.",United States of America (the),2015-11-12,https://www.iana.org/domains/root/db/pin.html | https://newgtlds.icann.org/en/program-status/statistics
.ping,.ping,delegated,yes,generic,2012,intro2012,basisDerivedEra,yes,"Ping Registry Provider, Inc.",United States of America (the),2015-09-24,https://www.iana.org/domains/root/db/ping.html | https://newgtlds.icann.org/en/program-status/statistics
.pink,.pink,delegated,yes,generic,2012,intro2012,basisDerivedEra,yes,Identity Digital Limited,United States of America (the),2013-12-19,https://www.iana.org/domains/root/db/pink.html | https://newgtlds.icann.org/en/program-status/statistics
.pioneer,.pioneer,delegated,yes,generic,2012,intro2012,basisDerivedEra,yes,Pioneer Corporation,Japan,2016-05-26,https://www.iana.org/domains/root/db/pioneer.html | https://newgtlds.icann.org/en/program-status/statistics
.pizza,.pizza,delegated,yes,generic,2012,intro2012,basisDirect,yes,"Binky Moon, LLC",United States of America (the),2014-08-22,https://www.iana.org/domains/root/db/pizza.html | https://data.iana.org/TLD/tlds-alpha-by-domain.txt | https://newgtlds.icann.org/en/program-status/statistics
.pk,.pk,delegated,yes,country-code,,introCcTld,basisFormalType,yes,PKNIC,Pakistan,1992-06-03,https://www.iana.org/domains/root/db/pk.html | https://www.iana.org/help/cctld-delegation-answers
.pl,.pl,delegated,yes,country-code,,introCcTld,basisFormalType,yes,Research and Academic Computer Network,Poland,1990-07-30,https://www.iana.org/domains/root/db/pl.html | https://www.iana.org/help/cctld-delegation-answers
.place,.place,delegated,yes,generic,2012,intro2012,basisDerivedEra,yes,"Binky Moon, LLC",United States of America (the),2014-06-05,https://www.iana.org/domains/root/db/place.html | https://newgtlds.icann.org/en/program-status/statistics
.play,.play,delegated,yes,generic,2012,intro2012,basisDerivedEra,yes,Charleston Road Registry Inc.,United States of America (the),2015-06-04,https://www.iana.org/domains/root/db/play.html | https://newgtlds.icann.org/en/program-status/statistics
.playstation,.playstation,delegated,yes,generic,2012,intro2012,basisDerivedEra,yes,Sony Computer Entertainment Inc.,Japan,2015-09-24,https://www.iana.org/domains/root/db/playstation.html | https://newgtlds.icann.org/en/program-status/statistics
.plumbing,.plumbing,delegated,yes,generic,2012,intro2012,basisDerivedEra,yes,"Binky Moon, LLC",United States of America (the),2013-11-08,https://www.iana.org/domains/root/db/plumbing.html | https://newgtlds.icann.org/en/program-status/statistics
.plus,.plus,delegated,yes,generic,2012,intro2012,basisDerivedEra,yes,"Binky Moon, LLC",United States of America (the),2015-03-12,https://www.iana.org/domains/root/db/plus.html | https://newgtlds.icann.org/en/program-status/statistics
.pm,.pm,delegated,yes,country-code,,introCcTld,basisFormalType,yes,Association Française pour le Nommage Internet en Coopération (A.F.N.I.C.),France,1997-08-20,https://www.iana.org/domains/root/db/pm.html | https://www.iana.org/help/cctld-delegation-answers
.pn,.pn,delegated,yes,country-code,,introCcTld,basisFormalType,yes,Pitcairn Island Administration,New Zealand,1997-07-10,https://www.iana.org/domains/root/db/pn.html | https://www.iana.org/help/cctld-delegation-answers
.pnc,.pnc,delegated,yes,generic,2012,intro2012,basisDerivedEra,yes,"PNC Domain Co., LLC",United States of America (the),2015-10-29,https://www.iana.org/domains/root/db/pnc.html | https://newgtlds.icann.org/en/program-status/statistics
.pohl,.pohl,delegated,yes,generic,2012,intro2012,basisDerivedEra,yes,Deutsche Vermögensberatung Aktiengesellschaft DVAG,Germany,2014-09-18,https://www.iana.org/domains/root/db/pohl.html | https://newgtlds.icann.org/en/program-status/statistics
.poker,.poker,delegated,yes,generic,2012,intro2012,basisDerivedEra,yes,Identity Digital Limited,United States of America (the),2014-09-04,https://www.iana.org/domains/root/db/poker.html | https://newgtlds.icann.org/en/program-status/statistics
.politie,.politie,delegated,yes,generic,2012,intro2012,basisDerivedEra,yes,Politie Nederland,Netherlands (the),2016-06-16,https://www.iana.org/domains/root/db/politie.html | https://newgtlds.icann.org/en/program-status/statistics
.porn,.porn,delegated,yes,generic,2012,intro2012,basisDerivedEra,yes,ICM Registry PN LLC,United States of America (the),2014-11-26,https://www.iana.org/domains/root/db/porn.html | https://newgtlds.icann.org/en/program-status/statistics
.post,.post,delegated,yes,sponsored,2004,intro2004,basisDirect,yes,Universal Postal Union,Switzerland,2012-08-07,https://www.iana.org/reports/2012/post-report-20120802.html | https://www.iana.org/domains/root/db/post.html | https://data.iana.org/TLD/tlds-alpha-by-domain.txt | https://archive.icann.org/en/tlds/ | https://www.icann.org/en/announcements/details/icann-progress-in-process-for-introducing-new-sponsored-top-level-domains-19-3-2004-en | https://www.upu.int/en/universal-postal-union/activities/digital-services/post-domain | https://archive.icann.org/en/tlds/tld-applications-lodged-02oct00.htm
.pr,.pr,delegated,yes,country-code,,introCcTld,basisFormalType,yes,Gauss Research Laboratory Inc.,Puerto Rico,1989-08-27,https://www.iana.org/domains/root/db/pr.html | https://www.iana.org/help/cctld-delegation-answers
.pramerica,.pramerica,notDelegated,no,generic,2012,intro2012,basisDerivedEra,yes,,,2016-07-14,https://www.iana.org/domains/root/db/pramerica.html | https://newgtlds.icann.org/en/program-status/statistics
.praxi,.praxi,delegated,yes,generic,2012,intro2012,basisDerivedEra,yes,Praxi S.p.A.,Italy,2014-03-27,https://www.iana.org/domains/root/db/praxi.html | https://newgtlds.icann.org/en/program-status/statistics
.press,.press,delegated,yes,generic,2012,intro2012,basisDerivedEra,yes,Radix Technologies Inc.,Cayman Islands (the),2014-05-22,https://www.iana.org/domains/root/db/press.html | https://newgtlds.icann.org/en/program-status/statistics
.prime,.prime,delegated,yes,generic,2012,intro2012,basisDerivedEra,yes,"Amazon Registry Services, Inc.",United States of America (the),2016-05-19,https://www.iana.org/domains/root/db/prime.html | https://newgtlds.icann.org/en/program-status/statistics
.pro,.pro,delegated,yes,generic-restricted,2000,intro2000,basisDocumentedSet,yes,Identity Digital Limited,United States of America (the),2002-05-08,https://www.iana.org/domains/root/db/pro.html | https://www.icann.org/en/announcements/details/icann-announces-selections-for-new-top-level-domains-16-11-2000-en
.prod,.prod,delegated,yes,generic,2012,intro2012,basisDerivedEra,yes,Charleston Road Registry Inc.,United States of America (the),2014-08-23,https://www.iana.org/domains/root/db/prod.html | https://newgtlds.icann.org/en/program-status/statistics
.productions,.productions,delegated,yes,generic,2012,intro2012,basisDerivedEra,yes,"Binky Moon, LLC",United States of America (the),2014-02-06,https://www.iana.org/domains/root/db/productions.html | https://newgtlds.icann.org/en/program-status/statistics
.prof,.prof,delegated,yes,generic,2012,intro2012,basisDerivedEra,yes,Charleston Road Registry Inc.,United States of America (the),2014-09-04,https://www.iana.org/domains/root/db/prof.html | https://newgtlds.icann.org/en/program-status/statistics
.progressive,.progressive,delegated,yes,generic,2012,intro2012,basisDerivedEra,yes,Progressive Casualty Insurance Company,United States of America (the),2016-02-19,https://www.iana.org/domains/root/db/progressive.html | https://newgtlds.icann.org/en/program-status/statistics
.promo,.promo,delegated,yes,generic,2012,intro2012,basisDerivedEra,yes,Identity Digital Limited,United States of America (the),2015-12-18,https://www.iana.org/domains/root/db/promo.html | https://newgtlds.icann.org/en/program-status/statistics
.properties,.properties,delegated,yes,generic,2012,intro2012,basisDerivedEra,yes,"Binky Moon, LLC",United States of America (the),2014-01-30,https://www.iana.org/domains/root/db/properties.html | https://newgtlds.icann.org/en/program-status/statistics
.property,.property,delegated,yes,generic,2012,intro2012,basisDerivedEra,yes,Digital Property Infrastructure Limited,Virgin Islands (British),2014-08-15,https://www.iana.org/domains/root/db/property.html | https://newgtlds.icann.org/en/program-status/statistics
.protection,.protection,delegated,yes,generic,2012,intro2012,basisDerivedEra,yes,XYZ.COM LLC,United States of America (the),2015-08-13,https://www.iana.org/domains/root/db/protection.html | https://newgtlds.icann.org/en/program-status/statistics
.pru,.pru,delegated,yes,generic,2012,intro2012,basisDerivedEra,yes,"Prudential Financial, Inc.",United States of America (the),2016-07-14,https://www.iana.org/domains/root/db/pru.html | https://newgtlds.icann.org/en/program-status/statistics
.prudential,.prudential,delegated,yes,generic,2012,intro2012,basisDerivedEra,yes,"Prudential Financial, Inc.",United States of America (the),2016-07-14,https://www.iana.org/domains/root/db/prudential.html | https://newgtlds.icann.org/en/program-status/statistics
.ps,.ps,delegated,yes,country-code,,introCcTld,basisFormalType,yes,"Ministry of Telecommunications & Information Technology, Government Computer Center","Palestine, State of",2000-03-22,https://www.iana.org/domains/root/db/ps.html | https://www.iana.org/help/cctld-delegation-answers
.pt,.pt,delegated,yes,country-code,,introCcTld,basisFormalType,yes,Associação DNS.PT,Portugal,1988-06-30,https://www.iana.org/domains/root/db/pt.html | https://www.iana.org/help/cctld-delegation-answers
.pub,.pub,delegated,yes,generic,2012,intro2012,basisDerivedEra,yes,"Dog Beach, LLC",United States of America (the),2014-02-20,https://www.iana.org/domains/root/db/pub.html | https://newgtlds.icann.org/en/program-status/statistics
.pw,.pw,delegated,yes,country-code,,introCcTld,basisFormalType,yes,Micronesia Investment and Development Corporation,Palau,1997-06-12,https://www.iana.org/domains/root/db/pw.html | https://www.iana.org/help/cctld-delegation-answers
.pwc,.pwc,delegated,yes,generic,2012,intro2012,basisDerivedEra,yes,PricewaterhouseCoopers LLP,United Kingdom of Great Britain and Northern Ireland (the),2016-01-15,https://www.iana.org/domains/root/db/pwc.html | https://newgtlds.icann.org/en/program-status/statistics
.py,.py,delegated,yes,country-code,,introCcTld,basisFormalType,yes,NIC-PY,Paraguay,1991-09-09,https://www.iana.org/domains/root/db/py.html | https://www.iana.org/help/cctld-delegation-answers
.qa,.qa,delegated,yes,country-code,,introCcTld,basisFormalType,yes,Communications Regulatory Authority,Qatar,1996-06-12,https://www.iana.org/domains/root/db/qa.html | https://www.iana.org/help/cctld-delegation-answers
.qpon,.qpon,delegated,yes,generic,2012,intro2012,basisDerivedEra,yes,DOTQPON LLC.,United States of America (the),2014-01-09,https://www.iana.org/domains/root/db/qpon.html | https://newgtlds.icann.org/en/program-status/statistics
.quebec,.quebec,delegated,yes,generic,2012,intro2012,basisDirect,yes,PointQuébec Inc,Canada,2014-03-13,https://www.iana.org/domains/root/db/quebec.html | https://data.iana.org/TLD/tlds-alpha-by-domain.txt | https://www.iana.org/domains/root/db | https://newgtlds.icann.org/en/program-status/statistics
.quest,.quest,delegated,yes,generic,2012,intro2012,basisDerivedEra,yes,XYZ.COM LLC,United States of America (the),2015-08-06,https://www.iana.org/domains/root/db/quest.html | https://newgtlds.icann.org/en/program-status/statistics
.qvc,.qvc,notDelegated,no,generic,2012,intro2012,basisDerivedEra,yes,,,2016-07-21,https://www.iana.org/domains/root/db/qvc.html | https://newgtlds.icann.org/en/program-status/statistics
.racing,.racing,delegated,yes,generic,2012,intro2012,basisDerivedEra,yes,Premier Registry Limited,Gibraltar,2015-03-26,https://www.iana.org/domains/root/db/racing.html | https://newgtlds.icann.org/en/program-status/statistics
.radio,.radio,delegated,yes,generic,2012,intro2012,basisDerivedEra,yes,"Digity, LLC",United States of America (the),2016-09-22,https://www.iana.org/domains/root/db/radio.html | https://newgtlds.icann.org/en/program-status/statistics
.raid,.raid,notDelegated,no,generic,2012,intro2012,basisDerivedEra,yes,,,2016-07-14,https://www.iana.org/domains/root/db/raid.html | https://newgtlds.icann.org/en/program-status/statistics
.re,.re,delegated,yes,country-code,,introCcTld,basisFormalType,yes,Association Française pour le Nommage Internet en Coopération (A.F.N.I.C.),France,1997-04-07,https://www.iana.org/domains/root/db/re.html | https://www.iana.org/help/cctld-delegation-answers
.read,.read,delegated,yes,generic,2012,intro2012,basisDerivedEra,yes,"Amazon Registry Services, Inc.",United States of America (the),2015-11-12,https://www.iana.org/domains/root/db/read.html | https://newgtlds.icann.org/en/program-status/statistics
.realestate,.realestate,delegated,yes,generic,2012,intro2012,basisDerivedEra,yes,dotRealEstate LLC,United States of America (the),2016-04-28,https://www.iana.org/domains/root/db/realestate.html | https://newgtlds.icann.org/en/program-status/statistics
.realtor,.realtor,delegated,yes,generic,2012,intro2012,basisDerivedEra,yes,Real Estate Domains LLC,United States of America (the),2014-07-24,https://www.iana.org/domains/root/db/realtor.html | https://newgtlds.icann.org/en/program-status/statistics
.realty,.realty,delegated,yes,generic,2012,intro2012,basisDerivedEra,yes,Internet Naming Co.,Cayman Islands (the),2015-06-11,https://www.iana.org/domains/root/db/realty.html | https://newgtlds.icann.org/en/program-status/statistics
.recipes,.recipes,delegated,yes,generic,2012,intro2012,basisDerivedEra,yes,"Binky Moon, LLC",United States of America (the),2013-12-12,https://www.iana.org/domains/root/db/recipes.html | https://newgtlds.icann.org/en/program-status/statistics
.red,.red,delegated,yes,generic,2012,intro2012,basisDerivedEra,yes,Identity Digital Limited,United States of America (the),2014-01-16,https://www.iana.org/domains/root/db/red.html | https://newgtlds.icann.org/en/program-status/statistics
.redstone,.redstone,notDelegated,no,generic,2012,intro2012,basisDerivedEra,yes,,,2015-03-06,https://www.iana.org/domains/root/db/redstone.html | https://newgtlds.icann.org/en/program-status/statistics
.redumbrella,.redumbrella,delegated,yes,generic,2012,intro2012,basisDerivedEra,yes,"Travelers TLD, LLC",United States of America (the),2015-11-20,https://www.iana.org/domains/root/db/redumbrella.html | https://newgtlds.icann.org/en/program-status/statistics
.rehab,.rehab,delegated,yes,generic,2012,intro2012,basisDerivedEra,yes,"Dog Beach, LLC",United States of America (the),2014-05-29,https://www.iana.org/domains/root/db/rehab.html | https://newgtlds.icann.org/en/program-status/statistics
.reise,.reise,delegated,yes,generic,2012,intro2012,basisDerivedEra,yes,"Binky Moon, LLC",United States of America (the),2014-05-15,https://www.iana.org/domains/root/db/reise.html | https://newgtlds.icann.org/en/program-status/statistics
.reisen,.reisen,delegated,yes,generic,2012,intro2012,basisDerivedEra,yes,"Binky Moon, LLC",United States of America (the),2014-04-03,https://www.iana.org/domains/root/db/reisen.html | https://newgtlds.icann.org/en/program-status/statistics
.reit,.reit,delegated,yes,generic,2012,intro2012,basisDerivedEra,yes,"National Association of Real Estate Investment Trusts, Inc.",United States of America (the),2014-10-23,https://www.iana.org/domains/root/db/reit.html | https://newgtlds.icann.org/en/program-status/statistics
.reliance,.reliance,delegated,yes,generic,2012,intro2012,basisDerivedEra,yes,Reliance Industries Limited,India,2016-08-11,https://www.iana.org/domains/root/db/reliance.html | https://newgtlds.icann.org/en/program-status/statistics
.ren,.ren,delegated,yes,generic,2012,intro2012,basisDerivedEra,yes,ZDNS International Limited,China,2014-02-28,https://www.iana.org/domains/root/db/ren.html | https://newgtlds.icann.org/en/program-status/statistics
.rent,.rent,delegated,yes,generic,2012,intro2012,basisDerivedEra,yes,XYZ.COM LLC,United States of America (the),2015-04-02,https://www.iana.org/domains/root/db/rent.html | https://newgtlds.icann.org/en/program-status/statistics
.rentals,.rentals,delegated,yes,generic,2012,intro2012,basisDerivedEra,yes,"Binky Moon, LLC",United States of America (the),2014-01-30,https://www.iana.org/domains/root/db/rentals.html | https://newgtlds.icann.org/en/program-status/statistics
.repair,.repair,delegated,yes,generic,2012,intro2012,basisDerivedEra,yes,"Binky Moon, LLC",United States of America (the),2013-12-19,https://www.iana.org/domains/root/db/repair.html | https://newgtlds.icann.org/en/program-status/statistics
.report,.report,delegated,yes,generic,2012,intro2012,basisDerivedEra,yes,"Binky Moon, LLC",United States of America (the),2014-01-30,https://www.iana.org/domains/root/db/report.html | https://newgtlds.icann.org/en/program-status/statistics
.republican,.republican,delegated,yes,generic,2012,intro2012,basisDerivedEra,yes,"Dog Beach, LLC",United States of America (the),2014-05-29,https://www.iana.org/domains/root/db/republican.html | https://newgtlds.icann.org/en/program-status/statistics
.rest,.rest,delegated,yes,generic,2012,intro2012,basisDerivedEra,yes,Punto 2012 Sociedad Anonima Promotora de Inversion de Capital Variable,Mexico,2014-03-06,https://www.iana.org/domains/root/db/rest.html | https://newgtlds.icann.org/en/program-status/statistics
.restaurant,.restaurant,delegated,yes,generic,2012,intro2012,basisDerivedEra,yes,"Binky Moon, LLC",United States of America (the),2014-07-31,https://www.iana.org/domains/root/db/restaurant.html | https://newgtlds.icann.org/en/program-status/statistics
.review,.review,delegated,yes,generic,2012,intro2012,basisDerivedEra,yes,dot Review Limited,Gibraltar,2015-02-05,https://www.iana.org/domains/root/db/review.html | https://newgtlds.icann.org/en/program-status/statistics
.reviews,.reviews,delegated,yes,generic,2012,intro2012,basisDerivedEra,yes,"Dog Beach, LLC",United States of America (the),2014-02-06,https://www.iana.org/domains/root/db/reviews.html | https://newgtlds.icann.org/en/program-status/statistics
.rexroth,.rexroth,delegated,yes,generic,2012,intro2012,basisDerivedEra,yes,Robert Bosch GMBH,Germany,2015-12-17,https://www.iana.org/domains/root/db/rexroth.html | https://newgtlds.icann.org/en/program-status/statistics
.rich,.rich,delegated,yes,generic,2012,intro2012,basisDirect,yes,iRegistry GmbH,Germany,2014-01-16,https://www.iana.org/domains/root/db/rich.html | https://data.iana.org/TLD/tlds-alpha-by-domain.txt | https://newgtlds.icann.org/en/program-status/statistics
.richardli,.richardli,delegated,yes,generic,2012,intro2012,basisDerivedEra,yes,Pacific Century Asset Management (HK) Limited,China,2016-04-15,https://www.iana.org/domains/root/db/richardli.html | https://newgtlds.icann.org/en/program-status/statistics
.ricoh,.ricoh,delegated,yes,generic,2012,intro2012,basisDerivedEra,yes,"Ricoh Company, Ltd.",Japan,2015-03-06,https://www.iana.org/domains/root/db/ricoh.html | https://newgtlds.icann.org/en/program-status/statistics
.rightathome,.rightathome,notDelegated,no,generic,2012,intro2012,basisDerivedEra,yes,,,2016-07-14,https://www.iana.org/domains/root/db/rightathome.html | https://newgtlds.icann.org/en/program-status/statistics
.ril,.ril,delegated,yes,generic,2012,intro2012,basisDerivedEra,yes,Reliance Industries Limited,India,2016-08-11,https://www.iana.org/domains/root/db/ril.html | https://newgtlds.icann.org/en/program-status/statistics
.rio,.rio,delegated,yes,generic,2012,intro2012,basisDerivedEra,yes,Empresa Municipal de Informática SA - IPLANRIO,Brazil,2014-05-15,https://www.iana.org/domains/root/db/rio.html | https://newgtlds.icann.org/en/program-status/statistics
.rip,.rip,delegated,yes,generic,2012,intro2012,basisDerivedEra,yes,"Dog Beach, LLC",United States of America (the),2014-10-09,https://www.iana.org/domains/root/db/rip.html | https://newgtlds.icann.org/en/program-status/statistics
.rmit,.rmit,notDelegated,no,generic,2012,intro2012,basisDerivedEra,yes,,,2015-12-23,https://www.iana.org/domains/root/db/rmit.html | https://newgtlds.icann.org/en/program-status/statistics
.ro,.ro,delegated,yes,country-code,,introCcTld,basisFormalType,yes,National Institute for R&D in Informatics,Romania,1993-02-26,https://www.iana.org/domains/root/db/ro.html | https://www.iana.org/help/cctld-delegation-answers
.rocher,.rocher,notDelegated,no,generic,2012,intro2012,basisDerivedEra,yes,,,2015-09-10,https://www.iana.org/domains/root/db/rocher.html | https://newgtlds.icann.org/en/program-status/statistics
.rocks,.rocks,delegated,yes,generic,2012,intro2012,basisDerivedEra,yes,"Dog Beach, LLC",United States of America (the),2014-01-16,https://www.iana.org/domains/root/db/rocks.html | https://newgtlds.icann.org/en/program-status/statistics
.rodeo,.rodeo,delegated,yes,generic,2012,intro2012,basisDerivedEra,yes,"Registry Services, LLC",United States of America (the),2014-02-28,https://www.iana.org/domains/root/db/rodeo.html | https://newgtlds.icann.org/en/program-status/statistics
.rogers,.rogers,delegated,yes,generic,2012,intro2012,basisDerivedEra,yes,Rogers Communications Canada Inc.,Canada,2016-08-18,https://www.iana.org/domains/root/db/rogers.html | https://newgtlds.icann.org/en/program-status/statistics
.room,.room,delegated,yes,generic,2012,intro2012,basisDerivedEra,yes,"Amazon Registry Services, Inc.",United States of America (the),2015-11-12,https://www.iana.org/domains/root/db/room.html | https://newgtlds.icann.org/en/program-status/statistics
.rs,.rs,delegated,yes,country-code,,introCcTld,basisFormalType,yes,Serbian National Internet Domain Registry (RNIDS),Serbia,2007-09-24,https://www.iana.org/domains/root/db/rs.html | https://www.iana.org/help/cctld-delegation-answers
.rsvp,.rsvp,delegated,yes,generic,2012,intro2012,basisDerivedEra,yes,Charleston Road Registry Inc.,United States of America (the),2014-08-23,https://www.iana.org/domains/root/db/rsvp.html | https://newgtlds.icann.org/en/program-status/statistics
.ru,.ru,delegated,yes,country-code,,introCcTld,basisFormalType,yes,Coordination Center for TLD RU,Russian Federation (the),1994-04-07,https://www.iana.org/domains/root/db/ru.html | https://www.iana.org/help/cctld-delegation-answers
.rugby,.rugby,delegated,yes,generic,2012,intro2012,basisDerivedEra,yes,World Rugby Strategic Developments Limited,Ireland,2017-03-23,https://www.iana.org/domains/root/db/rugby.html | https://newgtlds.icann.org/en/program-status/statistics
.ruhr,.ruhr,delegated,yes,generic,2012,intro2012,basisDerivedEra,yes,dotSaarland GmbH,Germany,2013-11-25,https://www.iana.org/domains/root/db/ruhr.html | https://newgtlds.icann.org/en/program-status/statistics
.run,.run,delegated,yes,generic,2012,intro2012,basisDerivedEra,yes,"Binky Moon, LLC",United States of America (the),2015-04-30,https://www.iana.org/domains/root/db/run.html | https://newgtlds.icann.org/en/program-status/statistics
.rw,.rw,delegated,yes,country-code,,introCcTld,basisFormalType,yes,Rwanda Internet Community and Technology Alliance (RICTA) Ltd,Rwanda,1996-10-21,https://www.iana.org/domains/root/db/rw.html | https://www.iana.org/help/cctld-delegation-answers
.rwe,.rwe,delegated,yes,generic,2012,intro2012,basisDerivedEra,yes,RWE AG,Germany,2015-10-01,https://www.iana.org/domains/root/db/rwe.html | https://newgtlds.icann.org/en/program-status/statistics
.ryukyu,.ryukyu,delegated,yes,generic,2012,intro2012,basisDerivedEra,yes,"BRregistry, Inc.",Japan,2014-03-13,https://www.iana.org/domains/root/db/ryukyu.html | https://newgtlds.icann.org/en/program-status/statistics
.sa,.sa,delegated,yes,country-code,,introCcTld,basisFormalType,yes,"Communications, Space and Technology Commission",Saudi Arabia,1994-05-17,https://www.iana.org/domains/root/db/sa.html | https://www.iana.org/help/cctld-delegation-answers
.saarland,.saarland,delegated,yes,generic,2012,intro2012,basisDerivedEra,yes,dotSaarland GmbH,Germany,2014-03-20,https://www.iana.org/domains/root/db/saarland.html | https://newgtlds.icann.org/en/program-status/statistics
.safe,.safe,delegated,yes,generic,2012,intro2012,basisDerivedEra,yes,"Amazon Registry Services, Inc.",United States of America (the),2015-11-12,https://www.iana.org/domains/root/db/safe.html | https://newgtlds.icann.org/en/program-status/statistics
.safety,.safety,delegated,yes,generic,2012,intro2012,basisDerivedEra,yes,"Jolly Host, LLC",United States of America (the),2015-04-23,https://www.iana.org/domains/root/db/safety.html | https://newgtlds.icann.org/en/program-status/statistics
.sakura,.sakura,delegated,yes,generic,2012,intro2012,basisDerivedEra,yes,SAKURA internet Inc.,Japan,2015-06-04,https://www.iana.org/domains/root/db/sakura.html | https://newgtlds.icann.org/en/program-status/statistics
.sale,.sale,delegated,yes,generic,2012,intro2012,basisDerivedEra,yes,"Dog Beach, LLC",United States of America (the),2014-12-17,https://www.iana.org/domains/root/db/sale.html | https://newgtlds.icann.org/en/program-status/statistics
.salon,.salon,delegated,yes,generic,2012,intro2012,basisDerivedEra,yes,"Binky Moon, LLC",United States of America (the),2015-11-12,https://www.iana.org/domains/root/db/salon.html | https://newgtlds.icann.org/en/program-status/statistics
.samsclub,.samsclub,delegated,yes,generic,2012,intro2012,basisDerivedEra,yes,"Wal-Mart Stores, Inc.",United States of America (the),2016-07-21,https://www.iana.org/domains/root/db/samsclub.html | https://newgtlds.icann.org/en/program-status/statistics
.samsung,.samsung,delegated,yes,generic,2012,intro2012,basisDerivedEra,yes,"SAMSUNG SDS CO., LTD",Korea (the Republic of),2014-10-30,https://www.iana.org/domains/root/db/samsung.html | https://newgtlds.icann.org/en/program-status/statistics
.sandvik,.sandvik,delegated,yes,generic,2012,intro2012,basisDerivedEra,yes,Sandvik AB,Sweden,2015-05-14,https://www.iana.org/domains/root/db/sandvik.html | https://newgtlds.icann.org/en/program-status/statistics
.sandvikcoromant,.sandvikcoromant,delegated,yes,generic,2012,intro2012,basisDerivedEra,yes,Sandvik AB,Sweden,2015-05-14,https://www.iana.org/domains/root/db/sandvikcoromant.html | https://newgtlds.icann.org/en/program-status/statistics
.sanofi,.sanofi,delegated,yes,generic,2012,intro2012,basisDerivedEra,yes,Sanofi,France,2015-07-16,https://www.iana.org/domains/root/db/sanofi.html | https://newgtlds.icann.org/en/program-status/statistics
.sap,.sap,delegated,yes,generic,2012,intro2012,basisDerivedEra,yes,SAP AG,Germany,2015-03-19,https://www.iana.org/domains/root/db/sap.html | https://newgtlds.icann.org/en/program-status/statistics
.sapo,.sapo,notDelegated,no,generic,2012,intro2012,basisDerivedEra,yes,,,2015-01-15,https://www.iana.org/domains/root/db/sapo.html | https://newgtlds.icann.org/en/program-status/statistics
.sarl,.sarl,delegated,yes,generic,2012,intro2012,basisDerivedEra,yes,"Binky Moon, LLC",United States of America (the),2014-07-31,https://www.iana.org/domains/root/db/sarl.html | https://newgtlds.icann.org/en/program-status/statistics
.sas,.sas,delegated,yes,generic,2012,intro2012,basisDerivedEra,yes,Research IP LLC,United States of America (the),2015-11-20,https://www.iana.org/domains/root/db/sas.html | https://newgtlds.icann.org/en/program-status/statistics
.save,.save,delegated,yes,generic,2012,intro2012,basisDerivedEra,yes,"Amazon Registry Services, Inc.",United States of America (the),2016-05-19,https://www.iana.org/domains/root/db/save.html | https://newgtlds.icann.org/en/program-status/statistics
.saxo,.saxo,delegated,yes,generic,2012,intro2012,basisDerivedEra,yes,Saxo Bank A/S,Denmark,2015-01-15,https://www.iana.org/domains/root/db/saxo.html | https://newgtlds.icann.org/en/program-status/statistics
.sb,.sb,delegated,yes,country-code,,introCcTld,basisFormalType,yes,Solomon Telekom Company Limited,Solomon Islands,1994-04-19,https://www.iana.org/domains/root/db/sb.html | https://www.iana.org/help/cctld-delegation-answers
.sbi,.sbi,delegated,yes,generic,2012,intro2012,basisDerivedEra,yes,STATE BANK OF INDIA,India,2016-03-24,https://www.iana.org/domains/root/db/sbi.html | https://newgtlds.icann.org/en/program-status/statistics
.sbs,.sbs,delegated,yes,generic,2012,intro2012,basisDerivedEra,yes,Shortdot SA,Luxembourg,2015-09-24,https://www.iana.org/domains/root/db/sbs.html | https://newgtlds.icann.org/en/program-status/statistics
.sc,.sc,delegated,yes,country-code,,introCcTld,basisFormalType,yes,VCS Pty Ltd,Seychelles,1997-05-09,https://www.iana.org/domains/root/db/sc.html | https://www.iana.org/help/cctld-delegation-answers
.sca,.sca,notDelegated,no,generic,2012,intro2012,basisDerivedEra,yes,,,2014-07-17,https://www.iana.org/domains/root/db/sca.html | https://newgtlds.icann.org/en/program-status/statistics
.scb,.scb,delegated,yes,generic,2012,intro2012,basisDerivedEra,yes,"The Siam Commercial Bank Public Company Limited (""SCB"")",Thailand,2014-06-26,https://www.iana.org/domains/root/db/scb.html | https://newgtlds.icann.org/en/program-status/statistics
.schaeffler,.schaeffler,delegated,yes,generic,2012,intro2012,basisDerivedEra,yes,Schaeffler Technologies AG & Co. KG,Germany,2015-12-17,https://www.iana.org/domains/root/db/schaeffler.html | https://newgtlds.icann.org/en/program-status/statistics
.schmidt,.schmidt,delegated,yes,generic,2012,intro2012,basisDerivedEra,yes,SCHMIDT GROUPE S.A.S.,France,2014-06-19,https://www.iana.org/domains/root/db/schmidt.html | https://newgtlds.icann.org/en/program-status/statistics
.scholarships,.scholarships,delegated,yes,generic,2012,intro2012,basisDerivedEra,yes,"Scholarships.com, LLC",United States of America (the),2014-07-10,https://www.iana.org/domains/root/db/scholarships.html | https://newgtlds.icann.org/en/program-status/statistics
.school,.school,delegated,yes,generic,2012,intro2012,basisDerivedEra,yes,"Binky Moon, LLC",United States of America (the),2015-02-13,https://www.iana.org/domains/root/db/school.html | https://newgtlds.icann.org/en/program-status/statistics
.schule,.schule,delegated,yes,generic,2012,intro2012,basisDerivedEra,yes,"Binky Moon, LLC",United States of America (the),2014-04-11,https://www.iana.org/domains/root/db/schule.html | https://newgtlds.icann.org/en/program-status/statistics
.schwarz,.schwarz,delegated,yes,generic,2012,intro2012,basisDerivedEra,yes,Schwarz Domains und Services GmbH & Co. KG,Germany,2014-12-04,https://www.iana.org/domains/root/db/schwarz.html | https://newgtlds.icann.org/en/program-status/statistics
.science,.science,delegated,yes,generic,2012,intro2012,basisDerivedEra,yes,dot Science Limited,Gibraltar,2014-10-23,https://www.iana.org/domains/root/db/science.html | https://newgtlds.icann.org/en/program-status/statistics
.scjohnson,.scjohnson,notDelegated,no,generic,2012,intro2012,basisDerivedEra,yes,,,2016-07-14,https://www.iana.org/domains/root/db/scjohnson.html | https://newgtlds.icann.org/en/program-status/statistics
.scor,.scor,notDelegated,no,generic,2012,intro2012,basisDerivedEra,yes,,,2015-04-30,https://www.iana.org/domains/root/db/scor.html | https://newgtlds.icann.org/en/program-status/statistics
.scot,.scot,delegated,yes,generic,2012,intro2012,basisDerivedEra,yes,Dot Scot Registry Limited,United Kingdom of Great Britain and Northern Ireland (the),2014-06-05,https://www.iana.org/domains/root/db/scot.html | https://newgtlds.icann.org/en/program-status/statistics
.sd,.sd,delegated,yes,country-code,,introCcTld,basisFormalType,yes,Sudan Internet Society,Sudan (the),1997-03-06,https://www.iana.org/domains/root/db/sd.html | https://www.iana.org/help/cctld-delegation-answers
.se,.se,delegated,yes,country-code,,introCcTld,basisFormalType,yes,The Internet Infrastructure Foundation,Sweden,1986-09-04,https://www.iana.org/domains/root/db/se.html | https://www.iana.org/help/cctld-delegation-answers
.search,.search,delegated,yes,generic,2012,intro2012,basisDerivedEra,yes,Charleston Road Registry Inc.,United States of America (the),2017-06-08,https://www.iana.org/domains/root/db/search.html | https://newgtlds.icann.org/en/program-status/statistics
.seat,.seat,delegated,yes,generic,2012,intro2012,basisDerivedEra,yes,"SEAT, S.A. (Sociedad Unipersonal)",Spain,2015-03-06,https://www.iana.org/domains/root/db/seat.html | https://newgtlds.icann.org/en/program-status/statistics
.secure,.secure,delegated,yes,generic,2012,intro2012,basisDerivedEra,yes,"Amazon Registry Services, Inc.",United States of America (the),2016-07-21,https://www.iana.org/domains/root/db/secure.html | https://newgtlds.icann.org/en/program-status/statistics
.security,.security,delegated,yes,generic,2012,intro2012,basisDerivedEra,yes,XYZ.COM LLC,United States of America (the),2015-09-03,https://www.iana.org/domains/root/db/security.html | https://newgtlds.icann.org/en/program-status/statistics
.seek,.seek,delegated,yes,generic,2012,intro2012,basisDerivedEra,yes,Seek Limited,Australia,2015-04-16,https://www.iana.org/domains/root/db/seek.html | https://newgtlds.icann.org/en/program-status/statistics
.select,.select,delegated,yes,generic,2012,intro2012,basisDerivedEra,yes,"Registry Services, LLC",United States of America (the),2015-12-23,https://www.iana.org/domains/root/db/select.html | https://newgtlds.icann.org/en/program-status/statistics
.sener,.sener,delegated,yes,generic,2012,intro2012,basisDerivedEra,yes,"Sener Ingeniería y Sistemas, S.A.",Spain,2015-04-02,https://www.iana.org/domains/root/db/sener.html | https://newgtlds.icann.org/en/program-status/statistics
.services,.services,delegated,yes,generic,2012,intro2012,basisDerivedEra,yes,"Binky Moon, LLC",United States of America (the),2014-04-03,https://www.iana.org/domains/root/db/services.html | https://newgtlds.icann.org/en/program-status/statistics
.ses,.ses,notDelegated,no,generic,2012,intro2012,basisDerivedEra,yes,,,2016-05-05,https://www.iana.org/domains/root/db/ses.html | https://newgtlds.icann.org/en/program-status/statistics
.seven,.seven,delegated,yes,generic,2012,intro2012,basisDerivedEra,yes,Seven West Media Ltd,Australia,2015-09-23,https://www.iana.org/domains/root/db/seven.html | https://newgtlds.icann.org/en/program-status/statistics
.sew,.sew,delegated,yes,generic,2012,intro2012,basisDerivedEra,yes,SEW-EURODRIVE GmbH & Co KG,Germany,2014-11-06,https://www.iana.org/domains/root/db/sew.html | https://newgtlds.icann.org/en/program-status/statistics
.sex,.sex,delegated,yes,generic,2012,intro2012,basisDerivedEra,yes,ICM Registry SX LLC,United States of America (the),2015-04-09,https://www.iana.org/domains/root/db/sex.html | https://newgtlds.icann.org/en/program-status/statistics
.sexy,.sexy,delegated,yes,generic,2012,intro2012,basisDerivedEra,yes,Internet Naming Co.,Cayman Islands (the),2013-11-08,https://www.iana.org/domains/root/db/sexy.html | https://newgtlds.icann.org/en/program-status/statistics
.sfr,.sfr,delegated,yes,generic,2012,intro2012,basisDerivedEra,yes,Societe Francaise du Radiotelephone - SFR,France,2015-11-12,https://www.iana.org/domains/root/db/sfr.html | https://newgtlds.icann.org/en/program-status/statistics
.sg,.sg,delegated,yes,country-code,,introCcTld,basisFormalType,yes,Singapore Network Information Centre (SGNIC) Pte Ltd,Singapore,1988-10-19,https://www.iana.org/domains/root/db/sg.html | https://www.iana.org/help/cctld-delegation-answers
.sh,.sh,delegated,yes,country-code,,introCcTld,basisFormalType,yes,Government of St. Helena,"Saint Helena, Ascension and Tristan da Cunha",1997-09-23,https://www.iana.org/domains/root/db/sh.html | https://www.iana.org/help/cctld-delegation-answers
.shangrila,.shangrila,delegated,yes,generic,2012,intro2012,basisDerivedEra,yes,Shangri-La International Hotel Management Limited,Hong Kong,2016-06-24,https://www.iana.org/domains/root/db/shangrila.html | https://newgtlds.icann.org/en/program-status/statistics
.sharp,.sharp,delegated,yes,generic,2012,intro2012,basisDerivedEra,yes,Sharp Corporation,Japan,2015-11-25,https://www.iana.org/domains/root/db/sharp.html | https://newgtlds.icann.org/en/program-status/statistics
.shaw,.shaw,notDelegated,no,generic,2012,intro2012,basisDerivedEra,yes,,,2016-03-10,https://www.iana.org/domains/root/db/shaw.html | https://newgtlds.icann.org/en/program-status/statistics
.shell,.shell,delegated,yes,generic,2012,intro2012,basisDerivedEra,yes,Shell Information Technology International Inc,United States of America (the),2015-11-06,https://www.iana.org/domains/root/db/shell.html | https://newgtlds.icann.org/en/program-status/statistics
.shia,.shia,delegated,yes,generic,2012,intro2012,basisDerivedEra,yes,Emergency Back-End Registry Operator Program - ICANN,United States of America (the),2015-11-25,https://www.iana.org/domains/root/db/shia.html | https://newgtlds.icann.org/en/program-status/statistics
.shiksha,.shiksha,delegated,yes,generic,2012,intro2012,basisDerivedEra,yes,Identity Digital Limited,United States of America (the),2014-01-16,https://www.iana.org/domains/root/db/shiksha.html | https://newgtlds.icann.org/en/program-status/statistics
.shoes,.shoes,delegated,yes,generic,2012,intro2012,basisDerivedEra,yes,"Binky Moon, LLC",United States of America (the),2013-12-12,https://www.iana.org/domains/root/db/shoes.html | https://newgtlds.icann.org/en/program-status/statistics
.shop,.shop,delegated,yes,generic,2012,intro2012,basisDirect,yes,"GMO Registry, Inc.",Japan,2016-05-05,https://www.iana.org/domains/root/db/shop.html | https://data.iana.org/TLD/tlds-alpha-by-domain.txt | https://newgtlds.icann.org/en/program-status/statistics | https://archive.icann.org/en/tlds/tld-applications-lodged-02oct00.htm
.shopping,.shopping,delegated,yes,generic,2012,intro2012,basisDerivedEra,yes,"Binky Moon, LLC",United States of America (the),2016-06-08,https://www.iana.org/domains/root/db/shopping.html | https://newgtlds.icann.org/en/program-status/statistics
.shouji,.shouji,delegated,yes,generic,2012,intro2012,basisDerivedEra,yes,"Beijing Qihu Keji Co., Ltd.",China,2016-03-18,https://www.iana.org/domains/root/db/shouji.html | https://newgtlds.icann.org/en/program-status/statistics
.show,.show,delegated,yes,generic,2012,intro2012,basisDerivedEra,yes,"Binky Moon, LLC",United States of America (the),2015-04-09,https://www.iana.org/domains/root/db/show.html | https://newgtlds.icann.org/en/program-status/statistics
.showtime,.showtime,notDelegated,no,generic,2012,intro2012,basisDerivedEra,yes,,,2016-07-21,https://www.iana.org/domains/root/db/showtime.html | https://newgtlds.icann.org/en/program-status/statistics
.shriram,.shriram,notDelegated,no,generic,2012,intro2012,basisDerivedEra,yes,,,2014-12-04,https://www.iana.org/domains/root/db/shriram.html | https://newgtlds.icann.org/en/program-status/statistics
.si,.si,delegated,yes,country-code,,introCcTld,basisFormalType,yes,Academic and Research Network of Slovenia (ARNES),Slovenia,1992-04-01,https://www.iana.org/domains/root/db/si.html | https://www.iana.org/help/cctld-delegation-answers
.silk,.silk,delegated,yes,generic,2012,intro2012,basisDerivedEra,yes,"Amazon Registry Services, Inc.",United States of America (the),2016-05-19,https://www.iana.org/domains/root/db/silk.html | https://newgtlds.icann.org/en/program-status/statistics
.sina,.sina,delegated,yes,generic,2012,intro2012,basisDerivedEra,yes,Sina Corporation,China,2016-02-29,https://www.iana.org/domains/root/db/sina.html | https://newgtlds.icann.org/en/program-status/statistics
.singles,.singles,delegated,yes,generic,2012,intro2012,basisDerivedEra,yes,"Binky Moon, LLC",United States of America (the),2013-10-31,https://www.iana.org/domains/root/db/singles.html | https://newgtlds.icann.org/en/program-status/statistics
.site,.site,delegated,yes,generic,2012,intro2012,basisDerivedEra,yes,Radix Technologies Inc. SEZC,Cayman Islands (the),2015-03-06,https://www.iana.org/domains/root/db/site.html | https://newgtlds.icann.org/en/program-status/statistics
.sj,.sj,delegated,yes,country-code,,introCcTld,basisFormalType,yes,Norid A/S,Norway,1997-08-21,https://www.iana.org/domains/root/db/sj.html | https://www.iana.org/help/cctld-delegation-answers
.sk,.sk,delegated,yes,country-code,,introCcTld,basisFormalType,yes,"SK-NIC, a.s.",Slovakia,1993-03-29,https://www.iana.org/domains/root/db/sk.html | https://www.iana.org/help/cctld-delegation-answers
.ski,.ski,delegated,yes,generic,2012,intro2012,basisDerivedEra,yes,Identity Digital Limited,United States of America (the),2015-05-14,https://www.iana.org/domains/root/db/ski.html | https://newgtlds.icann.org/en/program-status/statistics
.skin,.skin,delegated,yes,generic,2012,intro2012,basisDerivedEra,yes,XYZ.COM LLC,United States of America (the),2015-12-23,https://www.iana.org/domains/root/db/skin.html | https://newgtlds.icann.org/en/program-status/statistics
.sky,.sky,delegated,yes,generic,2012,intro2012,basisDerivedEra,yes,Sky UK Limited,United Kingdom of Great Britain and Northern Ireland (the),2014-10-02,https://www.iana.org/domains/root/db/sky.html | https://newgtlds.icann.org/en/program-status/statistics
.skype,.skype,delegated,yes,generic,2012,intro2012,basisDerivedEra,yes,Microsoft Corporation,United States of America (the),2015-03-19,https://www.iana.org/domains/root/db/skype.html | https://newgtlds.icann.org/en/program-status/statistics
.sl,.sl,delegated,yes,country-code,,introCcTld,basisFormalType,yes,Sierratel,Sierra Leone,1997-05-09,https://www.iana.org/domains/root/db/sl.html | https://www.iana.org/help/cctld-delegation-answers
.sling,.sling,delegated,yes,generic,2012,intro2012,basisDerivedEra,yes,DISH Technologies L.L.C.,United States of America (the),2016-08-04,https://www.iana.org/domains/root/db/sling.html | https://newgtlds.icann.org/en/program-status/statistics
.sm,.sm,delegated,yes,country-code,,introCcTld,basisFormalType,yes,Telecom Italia San Marino S.p.A.,San Marino,1995-08-16,https://www.iana.org/domains/root/db/sm.html | https://www.iana.org/help/cctld-delegation-answers
.smart,.smart,delegated,yes,generic,2012,intro2012,basisDerivedEra,yes,"Smart Communications, Inc. (SMART)",Philippines (the),2016-04-21,https://www.iana.org/domains/root/db/smart.html | https://newgtlds.icann.org/en/program-status/statistics
.smile,.smile,delegated,yes,generic,2012,intro2012,basisDerivedEra,yes,"Amazon Registry Services, Inc.",United States of America (the),2015-11-12,https://www.iana.org/domains/root/db/smile.html | https://newgtlds.icann.org/en/program-status/statistics
.sn,.sn,delegated,yes,country-code,,introCcTld,basisFormalType,yes,Universite Cheikh Anta Diop,Senegal,1993-03-19,https://www.iana.org/domains/root/db/sn.html | https://www.iana.org/help/cctld-delegation-answers
.sncf,.sncf,delegated,yes,generic,2012,intro2012,basisDerivedEra,yes,Société Nationale SNCF,France,2015-05-08,https://www.iana.org/domains/root/db/sncf.html | https://newgtlds.icann.org/en/program-status/statistics
.so,.so,delegated,yes,country-code,,introCcTld,basisFormalType,yes,Ministry of Post and Telecommunications,,1997-08-28,https://www.iana.org/domains/root/db/so.html | https://www.iana.org/help/cctld-delegation-answers
.soccer,.soccer,delegated,yes,generic,2012,intro2012,basisDerivedEra,yes,"Binky Moon, LLC",United States of America (the),2015-05-08,https://www.iana.org/domains/root/db/soccer.html | https://newgtlds.icann.org/en/program-status/statistics
.social,.social,delegated,yes,generic,2012,intro2012,basisDerivedEra,yes,"Dog Beach, LLC",United States of America (the),2014-01-09,https://www.iana.org/domains/root/db/social.html | https://newgtlds.icann.org/en/program-status/statistics
.softbank,.softbank,delegated,yes,generic,2012,intro2012,basisDerivedEra,yes,SoftBank Group Corp.,Japan,2015-12-23,https://www.iana.org/domains/root/db/softbank.html | https://newgtlds.icann.org/en/program-status/statistics
.software,.software,delegated,yes,generic,2012,intro2012,basisDerivedEra,yes,"Dog Beach, LLC",United States of America (the),2014-05-22,https://www.iana.org/domains/root/db/software.html | https://newgtlds.icann.org/en/program-status/statistics
.sohu,.sohu,delegated,yes,generic,2012,intro2012,basisDerivedEra,yes,Sohu.com Limited,China,2014-02-27,https://www.iana.org/domains/root/db/sohu.html | https://newgtlds.icann.org/en/program-status/statistics
.solar,.solar,delegated,yes,generic,2012,intro2012,basisDerivedEra,yes,"Binky Moon, LLC",United States of America (the),2013-12-19,https://www.iana.org/domains/root/db/solar.html | https://newgtlds.icann.org/en/program-status/statistics
.solutions,.solutions,delegated,yes,generic,2012,intro2012,basisDerivedEra,yes,"Binky Moon, LLC",United States of America (the),2013-12-19,https://www.iana.org/domains/root/db/solutions.html | https://newgtlds.icann.org/en/program-status/statistics
.song,.song,delegated,yes,generic,2012,intro2012,basisDerivedEra,yes,"Amazon Registry Services, Inc.",United States of America (the),2016-01-29,https://www.iana.org/domains/root/db/song.html | https://newgtlds.icann.org/en/program-status/statistics
.sony,.sony,delegated,yes,generic,2012,intro2012,basisDerivedEra,yes,Sony Corporation,Japan,2015-03-06,https://www.iana.org/domains/root/db/sony.html | https://newgtlds.icann.org/en/program-status/statistics
.soy,.soy,delegated,yes,generic,2012,intro2012,basisDerivedEra,yes,Charleston Road Registry Inc.,United States of America (the),2014-03-20,https://www.iana.org/domains/root/db/soy.html | https://newgtlds.icann.org/en/program-status/statistics
.spa,.spa,delegated,yes,generic,2012,intro2012,basisDerivedEra,yes,Asia Spa and Wellness Promotion Council Limited,Malaysia,2020-09-25,https://www.iana.org/domains/root/db/spa.html | https://newgtlds.icann.org/en/program-status/statistics
.space,.space,delegated,yes,generic,2012,intro2012,basisDerivedEra,yes,Radix Technologies Inc.,Cayman Islands (the),2014-05-22,https://www.iana.org/domains/root/db/space.html | https://newgtlds.icann.org/en/program-status/statistics
.spiegel,.spiegel,notDelegated,no,generic,2012,intro2012,basisDerivedEra,yes,,,2014-06-19,https://www.iana.org/domains/root/db/spiegel.html | https://newgtlds.icann.org/en/program-status/statistics
.sport,.sport,delegated,yes,generic,2012,intro2012,basisDerivedEra,yes,SportAccord,Switzerland,2018-01-05,https://www.iana.org/domains/root/db/sport.html | https://newgtlds.icann.org/en/program-status/statistics
.spot,.spot,delegated,yes,generic,2012,intro2012,basisDerivedEra,yes,"Amazon Registry Services, Inc.",United States of America (the),2016-01-29,https://www.iana.org/domains/root/db/spot.html | https://newgtlds.icann.org/en/program-status/statistics
.spreadbetting,.spreadbetting,notDelegated,no,generic,2012,intro2012,basisDerivedEra,yes,,,2015-03-06,https://www.iana.org/domains/root/db/spreadbetting.html | https://newgtlds.icann.org/en/program-status/statistics
.sr,.sr,delegated,yes,country-code,,introCcTld,basisFormalType,yes,Telesur,Suriname,1991-09-03,https://www.iana.org/domains/root/db/sr.html | https://www.iana.org/help/cctld-delegation-answers
.srl,.srl,delegated,yes,generic,2012,intro2012,basisDerivedEra,yes,InterNetX Corp.,United States of America (the),2015-07-09,https://www.iana.org/domains/root/db/srl.html | https://newgtlds.icann.org/en/program-status/statistics
.srt,.srt,notDelegated,no,generic,2012,intro2012,basisDerivedEra,yes,,,2016-07-07,https://www.iana.org/domains/root/db/srt.html | https://newgtlds.icann.org/en/program-status/statistics
.ss,.ss,delegated,yes,country-code,,introCcTld,basisFormalType,yes,National Communication Authority (NCA),South Sudan,2011-08-31,https://www.iana.org/domains/root/db/ss.html | https://www.iana.org/help/cctld-delegation-answers
.st,.st,delegated,yes,country-code,,introCcTld,basisFormalType,yes,Tecnisys,Sao Tome and Principe,1997-11-07,https://www.iana.org/domains/root/db/st.html | https://www.iana.org/help/cctld-delegation-answers
.stada,.stada,delegated,yes,generic,2012,intro2012,basisDerivedEra,yes,STADA Arzneimittel AG,Germany,2015-08-13,https://www.iana.org/domains/root/db/stada.html | https://newgtlds.icann.org/en/program-status/statistics
.staples,.staples,delegated,yes,generic,2012,intro2012,basisDerivedEra,yes,"Staples, Inc.",United States of America (the),2016-06-09,https://www.iana.org/domains/root/db/staples.html | https://newgtlds.icann.org/en/program-status/statistics
.star,.star,delegated,yes,generic,2012,intro2012,basisDerivedEra,yes,Star India Private Limited,India,2015-12-10,https://www.iana.org/domains/root/db/star.html | https://newgtlds.icann.org/en/program-status/statistics
.starhub,.starhub,notDelegated,no,generic,2012,intro2012,basisDerivedEra,yes,,,2015-05-08,https://www.iana.org/domains/root/db/starhub.html | https://newgtlds.icann.org/en/program-status/statistics
.statebank,.statebank,delegated,yes,generic,2012,intro2012,basisDerivedEra,yes,STATE BANK OF INDIA,India,2016-03-24,https://www.iana.org/domains/root/db/statebank.html | https://newgtlds.icann.org/en/program-status/statistics
.statefarm,.statefarm,delegated,yes,generic,2012,intro2012,basisDerivedEra,yes,State Farm Mutual Automobile Insurance Company,United States of America (the),2015-11-06,https://www.iana.org/domains/root/db/statefarm.html | https://newgtlds.icann.org/en/program-status/statistics
.statoil,.statoil,notDelegated,no,generic,2012,intro2012,basisDerivedEra,yes,,,2015-06-11,https://www.iana.org/domains/root/db/statoil.html | https://newgtlds.icann.org/en/program-status/statistics
.stc,.stc,delegated,yes,generic,2012,intro2012,basisDerivedEra,yes,Saudi Telecom Company,Saudi Arabia,2015-08-20,https://www.iana.org/domains/root/db/stc.html | https://newgtlds.icann.org/en/program-status/statistics
.stcgroup,.stcgroup,delegated,yes,generic,2012,intro2012,basisDerivedEra,yes,Saudi Telecom Company,Saudi Arabia,2015-08-20,https://www.iana.org/domains/root/db/stcgroup.html | https://newgtlds.icann.org/en/program-status/statistics
.stockholm,.stockholm,delegated,yes,generic,2012,intro2012,basisDerivedEra,yes,Stockholms kommun,Sweden,2015-09-17,https://www.iana.org/domains/root/db/stockholm.html | https://newgtlds.icann.org/en/program-status/statistics
.storage,.storage,delegated,yes,generic,2012,intro2012,basisDerivedEra,yes,XYZ.COM LLC,United States of America (the),2015-12-10,https://www.iana.org/domains/root/db/storage.html | https://newgtlds.icann.org/en/program-status/statistics
.store,.store,delegated,yes,generic,2012,intro2012,basisDerivedEra,yes,Radix Technologies Inc.,Cayman Islands (the),2016-02-11,https://www.iana.org/domains/root/db/store.html | https://newgtlds.icann.org/en/program-status/statistics
.stream,.stream,delegated,yes,generic,2012,intro2012,basisDerivedEra,yes,dot Stream Limited,Gibraltar,2016-02-26,https://www.iana.org/domains/root/db/stream.html | https://newgtlds.icann.org/en/program-status/statistics
.studio,.studio,delegated,yes,generic,2012,intro2012,basisDerivedEra,yes,"Dog Beach, LLC",United States of America (the),2015-06-25,https://www.iana.org/domains/root/db/studio.html | https://newgtlds.icann.org/en/program-status/statistics
.study,.study,delegated,yes,generic,2012,intro2012,basisDerivedEra,yes,"Registry Services, LLC",United States of America (the),2015-02-19,https://www.iana.org/domains/root/db/study.html | https://newgtlds.icann.org/en/program-status/statistics
.style,.style,delegated,yes,generic,2012,intro2012,basisDerivedEra,yes,"Binky Moon, LLC",United States of America (the),2015-01-29,https://www.iana.org/domains/root/db/style.html | https://newgtlds.icann.org/en/program-status/statistics
.su,.su,delegated,yes,country-code,,introCcTld,basisFormalType,yes,Russian Institute for Development of Public Networks (ROSNIIROS),Russian Federation (the),1990-09-19,https://www.iana.org/domains/root/db/su.html | https://www.iana.org/help/cctld-delegation-answers
.sucks,.sucks,delegated,yes,generic,2012,intro2012,basisDirect,yes,Vox Populi Registry Ltd.,Cayman Islands (the),2015-02-19,https://www.iana.org/domains/root/db/sucks.html | https://data.iana.org/TLD/tlds-alpha-by-domain.txt | https://archive.icann.org/en/tlds/ads1/ | https://newgtlds.icann.org/en/program-status/statistics | https://archive.icann.org/en/tlds/tld-applications-lodged-02oct00.htm
.supplies,.supplies,delegated,yes,generic,2012,intro2012,basisDerivedEra,yes,"Binky Moon, LLC",United States of America (the),2014-02-13,https://www.iana.org/domains/root/db/supplies.html | https://newgtlds.icann.org/en/program-status/statistics
.supply,.supply,delegated,yes,generic,2012,intro2012,basisDerivedEra,yes,"Binky Moon, LLC",United States of America (the),2014-02-13,https://www.iana.org/domains/root/db/supply.html | https://newgtlds.icann.org/en/program-status/statistics
.support,.support,delegated,yes,generic,2012,intro2012,basisDerivedEra,yes,"Binky Moon, LLC",United States of America (the),2013-12-12,https://www.iana.org/domains/root/db/support.html | https://newgtlds.icann.org/en/program-status/statistics
.surf,.surf,delegated,yes,generic,2012,intro2012,basisDerivedEra,yes,"Registry Services, LLC",United States of America (the),2014-03-13,https://www.iana.org/domains/root/db/surf.html | https://newgtlds.icann.org/en/program-status/statistics
.surgery,.surgery,delegated,yes,generic,2012,intro2012,basisDerivedEra,yes,"Binky Moon, LLC",United States of America (the),2014-04-17,https://www.iana.org/domains/root/db/surgery.html | https://newgtlds.icann.org/en/program-status/statistics
.suzuki,.suzuki,delegated,yes,generic,2012,intro2012,basisDerivedEra,yes,SUZUKI MOTOR CORPORATION,Japan,2014-06-26,https://www.iana.org/domains/root/db/suzuki.html | https://newgtlds.icann.org/en/program-status/statistics
.sv,.sv,delegated,yes,country-code,,introCcTld,basisFormalType,yes,SVNet,El Salvador,1994-11-04,https://www.iana.org/domains/root/db/sv.html | https://www.iana.org/help/cctld-delegation-answers
.swatch,.swatch,delegated,yes,generic,2012,intro2012,basisDerivedEra,yes,The Swatch Group Ltd,Switzerland,2015-04-23,https://www.iana.org/domains/root/db/swatch.html | https://newgtlds.icann.org/en/program-status/statistics
.swiftcover,.swiftcover,notDelegated,no,generic,2012,intro2012,basisDerivedEra,yes,,,2016-06-09,https://www.iana.org/domains/root/db/swiftcover.html | https://newgtlds.icann.org/en/program-status/statistics
.swiss,.swiss,delegated,yes,generic,2012,intro2012,basisDirect,yes,Swiss Confederation,Switzerland,2015-04-16,https://www.iana.org/domains/root/db/swiss.html | https://data.iana.org/TLD/tlds-alpha-by-domain.txt | https://www.nic.swiss/en/conditions-for-the-registration-and-the-registration-process | https://newgtlds.icann.org/en/program-status/statistics
.sx,.sx,delegated,yes,country-code,,introCcTld,basisFormalType,yes,SX Registry SA B.V.,Sint Maarten (Dutch part),2010-12-20,https://www.iana.org/domains/root/db/sx.html | https://www.iana.org/help/cctld-delegation-answers
.sy,.sy,delegated,yes,country-code,,introCcTld,basisFormalType,yes,National Authority for Information Technology Services (NAITS),Syrian Arab Republic (the),1996-02-20,https://www.iana.org/domains/root/db/sy.html | https://www.iana.org/help/cctld-delegation-answers
.sydney,.sydney,delegated,yes,generic,2012,intro2012,basisDerivedEra,yes,"State of New South Wales, Department of Premier and Cabinet",Australia,2014-10-30,https://www.iana.org/domains/root/db/sydney.html | https://newgtlds.icann.org/en/program-status/statistics
.symantec,.symantec,notDelegated,no,generic,2012,intro2012,basisDerivedEra,yes,,,2015-09-24,https://www.iana.org/domains/root/db/symantec.html | https://newgtlds.icann.org/en/program-status/statistics
.systems,.systems,delegated,yes,generic,2012,intro2012,basisDerivedEra,yes,"Binky Moon, LLC",United States of America (the),2013-12-12,https://www.iana.org/domains/root/db/systems.html | https://newgtlds.icann.org/en/program-status/statistics
.sz,.sz,delegated,yes,country-code,,introCcTld,basisFormalType,yes,University of Swaziland Department of Computer Science,Eswatini,1993-07-19,https://www.iana.org/domains/root/db/sz.html | https://www.iana.org/help/cctld-delegation-answers
.tab,.tab,delegated,yes,generic,2012,intro2012,basisDerivedEra,yes,Tabcorp Holdings Limited,Australia,2015-09-04,https://www.iana.org/domains/root/db/tab.html | https://newgtlds.icann.org/en/program-status/statistics
.taipei,.taipei,delegated,yes,generic,2012,intro2012,basisDerivedEra,yes,Taipei City Government,Taiwan,2014-09-25,https://www.iana.org/domains/root/db/taipei.html | https://newgtlds.icann.org/en/program-status/statistics
.talk,.talk,delegated,yes,generic,2012,intro2012,basisDerivedEra,yes,"Amazon Registry Services, Inc.",United States of America (the),2016-03-18,https://www.iana.org/domains/root/db/talk.html | https://newgtlds.icann.org/en/program-status/statistics
.taobao,.taobao,delegated,yes,generic,2012,intro2012,basisDerivedEra,yes,Alibaba Group Holding Limited,Grand Cayman,2016-01-08,https://www.iana.org/domains/root/db/taobao.html | https://newgtlds.icann.org/en/program-status/statistics
.target,.target,delegated,yes,generic,2012,intro2012,basisDerivedEra,yes,"Target Domain Holdings, LLC",United States of America (the),2016-07-21,https://www.iana.org/domains/root/db/target.html | https://newgtlds.icann.org/en/program-status/statistics
.tatamotors,.tatamotors,delegated,yes,generic,2012,intro2012,basisDerivedEra,yes,Tata Motors Ltd,India,2015-07-16,https://www.iana.org/domains/root/db/tatamotors.html | https://newgtlds.icann.org/en/program-status/statistics
.tatar,.tatar,delegated,yes,generic,2012,intro2012,basisDerivedEra,yes,"Limited Liability Company ""Coordination Center of Regional Domain of Tatarstan Republic""",Russian Federation (the),2014-07-03,https://www.iana.org/domains/root/db/tatar.html | https://newgtlds.icann.org/en/program-status/statistics
.tattoo,.tattoo,delegated,yes,generic,2012,intro2012,basisDerivedEra,yes,"Registry Services, LLC",United States of America (the),2013-11-08,https://www.iana.org/domains/root/db/tattoo.html | https://newgtlds.icann.org/en/program-status/statistics
.tax,.tax,delegated,yes,generic,2012,intro2012,basisDerivedEra,yes,"Binky Moon, LLC",United States of America (the),2014-04-17,https://www.iana.org/domains/root/db/tax.html | https://newgtlds.icann.org/en/program-status/statistics
.taxi,.taxi,delegated,yes,generic,2012,intro2012,basisDerivedEra,yes,"Binky Moon, LLC",United States of America (the),2015-04-30,https://www.iana.org/domains/root/db/taxi.html | https://newgtlds.icann.org/en/program-status/statistics
.tc,.tc,delegated,yes,country-code,,introCcTld,basisFormalType,yes,Melrex TC,Turks and Caicos Islands (the),1997-01-27,https://www.iana.org/domains/root/db/tc.html | https://www.iana.org/help/cctld-delegation-answers
.tci,.tci,delegated,yes,generic,2012,intro2012,basisDerivedEra,yes,Emergency Back-End Registry Operator Program - ICANN,United States of America (the),2015-11-25,https://www.iana.org/domains/root/db/tci.html | https://newgtlds.icann.org/en/program-status/statistics
.td,.td,delegated,yes,country-code,,introCcTld,basisFormalType,yes,l'Agence de Développement des Technologies de l'Information et de la Communication (ADETIC),Chad,1997-11-03,https://www.iana.org/domains/root/db/td.html | https://www.iana.org/help/cctld-delegation-answers
.tdk,.tdk,delegated,yes,generic,2012,intro2012,basisDerivedEra,yes,TDK Corporation,Japan,2016-03-10,https://www.iana.org/domains/root/db/tdk.html | https://newgtlds.icann.org/en/program-status/statistics
.team,.team,delegated,yes,generic,2012,intro2012,basisDerivedEra,yes,"Binky Moon, LLC",United States of America (the),2015-04-09,https://www.iana.org/domains/root/db/team.html | https://newgtlds.icann.org/en/program-status/statistics
.tech,.tech,delegated,yes,generic,2012,intro2012,basisDerivedEra,yes,Radix Technologies Inc.,Cayman Islands (the),2015-03-12,https://www.iana.org/domains/root/db/tech.html | https://newgtlds.icann.org/en/program-status/statistics
.technology,.technology,delegated,yes,generic,2012,intro2012,basisDerivedEra,yes,"Binky Moon, LLC",United States of America (the),2013-11-08,https://www.iana.org/domains/root/db/technology.html | https://newgtlds.icann.org/en/program-status/statistics
.tel,.tel,delegated,yes,sponsored,2004,intro2004,basisDirect,yes,Telnames Ltd.,United Kingdom of Great Britain and Northern Ireland (the),2007-03-01,https://www.iana.org/domains/root/db/tel.html | https://data.iana.org/TLD/tlds-alpha-by-domain.txt | https://www.icann.org/en/announcements/details/icann-progress-in-process-for-introducing-new-sponsored-top-level-domains-19-3-2004-en | https://archive.icann.org/en/tlds/tld-applications-lodged-02oct00.htm
.telecity,.telecity,notDelegated,no,generic,2012,intro2012,basisDerivedEra,yes,,,2016-02-11,https://www.iana.org/domains/root/db/telecity.html | https://newgtlds.icann.org/en/program-status/statistics
.telefonica,.telefonica,notDelegated,no,generic,2012,intro2012,basisDerivedEra,yes,,,2015-06-18,https://www.iana.org/domains/root/db/telefonica.html | https://newgtlds.icann.org/en/program-status/statistics
.temasek,.temasek,delegated,yes,generic,2012,intro2012,basisDerivedEra,yes,Temasek Holdings (Private) Limited,Singapore,2014-12-18,https://www.iana.org/domains/root/db/temasek.html | https://newgtlds.icann.org/en/program-status/statistics
.tennis,.tennis,delegated,yes,generic,2012,intro2012,basisDerivedEra,yes,"Binky Moon, LLC",United States of America (the),2015-01-29,https://www.iana.org/domains/root/db/tennis.html | https://newgtlds.icann.org/en/program-status/statistics
.teva,.teva,delegated,yes,generic,2012,intro2012,basisDerivedEra,yes,Teva Pharmaceutical Industries Limited,Israel,2016-02-19,https://www.iana.org/domains/root/db/teva.html | https://newgtlds.icann.org/en/program-status/statistics
.tf,.tf,delegated,yes,country-code,,introCcTld,basisFormalType,yes,Association Française pour le Nommage Internet en Coopération (A.F.N.I.C.),France,1997-08-26,https://www.iana.org/domains/root/db/tf.html | https://www.iana.org/help/cctld-delegation-answers
.tg,.tg,delegated,yes,country-code,,introCcTld,basisFormalType,yes,Autorité de Régulation des Communications Electroniques et des Postes (ARCEP),Togo,1996-09-05,https://www.iana.org/domains/root/db/tg.html | https://www.iana.org/help/cctld-delegation-answers
.th,.th,delegated,yes,country-code,,introCcTld,basisFormalType,yes,Thai Network Information Center Foundation,Thailand,1988-09-07,https://www.iana.org/domains/root/db/th.html | https://www.iana.org/help/cctld-delegation-answers
.thd,.thd,delegated,yes,generic,2012,intro2012,basisDerivedEra,yes,"Home Depot Product Authority, LLC",United States of America (the),2015-05-14,https://www.iana.org/domains/root/db/thd.html | https://newgtlds.icann.org/en/program-status/statistics
.theater,.theater,delegated,yes,generic,2012,intro2012,basisDerivedEra,yes,"Binky Moon, LLC",United States of America (the),2015-04-30,https://www.iana.org/domains/root/db/theater.html | https://newgtlds.icann.org/en/program-status/statistics
.theatre,.theatre,delegated,yes,generic,2012,intro2012,basisDerivedEra,yes,XYZ.COM LLC,United States of America (the),2015-08-13,https://www.iana.org/domains/root/db/theatre.html | https://newgtlds.icann.org/en/program-status/statistics
.tiaa,.tiaa,delegated,yes,generic,2012,intro2012,basisDerivedEra,yes,Teachers Insurance and Annuity Association of America,United States of America (the),2016-03-24,https://www.iana.org/domains/root/db/tiaa.html | https://newgtlds.icann.org/en/program-status/statistics
.tickets,.tickets,delegated,yes,generic,2012,intro2012,basisDerivedEra,yes,XYZ.COM LLC,United States of America (the),2015-03-19,https://www.iana.org/domains/root/db/tickets.html | https://newgtlds.icann.org/en/program-status/statistics
.tienda,.tienda,delegated,yes,generic,2012,intro2012,basisDerivedEra,yes,"Binky Moon, LLC",United States of America (the),2014-01-16,https://www.iana.org/domains/root/db/tienda.html | https://newgtlds.icann.org/en/program-status/statistics
.tiffany,.tiffany,notDelegated,no,generic,2012,intro2012,basisDerivedEra,yes,,,2015-12-17,https://www.iana.org/domains/root/db/tiffany.html | https://newgtlds.icann.org/en/program-status/statistics
.tips,.tips,delegated,yes,generic,2012,intro2012,basisDerivedEra,yes,"Binky Moon, LLC",United States of America (the),2013-11-13,https://www.iana.org/domains/root/db/tips.html | https://newgtlds.icann.org/en/program-status/statistics
.tires,.tires,delegated,yes,generic,2012,intro2012,basisDerivedEra,yes,"Binky Moon, LLC",United States of America (the),2014-12-11,https://www.iana.org/domains/root/db/tires.html | https://newgtlds.icann.org/en/program-status/statistics
.tirol,.tirol,delegated,yes,generic,2012,intro2012,basisDerivedEra,yes,punkt Tirol GmbH,Austria,2014-05-29,https://www.iana.org/domains/root/db/tirol.html | https://newgtlds.icann.org/en/program-status/statistics
.tj,.tj,delegated,yes,country-code,,introCcTld,basisFormalType,yes,Information Technology Center,Tajikistan,1997-12-11,https://www.iana.org/domains/root/db/tj.html | https://www.iana.org/help/cctld-delegation-answers
.tjmaxx,.tjmaxx,delegated,yes,generic,2012,intro2012,basisDerivedEra,yes,"The TJX Companies, Inc.",United States of America (the),2016-04-07,https://www.iana.org/domains/root/db/tjmaxx.html | https://newgtlds.icann.org/en/program-status/statistics
.tjx,.tjx,delegated,yes,generic,2012,intro2012,basisDerivedEra,yes,"The TJX Companies, Inc.",United States of America (the),2016-04-07,https://www.iana.org/domains/root/db/tjx.html | https://newgtlds.icann.org/en/program-status/statistics
.tk,.tk,delegated,yes,country-code,,introCcTld,basisFormalType,yes,Telecommunication Tokelau Corporation (Teletok),Tokelau,1997-11-07,https://www.iana.org/domains/root/db/tk.html | https://www.iana.org/help/cctld-delegation-answers
.tkmaxx,.tkmaxx,delegated,yes,generic,2012,intro2012,basisDerivedEra,yes,"The TJX Companies, Inc.",United States of America (the),2016-04-07,https://www.iana.org/domains/root/db/tkmaxx.html | https://newgtlds.icann.org/en/program-status/statistics
.tl,.tl,delegated,yes,country-code,,introCcTld,basisFormalType,yes,Autoridade Nacional de Comunicações,Timor-Leste,2005-03-23,https://www.iana.org/domains/root/db/tl.html | https://www.iana.org/help/cctld-delegation-answers
.tm,.tm,delegated,yes,country-code,,introCcTld,basisFormalType,yes,TM Domain Registry Ltd,United Kingdom of Great Britain and Northern Ireland (the),1997-05-30,https://www.iana.org/domains/root/db/tm.html | https://www.iana.org/help/cctld-delegation-answers
.tmall,.tmall,delegated,yes,generic,2012,intro2012,basisDerivedEra,yes,Alibaba Group Holding Limited,Grand Cayman,2016-01-08,https://www.iana.org/domains/root/db/tmall.html | https://newgtlds.icann.org/en/program-status/statistics
.tn,.tn,delegated,yes,country-code,,introCcTld,basisFormalType,yes,Agence Tunisienne d'Internet,Tunisia,1991-05-17,https://www.iana.org/domains/root/db/tn.html | https://www.iana.org/help/cctld-delegation-answers
.to,.to,delegated,yes,country-code,,introCcTld,basisFormalType,yes,"Government of the Kingdom of Tonga, H.R.H. Crown Prince Tupouto'a, c/o Consulate of Tonga",United States of America (the),1995-12-18,https://www.iana.org/domains/root/db/to.html | https://www.iana.org/help/cctld-delegation-answers
.today,.today,delegated,yes,generic,2012,intro2012,basisDerivedEra,yes,"Binky Moon, LLC",United States of America (the),2013-11-13,https://www.iana.org/domains/root/db/today.html | https://newgtlds.icann.org/en/program-status/statistics
.tokyo,.tokyo,delegated,yes,generic,2012,intro2012,basisDirect,yes,"GMO Registry, Inc.",Japan,2014-01-16,https://www.iana.org/domains/root/db/tokyo.html | https://data.iana.org/TLD/tlds-alpha-by-domain.txt | https://www.iana.org/domains/root/db | https://newgtlds.icann.org/en/program-status/statistics
.tools,.tools,delegated,yes,generic,2012,intro2012,basisDerivedEra,yes,"Binky Moon, LLC",United States of America (the),2014-01-16,https://www.iana.org/domains/root/db/tools.html | https://newgtlds.icann.org/en/program-status/statistics
.top,.top,delegated,yes,generic,2012,intro2012,basisDerivedEra,yes,Hong Kong Zhongze International Limited,China,2014-07-24,https://www.iana.org/domains/root/db/top.html | https://newgtlds.icann.org/en/program-status/statistics
.toray,.toray,delegated,yes,generic,2012,intro2012,basisDerivedEra,yes,"Toray Industries, Inc.",Japan,2015-04-16,https://www.iana.org/domains/root/db/toray.html | https://newgtlds.icann.org/en/program-status/statistics
.toshiba,.toshiba,delegated,yes,generic,2012,intro2012,basisDerivedEra,yes,TOSHIBA Corporation,Japan,2014-10-09,https://www.iana.org/domains/root/db/toshiba.html | https://newgtlds.icann.org/en/program-status/statistics
.total,.total,delegated,yes,generic,2012,intro2012,basisDerivedEra,yes,TotalEnergies SE,France,2016-02-05,https://www.iana.org/domains/root/db/total.html | https://newgtlds.icann.org/en/program-status/statistics
.tours,.tours,delegated,yes,generic,2012,intro2012,basisDerivedEra,yes,"Binky Moon, LLC",United States of America (the),2015-03-12,https://www.iana.org/domains/root/db/tours.html | https://newgtlds.icann.org/en/program-status/statistics
.town,.town,delegated,yes,generic,2012,intro2012,basisDerivedEra,yes,"Binky Moon, LLC",United States of America (the),2014-04-03,https://www.iana.org/domains/root/db/town.html | https://newgtlds.icann.org/en/program-status/statistics
.toyota,.toyota,delegated,yes,generic,2012,intro2012,basisDerivedEra,yes,TOYOTA MOTOR CORPORATION,Japan,2015-07-16,https://www.iana.org/domains/root/db/toyota.html | https://newgtlds.icann.org/en/program-status/statistics
.toys,.toys,delegated,yes,generic,2012,intro2012,basisDerivedEra,yes,"Binky Moon, LLC",United States of America (the),2014-04-03,https://www.iana.org/domains/root/db/toys.html | https://newgtlds.icann.org/en/program-status/statistics
.tp,.tp,retired,no,country-code,,introHistoricalCcTld,basisDirect,yes,,,1997-05-09,https://www.iana.org/domains/root/db/tp.html | https://data.iana.org/TLD/tlds-alpha-by-domain.txt | https://www.iana.org/reports/2015/tp-report-20150126.html | https://www.iana.org/help/cctld-retirement
.tr,.tr,delegated,yes,country-code,,introCcTld,basisFormalType,yes,Bilgi Teknolojileri ve İletişim Kurumu (BTK),Türkiye,1990-09-17,https://www.iana.org/domains/root/db/tr.html | https://www.iana.org/help/cctld-delegation-answers
.trade,.trade,delegated,yes,generic,2012,intro2012,basisDerivedEra,yes,Elite Registry Limited,Gibraltar,2014-03-06,https://www.iana.org/domains/root/db/trade.html | https://newgtlds.icann.org/en/program-status/statistics
.trading,.trading,delegated,yes,generic,2012,intro2012,basisDerivedEra,yes,"Dog Beach, LLC",United States of America (the),2015-03-06,https://www.iana.org/domains/root/db/trading.html | https://newgtlds.icann.org/en/program-status/statistics
.training,.training,delegated,yes,generic,2012,intro2012,basisDerivedEra,yes,"Binky Moon, LLC",United States of America (the),2013-12-19,https://www.iana.org/domains/root/db/training.html | https://newgtlds.icann.org/en/program-status/statistics
.travel,.travel,delegated,yes,sponsored,2004,intro2004,basisDirect,yes,"Dog Beach, LLC",United States of America (the),2005-07-27,https://www.iana.org/domains/root/db/travel.html | https://data.iana.org/TLD/tlds-alpha-by-domain.txt | https://www.icann.org/en/announcements/details/icann-progress-in-process-for-introducing-new-sponsored-top-level-domains-19-3-2004-en | https://archive.icann.org/en/tlds/tld-applications-lodged-02oct00.htm
.travelchannel,.travelchannel,notDelegated,no,generic,2012,intro2012,basisDerivedEra,yes,,,2016-05-05,https://www.iana.org/domains/root/db/travelchannel.html | https://newgtlds.icann.org/en/program-status/statistics
.travelers,.travelers,delegated,yes,generic,2012,intro2012,basisDerivedEra,yes,"Travelers TLD, LLC",United States of America (the),2015-11-25,https://www.iana.org/domains/root/db/travelers.html | https://newgtlds.icann.org/en/program-status/statistics
.travelersinsurance,.travelersinsurance,delegated,yes,generic,2012,intro2012,basisDerivedEra,yes,"Travelers TLD, LLC",United States of America (the),2015-11-25,https://www.iana.org/domains/root/db/travelersinsurance.html | https://newgtlds.icann.org/en/program-status/statistics
.trust,.trust,delegated,yes,generic,2012,intro2012,basisDerivedEra,yes,Internet Naming Co.,Cayman Islands (the),2014-11-26,https://www.iana.org/domains/root/db/trust.html | https://newgtlds.icann.org/en/program-status/statistics
.trv,.trv,delegated,yes,generic,2012,intro2012,basisDerivedEra,yes,"Travelers TLD, LLC",United States of America (the),2015-11-25,https://www.iana.org/domains/root/db/trv.html | https://newgtlds.icann.org/en/program-status/statistics
.tt,.tt,delegated,yes,country-code,,introCcTld,basisFormalType,yes,"University of the West Indies, Faculty of Engineering",Trinidad and Tobago,1991-09-03,https://www.iana.org/domains/root/db/tt.html | https://www.iana.org/help/cctld-delegation-answers
.tube,.tube,delegated,yes,generic,2012,intro2012,basisDerivedEra,yes,Latin American Telecom LLC,United States of America (the),2015-12-23,https://www.iana.org/domains/root/db/tube.html | https://newgtlds.icann.org/en/program-status/statistics
.tui,.tui,delegated,yes,generic,2012,intro2012,basisDerivedEra,yes,TUI AG,Germany,2014-09-18,https://www.iana.org/domains/root/db/tui.html | https://newgtlds.icann.org/en/program-status/statistics
.tunes,.tunes,delegated,yes,generic,2012,intro2012,basisDerivedEra,yes,"Amazon Registry Services, Inc.",United States of America (the),2016-01-29,https://www.iana.org/domains/root/db/tunes.html | https://newgtlds.icann.org/en/program-status/statistics
.tushu,.tushu,delegated,yes,generic,2012,intro2012,basisDerivedEra,yes,"Amazon Registry Services, Inc.",United States of America (the),2015-11-12,https://www.iana.org/domains/root/db/tushu.html | https://newgtlds.icann.org/en/program-status/statistics
.tv,.tv,delegated,yes,country-code,,introCcTld,basisFormalType,yes,"Ministry of Transport, Energy, Communications and Innovations",Tuvalu,1996-03-18,https://www.iana.org/domains/root/db/tv.html | https://www.iana.org/help/cctld-delegation-answers
.tvs,.tvs,delegated,yes,generic,2012,intro2012,basisDerivedEra,yes,T V SUNDRAM IYENGAR & SONS PRIVATE LIMITED,India,2016-02-05,https://www.iana.org/domains/root/db/tvs.html | https://newgtlds.icann.org/en/program-status/statistics
.tw,.tw,delegated,yes,country-code,,introCcTld,basisFormalType,yes,Taiwan Network Information Center (TWNIC),Taiwan,1989-07-31,https://www.iana.org/domains/root/db/tw.html | https://www.iana.org/help/cctld-delegation-answers
.tz,.tz,delegated,yes,country-code,,introCcTld,basisFormalType,yes,Tanzania Communications Regulatory Authority,"Tanzania, the United Republic of",1995-07-14,https://www.iana.org/domains/root/db/tz.html | https://www.iana.org/help/cctld-delegation-answers
.ua,.ua,delegated,yes,country-code,,introCcTld,basisFormalType,yes,Hostmaster Ltd.,Ukraine,1992-12-01,https://www.iana.org/domains/root/db/ua.html | https://www.iana.org/help/cctld-delegation-answers
.ubank,.ubank,delegated,yes,generic,2012,intro2012,basisDerivedEra,yes,National Australia Bank Limited,Australia,2016-08-04,https://www.iana.org/domains/root/db/ubank.html | https://newgtlds.icann.org/en/program-status/statistics
.ubs,.ubs,delegated,yes,generic,2012,intro2012,basisDerivedEra,yes,UBS AG,Switzerland,2015-06-11,https://www.iana.org/domains/root/db/ubs.html | https://newgtlds.icann.org/en/program-status/statistics
.uconnect,.uconnect,notDelegated,no,generic,2012,intro2012,basisDerivedEra,yes,,,2016-07-07,https://www.iana.org/domains/root/db/uconnect.html | https://newgtlds.icann.org/en/program-status/statistics
.ug,.ug,delegated,yes,country-code,,introCcTld,basisFormalType,yes,Uganda Online Ltd.,Uganda,1995-03-08,https://www.iana.org/domains/root/db/ug.html | https://www.iana.org/help/cctld-delegation-answers
.uk,.uk,delegated,yes,country-code,,introCcTld,basisFormalType,yes,Nominet UK,United Kingdom of Great Britain and Northern Ireland (the),1985-07-24,https://www.iana.org/domains/root/db/uk.html | https://www.iana.org/help/cctld-delegation-answers
.um,.um,notDelegated,no,country-code,,introCcTld,basisFormalType,yes,,,2008-04-21,https://www.iana.org/domains/root/db/um.html | https://www.iana.org/help/cctld-delegation-answers
.unicom,.unicom,delegated,yes,generic,2012,intro2012,basisDerivedEra,yes,China United Network Communications Corporation Limited,China,2016-01-22,https://www.iana.org/domains/root/db/unicom.html | https://newgtlds.icann.org/en/program-status/statistics
.university,.university,delegated,yes,generic,2012,intro2012,basisDerivedEra,yes,"Binky Moon, LLC",United States of America (the),2014-04-03,https://www.iana.org/domains/root/db/university.html | https://newgtlds.icann.org/en/program-status/statistics
.uno,.uno,delegated,yes,generic,2012,intro2012,basisDerivedEra,yes,Radix Technologies Inc.,Cayman Islands (the),2013-11-13,https://www.iana.org/domains/root/db/uno.html | https://newgtlds.icann.org/en/program-status/statistics
.uol,.uol,delegated,yes,generic,2012,intro2012,basisDerivedEra,yes,UBN INTERNET LTDA.,Brazil,2014-08-07,https://www.iana.org/domains/root/db/uol.html | https://newgtlds.icann.org/en/program-status/statistics
.ups,.ups,delegated,yes,generic,2012,intro2012,basisDerivedEra,yes,"UPS Market Driver, Inc.",United States of America (the),2016-04-14,https://www.iana.org/domains/root/db/ups.html | https://newgtlds.icann.org/en/program-status/statistics
.us,.us,delegated,yes,country-code,,introCcTld,basisFormalType,yes,"Registry Services, LLC",United States of America (the),1985-02-15,https://www.iana.org/domains/root/db/us.html | https://www.iana.org/help/cctld-delegation-answers
.uy,.uy,delegated,yes,country-code,,introCcTld,basisFormalType,yes,SeCIU - Universidad de la Republica,Uruguay,1990-09-10,https://www.iana.org/domains/root/db/uy.html | https://www.iana.org/help/cctld-delegation-answers
.uz,.uz,delegated,yes,country-code,,introCcTld,basisFormalType,yes,Single Integrator for Creation and Support of State Information Systems UZINFOCOM,Uzbekistan,1995-04-29,https://www.iana.org/domains/root/db/uz.html | https://www.iana.org/help/cctld-delegation-answers
.va,.va,delegated,yes,country-code,,introCcTld,basisFormalType,yes,Holy See - Vatican City State,Holy See (the),1995-09-11,https://www.iana.org/domains/root/db/va.html | https://www.iana.org/help/cctld-delegation-answers
.vacations,.vacations,delegated,yes,generic,2012,intro2012,basisDerivedEra,yes,"Binky Moon, LLC",United States of America (the),2014-02-13,https://www.iana.org/domains/root/db/vacations.html | https://newgtlds.icann.org/en/program-status/statistics
.vana,.vana,delegated,yes,generic,2012,intro2012,basisDerivedEra,yes,D3 Registry LLC,United States of America (the),2015-09-24,https://www.iana.org/domains/root/db/vana.html | https://newgtlds.icann.org/en/program-status/statistics
.vanguard,.vanguard,delegated,yes,generic,2012,intro2012,basisDerivedEra,yes,"The Vanguard Group, Inc.",United States of America (the),2016-08-18,https://www.iana.org/domains/root/db/vanguard.html | https://newgtlds.icann.org/en/program-status/statistics
.vc,.vc,delegated,yes,country-code,,introCcTld,basisFormalType,yes,"Ministry of Telecommunications, Science, Technology and Industry",Saint Vincent and the Grenadines,1991-09-03,https://www.iana.org/domains/root/db/vc.html | https://www.iana.org/help/cctld-delegation-answers
.ve,.ve,delegated,yes,country-code,,introCcTld,basisFormalType,yes,Comisión Nacional de Telecomunicaciones (CONATEL),Venezuela (Bolivarian Republic of),1991-03-07,https://www.iana.org/domains/root/db/ve.html | https://www.iana.org/help/cctld-delegation-answers
.vegas,.vegas,delegated,yes,generic,2012,intro2012,basisDerivedEra,yes,"Dot Vegas, Inc.",United States of America (the),2014-03-20,https://www.iana.org/domains/root/db/vegas.html | https://newgtlds.icann.org/en/program-status/statistics
.ventures,.ventures,delegated,yes,generic,2012,intro2012,basisDerivedEra,yes,"Binky Moon, LLC",United States of America (the),2013-10-31,https://www.iana.org/domains/root/db/ventures.html | https://newgtlds.icann.org/en/program-status/statistics
.verisign,.verisign,delegated,yes,generic,2012,intro2012,basisDerivedEra,yes,"VeriSign, Inc.",United States of America (the),2015-11-06,https://www.iana.org/domains/root/db/verisign.html | https://newgtlds.icann.org/en/program-status/statistics
.versicherung,.versicherung,delegated,yes,generic,2012,intro2012,basisDerivedEra,yes,tldbox GmbH,Austria,2014-05-15,https://www.iana.org/domains/root/db/versicherung.html | https://newgtlds.icann.org/en/program-status/statistics
.vet,.vet,delegated,yes,generic,2012,intro2012,basisDerivedEra,yes,"Dog Beach, LLC",United States of America (the),2014-05-22,https://www.iana.org/domains/root/db/vet.html | https://newgtlds.icann.org/en/program-status/statistics
.vg,.vg,delegated,yes,country-code,,introCcTld,basisFormalType,yes,Telecommunications Regulatory Commission of the Virgin Islands,Virgin Islands (British),1997-02-20,https://www.iana.org/domains/root/db/vg.html | https://www.iana.org/help/cctld-delegation-answers
.vi,.vi,delegated,yes,country-code,,introCcTld,basisFormalType,yes,"Virgin Islands Public Telecommunications System, Inc.",Virgin Islands (U.S.),1995-08-31,https://www.iana.org/domains/root/db/vi.html | https://www.iana.org/help/cctld-delegation-answers
.viajes,.viajes,delegated,yes,generic,2012,intro2012,basisDerivedEra,yes,"Binky Moon, LLC",United States of America (the),2013-12-12,https://www.iana.org/domains/root/db/viajes.html | https://newgtlds.icann.org/en/program-status/statistics
.video,.video,delegated,yes,generic,2012,intro2012,basisDerivedEra,yes,"Dog Beach, LLC",United States of America (the),2014-12-17,https://www.iana.org/domains/root/db/video.html | https://newgtlds.icann.org/en/program-status/statistics
.vig,.vig,delegated,yes,generic,2012,intro2012,basisDerivedEra,yes,VIENNA INSURANCE GROUP AG Wiener Versicherung Gruppe,Austria,2015-11-25,https://www.iana.org/domains/root/db/vig.html | https://newgtlds.icann.org/en/program-status/statistics
.viking,.viking,delegated,yes,generic,2012,intro2012,basisDerivedEra,yes,Viking River Cruises (Bermuda) Ltd.,United States of America (the),2015-10-15,https://www.iana.org/domains/root/db/viking.html | https://newgtlds.icann.org/en/program-status/statistics
.villas,.villas,delegated,yes,generic,2012,intro2012,basisDerivedEra,yes,"Binky Moon, LLC",United States of America (the),2014-02-06,https://www.iana.org/domains/root/db/villas.html | https://newgtlds.icann.org/en/program-status/statistics
.vin,.vin,delegated,yes,generic,2012,intro2012,basisDerivedEra,yes,"Binky Moon, LLC",United States of America (the),2015-07-23,https://www.iana.org/domains/root/db/vin.html | https://newgtlds.icann.org/en/program-status/statistics
.vip,.vip,delegated,yes,generic,2012,intro2012,basisDerivedEra,yes,"Registry Services, LLC",United States of America (the),2015-07-30,https://www.iana.org/domains/root/db/vip.html | https://newgtlds.icann.org/en/program-status/statistics
.virgin,.virgin,delegated,yes,generic,2012,intro2012,basisDerivedEra,yes,Virgin Enterprises Limited,United Kingdom of Great Britain and Northern Ireland (the),2015-09-10,https://www.iana.org/domains/root/db/virgin.html | https://newgtlds.icann.org/en/program-status/statistics
.visa,.visa,delegated,yes,generic,2012,intro2012,basisDerivedEra,yes,Visa Worldwide Pte. Limited,Singapore,2016-06-30,https://www.iana.org/domains/root/db/visa.html | https://newgtlds.icann.org/en/program-status/statistics
.vision,.vision,delegated,yes,generic,2012,intro2012,basisDerivedEra,yes,"Binky Moon, LLC",United States of America (the),2014-02-06,https://www.iana.org/domains/root/db/vision.html | https://newgtlds.icann.org/en/program-status/statistics
.vista,.vista,notDelegated,no,generic,2012,intro2012,basisDerivedEra,yes,,,2015-06-04,https://www.iana.org/domains/root/db/vista.html | https://newgtlds.icann.org/en/program-status/statistics
.vistaprint,.vistaprint,notDelegated,no,generic,2012,intro2012,basisDerivedEra,yes,,,2015-06-04,https://www.iana.org/domains/root/db/vistaprint.html | https://newgtlds.icann.org/en/program-status/statistics
.viva,.viva,delegated,yes,generic,2012,intro2012,basisDerivedEra,yes,Saudi Telecom Company,Saudi Arabia,2015-08-20,https://www.iana.org/domains/root/db/viva.html | https://newgtlds.icann.org/en/program-status/statistics
.vivo,.vivo,delegated,yes,generic,2012,intro2012,basisDerivedEra,yes,Telefonica Brasil S.A.,Brazil,2016-05-26,https://www.iana.org/domains/root/db/vivo.html | https://newgtlds.icann.org/en/program-status/statistics
.vlaanderen,.vlaanderen,delegated,yes,generic,2012,intro2012,basisDerivedEra,yes,DNS.be vzw,Belgium,2014-06-05,https://www.iana.org/domains/root/db/vlaanderen.html | https://newgtlds.icann.org/en/program-status/statistics
.vn,.vn,delegated,yes,country-code,,introCcTld,basisFormalType,yes,Viet Nam Internet Network Information Center (VNNIC),Viet Nam,1994-04-14,https://www.iana.org/domains/root/db/vn.html | https://www.iana.org/help/cctld-delegation-answers
.vodka,.vodka,delegated,yes,generic,2012,intro2012,basisDerivedEra,yes,"Registry Services, LLC",United States of America (the),2014-02-28,https://www.iana.org/domains/root/db/vodka.html | https://newgtlds.icann.org/en/program-status/statistics
.volkswagen,.volkswagen,notDelegated,no,generic,2012,intro2012,basisDerivedEra,yes,,,2015-12-23,https://www.iana.org/domains/root/db/volkswagen.html | https://newgtlds.icann.org/en/program-status/statistics
.volvo,.volvo,delegated,yes,generic,2012,intro2012,basisDerivedEra,yes,Volvo Holding Sverige Aktiebolag,Sweden,2016-01-29,https://www.iana.org/domains/root/db/volvo.html | https://newgtlds.icann.org/en/program-status/statistics
.vote,.vote,delegated,yes,generic,2012,intro2012,basisDerivedEra,yes,Monolith Registry LLC,United States of America (the),2014-02-13,https://www.iana.org/domains/root/db/vote.html | https://newgtlds.icann.org/en/program-status/statistics
.voting,.voting,delegated,yes,generic,2012,intro2012,basisDerivedEra,yes,Valuetainment Corp.,Switzerland,2014-01-16,https://www.iana.org/domains/root/db/voting.html | https://newgtlds.icann.org/en/program-status/statistics
.voto,.voto,delegated,yes,generic,2012,intro2012,basisDerivedEra,yes,Monolith Registry LLC,United States of America (the),2014-02-13,https://www.iana.org/domains/root/db/voto.html | https://newgtlds.icann.org/en/program-status/statistics
.voyage,.voyage,delegated,yes,generic,2012,intro2012,basisDerivedEra,yes,"Binky Moon, LLC",United States of America (the),2013-10-31,https://www.iana.org/domains/root/db/voyage.html | https://newgtlds.icann.org/en/program-status/statistics
.vu,.vu,delegated,yes,country-code,,introCcTld,basisFormalType,yes,Telecommunications Radiocommunications and Broadcasting Regulator (TRBR),Vanuatu,1995-04-10,https://www.iana.org/domains/root/db/vu.html | https://www.iana.org/help/cctld-delegation-answers
.vuelos,.vuelos,notDelegated,no,generic,2012,intro2012,basisDerivedEra,yes,,,2016-02-19,https://www.iana.org/domains/root/db/vuelos.html | https://newgtlds.icann.org/en/program-status/statistics
.wales,.wales,delegated,yes,generic,2012,intro2012,basisDerivedEra,yes,Nominet UK,United Kingdom of Great Britain and Northern Ireland (the),2014-07-31,https://www.iana.org/domains/root/db/wales.html | https://newgtlds.icann.org/en/program-status/statistics
.walmart,.walmart,delegated,yes,generic,2012,intro2012,basisDerivedEra,yes,"Wal-Mart Stores, Inc.",United States of America (the),2016-07-21,https://www.iana.org/domains/root/db/walmart.html | https://newgtlds.icann.org/en/program-status/statistics
.walter,.walter,delegated,yes,generic,2012,intro2012,basisDerivedEra,yes,Sandvik AB,Sweden,2015-05-14,https://www.iana.org/domains/root/db/walter.html | https://newgtlds.icann.org/en/program-status/statistics
.wang,.wang,delegated,yes,generic,2012,intro2012,basisDerivedEra,yes,Zodiac Wang Limited,China,2013-12-12,https://www.iana.org/domains/root/db/wang.html | https://newgtlds.icann.org/en/program-status/statistics
.wanggou,.wanggou,delegated,yes,generic,2012,intro2012,basisDerivedEra,yes,"Amazon Registry Services, Inc.",United States of America (the),2015-11-12,https://www.iana.org/domains/root/db/wanggou.html | https://newgtlds.icann.org/en/program-status/statistics
.warman,.warman,notDelegated,no,generic,2012,intro2012,basisDerivedEra,yes,,,2016-04-14,https://www.iana.org/domains/root/db/warman.html | https://newgtlds.icann.org/en/program-status/statistics
.watch,.watch,delegated,yes,generic,2012,intro2012,basisDerivedEra,yes,"Binky Moon, LLC",United States of America (the),2014-01-16,https://www.iana.org/domains/root/db/watch.html | https://newgtlds.icann.org/en/program-status/statistics
.watches,.watches,delegated,yes,generic,2012,intro2012,basisDerivedEra,yes,Identity Digital Limited,United States of America (the),2015-11-12,https://www.iana.org/domains/root/db/watches.html | https://newgtlds.icann.org/en/program-status/statistics
.weather,.weather,delegated,yes,generic,2012,intro2012,basisDerivedEra,yes,"The Weather Company, LLC",United States of America (the),2015-12-23,https://www.iana.org/domains/root/db/weather.html | https://newgtlds.icann.org/en/program-status/statistics
.weatherchannel,.weatherchannel,delegated,yes,generic,2012,intro2012,basisDerivedEra,yes,"The Weather Company, LLC",United States of America (the),2016-01-22,https://www.iana.org/domains/root/db/weatherchannel.html | https://newgtlds.icann.org/en/program-status/statistics
.web,.web,delegated,yes,generic,2012,intro2012,basisDerivedEra,yes,"VeriSign, Inc.",United States of America (the),,https://www.iana.org/domains/root/db/web.html | https://newgtlds.icann.org/en/program-status/statistics
.webcam,.webcam,delegated,yes,generic,2012,intro2012,basisDerivedEra,yes,dot Webcam Limited,Gibraltar,2014-03-06,https://www.iana.org/domains/root/db/webcam.html | https://newgtlds.icann.org/en/program-status/statistics
.weber,.weber,delegated,yes,generic,2012,intro2012,basisDerivedEra,yes,Saint-Gobain Weber SA,France,2015-12-10,https://www.iana.org/domains/root/db/weber.html | https://newgtlds.icann.org/en/program-status/statistics
.website,.website,delegated,yes,generic,2012,intro2012,basisDerivedEra,yes,Radix Technologies Inc.,Cayman Islands (the),2014-05-22,https://www.iana.org/domains/root/db/website.html | https://newgtlds.icann.org/en/program-status/statistics
.wed,.wed,delegated,yes,generic,2012,intro2012,basisDerivedEra,yes,Emergency Back-End Registry Operator Program - ICANN,United States of America (the),2013-12-12,https://www.iana.org/domains/root/db/wed.html | https://newgtlds.icann.org/en/program-status/statistics
.wedding,.wedding,delegated,yes,generic,2012,intro2012,basisDerivedEra,yes,"Registry Services, LLC",United States of America (the),2014-07-10,https://www.iana.org/domains/root/db/wedding.html | https://newgtlds.icann.org/en/program-status/statistics
.weibo,.weibo,delegated,yes,generic,2012,intro2012,basisDerivedEra,yes,Sina Corporation,China,2016-02-29,https://www.iana.org/domains/root/db/weibo.html | https://newgtlds.icann.org/en/program-status/statistics
.weir,.weir,delegated,yes,generic,2012,intro2012,basisDerivedEra,yes,Weir Group IP Limited,United Kingdom of Great Britain and Northern Ireland (the),2015-04-02,https://www.iana.org/domains/root/db/weir.html | https://newgtlds.icann.org/en/program-status/statistics
.wf,.wf,delegated,yes,country-code,,introCcTld,basisFormalType,yes,Association Française pour le Nommage Internet en Coopération (A.F.N.I.C.),France,1997-11-14,https://www.iana.org/domains/root/db/wf.html | https://www.iana.org/help/cctld-delegation-answers
.whoswho,.whoswho,delegated,yes,generic,2012,intro2012,basisDerivedEra,yes,Who's Who Registry,United States of America (the),2014-06-12,https://www.iana.org/domains/root/db/whoswho.html | https://newgtlds.icann.org/en/program-status/statistics
.wien,.wien,delegated,yes,generic,2012,intro2012,basisDirect,yes,punkt.wien GmbH,Austria,2013-12-19,https://www.iana.org/domains/root/db/wien.html | https://data.iana.org/TLD/tlds-alpha-by-domain.txt | https://www.iana.org/domains/root/db | https://newgtlds.icann.org/en/program-status/statistics
.wiki,.wiki,delegated,yes,generic,2012,intro2012,basisDerivedEra,yes,"Registry Services, LLC",United States of America (the),2014-02-06,https://www.iana.org/domains/root/db/wiki.html | https://newgtlds.icann.org/en/program-status/statistics
.williamhill,.williamhill,delegated,yes,generic,2012,intro2012,basisDerivedEra,yes,William Hill Organization Limited,United Kingdom of Great Britain and Northern Ireland (the),2014-07-03,https://www.iana.org/domains/root/db/williamhill.html | https://newgtlds.icann.org/en/program-status/statistics
.win,.win,delegated,yes,generic,2012,intro2012,basisDerivedEra,yes,First Registry Limited,Gibraltar,2015-02-05,https://www.iana.org/domains/root/db/win.html | https://newgtlds.icann.org/en/program-status/statistics
.windows,.windows,delegated,yes,generic,2012,intro2012,basisDerivedEra,yes,Microsoft Corporation,United States of America (the),2015-04-30,https://www.iana.org/domains/root/db/windows.html | https://newgtlds.icann.org/en/program-status/statistics
.wine,.wine,delegated,yes,generic,2012,intro2012,basisDerivedEra,yes,"Binky Moon, LLC",United States of America (the),2015-07-23,https://www.iana.org/domains/root/db/wine.html | https://newgtlds.icann.org/en/program-status/statistics
.winners,.winners,delegated,yes,generic,2012,intro2012,basisDerivedEra,yes,"The TJX Companies, Inc.",United States of America (the),2016-04-07,https://www.iana.org/domains/root/db/winners.html | https://newgtlds.icann.org/en/program-status/statistics
.wme,.wme,delegated,yes,generic,2012,intro2012,basisDerivedEra,yes,"William Morris Endeavor Entertainment, LLC",United States of America (the),2014-08-22,https://www.iana.org/domains/root/db/wme.html | https://newgtlds.icann.org/en/program-status/statistics
.wolterskluwer,.wolterskluwer,notDelegated,no,generic,2012,intro2012,basisDerivedEra,yes,,,2016-02-05,https://www.iana.org/domains/root/db/wolterskluwer.html | https://newgtlds.icann.org/en/program-status/statistics
.woodside,.woodside,delegated,yes,generic,2012,intro2012,basisDerivedEra,yes,Woodside Petroleum Limited,Australia,2016-01-08,https://www.iana.org/domains/root/db/woodside.html | https://newgtlds.icann.org/en/program-status/statistics
.work,.work,delegated,yes,generic,2012,intro2012,basisDerivedEra,yes,"Registry Services, LLC",United States of America (the),2014-08-18,https://www.iana.org/domains/root/db/work.html | https://newgtlds.icann.org/en/program-status/statistics
.works,.works,delegated,yes,generic,2012,intro2012,basisDerivedEra,yes,"Binky Moon, LLC",United States of America (the),2014-01-16,https://www.iana.org/domains/root/db/works.html | https://newgtlds.icann.org/en/program-status/statistics
.world,.world,delegated,yes,generic,2012,intro2012,basisDerivedEra,yes,"Binky Moon, LLC",United States of America (the),2014-09-11,https://www.iana.org/domains/root/db/world.html | https://newgtlds.icann.org/en/program-status/statistics
.wow,.wow,delegated,yes,generic,2012,intro2012,basisDerivedEra,yes,"Amazon Registry Services, Inc.",United States of America (the),2016-09-16,https://www.iana.org/domains/root/db/wow.html | https://newgtlds.icann.org/en/program-status/statistics
.ws,.ws,delegated,yes,country-code,,introCcTld,basisFormalType,yes,Government of Samoa Ministry of Foreign Affairs & Trade,Samoa,1995-07-14,https://www.iana.org/domains/root/db/ws.html | https://www.iana.org/help/cctld-delegation-answers
.wtc,.wtc,delegated,yes,generic,2012,intro2012,basisDerivedEra,yes,"World Trade Centers Association, Inc.",United States of America (the),2014-04-17,https://www.iana.org/domains/root/db/wtc.html | https://newgtlds.icann.org/en/program-status/statistics
.wtf,.wtf,delegated,yes,generic,2012,intro2012,basisDirect,yes,"Binky Moon, LLC",United States of America (the),2014-04-17,https://www.iana.org/domains/root/db/wtf.html | https://data.iana.org/TLD/tlds-alpha-by-domain.txt | https://newgtlds.icann.org/en/program-status/statistics
.xbox,.xbox,delegated,yes,generic,2012,intro2012,basisDerivedEra,yes,Microsoft Corporation,United States of America (the),2015-04-30,https://www.iana.org/domains/root/db/xbox.html | https://newgtlds.icann.org/en/program-status/statistics
.xerox,.xerox,delegated,yes,generic,2012,intro2012,basisDerivedEra,yes,Xerox DNHC LLC,United States of America (the),2015-04-02,https://www.iana.org/domains/root/db/xerox.html | https://newgtlds.icann.org/en/program-status/statistics
.xfinity,.xfinity,notDelegated,no,generic,2012,intro2012,basisDerivedEra,yes,,,2016-06-16,https://www.iana.org/domains/root/db/xfinity.html | https://newgtlds.icann.org/en/program-status/statistics
.xihuan,.xihuan,delegated,yes,generic,2012,intro2012,basisDerivedEra,yes,"Beijing Qihu Keji Co., Ltd.",China,2016-03-18,https://www.iana.org/domains/root/db/xihuan.html | https://newgtlds.icann.org/en/program-status/statistics
.xin,.xin,delegated,yes,generic,2012,intro2012,basisDerivedEra,yes,Elegant Leader Limited,China,2015-02-19,https://www.iana.org/domains/root/db/xin.html | https://newgtlds.icann.org/en/program-status/statistics
.测试,.xn--0zwm56d,notDelegated,no,test,,introTest,basisFormalType,yes,,,2007-10-19,https://www.iana.org/domains/root/db/xn--0zwm56d.html | https://www.iana.org/domains/root/db
.कॉम,.xn--11b4c3d,delegated,yes,generic,2012,intro2012,basisDerivedEra,yes,VeriSign Sarl,Switzerland,2015-07-02,https://www.iana.org/domains/root/db/xn--11b4c3d.html | https://newgtlds.icann.org/en/program-status/statistics
.परीक्षा,.xn--11b5bs3a9aj6g,notDelegated,no,test,,introTest,basisFormalType,yes,,,2007-10-19,https://www.iana.org/domains/root/db/xn--11b5bs3a9aj6g.html | https://www.iana.org/domains/root/db
.セール,.xn--1ck2e1b,delegated,yes,generic,2012,intro2012,basisDerivedEra,yes,"Amazon Registry Services, Inc.",United States of America (the),2016-01-29,https://www.iana.org/domains/root/db/xn--1ck2e1b.html | https://newgtlds.icann.org/en/program-status/statistics
.佛山,.xn--1qqw23a,delegated,yes,generic,2012,intro2012,basisDerivedEra,yes,"Guangzhou YU Wei Information Technology Co., Ltd.",China,2014-07-17,https://www.iana.org/domains/root/db/xn--1qqw23a.html | https://newgtlds.icann.org/en/program-status/statistics
.ಭಾರತ,.xn--2scrj9c,delegated,yes,country-code,,introIdnCcTld,basisFormalType,yes,National Internet eXchange of India,India,2016-04-18,https://www.iana.org/domains/root/db/xn--2scrj9c.html | https://www.icann.org/resources/pages/string-evaluation-completion-2014-02-19-en
.慈善,.xn--30rr7y,delegated,yes,generic,2012,intro2012,basisDerivedEra,yes,Excellent First Limited,Cayman Islands (the),2015-03-12,https://www.iana.org/domains/root/db/xn--30rr7y.html | https://newgtlds.icann.org/en/program-status/statistics
.集团,.xn--3bst00m,delegated,yes,generic,2012,intro2012,basisDerivedEra,yes,Eagle Horizon Limited,Cayman Islands (the),2013-12-12,https://www.iana.org/domains/root/db/xn--3bst00m.html | https://newgtlds.icann.org/en/program-status/statistics
.在线,.xn--3ds443g,delegated,yes,generic,2012,intro2012,basisDerivedEra,yes,Beijing TLD Registry Technology Limited,China,2013-12-19,https://www.iana.org/domains/root/db/xn--3ds443g.html | https://newgtlds.icann.org/en/program-status/statistics
.한국,.xn--3e0b707e,delegated,yes,country-code,,introIdnCcTld,basisFormalType,yes,KISA (Korea Internet & Security Agency),Korea (the Republic of),2011-02-05,https://www.iana.org/domains/root/db/xn--3e0b707e.html | https://www.icann.org/resources/pages/string-evaluation-completion-2014-02-19-en
.ଭାରତ,.xn--3hcrj9c,delegated,yes,country-code,,introIdnCcTld,basisFormalType,yes,National Internet eXchange of India,India,2016-04-18,https://www.iana.org/domains/root/db/xn--3hcrj9c.html | https://www.icann.org/resources/pages/string-evaluation-completion-2014-02-19-en
.大众汽车,.xn--3oq18vl8pn36a,notDelegated,no,generic,2012,intro2012,basisDerivedEra,yes,,,2016-07-21,https://www.iana.org/domains/root/db/xn--3oq18vl8pn36a.html | https://newgtlds.icann.org/en/program-status/statistics
.点看,.xn--3pxu8k,delegated,yes,generic,2012,intro2012,basisDerivedEra,yes,VeriSign Sarl,Switzerland,2015-07-02,https://www.iana.org/domains/root/db/xn--3pxu8k.html | https://newgtlds.icann.org/en/program-status/statistics
.คอม,.xn--42c2d9a,delegated,yes,generic,2012,intro2012,basisDerivedEra,yes,VeriSign Sarl,Switzerland,2015-07-02,https://www.iana.org/domains/root/db/xn--42c2d9a.html | https://newgtlds.icann.org/en/program-status/statistics
.ভাৰত,.xn--45br5cyl,delegated,yes,country-code,,introIdnCcTld,basisFormalType,yes,National Internet eXchange of India,India,2016-04-18,https://www.iana.org/domains/root/db/xn--45br5cyl.html | https://www.icann.org/resources/pages/string-evaluation-completion-2014-02-19-en
.ভারত,.xn--45brj9c,delegated,yes,country-code,,introIdnCcTld,basisFormalType,yes,National Internet Exchange of India,India,2011-02-05,https://www.iana.org/domains/root/db/xn--45brj9c.html | https://www.icann.org/resources/pages/string-evaluation-completion-2014-02-19-en
.八卦,.xn--45q11c,delegated,yes,generic,2012,intro2012,basisDerivedEra,yes,Zodiac Gemini Ltd,China,2014-11-06,https://www.iana.org/domains/root/db/xn--45q11c.html | https://newgtlds.icann.org/en/program-status/statistics
.ישראל,.xn--4dbrk0ce,delegated,yes,country-code,,introIdnCcTld,basisFormalType,yes,The Israel Internet Association (RA),Israel,2020-06-16,https://www.iana.org/domains/root/db/xn--4dbrk0ce.html | https://www.icann.org/resources/pages/string-evaluation-completion-2014-02-19-en
.موقع,.xn--4gbrim,delegated,yes,generic,2012,intro2012,basisDerivedEra,yes,Helium TLDs Ltd,United Kingdom of Great Britain and Northern Ireland (the),2014-05-15,https://www.iana.org/domains/root/db/xn--4gbrim.html | https://newgtlds.icann.org/en/program-status/statistics
.一号店,.xn--4gq48lf9j,notDelegated,no,generic,2012,intro2012,basisDerivedEra,yes,,,2016-07-21,https://www.iana.org/domains/root/db/xn--4gq48lf9j.html | https://newgtlds.icann.org/en/program-status/statistics
.বাংলা,.xn--54b7fta0cc,delegated,yes,country-code,,introIdnCcTld,basisFormalType,yes,Posts and Telecommunications Division,Bangladesh,2011-03-30,https://www.iana.org/domains/root/db/xn--54b7fta0cc.html | https://www.icann.org/resources/pages/string-evaluation-completion-2014-02-19-en
.公益,.xn--55qw42g,delegated,yes,generic,2012,intro2012,basisDerivedEra,yes,China Organizational Name Administration Center,China,2013-12-12,https://www.iana.org/domains/root/db/xn--55qw42g.html | https://newgtlds.icann.org/en/program-status/statistics
.公司,.xn--55qx5d,delegated,yes,generic,2012,intro2012,basisDerivedEra,yes,China Internet Network Information Center (CNNIC),China,2014-01-09,https://www.iana.org/domains/root/db/xn--55qx5d.html | https://newgtlds.icann.org/en/program-status/statistics
.香格里拉,.xn--5su34j936bgsg,delegated,yes,generic,2012,intro2012,basisDerivedEra,yes,Shangri-La International Hotel Management Limited,Hong Kong,2016-06-24,https://www.iana.org/domains/root/db/xn--5su34j936bgsg.html | https://newgtlds.icann.org/en/program-status/statistics
.网站,.xn--5tzm5g,delegated,yes,generic,2012,intro2012,basisDerivedEra,yes,Global Website TLD Asia Limited,Hong Kong,2015-12-04,https://www.iana.org/domains/root/db/xn--5tzm5g.html | https://newgtlds.icann.org/en/program-status/statistics
.移动,.xn--6frz82g,delegated,yes,generic,2012,intro2012,basisDerivedEra,yes,Identity Digital Limited,United States of America (the),2014-01-23,https://www.iana.org/domains/root/db/xn--6frz82g.html | https://newgtlds.icann.org/en/program-status/statistics
.我爱你,.xn--6qq986b3xl,delegated,yes,generic,2012,intro2012,basisDerivedEra,yes,Tycoon Treasure Limited,Cayman Islands (the),2013-12-12,https://www.iana.org/domains/root/db/xn--6qq986b3xl.html | https://newgtlds.icann.org/en/program-status/statistics
.москва,.xn--80adxhks,delegated,yes,generic,2012,intro2012,basisDerivedEra,yes,Foundation for Assistance for Internet Technologies and Infrastructure Development (FAITID),Russian Federation (the),2014-04-17,https://www.iana.org/domains/root/db/xn--80adxhks.html | https://newgtlds.icann.org/en/program-status/statistics
.испытание,.xn--80akhbyknj4f,notDelegated,no,test,,introTest,basisFormalType,yes,,,2007-10-19,https://www.iana.org/domains/root/db/xn--80akhbyknj4f.html | https://www.iana.org/domains/root/db
.қаз,.xn--80ao21a,delegated,yes,country-code,,introIdnCcTld,basisFormalType,yes,Association of IT Companies of Kazakhstan,Kazakhstan,2011-09-15,https://www.iana.org/domains/root/db/xn--80ao21a.html | https://www.icann.org/resources/pages/string-evaluation-completion-2014-02-19-en
.католик,.xn--80aqecdr1a,delegated,yes,generic,2012,intro2012,basisDerivedEra,yes,Pontificium Consilium de Comunicationibus Socialibus (PCCS) (Pontifical Council for Social Communication),Holy See (the),2016-11-16,https://www.iana.org/domains/root/db/xn--80aqecdr1a.html | https://newgtlds.icann.org/en/program-status/statistics
.онлайн,.xn--80asehdb,delegated,yes,generic,2012,intro2012,basisDerivedEra,yes,CORE Association,Switzerland,2013-10-21,https://www.iana.org/domains/root/db/xn--80asehdb.html | https://newgtlds.icann.org/en/program-status/statistics
.сайт,.xn--80aswg,delegated,yes,generic,2012,intro2012,basisDerivedEra,yes,CORE Association,Switzerland,2013-10-21,https://www.iana.org/domains/root/db/xn--80aswg.html | https://newgtlds.icann.org/en/program-status/statistics
.联通,.xn--8y0a063a,delegated,yes,generic,2012,intro2012,basisDerivedEra,yes,China United Network Communications Corporation Limited,China,2015-12-10,https://www.iana.org/domains/root/db/xn--8y0a063a.html | https://newgtlds.icann.org/en/program-status/statistics
.срб,.xn--90a3ac,delegated,yes,country-code,,introIdnCcTld,basisFormalType,yes,Serbian National Internet Domain Registry (RNIDS),Serbia,2011-02-05,https://www.iana.org/domains/root/db/xn--90a3ac.html | https://www.icann.org/resources/pages/string-evaluation-completion-2014-02-19-en
.бг,.xn--90ae,delegated,yes,country-code,,introIdnCcTld,basisFormalType,yes,Imena.BG AD,Bulgaria,2016-03-05,https://www.iana.org/domains/root/db/xn--90ae.html | https://www.icann.org/resources/pages/string-evaluation-completion-2014-02-19-en
.бел,.xn--90ais,delegated,yes,country-code,,introIdnCcTld,basisFormalType,yes,Belarusian Cloud Technologies LLC,Belarus,2014-09-29,https://www.iana.org/domains/root/db/xn--90ais.html | https://www.icann.org/resources/pages/string-evaluation-completion-2014-02-19-en
.קום,.xn--9dbq2a,delegated,yes,generic,2012,intro2012,basisDerivedEra,yes,VeriSign Sarl,Switzerland,2015-07-02,https://www.iana.org/domains/root/db/xn--9dbq2a.html | https://newgtlds.icann.org/en/program-status/statistics
.时尚,.xn--9et52u,delegated,yes,generic,2012,intro2012,basisDerivedEra,yes,RISE VICTORY LIMITED,Hong Kong,2015-03-12,https://www.iana.org/domains/root/db/xn--9et52u.html | https://newgtlds.icann.org/en/program-status/statistics
.微博,.xn--9krt00a,delegated,yes,generic,2012,intro2012,basisDerivedEra,yes,Sina Corporation,China,2016-02-29,https://www.iana.org/domains/root/db/xn--9krt00a.html | https://newgtlds.icann.org/en/program-status/statistics
.테스트,.xn--9t4b11yi5a,notDelegated,no,test,,introTest,basisFormalType,yes,,,2007-10-19,https://www.iana.org/domains/root/db/xn--9t4b11yi5a.html | https://www.iana.org/domains/root/db
.淡马锡,.xn--b4w605ferd,delegated,yes,generic,2012,intro2012,basisDerivedEra,yes,Temasek Holdings (Private) Limited,Singapore,2014-12-18,https://www.iana.org/domains/root/db/xn--b4w605ferd.html | https://newgtlds.icann.org/en/program-status/statistics
.ファッション,.xn--bck1b9a5dre4c,delegated,yes,generic,2012,intro2012,basisDerivedEra,yes,"Amazon Registry Services, Inc.",United States of America (the),2016-01-29,https://www.iana.org/domains/root/db/xn--bck1b9a5dre4c.html | https://newgtlds.icann.org/en/program-status/statistics
.орг,.xn--c1avg,delegated,yes,generic,2012,intro2012,basisDerivedEra,yes,Public Interest Registry,United States of America (the),2014-02-27,https://www.iana.org/domains/root/db/xn--c1avg.html | https://newgtlds.icann.org/en/program-status/statistics
.नेट,.xn--c2br7g,delegated,yes,generic,2012,intro2012,basisDerivedEra,yes,VeriSign Sarl,Switzerland,2015-07-02,https://www.iana.org/domains/root/db/xn--c2br7g.html | https://newgtlds.icann.org/en/program-status/statistics
.ストア,.xn--cck2b3b,delegated,yes,generic,2012,intro2012,basisDerivedEra,yes,"Amazon Registry Services, Inc.",United States of America (the),2016-01-29,https://www.iana.org/domains/root/db/xn--cck2b3b.html | https://newgtlds.icann.org/en/program-status/statistics
.アマゾン,.xn--cckwcxetd,delegated,yes,generic,2012,intro2012,basisDerivedEra,yes,"Amazon Registry Services, Inc.",United States of America (the),2020-05-28,https://www.iana.org/domains/root/db/xn--cckwcxetd.html | https://newgtlds.icann.org/en/program-status/statistics
.삼성,.xn--cg4bki,delegated,yes,generic,2012,intro2012,basisDerivedEra,yes,"SAMSUNG SDS CO., LTD",Korea (the Republic of),2013-12-12,https://www.iana.org/domains/root/db/xn--cg4bki.html | https://newgtlds.icann.org/en/program-status/statistics
.சிங்கப்பூர்,.xn--clchc0ea0b2g2a9gcd,delegated,yes,country-code,,introIdnCcTld,basisFormalType,yes,Singapore Network Information Centre (SGNIC) Pte Ltd,Singapore,2011-02-05,https://www.iana.org/domains/root/db/xn--clchc0ea0b2g2a9gcd.html | https://www.icann.org/resources/pages/string-evaluation-completion-2014-02-19-en
.商标,.xn--czr694b,delegated,yes,generic,2012,intro2012,basisDerivedEra,yes,Internet DotTrademark Organisation Limited,China,2014-05-08,https://www.iana.org/domains/root/db/xn--czr694b.html | https://newgtlds.icann.org/en/program-status/statistics
.商店,.xn--czrs0t,delegated,yes,generic,2012,intro2012,basisDerivedEra,yes,"Binky Moon, LLC",United States of America (the),2014-11-20,https://www.iana.org/domains/root/db/xn--czrs0t.html | https://newgtlds.icann.org/en/program-status/statistics
.商城,.xn--czru2d,delegated,yes,generic,2012,intro2012,basisDerivedEra,yes,Zodiac Aquarius Limited,China,2014-02-27,https://www.iana.org/domains/root/db/xn--czru2d.html | https://newgtlds.icann.org/en/program-status/statistics
.дети,.xn--d1acj3b,delegated,yes,generic,2012,intro2012,basisDerivedEra,yes,The Foundation for Network Initiatives “The Smart Internet”,Russian Federation (the),2014-02-13,https://www.iana.org/domains/root/db/xn--d1acj3b.html | https://newgtlds.icann.org/en/program-status/statistics
.мкд,.xn--d1alf,delegated,yes,country-code,,introIdnCcTld,basisFormalType,yes,Macedonian Academic Research Network Skopje,North Macedonia,2014-04-21,https://www.iana.org/domains/root/db/xn--d1alf.html | https://www.icann.org/resources/pages/string-evaluation-completion-2014-02-19-en
.טעסט,.xn--deba0ad,notDelegated,no,test,,introTest,basisFormalType,yes,,,2007-10-19,https://www.iana.org/domains/root/db/xn--deba0ad.html | https://www.iana.org/domains/root/db
.ею,.xn--e1a4c,delegated,yes,country-code,,introIdnCcTld,basisFormalType,yes,EURid vzw,Belgium,2015-12-08,https://www.iana.org/domains/root/db/xn--e1a4c.html | https://www.icann.org/resources/pages/string-evaluation-completion-2014-02-19-en
.ポイント,.xn--eckvdtc9d,delegated,yes,generic,2012,intro2012,basisDerivedEra,yes,"Amazon Registry Services, Inc.",United States of America (the),2015-11-25,https://www.iana.org/domains/root/db/xn--eckvdtc9d.html | https://newgtlds.icann.org/en/program-status/statistics
.新闻,.xn--efvy88h,delegated,yes,generic,2012,intro2012,basisDerivedEra,yes,"Guangzhou YU Wei Information and Technology Co.,Ltd",China,2015-08-06,https://www.iana.org/domains/root/db/xn--efvy88h.html | https://newgtlds.icann.org/en/program-status/statistics
.工行,.xn--estv75g,notDelegated,no,generic,2012,intro2012,basisDerivedEra,yes,,,2015-04-23,https://www.iana.org/domains/root/db/xn--estv75g.html | https://newgtlds.icann.org/en/program-status/statistics
.家電,.xn--fct429k,delegated,yes,generic,2012,intro2012,basisDerivedEra,yes,"Amazon Registry Services, Inc.",United States of America (the),2016-03-18,https://www.iana.org/domains/root/db/xn--fct429k.html | https://newgtlds.icann.org/en/program-status/statistics
.كوم,.xn--fhbei,delegated,yes,generic,2012,intro2012,basisDerivedEra,yes,VeriSign Sarl,Switzerland,2015-07-02,https://www.iana.org/domains/root/db/xn--fhbei.html | https://newgtlds.icann.org/en/program-status/statistics
.中文网,.xn--fiq228c5hs,delegated,yes,generic,2012,intro2012,basisDerivedEra,yes,Beijing TLD Registry Technology Limited,China,2013-12-19,https://www.iana.org/domains/root/db/xn--fiq228c5hs.html | https://newgtlds.icann.org/en/program-status/statistics
.中信,.xn--fiq64b,delegated,yes,generic,2012,intro2012,basisDerivedEra,yes,CITIC Group Corporation,China,2014-01-09,https://www.iana.org/domains/root/db/xn--fiq64b.html | https://newgtlds.icann.org/en/program-status/statistics
.中国,.xn--fiqs8s,delegated,yes,country-code,,introIdnCcTld,basisFormalType,yes,China Internet Network Information Center (CNNIC),China,2010-07-09,https://www.iana.org/domains/root/db/xn--fiqs8s.html | https://www.icann.org/resources/pages/string-evaluation-completion-2014-02-19-en
.中國,.xn--fiqz9s,delegated,yes,country-code,,introIdnCcTld,basisFormalType,yes,China Internet Network Information Center (CNNIC),China,2010-07-09,https://www.iana.org/domains/root/db/xn--fiqz9s.html | https://www.icann.org/resources/pages/string-evaluation-completion-2014-02-19-en
.娱乐,.xn--fjq720a,delegated,yes,generic,2012,intro2012,basisDerivedEra,yes,"Binky Moon, LLC",United States of America (the),2014-07-17,https://www.iana.org/domains/root/db/xn--fjq720a.html | https://newgtlds.icann.org/en/program-status/statistics
.谷歌,.xn--flw351e,delegated,yes,generic,2012,intro2012,basisDerivedEra,yes,Charleston Road Registry Inc.,United States of America (the),2014-10-09,https://www.iana.org/domains/root/db/xn--flw351e.html | https://newgtlds.icann.org/en/program-status/statistics
.భారత్,.xn--fpcrj9c3d,delegated,yes,country-code,,introIdnCcTld,basisFormalType,yes,National Internet Exchange of India,India,2011-02-05,https://www.iana.org/domains/root/db/xn--fpcrj9c3d.html | https://www.icann.org/resources/pages/string-evaluation-completion-2014-02-19-en
.ලංකා,.xn--fzc2c9e2c,delegated,yes,country-code,,introIdnCcTld,basisFormalType,yes,LK Domain Registry,Sri Lanka,2010-08-19,https://www.iana.org/domains/root/db/xn--fzc2c9e2c.html | https://www.icann.org/resources/pages/string-evaluation-completion-2014-02-19-en
.電訊盈科,.xn--fzys8d69uvgm,delegated,yes,generic,2012,intro2012,basisDerivedEra,yes,PCCW Enterprises Limited,China,2016-04-15,https://www.iana.org/domains/root/db/xn--fzys8d69uvgm.html | https://newgtlds.icann.org/en/program-status/statistics
.购物,.xn--g2xx48c,delegated,yes,generic,2012,intro2012,basisDerivedEra,yes,"Nawang Heli(Xiamen) Network Service Co., LTD.",China,2016-01-08,https://www.iana.org/domains/root/db/xn--g2xx48c.html | https://newgtlds.icann.org/en/program-status/statistics
.測試,.xn--g6w251d,notDelegated,no,test,,introTest,basisFormalType,yes,,,2007-10-19,https://www.iana.org/domains/root/db/xn--g6w251d.html | https://www.iana.org/domains/root/db
.クラウド,.xn--gckr3f0f,delegated,yes,generic,2012,intro2012,basisDerivedEra,yes,"Amazon Registry Services, Inc.",United States of America (the),2016-01-29,https://www.iana.org/domains/root/db/xn--gckr3f0f.html | https://newgtlds.icann.org/en/program-status/statistics
.ભારત,.xn--gecrj9c,delegated,yes,country-code,,introIdnCcTld,basisFormalType,yes,National Internet Exchange of India,India,2011-02-05,https://www.iana.org/domains/root/db/xn--gecrj9c.html | https://www.icann.org/resources/pages/string-evaluation-completion-2014-02-19-en
.通販,.xn--gk3at1e,delegated,yes,generic,2012,intro2012,basisDerivedEra,yes,"Amazon Registry Services, Inc.",United States of America (the),2016-09-16,https://www.iana.org/domains/root/db/xn--gk3at1e.html | https://newgtlds.icann.org/en/program-status/statistics
.भारतम्,.xn--h2breg3eve,delegated,yes,country-code,,introIdnCcTld,basisFormalType,yes,National Internet eXchange of India,India,2016-08-15,https://www.iana.org/domains/root/db/xn--h2breg3eve.html | https://www.icann.org/resources/pages/string-evaluation-completion-2014-02-19-en
.भारत,.xn--h2brj9c,delegated,yes,country-code,,introIdnCcTld,basisFormalType,yes,National Internet Exchange of India,India,2011-02-05,https://www.iana.org/domains/root/db/xn--h2brj9c.html | https://www.icann.org/resources/pages/string-evaluation-completion-2014-02-19-en
.भारोत,.xn--h2brj9c8c,delegated,yes,country-code,,introIdnCcTld,basisFormalType,yes,National Internet eXchange of India,India,2016-08-15,https://www.iana.org/domains/root/db/xn--h2brj9c8c.html | https://www.icann.org/resources/pages/string-evaluation-completion-2014-02-19-en
.آزمایشی,.xn--hgbk6aj7f53bba,notDelegated,no,test,,introTest,basisFormalType,yes,,,2007-10-19,https://www.iana.org/domains/root/db/xn--hgbk6aj7f53bba.html | https://www.iana.org/domains/root/db
.பரிட்சை,.xn--hlcj6aya9esc7a,notDelegated,no,test,,introTest,basisFormalType,yes,,,2007-10-19,https://www.iana.org/domains/root/db/xn--hlcj6aya9esc7a.html | https://www.iana.org/domains/root/db
.网店,.xn--hxt814e,delegated,yes,generic,2012,intro2012,basisDerivedEra,yes,Zodiac Taurus Ltd.,China,2014-11-20,https://www.iana.org/domains/root/db/xn--hxt814e.html | https://newgtlds.icann.org/en/program-status/statistics
.संगठन,.xn--i1b6b1a6a2e,delegated,yes,generic,2012,intro2012,basisDerivedEra,yes,Public Interest Registry,United States of America (the),2014-02-27,https://www.iana.org/domains/root/db/xn--i1b6b1a6a2e.html | https://newgtlds.icann.org/en/program-status/statistics
.餐厅,.xn--imr513n,delegated,yes,generic,2012,intro2012,basisDerivedEra,yes,Internet DotTrademark Organisation Limited,China,2015-05-08,https://www.iana.org/domains/root/db/xn--imr513n.html | https://newgtlds.icann.org/en/program-status/statistics
.网络,.xn--io0a7i,delegated,yes,generic,2012,intro2012,basisDerivedEra,yes,China Internet Network Information Center (CNNIC),China,2014-01-09,https://www.iana.org/domains/root/db/xn--io0a7i.html | https://newgtlds.icann.org/en/program-status/statistics
.ком,.xn--j1aef,delegated,yes,generic,2012,intro2012,basisDerivedEra,yes,VeriSign Sarl,Switzerland,2015-07-02,https://www.iana.org/domains/root/db/xn--j1aef.html | https://newgtlds.icann.org/en/program-status/statistics
.укр,.xn--j1amh,delegated,yes,country-code,,introIdnCcTld,basisFormalType,yes,"Ukrainian Network Information Centre (UANIC), Inc.",Ukraine,2011-03-01,https://www.iana.org/domains/root/db/xn--j1amh.html | https://www.icann.org/resources/pages/string-evaluation-completion-2014-02-19-en
.香港,.xn--j6w193g,delegated,yes,country-code,,introIdnCcTld,basisFormalType,yes,Hong Kong Internet Registration Corporation Ltd.,Hong Kong,2010-07-12,https://www.iana.org/domains/root/db/xn--j6w193g.html | https://www.icann.org/resources/pages/string-evaluation-completion-2014-02-19-en
.亚马逊,.xn--jlq480n2rg,delegated,yes,generic,2012,intro2012,basisDerivedEra,yes,"Amazon Registry Services, Inc.",United States of America (the),2020-05-28,https://www.iana.org/domains/root/db/xn--jlq480n2rg.html | https://newgtlds.icann.org/en/program-status/statistics
.诺基亚,.xn--jlq61u9w7b,notDelegated,no,generic,2012,intro2012,basisDerivedEra,yes,,,2015-04-23,https://www.iana.org/domains/root/db/xn--jlq61u9w7b.html | https://newgtlds.icann.org/en/program-status/statistics
.食品,.xn--jvr189m,delegated,yes,generic,2012,intro2012,basisDerivedEra,yes,"Amazon Registry Services, Inc.",United States of America (the),2016-01-29,https://www.iana.org/domains/root/db/xn--jvr189m.html | https://newgtlds.icann.org/en/program-status/statistics
.δοκιμή,.xn--jxalpdlp,notDelegated,no,test,,introTest,basisFormalType,yes,,,2007-10-19,https://www.iana.org/domains/root/db/xn--jxalpdlp.html | https://www.iana.org/domains/root/db
.飞利浦,.xn--kcrx77d1x4a,delegated,yes,generic,2012,intro2012,basisDerivedEra,yes,Koninklijke Philips N.V.,Netherlands (the),2015-02-13,https://www.iana.org/domains/root/db/xn--kcrx77d1x4a.html | https://newgtlds.icann.org/en/program-status/statistics
.إختبار,.xn--kgbechtv,notDelegated,no,test,,introTest,basisFormalType,yes,,,2007-10-19,https://www.iana.org/domains/root/db/xn--kgbechtv.html | https://www.iana.org/domains/root/db
.台湾,.xn--kprw13d,delegated,yes,country-code,,introIdnCcTld,basisFormalType,yes,Taiwan Network Information Center (TWNIC),Taiwan,2010-07-14,https://www.iana.org/domains/root/db/xn--kprw13d.html | https://www.icann.org/resources/pages/string-evaluation-completion-2014-02-19-en
.台灣,.xn--kpry57d,delegated,yes,country-code,,introIdnCcTld,basisFormalType,yes,Taiwan Network Information Center (TWNIC),Taiwan,2010-07-14,https://www.iana.org/domains/root/db/xn--kpry57d.html | https://www.icann.org/resources/pages/string-evaluation-completion-2014-02-19-en
.手表,.xn--kpu716f,notDelegated,no,generic,2012,intro2012,basisDerivedEra,yes,,,2015-11-12,https://www.iana.org/domains/root/db/xn--kpu716f.html | https://newgtlds.icann.org/en/program-status/statistics
.手机,.xn--kput3i,delegated,yes,generic,2012,intro2012,basisDerivedEra,yes,"Beijing RITT-Net Technology Development Co., Ltd",China,2014-06-05,https://www.iana.org/domains/root/db/xn--kput3i.html | https://newgtlds.icann.org/en/program-status/statistics
.мон,.xn--l1acc,delegated,yes,country-code,,introIdnCcTld,basisFormalType,yes,"Datacom Co.,Ltd",Mongolia,2012-06-21,https://www.iana.org/domains/root/db/xn--l1acc.html | https://www.icann.org/resources/pages/string-evaluation-completion-2014-02-19-en
.الجزائر,.xn--lgbbat1ad8j,delegated,yes,country-code,,introIdnCcTld,basisFormalType,yes,CERIST,Algeria,2011-02-05,https://www.iana.org/domains/root/db/xn--lgbbat1ad8j.html | https://www.icann.org/resources/pages/string-evaluation-completion-2014-02-19-en
.عمان,.xn--mgb9awbf,delegated,yes,country-code,,introIdnCcTld,basisFormalType,yes,Telecommunications Regulatory Authority (TRA),Oman,2011-02-05,https://www.iana.org/domains/root/db/xn--mgb9awbf.html | https://www.icann.org/resources/pages/string-evaluation-completion-2014-02-19-en
.ارامكو,.xn--mgba3a3ejt,delegated,yes,generic,2012,intro2012,basisDerivedEra,yes,Aramco Services Company,United States of America (the),2015-08-20,https://www.iana.org/domains/root/db/xn--mgba3a3ejt.html | https://newgtlds.icann.org/en/program-status/statistics
.ایران,.xn--mgba3a4f16a,delegated,yes,country-code,,introIdnCcTld,basisFormalType,yes,Institute for Research in Fundamental Sciences (IPM),Iran (Islamic Republic of),2011-02-05,https://www.iana.org/domains/root/db/xn--mgba3a4f16a.html | https://www.icann.org/resources/pages/string-evaluation-completion-2014-02-19-en
.العليان,.xn--mgba7c0bbn0a,delegated,yes,generic,2012,intro2012,basisDerivedEra,yes,Competrol (Luxembourg) Sarl,Luxembourg,2016-04-21,https://www.iana.org/domains/root/db/xn--mgba7c0bbn0a.html | https://newgtlds.icann.org/en/program-status/statistics
.اتصالات,.xn--mgbaakc7dvf,notDelegated,no,generic,2012,intro2012,basisDerivedEra,yes,,,2017-05-18,https://www.iana.org/domains/root/db/xn--mgbaakc7dvf.html | https://newgtlds.icann.org/en/program-status/statistics
.امارات,.xn--mgbaam7a8h,delegated,yes,country-code,,introIdnCcTld,basisFormalType,yes,Telecommunications and Digital Government Regulatory Authority (TDRA),United Arab Emirates (the),2010-05-05,https://www.iana.org/domains/root/db/xn--mgbaam7a8h.html | https://www.icann.org/resources/pages/string-evaluation-completion-2014-02-19-en
.بازار,.xn--mgbab2bd,delegated,yes,generic,2012,intro2012,basisDerivedEra,yes,CORE Association,Switzerland,2014-02-06,https://www.iana.org/domains/root/db/xn--mgbab2bd.html | https://newgtlds.icann.org/en/program-status/statistics
.موريتانيا,.xn--mgbah1a3hjkrd,delegated,yes,country-code,,introIdnCcTld,basisFormalType,yes,Université de Nouakchott Al Aasriya,Mauritania,2017-11-28,https://www.iana.org/domains/root/db/xn--mgbah1a3hjkrd.html | https://www.icann.org/resources/pages/string-evaluation-completion-2014-02-19-en
.پاکستان,.xn--mgbai9azgqp6j,delegated,yes,country-code,,introIdnCcTld,basisFormalType,yes,National Telecommunication Corporation,Pakistan,2011-02-28,https://www.iana.org/domains/root/db/xn--mgbai9azgqp6j.html | https://www.icann.org/resources/pages/string-evaluation-completion-2014-02-19-en
.الاردن,.xn--mgbayh7gpa,delegated,yes,country-code,,introIdnCcTld,basisFormalType,yes,Ministry of Digital Economy and Entrepreneurship (MoDEE),Jordan,2010-08-20,https://www.iana.org/domains/root/db/xn--mgbayh7gpa.html | https://www.icann.org/resources/pages/string-evaluation-completion-2014-02-19-en
.موبايلي,.xn--mgbb9fbpob,notDelegated,no,generic,2012,intro2012,basisDerivedEra,yes,,,2015-12-03,https://www.iana.org/domains/root/db/xn--mgbb9fbpob.html | https://newgtlds.icann.org/en/program-status/statistics
.بارت,.xn--mgbbh1a,delegated,yes,country-code,,introIdnCcTld,basisFormalType,yes,National Internet eXchange of India,India,2016-08-15,https://www.iana.org/domains/root/db/xn--mgbbh1a.html | https://www.icann.org/resources/pages/string-evaluation-completion-2014-02-19-en
.بھارت,.xn--mgbbh1a71e,delegated,yes,country-code,,introIdnCcTld,basisFormalType,yes,National Internet Exchange of India,India,2011-02-05,https://www.iana.org/domains/root/db/xn--mgbbh1a71e.html | https://www.icann.org/resources/pages/string-evaluation-completion-2014-02-19-en
.المغرب,.xn--mgbc0a9azcg,delegated,yes,country-code,,introIdnCcTld,basisFormalType,yes,Agence Nationale de Réglementation des Télécommunications (ANRT),Morocco,2011-02-05,https://www.iana.org/domains/root/db/xn--mgbc0a9azcg.html | https://www.icann.org/resources/pages/string-evaluation-completion-2014-02-19-en
.ابوظبي,.xn--mgbca7dzdo,delegated,yes,generic,2012,intro2012,basisDerivedEra,yes,Abu Dhabi Systems and Information Centre,United Arab Emirates (the),2016-03-03,https://www.iana.org/domains/root/db/xn--mgbca7dzdo.html | https://newgtlds.icann.org/en/program-status/statistics
.البحرين,.xn--mgbcpq6gpa1a,delegated,yes,country-code,,introIdnCcTld,basisFormalType,yes,Telecommunications Regulatory Authority (TRA),Bahrain,2019-06-13,https://www.iana.org/domains/root/db/xn--mgbcpq6gpa1a.html | https://www.icann.org/resources/pages/string-evaluation-completion-2014-02-19-en
.السعودية,.xn--mgberp4a5d4ar,delegated,yes,country-code,,introIdnCcTld,basisFormalType,yes,"Communications, Space and Technology Commission",Saudi Arabia,2010-05-05,https://www.iana.org/domains/root/db/xn--mgberp4a5d4ar.html | https://www.icann.org/resources/pages/string-evaluation-completion-2014-02-19-en
.ڀارت,.xn--mgbgu82a,delegated,yes,country-code,,introIdnCcTld,basisFormalType,yes,National Internet eXchange of India,India,2016-08-15,https://www.iana.org/domains/root/db/xn--mgbgu82a.html | https://www.icann.org/resources/pages/string-evaluation-completion-2014-02-19-en
.كاثوليك,.xn--mgbi4ecexp,delegated,yes,generic,2012,intro2012,basisDerivedEra,yes,Pontificium Consilium de Comunicationibus Socialibus (PCCS) (Pontifical Council for Social Communication),Holy See (the),2016-11-16,https://www.iana.org/domains/root/db/xn--mgbi4ecexp.html | https://newgtlds.icann.org/en/program-status/statistics
.سودان,.xn--mgbpl2fh,delegated,yes,country-code,,introIdnCcTld,basisFormalType,yes,Sudan Internet Society,Sudan (the),2012-11-20,https://www.iana.org/domains/root/db/xn--mgbpl2fh.html | https://www.icann.org/resources/pages/string-evaluation-completion-2014-02-19-en
.همراه,.xn--mgbt3dhd,delegated,yes,generic,2012,intro2012,basisDerivedEra,yes,Emergency Back-End Registry Operator Program - ICANN,United States of America (the),2015-11-25,https://www.iana.org/domains/root/db/xn--mgbt3dhd.html | https://newgtlds.icann.org/en/program-status/statistics
.عراق,.xn--mgbtx2b,delegated,yes,country-code,,introIdnCcTld,basisFormalType,yes,Communications and Media Commission (CMC),Iraq,2014-09-29,https://www.iana.org/domains/root/db/xn--mgbtx2b.html | https://www.icann.org/resources/pages/string-evaluation-completion-2014-02-19-en
.مليسيا,.xn--mgbx4cd0ab,delegated,yes,country-code,,introIdnCcTld,basisFormalType,yes,MYNIC Berhad,Malaysia,2011-10-22,https://www.iana.org/domains/root/db/xn--mgbx4cd0ab.html | https://www.icann.org/resources/pages/string-evaluation-completion-2014-02-19-en
.澳門,.xn--mix891f,delegated,yes,country-code,,introIdnCcTld,basisFormalType,yes,Macao Post and Telecommunications Bureau (CTT),Macao,2015-04-21,https://www.iana.org/domains/root/db/xn--mix891f.html | https://www.icann.org/resources/pages/string-evaluation-completion-2014-02-19-en
.닷컴,.xn--mk1bu44c,delegated,yes,generic,2012,intro2012,basisDerivedEra,yes,VeriSign Sarl,Switzerland,2015-07-02,https://www.iana.org/domains/root/db/xn--mk1bu44c.html | https://newgtlds.icann.org/en/program-status/statistics
.政府,.xn--mxtq1m,delegated,yes,generic,2012,intro2012,basisDerivedEra,yes,"Net-Chinese Co., Ltd.",Taiwan,2015-01-08,https://www.iana.org/domains/root/db/xn--mxtq1m.html | https://newgtlds.icann.org/en/program-status/statistics
.شبكة,.xn--ngbc5azd,delegated,yes,generic,2012,intro2012,basisDerivedEra,yes,International Domain Registry Pty. Ltd.,Australia,2013-10-21,https://www.iana.org/domains/root/db/xn--ngbc5azd.html | https://newgtlds.icann.org/en/program-status/statistics
.بيتك,.xn--ngbe9e0a,delegated,yes,generic,2012,intro2012,basisDerivedEra,yes,Kuwait Finance House,Kuwait,2015-10-29,https://www.iana.org/domains/root/db/xn--ngbe9e0a.html | https://newgtlds.icann.org/en/program-status/statistics
.عرب,.xn--ngbrx,delegated,yes,generic,2012,intro2012,basisDerivedEra,yes,League of Arab States,Egypt,2017-05-11,https://www.iana.org/domains/root/db/xn--ngbrx.html | https://newgtlds.icann.org/en/program-status/statistics
.გე,.xn--node,delegated,yes,country-code,,introIdnCcTld,basisFormalType,yes,Information Technologies Development Center (ITDC),Georgia,2011-02-11,https://www.iana.org/domains/root/db/xn--node.html | https://www.icann.org/resources/pages/string-evaluation-completion-2014-02-19-en
.机构,.xn--nqv7f,delegated,yes,generic,2012,intro2012,basisDerivedEra,yes,Public Interest Registry,United States of America (the),2014-02-27,https://www.iana.org/domains/root/db/xn--nqv7f.html | https://newgtlds.icann.org/en/program-status/statistics
.组织机构,.xn--nqv7fs00ema,delegated,yes,generic,2012,intro2012,basisDerivedEra,yes,Public Interest Registry,United States of America (the),2014-02-27,https://www.iana.org/domains/root/db/xn--nqv7fs00ema.html | https://newgtlds.icann.org/en/program-status/statistics
.健康,.xn--nyqy26a,delegated,yes,generic,2012,intro2012,basisDerivedEra,yes,Stable Tone Limited,Hong Kong,2015-03-12,https://www.iana.org/domains/root/db/xn--nyqy26a.html | https://newgtlds.icann.org/en/program-status/statistics
.ไทย,.xn--o3cw4h,delegated,yes,country-code,,introIdnCcTld,basisFormalType,yes,Thai Network Information Center Foundation,Thailand,2010-08-19,https://www.iana.org/domains/root/db/xn--o3cw4h.html | https://www.icann.org/resources/pages/string-evaluation-completion-2014-02-19-en
.سورية,.xn--ogbpf8fl,delegated,yes,country-code,,introIdnCcTld,basisFormalType,yes,National Authority for Information Technology Services (NAITS),Syrian Arab Republic (the),2011-02-05,https://www.iana.org/domains/root/db/xn--ogbpf8fl.html | https://www.icann.org/resources/pages/string-evaluation-completion-2014-02-19-en
.招聘,.xn--otu796d,delegated,yes,generic,2012,intro2012,basisDerivedEra,yes,Jiang Yu Liang Cai Technology Company Limited,China,2017-12-21,https://www.iana.org/domains/root/db/xn--otu796d.html | https://newgtlds.icann.org/en/program-status/statistics
.рус,.xn--p1acf,delegated,yes,generic,2012,intro2012,basisDerivedEra,yes,Rusnames Limited,Russian Federation (the),2014-07-03,https://www.iana.org/domains/root/db/xn--p1acf.html | https://newgtlds.icann.org/en/program-status/statistics
.рф,.xn--p1ai,delegated,yes,country-code,,introIdnCcTld,basisFormalType,yes,Coordination Center for TLD RU,Russian Federation (the),2010-05-12,https://www.iana.org/domains/root/db/xn--p1ai.html | https://www.icann.org/resources/pages/string-evaluation-completion-2014-02-19-en
.珠宝,.xn--pbt977c,notDelegated,no,generic,2012,intro2012,basisDerivedEra,yes,,,2015-11-12,https://www.iana.org/domains/root/db/xn--pbt977c.html | https://newgtlds.icann.org/en/program-status/statistics
.تونس,.xn--pgbs0dh,delegated,yes,country-code,,introIdnCcTld,basisFormalType,yes,Agence Tunisienne d'Internet,Tunisia,2010-08-19,https://www.iana.org/domains/root/db/xn--pgbs0dh.html | https://www.icann.org/resources/pages/string-evaluation-completion-2014-02-19-en
.大拿,.xn--pssy2u,delegated,yes,generic,2012,intro2012,basisDerivedEra,yes,VeriSign Sarl,Switzerland,2015-07-02,https://www.iana.org/domains/root/db/xn--pssy2u.html | https://newgtlds.icann.org/en/program-status/statistics
.ລາວ,.xn--q7ce6a,delegated,yes,country-code,,introIdnCcTld,basisFormalType,yes,"Lao National Internet Center (LANIC), Ministry of Technology and Communications",Lao People's Democratic Republic (the),2019-06-10,https://www.iana.org/domains/root/db/xn--q7ce6a.html | https://www.icann.org/resources/pages/string-evaluation-completion-2014-02-19-en
.みんな,.xn--q9jyb4c,delegated,yes,generic,2012,intro2012,basisDerivedEra,yes,Charleston Road Registry Inc.,United States of America (the),2013-11-13,https://www.iana.org/domains/root/db/xn--q9jyb4c.html | https://newgtlds.icann.org/en/program-status/statistics
.グーグル,.xn--qcka1pmc,delegated,yes,generic,2012,intro2012,basisDerivedEra,yes,Charleston Road Registry Inc.,United States of America (the),2014-10-09,https://www.iana.org/domains/root/db/xn--qcka1pmc.html | https://newgtlds.icann.org/en/program-status/statistics
.ευ,.xn--qxa6a,delegated,yes,country-code,,introIdnCcTld,basisFormalType,yes,EURid vzw,Belgium,2019-07-18,https://www.iana.org/domains/root/db/xn--qxa6a.html | https://www.icann.org/resources/pages/string-evaluation-completion-2014-02-19-en
.ελ,.xn--qxam,delegated,yes,country-code,,introIdnCcTld,basisFormalType,yes,ICS-FORTH GR,Greece,2015-05-06,https://www.iana.org/domains/root/db/xn--qxam.html | https://www.icann.org/resources/pages/string-evaluation-completion-2014-02-19-en
.世界,.xn--rhqv96g,delegated,yes,generic,2012,intro2012,basisDerivedEra,yes,Stable Tone Limited,Hong Kong,2014-03-06,https://www.iana.org/domains/root/db/xn--rhqv96g.html | https://newgtlds.icann.org/en/program-status/statistics
.書籍,.xn--rovu88b,delegated,yes,generic,2012,intro2012,basisDerivedEra,yes,"Amazon Registry Services, Inc.",United States of America (the),2016-01-29,https://www.iana.org/domains/root/db/xn--rovu88b.html | https://newgtlds.icann.org/en/program-status/statistics
.ഭാരതം,.xn--rvc1e0am3e,delegated,yes,country-code,,introIdnCcTld,basisFormalType,yes,National Internet eXchange of India,India,2016-04-18,https://www.iana.org/domains/root/db/xn--rvc1e0am3e.html | https://www.icann.org/resources/pages/string-evaluation-completion-2014-02-19-en
.ਭਾਰਤ,.xn--s9brj9c,delegated,yes,country-code,,introIdnCcTld,basisFormalType,yes,National Internet Exchange of India,India,2011-02-05,https://www.iana.org/domains/root/db/xn--s9brj9c.html | https://www.icann.org/resources/pages/string-evaluation-completion-2014-02-19-en
.网址,.xn--ses554g,delegated,yes,generic,2012,intro2012,basisDerivedEra,yes,"KNET Co., Ltd",China,2014-03-13,https://www.iana.org/domains/root/db/xn--ses554g.html | https://newgtlds.icann.org/en/program-status/statistics
.닷넷,.xn--t60b56a,delegated,yes,generic,2012,intro2012,basisDerivedEra,yes,VeriSign Sarl,Switzerland,2015-07-02,https://www.iana.org/domains/root/db/xn--t60b56a.html | https://newgtlds.icann.org/en/program-status/statistics
.コム,.xn--tckwe,delegated,yes,generic,2012,intro2012,basisDerivedEra,yes,VeriSign Sarl,Switzerland,2015-07-02,https://www.iana.org/domains/root/db/xn--tckwe.html | https://newgtlds.icann.org/en/program-status/statistics
.天主教,.xn--tiq49xqyj,delegated,yes,generic,2012,intro2012,basisDerivedEra,yes,Pontificium Consilium de Comunicationibus Socialibus (PCCS) (Pontifical Council for Social Communication),Holy See (the),2016-11-16,https://www.iana.org/domains/root/db/xn--tiq49xqyj.html | https://newgtlds.icann.org/en/program-status/statistics
.游戏,.xn--unup4y,delegated,yes,generic,2012,intro2012,basisDerivedEra,yes,"Binky Moon, LLC",United States of America (the),2013-10-21,https://www.iana.org/domains/root/db/xn--unup4y.html | https://newgtlds.icann.org/en/program-status/statistics
.vermögensberater,.xn--vermgensberater-ctb,delegated,yes,generic,2012,intro2012,basisDerivedEra,yes,Deutsche Vermögensberatung Aktiengesellschaft DVAG,Germany,2014-09-18,https://www.iana.org/domains/root/db/xn--vermgensberater-ctb.html | https://newgtlds.icann.org/en/program-status/statistics
.vermögensberatung,.xn--vermgensberatung-pwb,delegated,yes,generic,2012,intro2012,basisDerivedEra,yes,Deutsche Vermögensberatung Aktiengesellschaft DVAG,Germany,2014-09-18,https://www.iana.org/domains/root/db/xn--vermgensberatung-pwb.html | https://newgtlds.icann.org/en/program-status/statistics
.企业,.xn--vhquv,delegated,yes,generic,2012,intro2012,basisDerivedEra,yes,"Binky Moon, LLC",United States of America (the),2013-11-25,https://www.iana.org/domains/root/db/xn--vhquv.html | https://newgtlds.icann.org/en/program-status/statistics
.信息,.xn--vuq861b,delegated,yes,generic,2012,intro2012,basisDerivedEra,yes,"Beijing Tele-info Technology Co., Ltd.",China,2015-02-05,https://www.iana.org/domains/root/db/xn--vuq861b.html | https://newgtlds.icann.org/en/program-status/statistics
.嘉里大酒店,.xn--w4r85el8fhu5dnra,delegated,yes,generic,2012,intro2012,basisDerivedEra,yes,Kerry Trading Co. Limited,Hong Kong,2016-02-05,https://www.iana.org/domains/root/db/xn--w4r85el8fhu5dnra.html | https://newgtlds.icann.org/en/program-status/statistics
.嘉里,.xn--w4rs40l,delegated,yes,generic,2012,intro2012,basisDerivedEra,yes,Kerry Trading Co. Limited,Hong Kong,2016-02-05,https://www.iana.org/domains/root/db/xn--w4rs40l.html | https://newgtlds.icann.org/en/program-status/statistics
.مصر,.xn--wgbh1c,delegated,yes,country-code,,introIdnCcTld,basisFormalType,yes,National Telecommunication Regulatory Authority - NTRA,Egypt,2010-05-05,https://www.iana.org/domains/root/db/xn--wgbh1c.html | https://www.icann.org/resources/pages/string-evaluation-completion-2014-02-19-en
.قطر,.xn--wgbl6a,delegated,yes,country-code,,introIdnCcTld,basisFormalType,yes,Communications Regulatory Authority,Qatar,2010-12-24,https://www.iana.org/domains/root/db/xn--wgbl6a.html | https://www.icann.org/resources/pages/string-evaluation-completion-2014-02-19-en
.广东,.xn--xhq521b,delegated,yes,generic,2012,intro2012,basisDerivedEra,yes,"Guangzhou YU Wei Information Technology Co., Ltd.",China,2014-07-24,https://www.iana.org/domains/root/db/xn--xhq521b.html | https://newgtlds.icann.org/en/program-status/statistics
.இலங்கை,.xn--xkc2al3hye2a,delegated,yes,country-code,,introIdnCcTld,basisFormalType,yes,LK Domain Registry,Sri Lanka,2010-08-19,https://www.iana.org/domains/root/db/xn--xkc2al3hye2a.html | https://www.icann.org/resources/pages/string-evaluation-completion-2014-02-19-en
.இந்தியா,.xn--xkc2dl3a5ee0h,delegated,yes,country-code,,introIdnCcTld,basisFormalType,yes,National Internet Exchange of India,India,2011-02-05,https://www.iana.org/domains/root/db/xn--xkc2dl3a5ee0h.html | https://www.icann.org/resources/pages/string-evaluation-completion-2014-02-19-en
.հայ,.xn--y9a3aq,delegated,yes,country-code,,introIdnCcTld,basisFormalType,yes,"""Internet Society"" Non-governmental Organization",Armenia,2014-11-26,https://www.iana.org/domains/root/db/xn--y9a3aq.html | https://www.icann.org/resources/pages/string-evaluation-completion-2014-02-19-en
.新加坡,.xn--yfro4i67o,delegated,yes,country-code,,introIdnCcTld,basisFormalType,yes,Singapore Network Information Centre (SGNIC) Pte Ltd,Singapore,2011-02-05,https://www.iana.org/domains/root/db/xn--yfro4i67o.html | https://www.icann.org/resources/pages/string-evaluation-completion-2014-02-19-en
.فلسطين,.xn--ygbi2ammx,delegated,yes,country-code,,introIdnCcTld,basisFormalType,yes,Ministry of Telecom & Information Technology (MTIT),"Palestine, State of",2010-08-20,https://www.iana.org/domains/root/db/xn--ygbi2ammx.html | https://www.icann.org/resources/pages/string-evaluation-completion-2014-02-19-en
.テスト,.xn--zckzah,notDelegated,no,test,,introTest,basisFormalType,yes,,,2007-10-19,https://www.iana.org/domains/root/db/xn--zckzah.html | https://www.iana.org/domains/root/db
.政务,.xn--zfr164b,delegated,yes,generic,2012,intro2012,basisDerivedEra,yes,China Organizational Name Administration Center,China,2013-12-12,https://www.iana.org/domains/root/db/xn--zfr164b.html | https://newgtlds.icann.org/en/program-status/statistics
.xperia,.xperia,notDelegated,no,generic,2012,intro2012,basisDerivedEra,yes,,,2015-07-23,https://www.iana.org/domains/root/db/xperia.html | https://newgtlds.icann.org/en/program-status/statistics
.xxx,.xxx,delegated,yes,sponsored,2004,intro2004,basisDirect,yes,ICM Registry LLC,United States of America (the),2011-04-15,https://www.iana.org/domains/root/db/xxx.html | https://data.iana.org/TLD/tlds-alpha-by-domain.txt | https://www.icann.org/en/announcements/details/icann-progress-in-process-for-introducing-new-sponsored-top-level-domains-19-3-2004-en | https://archive.icann.org/en/tlds/tld-applications-lodged-02oct00.htm
.xyz,.xyz,delegated,yes,generic,2012,intro2012,basisDerivedEra,yes,XYZ.COM LLC,United States of America (the),2014-02-06,https://www.iana.org/domains/root/db/xyz.html | https://newgtlds.icann.org/en/program-status/statistics
.yachts,.yachts,delegated,yes,generic,2012,intro2012,basisDerivedEra,yes,XYZ.COM LLC,United States of America (the),2014-05-01,https://www.iana.org/domains/root/db/yachts.html | https://newgtlds.icann.org/en/program-status/statistics
.yahoo,.yahoo,delegated,yes,generic,2012,intro2012,basisDerivedEra,yes,Yahoo Inc.,United States of America (the),2016-01-29,https://www.iana.org/domains/root/db/yahoo.html | https://newgtlds.icann.org/en/program-status/statistics
.yamaxun,.yamaxun,delegated,yes,generic,2012,intro2012,basisDerivedEra,yes,"Amazon Registry Services, Inc.",United States of America (the),2015-09-10,https://www.iana.org/domains/root/db/yamaxun.html | https://newgtlds.icann.org/en/program-status/statistics
.yandex,.yandex,delegated,yes,generic,2012,intro2012,basisDerivedEra,yes,YANDEX LLC,Russian Federation (the),2014-07-10,https://www.iana.org/domains/root/db/yandex.html | https://newgtlds.icann.org/en/program-status/statistics
.ye,.ye,delegated,yes,country-code,,introCcTld,basisFormalType,yes,TeleYemen,Yemen,1996-08-19,https://www.iana.org/domains/root/db/ye.html | https://www.iana.org/help/cctld-delegation-answers
.yodobashi,.yodobashi,delegated,yes,generic,2012,intro2012,basisDerivedEra,yes,"YODOBASHI CAMERA CO.,LTD.",Japan,2015-02-13,https://www.iana.org/domains/root/db/yodobashi.html | https://newgtlds.icann.org/en/program-status/statistics
.yoga,.yoga,delegated,yes,generic,2012,intro2012,basisDerivedEra,yes,"Registry Services, LLC",United States of America (the),2014-08-15,https://www.iana.org/domains/root/db/yoga.html | https://newgtlds.icann.org/en/program-status/statistics
.yokohama,.yokohama,delegated,yes,generic,2012,intro2012,basisDerivedEra,yes,"GMO Registry, Inc.",Japan,2014-03-27,https://www.iana.org/domains/root/db/yokohama.html | https://newgtlds.icann.org/en/program-status/statistics
.you,.you,delegated,yes,generic,2012,intro2012,basisDerivedEra,yes,"Amazon Registry Services, Inc.",United States of America (the),2016-03-18,https://www.iana.org/domains/root/db/you.html | https://newgtlds.icann.org/en/program-status/statistics
.youtube,.youtube,delegated,yes,generic,2012,intro2012,basisDerivedEra,yes,Charleston Road Registry Inc.,United States of America (the),2014-08-23,https://www.iana.org/domains/root/db/youtube.html | https://newgtlds.icann.org/en/program-status/statistics
.yt,.yt,delegated,yes,country-code,,introCcTld,basisFormalType,yes,Association Française pour le Nommage Internet en Coopération (A.F.N.I.C.),France,1997-11-17,https://www.iana.org/domains/root/db/yt.html | https://www.iana.org/help/cctld-delegation-answers
.yu,.yu,retired,no,country-code,,introHistoricalCcTld,basisDirect,no,,,,https://www.iana.org/reports/2010/yu-report-01apr2010.html | https://www.iana.org/help/cctld-retirement
.yun,.yun,delegated,yes,generic,2012,intro2012,basisDerivedEra,yes,"Beijing Qihu Keji Co., Ltd.",China,2016-03-18,https://www.iana.org/domains/root/db/yun.html | https://newgtlds.icann.org/en/program-status/statistics
.za,.za,delegated,yes,country-code,,introCcTld,basisFormalType,yes,ZA Domain Name Authority,South Africa,1990-11-07,https://www.iana.org/domains/root/db/za.html | https://www.iana.org/help/cctld-delegation-answers
.zappos,.zappos,delegated,yes,generic,2012,intro2012,basisDerivedEra,yes,"Amazon Registry Services, Inc.",United States of America (the),2016-05-19,https://www.iana.org/domains/root/db/zappos.html | https://newgtlds.icann.org/en/program-status/statistics
.zara,.zara,delegated,yes,generic,2012,intro2012,basisDerivedEra,yes,"Industria de Diseño Textil, S.A. (INDITEX, S.A.)",Spain,2015-09-10,https://www.iana.org/domains/root/db/zara.html | https://newgtlds.icann.org/en/program-status/statistics
.zero,.zero,delegated,yes,generic,2012,intro2012,basisDerivedEra,yes,"Amazon Registry Services, Inc.",United States of America (the),2015-11-12,https://www.iana.org/domains/root/db/zero.html | https://newgtlds.icann.org/en/program-status/statistics
.zip,.zip,delegated,yes,generic,2012,intro2012,basisDerivedEra,yes,Charleston Road Registry Inc.,United States of America (the),2014-08-23,https://www.iana.org/domains/root/db/zip.html | https://newgtlds.icann.org/en/program-status/statistics
.zippo,.zippo,notDelegated,no,generic,2012,intro2012,basisDerivedEra,yes,,,2016-05-26,https://www.iana.org/domains/root/db/zippo.html | https://newgtlds.icann.org/en/program-status/statistics
.zm,.zm,delegated,yes,country-code,,introCcTld,basisFormalType,yes,Zambia Information and Communications Technology Authority (ZICTA),Zambia,1994-03-25,https://www.iana.org/domains/root/db/zm.html | https://www.iana.org/help/cctld-delegation-answers
.zone,.zone,delegated,yes,generic,2012,intro2012,basisDerivedEra,yes,"Binky Moon, LLC",United States of America (the),2014-01-09,https://www.iana.org/domains/root/db/zone.html | https://newgtlds.icann.org/en/program-status/statistics
.zr,.zr,retired,no,country-code,,introHistoricalCcTld,basisDirect,no,,,,https://www.iana.org/reports/2001/zr-report-20jun01.html | https://www.iana.org/help/cctld-retirement
.zuerich,.zuerich,delegated,yes,generic,2012,intro2012,basisDirect,yes,Kanton Zürich (Canton of Zurich),Switzerland,2014-12-18,https://www.iana.org/domains/root/db/zuerich.html | https://data.iana.org/TLD/tlds-alpha-by-domain.txt | https://www.iana.org/domains/root/db | https://newgtlds.icann.org/en/program-status/statistics
.zw,.zw,delegated,yes,country-code,,introCcTld,basisFormalType,yes,Postal and Telecommunications Regulatory Authority of Zimbabwe (POTRAZ),Zimbabwe,1991-11-06,https://www.iana.org/domains/root/db/zw.html | https://www.iana.org/help/cctld-delegation-answers
